o OpenKCCIrregularHillTerrain
v -22.00000 0.00000 -22.00000
v -21.26667 0.00000 -22.00000
v -20.53333 0.00000 -22.00000
v -19.80000 0.00000 -22.00000
v -19.06667 0.00000 -22.00000
v -18.33333 0.00000 -22.00000
v -17.60000 0.00000 -22.00000
v -16.86667 0.00000 -22.00000
v -16.13333 0.00000 -22.00000
v -15.40000 0.00000 -22.00000
v -14.66667 0.00000 -22.00000
v -13.93333 0.00000 -22.00000
v -13.20000 0.00000 -22.00000
v -12.46667 0.00000 -22.00000
v -11.73333 0.00000 -22.00000
v -11.00000 0.00000 -22.00000
v -10.26667 0.00000 -22.00000
v -9.53333 0.00000 -22.00000
v -8.80000 0.00000 -22.00000
v -8.06667 0.00000 -22.00000
v -7.33333 0.00000 -22.00000
v -6.60000 0.00000 -22.00000
v -5.86667 0.00000 -22.00000
v -5.13333 0.00000 -22.00000
v -4.40000 0.00000 -22.00000
v -3.66667 0.00000 -22.00000
v -2.93333 0.00000 -22.00000
v -2.20000 0.00000 -22.00000
v -1.46667 0.00000 -22.00000
v -0.73333 0.00000 -22.00000
v 0.00000 0.00000 -22.00000
v 0.73333 0.00000 -22.00000
v 1.46667 0.00000 -22.00000
v 2.20000 0.00000 -22.00000
v 2.93333 0.00000 -22.00000
v 3.66667 0.00000 -22.00000
v 4.40000 0.00000 -22.00000
v 5.13333 0.00000 -22.00000
v 5.86667 0.00000 -22.00000
v 6.60000 0.00000 -22.00000
v 7.33333 0.00000 -22.00000
v 8.06667 0.00000 -22.00000
v 8.80000 0.00000 -22.00000
v 9.53333 0.00000 -22.00000
v 10.26667 0.00000 -22.00000
v 11.00000 0.00000 -22.00000
v 11.73333 0.00000 -22.00000
v 12.46667 0.00000 -22.00000
v 13.20000 0.00000 -22.00000
v 13.93333 0.00000 -22.00000
v 14.66667 0.00000 -22.00000
v 15.40000 0.00000 -22.00000
v 16.13333 0.00000 -22.00000
v 16.86667 0.00000 -22.00000
v 17.60000 0.00000 -22.00000
v 18.33333 0.00000 -22.00000
v 19.06667 0.00000 -22.00000
v 19.80000 0.00000 -22.00000
v 20.53333 0.00000 -22.00000
v 21.26667 0.00000 -22.00000
v 22.00000 0.00000 -22.00000
v -22.00000 0.00000 -21.26667
v -21.26667 -0.00126 -21.26667
v -20.53333 -0.00568 -21.26667
v -19.80000 -0.00962 -21.26667
v -19.06667 -0.00599 -21.26667
v -18.33333 0.00891 -21.26667
v -17.60000 0.02972 -21.26667
v -16.86667 0.04338 -21.26667
v -16.13333 0.03767 -21.26667
v -15.40000 0.01106 -21.26667
v -14.66667 -0.02440 -21.26667
v -13.93333 -0.05325 -21.26667
v -13.20000 -0.06621 -21.26667
v -12.46667 -0.06157 -21.26667
v -11.73333 -0.04522 -21.26667
v -11.00000 -0.02738 -21.26667
v -10.26667 -0.01749 -21.26667
v -9.53333 -0.01992 -21.26667
v -8.80000 -0.03247 -21.26667
v -8.06667 -0.04820 -21.26667
v -7.33333 -0.05958 -21.26667
v -6.60000 -0.06271 -21.26667
v -5.86667 -0.05937 -21.26667
v -5.13333 -0.05599 -21.26667
v -4.40000 -0.05993 -21.26667
v -3.66667 -0.07520 -21.26667
v -2.93333 -0.09977 -21.26667
v -2.20000 -0.12607 -21.26667
v -1.46667 -0.14440 -21.26667
v -0.73333 -0.14784 -21.26667
v 0.00000 -0.13601 -21.26667
v 0.73333 -0.11580 -21.26667
v 1.46667 -0.09864 -21.26667
v 2.20000 -0.09533 -21.26667
v 2.93333 -0.11098 -21.26667
v 3.66667 -0.14236 -21.26667
v 4.40000 -0.17908 -21.26667
v 5.13333 -0.20804 -21.26667
v 5.86667 -0.21901 -21.26667
v 6.60000 -0.20894 -21.26667
v 7.33333 -0.18284 -21.26667
v 8.06667 -0.15109 -21.26667
v 8.80000 -0.12445 -21.26667
v 9.53333 -0.10930 -21.26667
v 10.26667 -0.10534 -21.26667
v 11.00000 -0.10672 -21.26667
v 11.73333 -0.10578 -21.26667
v 12.46667 -0.09756 -21.26667
v 13.20000 -0.08245 -21.26667
v 13.93333 -0.06590 -21.26667
v 14.66667 -0.05516 -21.26667
v 15.40000 -0.05496 -21.26667
v 16.13333 -0.06438 -21.26667
v 16.86667 -0.07662 -21.26667
v 17.60000 -0.08202 -21.26667
v 18.33333 -0.07288 -21.26667
v 19.06667 -0.04770 -21.26667
v 19.80000 -0.01263 -21.26667
v 20.53333 0.02074 -21.26667
v 21.26667 0.04030 -21.26667
v 22.00000 0.00000 -21.26667
v -22.00000 0.00000 -20.53333
v -21.26667 -0.00079 -20.53333
v -20.53333 -0.00702 -20.53333
v -19.80000 -0.01090 -20.53333
v -19.06667 -0.00232 -20.53333
v -18.33333 0.02417 -20.53333
v -17.60000 0.05852 -20.53333
v -16.86667 0.07699 -20.53333
v -16.13333 0.05763 -20.53333
v -15.40000 -0.00092 -20.53333
v -14.66667 -0.07337 -20.53333
v -13.93333 -0.12883 -20.53333
v -13.20000 -0.14782 -20.53333
v -12.46667 -0.12629 -20.53333
v -11.73333 -0.07716 -20.53333
v -11.00000 -0.02413 -20.53333
v -10.26667 0.00898 -20.53333
v -9.53333 0.00858 -20.53333
v -8.80000 -0.02352 -20.53333
v -8.06667 -0.07229 -20.53333
v -7.33333 -0.11763 -20.53333
v -6.60000 -0.14424 -20.53333
v -5.86667 -0.14844 -20.53333
v -5.13333 -0.13865 -20.53333
v -4.40000 -0.12983 -20.53333
v -3.66667 -0.13471 -20.53333
v -2.93333 -0.15672 -20.53333
v -2.20000 -0.18819 -20.53333
v -1.46667 -0.21470 -20.53333
v -0.73333 -0.22344 -20.53333
v 0.00000 -0.21100 -20.53333
v 0.73333 -0.18648 -20.53333
v 1.46667 -0.16800 -20.53333
v 2.20000 -0.17397 -20.53333
v 2.93333 -0.21346 -20.53333
v 3.66667 -0.28034 -20.53333
v 4.40000 -0.35453 -20.53333
v 5.13333 -0.40988 -20.53333
v 5.86667 -0.42545 -20.53333
v 6.60000 -0.39470 -20.53333
v 7.33333 -0.32850 -20.53333
v 8.06667 -0.25034 -20.53333
v 8.80000 -0.18612 -20.53333
v 9.53333 -0.15319 -20.53333
v 10.26667 -0.15376 -20.53333
v 11.00000 -0.17553 -20.53333
v 11.73333 -0.19882 -20.53333
v 12.46667 -0.20660 -20.53333
v 13.20000 -0.19236 -20.53333
v 13.93333 -0.16209 -20.53333
v 14.66667 -0.12975 -20.53333
v 15.40000 -0.10884 -20.53333
v 16.13333 -0.10456 -20.53333
v 16.86667 -0.11084 -20.53333
v 17.60000 -0.11364 -20.53333
v 18.33333 -0.09905 -20.53333
v 19.06667 -0.06169 -20.53333
v 19.80000 -0.00910 -20.53333
v 20.53333 0.04058 -20.53333
v 21.26667 0.03336 -20.53333
v 22.00000 0.00000 -20.53333
v -22.00000 0.00000 -19.80000
v -21.26667 -0.00009 -19.80000
v -20.53333 -0.00194 -19.80000
v -19.80000 -0.00533 -19.80000
v -19.06667 0.00265 -19.80000
v -18.33333 0.02801 -19.80000
v -17.60000 0.06115 -19.80000
v -16.86667 0.07515 -19.80000
v -16.13333 0.04353 -19.80000
v -15.40000 -0.03507 -19.80000
v -14.66667 -0.12739 -19.80000
v -13.93333 -0.19325 -19.80000
v -13.20000 -0.20563 -19.80000
v -12.46667 -0.15890 -19.80000
v -11.73333 -0.07277 -19.80000
v -11.00000 0.01563 -19.80000
v -10.26667 0.06770 -19.80000
v -9.53333 0.06014 -19.80000
v -8.80000 -0.00524 -19.80000
v -8.06667 -0.10311 -19.80000
v -7.33333 -0.19651 -19.80000
v -6.60000 -0.25347 -19.80000
v -5.86667 -0.26048 -19.80000
v -5.13333 -0.22664 -19.80000
v -4.40000 -0.17733 -19.80000
v -3.66667 -0.14068 -19.80000
v -2.93333 -0.13412 -19.80000
v -2.20000 -0.15731 -19.80000
v -1.46667 -0.19479 -19.80000
v -0.73333 -0.22637 -19.80000
v 0.00000 -0.23960 -19.80000
v 0.73333 -0.23737 -19.80000
v 1.46667 -0.23674 -19.80000
v 2.20000 -0.25916 -19.80000
v 2.93333 -0.31734 -19.80000
v 3.66667 -0.40564 -19.80000
v 4.40000 -0.49948 -19.80000
v 5.13333 -0.56466 -19.80000
v 5.86667 -0.57267 -19.80000
v 6.60000 -0.51458 -19.80000
v 7.33333 -0.40676 -19.80000
v 8.06667 -0.28515 -19.80000
v 8.80000 -0.19057 -19.80000
v 9.53333 -0.15146 -19.80000
v 10.26667 -0.17225 -19.80000
v 11.00000 -0.23245 -19.80000
v 11.73333 -0.29685 -19.80000
v 12.46667 -0.33169 -19.80000
v 13.20000 -0.31940 -19.80000
v 13.93333 -0.26479 -19.80000
v 14.66667 -0.19060 -19.80000
v 15.40000 -0.12485 -19.80000
v 16.13333 -0.08669 -19.80000
v 16.86667 -0.07791 -19.80000
v 17.60000 -0.08397 -19.80000
v 18.33333 -0.08368 -19.80000
v 19.06667 -0.06218 -19.80000
v 19.80000 -0.02022 -19.80000
v 20.53333 0.01691 -19.80000
v 21.26667 0.01675 -19.80000
v 22.00000 0.00000 -19.80000
v -22.00000 0.00000 -19.06667
v -21.26667 0.00064 -19.06667
v -20.53333 0.00216 -19.06667
v -19.80000 -0.00016 -19.06667
v -19.06667 -0.00456 -19.06667
v -18.33333 0.00310 -19.06667
v -17.60000 0.02246 -19.06667
v -16.86667 0.03276 -19.06667
v -16.13333 0.00649 -19.06667
v -15.40000 -0.06337 -19.06667
v -14.66667 -0.14770 -19.06667
v -13.93333 -0.20608 -19.06667
v -13.20000 -0.20727 -19.06667
v -12.46667 -0.14306 -19.06667
v -11.73333 -0.03585 -19.06667
v -11.00000 0.06913 -19.06667
v -10.26667 0.12309 -19.06667
v -9.53333 0.09585 -19.06667
v -8.80000 -0.00962 -19.06667
v -8.06667 -0.15734 -19.06667
v -7.33333 -0.29325 -19.06667
v -6.60000 -0.36831 -19.06667
v -5.86667 -0.35916 -19.06667
v -5.13333 -0.27708 -19.06667
v -4.40000 -0.16149 -19.06667
v -3.66667 -0.06149 -19.06667
v -2.93333 -0.01451 -19.06667
v -2.20000 -0.03177 -19.06667
v -1.46667 -0.09720 -19.06667
v -0.73333 -0.17901 -19.06667
v 0.00000 -0.24766 -19.06667
v 0.73333 -0.29057 -19.06667
v 1.46667 -0.31637 -19.06667
v 2.20000 -0.34671 -19.06667
v 2.93333 -0.40071 -19.06667
v 3.66667 -0.48048 -19.06667
v 4.40000 -0.56604 -19.06667
v 5.13333 -0.62295 -19.06667
v 5.86667 -0.61920 -19.06667
v 6.60000 -0.54301 -19.06667
v 7.33333 -0.41211 -19.06667
v 8.06667 -0.26918 -19.06667
v 8.80000 -0.16469 -19.06667
v 9.53333 -0.13490 -19.06667
v 10.26667 -0.18524 -19.06667
v 11.00000 -0.28724 -19.06667
v 11.73333 -0.39063 -19.06667
v 12.46667 -0.44531 -19.06667
v 13.20000 -0.42293 -19.06667
v 13.93333 -0.32838 -19.06667
v 14.66667 -0.19597 -19.06667
v 15.40000 -0.07266 -19.06667
v 16.13333 0.00344 -19.06667
v 16.86667 0.01899 -19.06667
v 17.60000 -0.01137 -19.06667
v 18.33333 -0.05540 -19.06667
v 19.06667 -0.08139 -19.06667
v 19.80000 -0.05585 -19.06667
v 20.53333 -0.02150 -19.06667
v 21.26667 -0.00300 -19.06667
v 22.00000 0.00000 -19.06667
v -22.00000 0.00000 -18.33333
v -21.26667 0.00115 -18.33333
v -20.53333 0.00403 -18.33333
v -19.80000 -0.00254 -18.33333
v -19.06667 -0.02695 -18.33333
v -18.33333 -0.05291 -18.33333
v -17.60000 -0.04891 -18.33333
v -16.86667 -0.02775 -18.33333
v -16.13333 -0.01831 -18.33333
v -15.40000 -0.04334 -18.33333
v -14.66667 -0.09367 -18.33333
v -13.93333 -0.13720 -18.33333
v -13.20000 -0.14058 -18.33333
v -12.46667 -0.08894 -18.33333
v -11.73333 0.00220 -18.33333
v -11.00000 0.09121 -18.33333
v -10.26667 0.12890 -18.33333
v -9.53333 0.08300 -18.33333
v -8.80000 -0.04375 -18.33333
v -8.06667 -0.21105 -18.33333
v -7.33333 -0.35621 -18.33333
v -6.60000 -0.42067 -18.33333
v -5.86667 -0.37579 -18.33333
v -5.13333 -0.23608 -18.33333
v -4.40000 -0.05362 -18.33333
v -3.66667 0.10373 -18.33333
v -2.93333 0.18042 -18.33333
v -2.20000 0.15488 -18.33333
v -1.46667 0.04525 -18.33333
v -0.73333 -0.10247 -18.33333
v 0.00000 -0.23752 -18.33333
v 0.73333 -0.32699 -18.33333
v 1.46667 -0.36740 -18.33333
v 2.20000 -0.38040 -18.33333
v 2.93333 -0.39586 -18.33333
v 3.66667 -0.43214 -18.33333
v 4.40000 -0.48407 -18.33333
v 5.13333 -0.52529 -18.33333
v 5.86667 -0.52361 -18.33333
v 6.60000 -0.46101 -18.33333
v 7.33333 -0.34754 -18.33333
v 8.06667 -0.22087 -18.33333
v 8.80000 -0.13082 -18.33333
v 9.53333 -0.11592 -18.33333
v 10.26667 -0.18338 -18.33333
v 11.00000 -0.30290 -18.33333
v 11.73333 -0.41811 -18.33333
v 12.46667 -0.47081 -18.33333
v 13.20000 -0.42717 -18.33333
v 13.93333 -0.29338 -18.33333
v 14.66667 -0.11348 -18.33333
v 15.40000 0.04986 -18.33333
v 16.13333 0.14258 -18.33333
v 16.86667 0.14192 -18.33333
v 17.60000 0.06428 -18.33333
v 18.33333 -0.04490 -18.33333
v 19.06667 -0.11210 -18.33333
v 19.80000 -0.10547 -18.33333
v 20.53333 -0.06022 -18.33333
v 21.26667 -0.01819 -18.33333
v 22.00000 0.00000 -18.33333
v -22.00000 0.00000 -17.60000
v -21.26667 0.00131 -17.60000
v -20.53333 0.00336 -17.60000
v -19.80000 -0.01084 -17.60000
v -19.06667 -0.05531 -17.60000
v -18.33333 -0.10638 -17.60000
v -17.60000 -0.10498 -17.60000
v -16.86667 -0.05755 -17.60000
v -16.13333 0.00423 -17.60000
v -15.40000 0.03770 -17.60000
v -14.66667 0.02524 -17.60000
v -13.93333 -0.01269 -17.60000
v -13.20000 -0.04233 -17.60000
v -12.46667 -0.03865 -17.60000
v -11.73333 -0.00050 -17.60000
v -11.00000 0.04727 -17.60000
v -10.26667 0.06675 -17.60000
v -9.53333 0.02833 -17.60000
v -8.80000 -0.07045 -17.60000
v -8.06667 -0.19882 -17.60000
v -7.33333 -0.30349 -17.60000
v -6.60000 -0.33188 -17.60000
v -5.86667 -0.25732 -17.60000
v -5.13333 -0.09389 -17.60000
v -4.40000 0.10644 -17.60000
v -3.66667 0.27387 -17.60000
v -2.93333 0.34927 -17.60000
v -2.20000 0.30820 -17.60000
v -1.46667 0.16980 -17.60000
v -0.73333 -0.01324 -17.60000
v 0.00000 -0.17862 -17.60000
v 0.73333 -0.28085 -17.60000
v 1.46667 -0.30803 -17.60000
v 2.20000 -0.28182 -17.60000
v 2.93333 -0.24183 -17.60000
v 3.66667 -0.22310 -17.60000
v 4.40000 -0.23830 -17.60000
v 5.13333 -0.27338 -17.60000
v 5.86667 -0.29828 -17.60000
v 6.60000 -0.28624 -17.60000
v 7.33333 -0.23117 -17.60000
v 8.06667 -0.15333 -17.60000
v 8.80000 -0.09013 -17.60000
v 9.53333 -0.07632 -17.60000
v 10.26667 -0.12409 -17.60000
v 11.00000 -0.21352 -17.60000
v 11.73333 -0.29921 -17.60000
v 12.46667 -0.33064 -17.60000
v 13.20000 -0.27674 -17.60000
v 13.93333 -0.14277 -17.60000
v 14.66667 0.02930 -17.60000
v 15.40000 0.17761 -17.60000
v 16.13333 0.24714 -17.60000
v 16.86667 0.21396 -17.60000
v 17.60000 0.09568 -17.60000
v 18.33333 -0.05665 -17.60000
v 19.06667 -0.15201 -17.60000
v 19.80000 -0.14646 -17.60000
v 20.53333 -0.08405 -17.60000
v 21.26667 -0.02290 -17.60000
v 22.00000 0.00000 -17.60000
v -22.00000 0.00000 -16.86667
v -21.26667 0.00111 -16.86667
v -20.53333 0.00089 -16.86667
v -19.80000 -0.02082 -16.86667
v -19.06667 -0.07829 -16.86667
v -18.33333 -0.13838 -16.86667
v -17.60000 -0.12436 -16.86667
v -16.86667 -0.04254 -16.86667
v -16.13333 0.06769 -16.86667
v -15.40000 0.14377 -16.86667
v -14.66667 0.14654 -16.86667
v -13.93333 0.09185 -16.86667
v -13.20000 0.01839 -16.86667
v -12.46667 -0.03518 -16.86667
v -11.73333 -0.04898 -16.86667
v -11.00000 -0.03061 -16.86667
v -10.26667 -0.00838 -16.86667
v -9.53333 -0.01303 -16.86667
v -8.80000 -0.05771 -16.86667
v -8.06667 -0.12727 -16.86667
v -7.33333 -0.18293 -16.86667
v -6.60000 -0.18076 -16.86667
v -5.86667 -0.09510 -16.86667
v -5.13333 0.06497 -16.86667
v -4.40000 0.25473 -16.86667
v -3.66667 0.41023 -16.86667
v -2.93333 0.47478 -16.86667
v -2.20000 0.42376 -16.86667
v -1.46667 0.27581 -16.86667
v -0.73333 0.08525 -16.86667
v 0.00000 -0.08116 -16.86667
v 0.73333 -0.17233 -16.86667
v 1.46667 -0.17296 -16.86667
v 2.20000 -0.10688 -16.86667
v 2.93333 -0.02250 -16.86667
v 3.66667 0.03178 -16.86667
v 4.40000 0.03007 -16.86667
v 5.13333 -0.02106 -16.86667
v 5.86667 -0.08943 -16.86667
v 6.60000 -0.13643 -16.86667
v 7.33333 -0.13810 -16.86667
v 8.06667 -0.09732 -16.86667
v 8.80000 -0.04092 -16.86667
v 9.53333 -0.00368 -16.86667
v 10.26667 -0.00798 -16.86667
v 11.00000 -0.05001 -16.86667
v 11.73333 -0.10026 -16.86667
v 12.46667 -0.11841 -16.86667
v 13.20000 -0.07534 -16.86667
v 13.93333 0.02907 -16.86667
v 14.66667 0.16194 -16.86667
v 15.40000 0.27002 -16.86667
v 16.13333 0.30362 -16.86667
v 16.86667 0.24056 -16.86667
v 17.60000 0.09843 -16.86667
v 18.33333 -0.07110 -16.86667
v 19.06667 -0.17080 -16.86667
v 19.80000 -0.15742 -16.86667
v 20.53333 -0.08289 -16.86667
v 21.26667 -0.01536 -16.86667
v 22.00000 0.00000 -16.86667
v -22.00000 0.00000 -16.13333
v -21.26667 0.00068 -16.13333
v -20.53333 -0.00190 -16.13333
v -19.80000 -0.02731 -16.13333
v -19.06667 -0.08606 -16.13333
v -18.33333 -0.13833 -16.13333
v -17.60000 -0.10437 -16.13333
v -16.86667 0.00653 -16.13333
v -16.13333 0.14684 -16.13333
v -15.40000 0.24020 -16.13333
v -14.66667 0.23560 -16.13333
v -13.93333 0.15045 -16.13333
v -13.20000 0.03064 -16.13333
v -12.46667 -0.07165 -16.13333
v -11.73333 -0.11991 -16.13333
v -11.00000 -0.10801 -16.13333
v -10.26667 -0.05893 -16.13333
v -9.53333 -0.00894 -16.13333
v -8.80000 0.01406 -16.13333
v -8.06667 0.00661 -16.13333
v -7.33333 -0.00826 -16.13333
v -6.60000 0.00594 -16.13333
v -5.86667 0.07771 -16.13333
v -5.13333 0.20882 -16.13333
v -4.40000 0.36851 -16.13333
v -3.66667 0.50430 -16.13333
v -2.93333 0.56490 -16.13333
v -2.20000 0.52452 -16.13333
v -1.46667 0.39653 -16.13333
v -0.73333 0.22954 -16.13333
v 0.00000 0.08691 -16.13333
v 0.73333 0.01928 -16.13333
v 1.46667 0.04264 -16.13333
v 2.20000 0.13246 -16.13333
v 2.93333 0.23634 -16.13333
v 3.66667 0.29909 -16.13333
v 4.40000 0.28819 -16.13333
v 5.13333 0.20759 -16.13333
v 5.86667 0.09386 -16.13333
v 6.60000 -0.00289 -16.13333
v 7.33333 -0.04342 -16.13333
v 8.06667 -0.01710 -16.13333
v 8.80000 0.05536 -16.13333
v 9.53333 0.13476 -16.13333
v 10.26667 0.18478 -16.13333
v 11.00000 0.19049 -16.13333
v 11.73333 0.16463 -16.13333
v 12.46667 0.13867 -16.13333
v 13.20000 0.14351 -16.13333
v 13.93333 0.19033 -16.13333
v 14.66667 0.26178 -16.13333
v 15.40000 0.31881 -16.13333
v 16.13333 0.32009 -16.13333
v 16.86667 0.24452 -16.13333
v 17.60000 0.10516 -16.13333
v 18.33333 -0.05285 -16.13333
v 19.06667 -0.14296 -16.13333
v 19.80000 -0.12657 -16.13333
v 20.53333 -0.05558 -16.13333
v 21.26667 0.00152 -16.13333
v 22.00000 0.00000 -16.13333
v -22.00000 0.00000 -15.40000
v -21.26667 0.00025 -15.40000
v -20.53333 -0.00338 -15.40000
v -19.80000 -0.02635 -15.40000
v -19.06667 -0.07421 -15.40000
v -18.33333 -0.10751 -15.40000
v -17.60000 -0.05746 -15.40000
v -16.86667 0.06509 -15.40000
v -16.13333 0.20929 -15.40000
v -15.40000 0.29538 -15.40000
v -14.66667 0.27092 -15.40000
v -13.93333 0.15731 -15.40000
v -13.20000 0.00608 -15.40000
v -12.46667 -0.12127 -15.40000
v -11.73333 -0.17731 -15.40000
v -11.00000 -0.14795 -15.40000
v -10.26667 -0.05538 -15.40000
v -9.53333 0.05592 -15.40000
v -8.80000 0.14267 -15.40000
v -8.06667 0.18401 -15.40000
v -7.33333 0.18998 -15.40000
v -6.60000 0.19359 -15.40000
v -5.86667 0.23077 -15.40000
v -5.13333 0.31893 -15.40000
v -4.40000 0.44510 -15.40000
v -3.66667 0.57016 -15.40000
v -2.93333 0.64733 -15.40000
v -2.20000 0.64573 -15.40000
v -1.46667 0.56712 -15.40000
v -0.73333 0.44713 -15.40000
v 0.00000 0.33965 -15.40000
v 0.73333 0.29168 -15.40000
v 1.46667 0.32088 -15.40000
v 2.20000 0.40684 -15.40000
v 2.93333 0.50055 -15.40000
v 3.66667 0.54786 -15.40000
v 4.40000 0.51559 -15.40000
v 5.13333 0.40770 -15.40000
v 5.86667 0.26391 -15.40000
v 6.60000 0.14145 -15.40000
v 7.33333 0.08877 -15.40000
v 8.06667 0.12389 -15.40000
v 8.80000 0.22749 -15.40000
v 9.53333 0.35336 -15.40000
v 10.26667 0.45088 -15.40000
v 11.00000 0.48799 -15.40000
v 11.73333 0.46377 -15.40000
v 12.46667 0.40490 -15.40000
v 13.20000 0.34865 -15.40000
v 13.93333 0.32167 -15.40000
v 14.66667 0.32574 -15.40000
v 15.40000 0.33774 -15.40000
v 16.13333 0.32388 -15.40000
v 16.86667 0.26045 -15.40000
v 17.60000 0.15004 -15.40000
v 18.33333 0.02425 -15.40000
v 19.06667 -0.05806 -15.40000
v 19.80000 -0.05638 -15.40000
v 20.53333 -0.01022 -15.40000
v 21.26667 0.02133 -15.40000
v 22.00000 0.00000 -15.40000
v -22.00000 0.00000 -14.66667
v -21.26667 0.00002 -14.66667
v -20.53333 -0.00247 -14.66667
v -19.80000 -0.01680 -14.66667
v -19.06667 -0.04561 -14.66667
v -18.33333 -0.05842 -14.66667
v -17.60000 -0.00594 -14.66667
v -16.86667 0.10496 -14.66667
v -16.13333 0.22876 -14.66667
v -15.40000 0.29352 -14.66667
v -14.66667 0.25270 -14.66667
v -13.93333 0.12902 -14.66667
v -13.20000 -0.02573 -14.66667
v -12.46667 -0.14786 -14.66667
v -11.73333 -0.18642 -14.66667
v -11.00000 -0.12493 -14.66667
v -10.26667 0.01267 -14.66667
v -9.53333 0.17451 -14.66667
v -8.80000 0.30544 -14.66667
v -8.06667 0.37218 -14.66667
v -7.33333 0.37703 -14.66667
v -6.60000 0.35394 -14.66667
v -5.86667 0.34941 -14.66667
v -5.13333 0.39786 -14.66667
v -4.40000 0.50382 -14.66667
v -3.66667 0.63949 -14.66667
v -2.93333 0.75885 -14.66667
v -2.20000 0.82092 -14.66667
v -1.46667 0.81041 -14.66667
v -0.73333 0.74531 -14.66667
v 0.00000 0.66743 -14.66667
v 0.73333 0.62079 -14.66667
v 1.46667 0.62875 -14.66667
v 2.20000 0.68169 -14.66667
v 2.93333 0.74167 -14.66667
v 3.66667 0.76202 -14.66667
v 4.40000 0.71215 -14.66667
v 5.13333 0.59515 -14.66667
v 5.86667 0.44911 -14.66667
v 6.60000 0.33105 -14.66667
v 7.33333 0.29103 -14.66667
v 8.06667 0.34863 -14.66667
v 8.80000 0.48319 -14.66667
v 9.53333 0.64239 -14.66667
v 10.26667 0.76504 -14.66667
v 11.00000 0.80734 -14.66667
v 11.73333 0.76022 -14.66667
v 12.46667 0.65013 -14.66667
v 13.20000 0.52369 -14.66667
v 13.93333 0.42420 -14.66667
v 14.66667 0.37189 -14.66667
v 15.40000 0.35735 -14.66667
v 16.13333 0.35063 -14.66667
v 16.86667 0.32071 -14.66667
v 17.60000 0.25464 -14.66667
v 18.33333 0.16621 -14.66667
v 19.06667 0.07488 -14.66667
v 19.80000 0.03748 -14.66667
v 20.53333 0.03916 -14.66667
v 21.26667 0.03687 -14.66667
v 22.00000 0.00000 -14.66667
v -22.00000 0.00000 -13.93333
v -21.26667 0.00010 -13.93333
v -20.53333 0.00092 -13.93333
v -19.80000 -0.00088 -13.93333
v -19.06667 -0.00921 -13.93333
v -18.33333 -0.00969 -13.93333
v -17.60000 0.02725 -13.93333
v -16.86667 0.10607 -13.93333
v -16.13333 0.19602 -13.93333
v -15.40000 0.24125 -13.93333
v -14.66667 0.20274 -13.93333
v -13.93333 0.09778 -13.93333
v -13.20000 -0.02916 -13.93333
v -12.46667 -0.12011 -13.93333
v -11.73333 -0.12710 -13.93333
v -11.00000 -0.03445 -13.93333
v -10.26667 0.13313 -13.93333
v -9.53333 0.32096 -13.93333
v -8.80000 0.46878 -13.93333
v -8.06667 0.53786 -13.93333
v -7.33333 0.52806 -13.93333
v -6.60000 0.47686 -13.93333
v -5.86667 0.44095 -13.93333
v -5.13333 0.46907 -13.93333
v -4.40000 0.57897 -13.93333
v -3.66667 0.74947 -13.93333
v -2.93333 0.93085 -13.93333
v -2.20000 1.06842 -13.93333
v -1.46667 1.12752 -13.93333
v -0.73333 1.10784 -13.93333
v 0.00000 1.04056 -13.93333
v 0.73333 0.97026 -13.93333
v 1.46667 0.93136 -13.93333
v 2.20000 0.93117 -13.93333
v 2.93333 0.94823 -13.93333
v 3.66667 0.94644 -13.93333
v 4.40000 0.89745 -13.93333
v 5.13333 0.79933 -13.93333
v 5.86667 0.68157 -13.93333
v 6.60000 0.59310 -13.93333
v 7.33333 0.57895 -13.93333
v 8.06667 0.65688 -13.93333
v 8.80000 0.80570 -13.93333
v 9.53333 0.97154 -13.93333
v 10.26667 1.08960 -13.93333
v 11.00000 1.11152 -13.93333
v 11.73333 1.02567 -13.93333
v 12.46667 0.86101 -13.93333
v 13.20000 0.67303 -13.93333
v 13.93333 0.51865 -13.93333
v 14.66667 0.43206 -13.93333
v 15.40000 0.41261 -13.93333
v 16.13333 0.42980 -13.93333
v 16.86667 0.44198 -13.93333
v 17.60000 0.41878 -13.93333
v 18.33333 0.35590 -13.93333
v 19.06667 0.23063 -13.93333
v 19.80000 0.13229 -13.93333
v 20.53333 0.07833 -13.93333
v 21.26667 0.04306 -13.93333
v 22.00000 0.00000 -13.93333
v -22.00000 0.00000 -13.20000
v -21.26667 0.00050 -13.20000
v -20.53333 0.00584 -13.20000
v -19.80000 0.01673 -13.20000
v -19.06667 0.02345 -13.20000
v -18.33333 0.02150 -13.20000
v -17.60000 0.02801 -13.20000
v -16.86667 0.06496 -13.20000
v -16.13333 0.12301 -13.20000
v -15.40000 0.16512 -13.20000
v -14.66667 0.15572 -13.20000
v -13.93333 0.09841 -13.20000
v -13.20000 0.02315 -13.20000
v -12.46667 -0.02399 -13.20000
v -11.73333 -0.00146 -13.20000
v -11.00000 0.10598 -13.20000
v -10.26667 0.27716 -13.20000
v -9.53333 0.46174 -13.20000
v -8.80000 0.60229 -13.20000
v -8.06667 0.66098 -13.20000
v -7.33333 0.63833 -13.20000
v -6.60000 0.57453 -13.20000
v -5.86667 0.53218 -13.20000
v -5.13333 0.56802 -13.20000
v -4.40000 0.70663 -13.20000
v -3.66667 0.92832 -13.20000
v -2.93333 1.17694 -13.20000
v -2.20000 1.38384 -13.20000
v -1.46667 1.49685 -13.20000
v -0.73333 1.50078 -13.20000
v 0.00000 1.42042 -13.20000
v 0.73333 1.30543 -13.20000
v 1.46667 1.20548 -13.20000
v 2.20000 1.14805 -13.20000
v 2.93333 1.12970 -13.20000
v 3.66667 1.12409 -13.20000
v 4.40000 1.10165 -13.20000
v 5.13333 1.04978 -13.20000
v 5.86667 0.98266 -13.20000
v 6.60000 0.93509 -13.20000
v 7.33333 0.94356 -13.20000
v 8.06667 1.02422 -13.20000
v 8.80000 1.15950 -13.20000
v 9.53333 1.30103 -13.20000
v 10.26667 1.38834 -13.20000
v 11.00000 1.37508 -13.20000
v 11.73333 1.25037 -13.20000
v 12.46667 1.04496 -13.20000
v 13.20000 0.81889 -13.20000
v 13.93333 0.63625 -13.20000
v 14.66667 0.53848 -13.20000
v 15.40000 0.52845 -13.20000
v 16.13333 0.57238 -13.20000
v 16.86667 0.61800 -13.20000
v 17.60000 0.61977 -13.20000
v 18.33333 0.55912 -13.20000
v 19.06667 0.37735 -13.20000
v 19.80000 0.20718 -13.20000
v 20.53333 0.09853 -13.20000
v 21.26667 0.03901 -13.20000
v 22.00000 0.00000 -13.20000
v -22.00000 0.00000 -12.46667
v -21.26667 0.00104 -12.46667
v -20.53333 0.01070 -12.46667
v -19.80000 0.03070 -12.46667
v -19.06667 0.04284 -12.46667
v -18.33333 0.02631 -12.46667
v -17.60000 -0.00303 -12.46667
v -16.86667 -0.00349 -12.46667
v -16.13333 0.03848 -12.46667
v -15.40000 0.10132 -12.46667
v -14.66667 0.14538 -12.46667
v -13.93333 0.15429 -12.46667
v -13.20000 0.13922 -12.46667
v -12.46667 0.13182 -12.46667
v -11.73333 0.16747 -12.46667
v -11.00000 0.26452 -12.46667
v -10.26667 0.41156 -12.46667
v -9.53333 0.56995 -12.46667
v -8.80000 0.69154 -12.46667
v -8.06667 0.74305 -12.46667
v -7.33333 0.72527 -12.46667
v -6.60000 0.67669 -12.46667
v -5.86667 0.65869 -12.46667
v -5.13333 0.72825 -12.46667
v -4.40000 0.91052 -12.46667
v -3.66667 1.18425 -12.46667
v -2.93333 1.48748 -12.46667
v -2.20000 1.74140 -12.46667
v -1.46667 1.88197 -12.46667
v -0.73333 1.88504 -12.46667
v 0.00000 1.77383 -12.46667
v 0.73333 1.60613 -12.46667
v 1.46667 1.44781 -12.46667
v 2.20000 1.34561 -12.46667
v 2.93333 1.31157 -12.46667
v 3.66667 1.32533 -12.46667
v 4.40000 1.35155 -12.46667
v 5.13333 1.36219 -12.46667
v 5.86667 1.35206 -12.46667
v 6.60000 1.33952 -12.46667
v 7.33333 1.35285 -12.46667
v 8.06667 1.40997 -12.46667
v 8.80000 1.50290 -12.46667
v 9.53333 1.59591 -12.46667
v 10.26667 1.63927 -12.46667
v 11.00000 1.59238 -12.46667
v 11.73333 1.44489 -12.46667
v 12.46667 1.22512 -12.46667
v 13.20000 0.99061 -12.46667
v 13.93333 0.80474 -12.46667
v 14.66667 0.70978 -12.46667
v 15.40000 0.70890 -12.46667
v 16.13333 0.76568 -12.46667
v 16.86667 0.82118 -12.46667
v 17.60000 0.82064 -12.46667
v 18.33333 0.73740 -12.46667
v 19.06667 0.48864 -12.46667
v 19.80000 0.25114 -12.46667
v 20.53333 0.09981 -12.46667
v 21.26667 0.02838 -12.46667
v 22.00000 0.00000 -12.46667
v -22.00000 0.00000 -11.73333
v -21.26667 0.00151 -11.73333
v -20.53333 0.01384 -11.73333
v -19.80000 0.03712 -11.73333
v -19.06667 0.04520 -11.73333
v -18.33333 0.00782 -11.73333
v -17.60000 -0.05063 -11.73333
v -16.86667 -0.07169 -11.73333
v -16.13333 -0.02318 -11.73333
v -15.40000 0.08142 -11.73333
v -14.66667 0.19108 -11.73333
v -13.93333 0.26795 -11.73333
v -13.20000 0.30450 -11.73333
v -12.46667 0.31942 -11.73333
v -11.73333 0.34530 -11.73333
v -11.00000 0.40850 -11.73333
v -10.26667 0.51297 -11.73333
v -9.53333 0.63690 -11.73333
v -8.80000 0.74449 -11.73333
v -8.06667 0.80691 -11.73333
v -7.33333 0.82154 -11.73333
v -6.60000 0.81863 -11.73333
v -5.86667 0.85060 -11.73333
v -5.13333 0.96793 -11.73333
v -4.40000 1.19261 -11.73333
v -3.66667 1.50220 -11.73333
v -2.93333 1.83324 -11.73333
v -2.20000 2.10370 -11.73333
v -1.46667 2.24521 -11.73333
v -0.73333 2.23063 -11.73333
v 0.00000 2.08473 -11.73333
v 0.73333 1.87310 -11.73333
v 1.46667 1.67471 -11.73333
v 2.20000 1.55069 -11.73333
v 2.93333 1.52334 -11.73333
v 3.66667 1.57373 -11.73333
v 4.40000 1.65744 -11.73333
v 5.13333 1.72937 -11.73333
v 5.86667 1.76497 -11.73333
v 6.60000 1.76796 -11.73333
v 7.33333 1.76183 -11.73333
v 8.06667 1.77100 -11.73333
v 8.80000 1.80240 -11.73333
v 9.53333 1.83775 -11.73333
v 10.26667 1.84101 -11.73333
v 11.00000 1.77725 -11.73333
v 11.73333 1.63322 -11.73333
v 12.46667 1.42848 -11.73333
v 13.20000 1.21050 -11.73333
v 13.93333 1.03525 -11.73333
v 14.66667 0.94194 -11.73333
v 15.40000 0.93427 -11.73333
v 16.13333 0.97737 -11.73333
v 16.86667 1.01263 -11.73333
v 17.60000 0.98375 -11.73333
v 18.33333 0.86221 -11.73333
v 19.06667 0.55322 -11.73333
v 19.80000 0.26689 -11.73333
v 20.53333 0.09089 -11.73333
v 21.26667 0.01788 -11.73333
v 22.00000 0.00000 -11.73333
v -22.00000 0.00000 -11.00000
v -21.26667 0.00170 -11.00000
v -20.53333 0.01424 -11.00000
v -19.80000 0.03509 -11.00000
v -19.06667 0.03393 -11.00000
v -18.33333 -0.02032 -11.00000
v -17.60000 -0.09094 -11.00000
v -16.86667 -0.11006 -11.00000
v -16.13333 -0.03526 -11.00000
v -15.40000 0.12011 -11.00000
v -14.66667 0.29025 -11.00000
v -13.93333 0.42007 -11.00000
v -13.20000 0.48761 -11.00000
v -12.46667 0.50298 -11.00000
v -11.73333 0.50037 -11.00000
v -11.00000 0.51799 -11.00000
v -10.26667 0.57793 -11.00000
v -9.53333 0.67633 -11.00000
v -8.80000 0.78883 -11.00000
v -8.06667 0.88778 -11.00000
v -7.33333 0.96189 -11.00000
v -6.60000 1.02682 -11.00000
v -5.86667 1.12022 -11.00000
v -5.13333 1.28246 -11.00000
v -4.40000 1.53226 -11.00000
v -3.66667 1.84975 -11.00000
v -2.93333 2.17674 -11.00000
v -2.20000 2.43594 -11.00000
v -1.46667 2.56147 -11.00000
v -0.73333 2.52702 -11.00000
v 0.00000 2.35862 -11.00000
v 0.73333 2.12559 -11.00000
v 1.46667 1.91347 -11.00000
v 2.20000 1.79081 -11.00000
v 2.93333 1.78453 -11.00000
v 3.66667 1.87413 -11.00000
v 4.40000 2.00615 -11.00000
v 5.13333 2.12088 -11.00000
v 5.86667 2.17856 -11.00000
v 6.60000 2.17291 -11.00000
v 7.33333 2.12710 -11.00000
v 8.06667 2.07573 -11.00000
v 8.80000 2.04307 -11.00000
v 9.53333 2.02912 -11.00000
v 10.26667 2.01038 -11.00000
v 11.00000 1.95440 -11.00000
v 11.73333 1.83997 -11.00000
v 12.46667 1.67190 -11.00000
v 13.20000 1.48204 -11.00000
v 13.93333 1.31540 -11.00000
v 14.66667 1.20797 -11.00000
v 15.40000 1.16746 -11.00000
v 16.13333 1.16714 -11.00000
v 16.86667 1.15652 -11.00000
v 17.60000 1.08467 -11.00000
v 18.33333 0.92506 -11.00000
v 19.06667 0.57841 -11.00000
v 19.80000 0.26916 -11.00000
v 20.53333 0.08530 -11.00000
v 21.26667 0.01448 -11.00000
v 22.00000 0.00000 -11.00000
v -22.00000 0.00000 -10.26667
v -21.26667 0.00151 -10.26667
v -20.53333 0.01191 -10.26667
v -19.80000 0.02699 -10.26667
v -19.06667 0.01817 -10.26667
v -18.33333 -0.03942 -10.26667
v -17.60000 -0.10104 -10.26667
v -16.86667 -0.09872 -10.26667
v -16.13333 0.01094 -10.26667
v -15.40000 0.20970 -10.26667
v -14.66667 0.41965 -10.26667
v -13.93333 0.57727 -10.26667
v -13.20000 0.65285 -10.26667
v -12.46667 0.65304 -10.26667
v -11.73333 0.61661 -10.26667
v -11.00000 0.59428 -10.26667
v -10.26667 0.62487 -10.26667
v -9.53333 0.71956 -10.26667
v -8.80000 0.86139 -10.26667
v -8.06667 1.01940 -10.26667
v -7.33333 1.16913 -10.26667
v -6.60000 1.30797 -10.26667
v -5.86667 1.45668 -10.26667
v -5.13333 1.64589 -10.26667
v -4.40000 1.89415 -10.26667
v -3.66667 2.18976 -10.26667
v -2.93333 2.48670 -10.26667
v -2.20000 2.71882 -10.26667
v -1.46667 2.82675 -10.26667
v -0.73333 2.78528 -10.26667
v 0.00000 2.61797 -10.26667
v 0.73333 2.39111 -10.26667
v 1.46667 2.18890 -10.26667
v 2.20000 2.08061 -10.26667
v 2.93333 2.09420 -10.26667
v 3.66667 2.20793 -10.26667
v 4.40000 2.36315 -10.26667
v 5.13333 2.49174 -10.26667
v 5.86667 2.54527 -10.26667
v 6.60000 2.51283 -10.26667
v 7.33333 2.42036 -10.26667
v 8.06667 2.31314 -10.26667
v 8.80000 2.23108 -10.26667
v 9.53333 2.18919 -10.26667
v 10.26667 2.17234 -10.26667
v 11.00000 2.14607 -10.26667
v 11.73333 2.07702 -10.26667
v 12.46667 1.95194 -10.26667
v 13.20000 1.78526 -10.26667
v 13.93333 1.61150 -10.26667
v 14.66667 1.46643 -10.26667
v 15.40000 1.36709 -10.26667
v 16.13333 1.30137 -10.26667
v 16.86667 1.23308 -10.26667
v 17.60000 1.12052 -10.26667
v 18.33333 0.93950 -10.26667
v 19.06667 0.58600 -10.26667
v 19.80000 0.27798 -10.26667
v 20.53333 0.09561 -10.26667
v 21.26667 0.02252 -10.26667
v 22.00000 0.00000 -10.26667
v -22.00000 0.00000 -9.53333
v -21.26667 0.00099 -9.53333
v -20.53333 0.00789 -9.53333
v -19.80000 0.01752 -9.53333
v -19.06667 0.00898 -9.53333
v -18.33333 -0.03342 -9.53333
v -17.60000 -0.06818 -9.53333
v -16.86667 -0.03524 -9.53333
v -16.13333 0.10297 -9.53333
v -15.40000 0.32364 -9.53333
v -14.66667 0.54500 -9.53333
v -13.93333 0.70556 -9.53333
v -13.20000 0.77446 -9.53333
v -12.46667 0.75820 -9.53333
v -11.73333 0.69991 -9.53333
v -11.00000 0.65947 -9.53333
v -10.26667 0.68715 -9.53333
v -9.53333 0.80338 -9.53333
v -8.80000 0.99373 -9.53333
v -8.06667 1.22056 -9.53333
v -7.33333 1.44477 -9.53333
v -6.60000 1.64584 -9.53333
v -5.86667 1.82972 -9.53333
v -5.13333 2.02072 -9.53333
v -4.40000 2.24187 -9.53333
v -3.66667 2.49464 -9.53333
v -2.93333 2.74977 -9.53333
v -2.20000 2.95514 -9.53333
v -1.46667 3.05808 -9.53333
v -0.73333 3.03149 -9.53333
v 0.00000 2.89065 -9.53333
v 0.73333 2.69156 -9.53333
v 1.46667 2.51045 -9.53333
v 2.20000 2.41319 -9.53333
v 2.93333 2.42858 -9.53333
v 3.66667 2.53755 -9.53333
v 4.40000 2.68317 -9.53333
v 5.13333 2.79676 -9.53333
v 5.86667 2.82787 -9.53333
v 6.60000 2.76459 -9.53333
v 7.33333 2.63548 -9.53333
v 8.06667 2.49308 -9.53333
v 8.80000 2.38742 -9.53333
v 9.53333 2.34249 -9.53333
v 10.26667 2.34646 -9.53333
v 11.00000 2.35960 -9.53333
v 11.73333 2.33520 -9.53333
v 12.46667 2.24267 -9.53333
v 13.20000 2.08144 -9.53333
v 13.93333 1.87911 -9.53333
v 14.66667 1.67565 -9.53333
v 15.40000 1.50208 -9.53333
v 16.13333 1.36501 -9.53333
v 16.86667 1.24504 -9.53333
v 17.60000 1.10969 -9.53333
v 18.33333 0.93414 -9.53333
v 19.06667 0.60228 -9.53333
v 19.80000 0.30990 -9.53333
v 20.53333 0.12800 -9.53333
v 21.26667 0.04187 -9.53333
v 22.00000 0.00000 -9.53333
v -22.00000 0.00000 -8.80000
v -21.26667 0.00031 -8.80000
v -20.53333 0.00382 -8.80000
v -19.80000 0.01175 -8.80000
v -19.06667 0.01482 -8.80000
v -18.33333 0.00449 -8.80000
v -17.60000 0.00506 -8.80000
v -16.86667 0.06451 -8.80000
v -16.13333 0.21261 -8.80000
v -15.40000 0.42756 -8.80000
v -14.66667 0.63501 -8.80000
v -13.93333 0.78406 -8.80000
v -13.20000 0.84672 -8.80000
v -12.46667 0.82939 -8.80000
v -11.73333 0.77560 -8.80000
v -11.00000 0.74765 -8.80000
v -10.26667 0.79981 -8.80000
v -9.53333 0.95564 -8.80000
v -8.80000 1.19974 -8.80000
v -8.06667 1.48761 -8.80000
v -7.33333 1.76812 -8.80000
v -6.60000 2.00719 -8.80000
v -5.86667 2.20098 -8.80000
v -5.13333 2.37212 -8.80000
v -4.40000 2.55168 -8.80000
v -3.66667 2.75657 -8.80000
v -2.93333 2.97485 -8.80000
v -2.20000 3.16727 -8.80000
v -1.46667 3.28484 -8.80000
v -0.73333 3.29392 -8.80000
v 0.00000 3.19599 -8.80000
v 0.73333 3.03160 -8.80000
v 1.46667 2.86555 -8.80000
v 2.20000 2.75999 -8.80000
v 2.93333 2.74771 -8.80000
v 3.66667 2.81855 -8.80000
v 4.40000 2.92506 -8.80000
v 5.13333 3.00507 -8.80000
v 5.86667 3.01041 -8.80000
v 6.60000 2.92850 -8.80000
v 7.33333 2.78675 -8.80000
v 8.06667 2.63826 -8.80000
v 8.80000 2.53561 -8.80000
v 9.53333 2.50543 -8.80000
v 10.26667 2.53562 -8.80000
v 11.00000 2.58103 -8.80000
v 11.73333 2.58443 -8.80000
v 12.46667 2.50265 -8.80000
v 13.20000 2.32533 -8.80000
v 13.93333 2.07790 -8.80000
v 14.66667 1.80791 -8.80000
v 15.40000 1.56214 -8.80000
v 16.13333 1.36598 -8.80000
v 16.86667 1.21515 -8.80000
v 17.60000 1.08312 -8.80000
v 18.33333 0.93980 -8.80000
v 19.06667 0.64630 -8.80000
v 19.80000 0.37048 -8.80000
v 20.53333 0.17933 -8.80000
v 21.26667 0.06782 -8.80000
v 22.00000 0.00000 -8.80000
v -22.00000 0.00000 -8.06667
v -21.26667 -0.00031 -8.06667
v -20.53333 0.00130 -8.06667
v -19.80000 0.01309 -8.06667
v -19.06667 0.03801 -8.06667
v -18.33333 0.06899 -8.06667
v -17.60000 0.10166 -8.06667
v -16.86667 0.17278 -8.06667
v -16.13333 0.30743 -8.06667
v -15.40000 0.49346 -8.06667
v -14.66667 0.67419 -8.06667
v -13.93333 0.81339 -8.06667
v -13.20000 0.88608 -8.06667
v -12.46667 0.89514 -8.06667
v -11.73333 0.87787 -8.06667
v -11.00000 0.89096 -8.06667
v -10.26667 0.98558 -8.06667
v -9.53333 1.18417 -8.06667
v -8.80000 1.47019 -8.06667
v -8.06667 1.79586 -8.06667
v -7.33333 2.10417 -8.06667
v -6.60000 2.35436 -8.06667
v -5.86667 2.53845 -8.06667
v -5.13333 2.68076 -8.06667
v -4.40000 2.82095 -8.06667
v -3.66667 2.98952 -8.06667
v -2.93333 3.18837 -8.06667
v -2.20000 3.38680 -8.06667
v -1.46667 3.53516 -8.06667
v -0.73333 3.58941 -8.06667
v 0.00000 3.53440 -8.06667
v 0.73333 3.39381 -8.06667
v 1.46667 3.22172 -8.06667
v 2.20000 3.07941 -8.06667
v 2.93333 3.00876 -8.06667
v 3.66667 3.01474 -8.06667
v 4.40000 3.06541 -8.06667
v 5.13333 3.10919 -8.06667
v 5.86667 3.10096 -8.06667
v 6.60000 3.02430 -8.06667
v 7.33333 2.89915 -8.06667
v 8.06667 2.77131 -8.06667
v 8.80000 2.68877 -8.06667
v 9.53333 2.67650 -8.06667
v 10.26667 2.72181 -8.06667
v 11.00000 2.77774 -8.06667
v 11.73333 2.78283 -8.06667
v 12.46667 2.68842 -8.06667
v 13.20000 2.48030 -8.06667
v 13.93333 2.18508 -8.06667
v 14.66667 1.85825 -8.06667
v 15.40000 1.56002 -8.06667
v 16.13333 1.33052 -8.06667
v 16.86667 1.17580 -8.06667
v 17.60000 1.07065 -8.06667
v 18.33333 0.97585 -8.06667
v 19.06667 0.72118 -8.06667
v 19.80000 0.45134 -8.06667
v 20.53333 0.23803 -8.06667
v 21.26667 0.09287 -8.06667
v 22.00000 0.00000 -8.06667
v -22.00000 0.00000 -7.33333
v -21.26667 -0.00065 -7.33333
v -20.53333 0.00125 -7.33333
v -19.80000 0.02189 -7.33333
v -19.06667 0.07372 -7.33333
v -18.33333 0.14451 -7.33333
v -17.60000 0.19681 -7.33333
v -16.86667 0.26107 -7.33333
v -16.13333 0.36402 -7.33333
v -15.40000 0.51122 -7.33333
v -14.66667 0.66932 -7.33333
v -13.93333 0.81539 -7.33333
v -13.20000 0.92417 -7.33333
v -12.46667 0.98954 -7.33333
v -11.73333 1.03544 -7.33333
v -11.00000 1.10620 -7.33333
v -10.26667 1.24539 -7.33333
v -9.53333 1.47355 -7.33333
v -8.80000 1.77633 -7.33333
v -8.06667 2.10919 -7.33333
v -7.33333 2.41708 -7.33333
v -6.60000 2.65941 -7.33333
v -5.86667 2.82807 -7.33333
v -5.13333 2.94923 -7.33333
v -4.40000 3.06784 -7.33333
v -3.66667 3.22234 -7.33333
v -2.93333 3.42227 -7.33333
v -2.20000 3.64027 -7.33333
v -1.46667 3.82276 -7.33333
v -0.73333 3.91442 -7.33333
v 0.00000 3.88461 -7.33333
v 0.73333 3.74302 -7.33333
v 1.46667 3.53681 -7.33333
v 2.20000 3.33092 -7.33333
v 2.93333 3.18074 -7.33333
v 3.66667 3.11025 -7.33333
v 4.40000 3.10537 -7.33333
v 5.13333 3.12527 -7.33333
v 5.86667 3.12523 -7.33333
v 6.60000 3.07984 -7.33333
v 7.33333 2.99488 -7.33333
v 8.06667 2.90236 -7.33333
v 8.80000 2.84129 -7.33333
v 9.53333 2.83414 -7.33333
v 10.26667 2.87085 -7.33333
v 11.00000 2.90905 -7.33333
v 11.73333 2.89098 -7.33333
v 12.46667 2.76942 -7.33333
v 13.20000 2.53048 -7.33333
v 13.93333 2.20218 -7.33333
v 14.66667 1.84440 -7.33333
v 15.40000 1.52479 -7.33333
v 16.13333 1.29144 -7.33333
v 16.86667 1.15503 -7.33333
v 17.60000 1.08814 -7.33333
v 18.33333 1.04152 -7.33333
v 19.06667 0.81194 -7.33333
v 19.80000 0.53288 -7.33333
v 20.53333 0.28838 -7.33333
v 21.26667 0.10963 -7.33333
v 22.00000 0.00000 -7.33333
v -22.00000 0.00000 -6.60000
v -21.26667 -0.00062 -6.60000
v -20.53333 0.00354 -6.60000
v -19.80000 0.03527 -6.60000
v -19.06667 0.11181 -6.60000
v -18.33333 0.21130 -6.60000
v -17.60000 0.26765 -6.60000
v -16.86667 0.31143 -6.60000
v -16.13333 0.37743 -6.60000
v -15.40000 0.49284 -6.60000
v -14.66667 0.64680 -6.60000
v -13.93333 0.82423 -6.60000
v -13.20000 0.99476 -6.60000
v -12.46667 1.13790 -6.60000
v -11.73333 1.25927 -6.60000
v -11.00000 1.38740 -6.60000
v -10.26667 1.55750 -6.60000
v -9.53333 1.79092 -6.60000
v -8.80000 2.08111 -6.60000
v -8.06667 2.39414 -6.60000
v -7.33333 2.68383 -6.60000
v -6.60000 2.91430 -6.60000
v -5.86667 3.07794 -6.60000
v -5.13333 3.19938 -6.60000
v -4.40000 3.32234 -6.60000
v -3.66667 3.48558 -6.60000
v -2.93333 3.69972 -6.60000
v -2.20000 3.93699 -6.60000
v -1.46667 4.13972 -6.60000
v -0.73333 4.24433 -6.60000
v 0.00000 4.20990 -6.60000
v 0.73333 4.03784 -6.60000
v 1.46667 3.77349 -6.60000
v 2.20000 3.48895 -6.60000
v 2.93333 3.25484 -6.60000
v 3.66667 3.11395 -6.60000
v 4.40000 3.06829 -6.60000
v 5.13333 3.08450 -6.60000
v 5.86667 3.11394 -6.60000
v 6.60000 3.11734 -6.60000
v 7.33333 3.08180 -6.60000
v 8.06667 3.02245 -6.60000
v 8.80000 2.96882 -6.60000
v 9.53333 2.94346 -6.60000
v 10.26667 2.94439 -6.60000
v 11.00000 2.94101 -6.60000
v 11.73333 2.88609 -6.60000
v 12.46667 2.73845 -6.60000
v 13.20000 2.48527 -6.60000
v 13.93333 2.15258 -6.60000
v 14.66667 1.79809 -6.60000
v 15.40000 1.48890 -6.60000
v 16.13333 1.27406 -6.60000
v 16.86667 1.16467 -6.60000
v 17.60000 1.13061 -6.60000
v 18.33333 1.11558 -6.60000
v 19.06667 0.89094 -6.60000
v 19.80000 0.59162 -6.60000
v 20.53333 0.31652 -6.60000
v 21.26667 0.11366 -6.60000
v 22.00000 0.00000 -6.60000
v -22.00000 0.00000 -5.86667
v -21.26667 -0.00028 -5.86667
v -20.53333 0.00706 -5.86667
v -19.80000 0.04831 -5.86667
v -19.06667 0.14084 -5.86667
v -18.33333 0.25317 -5.86667
v -17.60000 0.30218 -5.86667
v -16.86667 0.32347 -5.86667
v -16.13333 0.36307 -5.86667
v -15.40000 0.46767 -5.86667
v -14.66667 0.64207 -5.86667
v -13.93333 0.87255 -5.86667
v -13.20000 1.11964 -5.86667
v -12.46667 1.34582 -5.86667
v -11.73333 1.53721 -5.86667
v -11.00000 1.70719 -5.86667
v -10.26667 1.88540 -5.86667
v -9.53333 2.09851 -5.86667
v -8.80000 2.35351 -5.86667
v -8.06667 2.63260 -5.86667
v -7.33333 2.90244 -5.86667
v -6.60000 3.13265 -5.86667
v -5.86667 3.31337 -5.86667
v -5.13333 3.46165 -5.86667
v -4.40000 3.61235 -5.86667
v -3.66667 3.79742 -5.86667
v -2.93333 4.02409 -5.86667
v -2.20000 4.26363 -5.86667
v -1.46667 4.45785 -5.86667
v -0.73333 4.54143 -5.86667
v 0.00000 4.47062 -5.86667
v 0.73333 4.24500 -5.86667
v 1.46667 3.91192 -5.86667
v 2.20000 3.55117 -5.86667
v 2.93333 3.24624 -5.86667
v 3.66667 3.05450 -5.86667
v 4.40000 2.98902 -5.86667
v 5.13333 3.01925 -5.86667
v 5.86667 3.08899 -5.86667
v 6.60000 3.14285 -5.86667
v 7.33333 3.14857 -5.86667
v 8.06667 3.10555 -5.86667
v 8.80000 3.03671 -5.86667
v 9.53333 2.96919 -5.86667
v 10.26667 2.91458 -5.86667
v 11.00000 2.85932 -5.86667
v 11.73333 2.77043 -5.86667
v 12.46667 2.61361 -5.86667
v 13.20000 2.37443 -5.86667
v 13.93333 2.07105 -5.86667
v 14.66667 1.75134 -5.86667
v 15.40000 1.47451 -5.86667
v 16.13333 1.28571 -5.86667
v 16.86667 1.19545 -5.86667
v 17.60000 1.17413 -5.86667
v 18.33333 1.16470 -5.86667
v 19.06667 0.92866 -5.86667
v 19.80000 0.60935 -5.86667
v 20.53333 0.31577 -5.86667
v 21.26667 0.10518 -5.86667
v 22.00000 0.00000 -5.86667
v -22.00000 0.00000 -5.13333
v -21.26667 0.00020 -5.13333
v -20.53333 0.01018 -5.13333
v -19.80000 0.05603 -5.13333
v -19.06667 0.15256 -5.13333
v -18.33333 0.26369 -5.13333
v -17.60000 0.30369 -5.13333
v -16.86667 0.31415 -5.13333
v -16.13333 0.35032 -5.13333
v -15.40000 0.47054 -5.13333
v -14.66667 0.68534 -5.13333
v -13.93333 0.97806 -5.13333
v -13.20000 1.29937 -5.13333
v -12.46667 1.59603 -5.13333
v -11.73333 1.83770 -5.13333
v -11.00000 2.02667 -5.13333
v -10.26667 2.19132 -5.13333
v -9.53333 2.36780 -5.13333
v -8.80000 2.57999 -5.13333
v -8.06667 2.82814 -5.13333
v -7.33333 3.09155 -5.13333
v -6.60000 3.34278 -5.13333
v -5.86667 3.56476 -5.13333
v -5.13333 3.76065 -5.13333
v -4.40000 3.95021 -5.13333
v -3.66667 4.15425 -5.13333
v -2.93333 4.37565 -5.13333
v -2.20000 4.58778 -5.13333
v -1.46667 4.73829 -5.13333
v -0.73333 4.76812 -5.13333
v 0.00000 4.63811 -5.13333
v 0.73333 4.35063 -5.13333
v 1.46667 3.95572 -5.13333
v 2.20000 3.53765 -5.13333
v 2.93333 3.18671 -5.13333
v 3.66667 2.96789 -5.13333
v 4.40000 2.89933 -5.13333
v 5.13333 2.94961 -5.13333
v 5.86667 3.05413 -5.13333
v 6.60000 3.14311 -5.13333
v 7.33333 3.16850 -5.13333
v 8.06667 3.11835 -5.13333
v 8.80000 3.01354 -5.13333
v 9.53333 2.88982 -5.13333
v 10.26667 2.77541 -5.13333
v 11.00000 2.67538 -5.13333
v 11.73333 2.57062 -5.13333
v 12.46667 2.43109 -5.13333
v 13.20000 2.23595 -5.13333
v 13.93333 1.98939 -5.13333
v 14.66667 1.72326 -5.13333
v 15.40000 1.48446 -5.13333
v 16.13333 1.31290 -5.13333
v 16.86667 1.22109 -5.13333
v 17.60000 1.18582 -5.13333
v 18.33333 1.15708 -5.13333
v 19.06667 0.90556 -5.13333
v 19.80000 0.58026 -5.13333
v 20.53333 0.28922 -5.13333
v 21.26667 0.08894 -5.13333
v 22.00000 0.00000 -5.13333
v -22.00000 0.00000 -4.40000
v -21.26667 0.00060 -4.40000
v -20.53333 0.01142 -4.40000
v -19.80000 0.05537 -4.40000
v -19.06667 0.14519 -4.40000
v -18.33333 0.24860 -4.40000
v -17.60000 0.28911 -4.40000
v -16.86667 0.31054 -4.40000
v -16.13333 0.37038 -4.40000
v -15.40000 0.52751 -4.40000
v -14.66667 0.78920 -4.40000
v -13.93333 1.13609 -4.40000
v -13.20000 1.51237 -4.40000
v -12.46667 1.85431 -4.40000
v -11.73333 2.12117 -4.40000
v -11.00000 2.30948 -4.40000
v -10.26667 2.44996 -4.40000
v -9.53333 2.58968 -4.40000
v -8.80000 2.76877 -4.40000
v -8.06667 3.00324 -4.40000
v -7.33333 3.28142 -4.40000
v -6.60000 3.57439 -4.40000
v -5.86667 3.85319 -4.40000
v -5.13333 4.10286 -4.40000
v -4.40000 4.32526 -4.40000
v -3.66667 4.52974 -4.40000
v -2.93333 4.71738 -4.40000
v -2.20000 4.86902 -4.40000
v -1.46667 4.94522 -4.40000
v -0.73333 4.90020 -4.40000
v 0.00000 4.70425 -4.40000
v 0.73333 4.36383 -4.40000
v 1.46667 3.92873 -4.40000
v 2.20000 3.48135 -4.40000
v 2.93333 3.11085 -4.40000
v 3.66667 2.88254 -4.40000
v 4.40000 2.81513 -4.40000
v 5.13333 2.87554 -4.40000
v 5.86667 2.99379 -4.40000
v 6.60000 3.09126 -4.40000
v 7.33333 3.11054 -4.40000
v 8.06667 3.03406 -4.40000
v 8.80000 2.88432 -4.40000
v 9.53333 2.70709 -4.40000
v 10.26667 2.54630 -4.40000
v 11.00000 2.42301 -4.40000
v 11.73333 2.32817 -4.40000
v 12.46667 2.23157 -4.40000
v 13.20000 2.10148 -4.40000
v 13.93333 1.92413 -4.40000
v 14.66667 1.71277 -4.40000
v 15.40000 1.50154 -4.40000
v 16.13333 1.32738 -4.40000
v 16.86667 1.20958 -4.40000
v 17.60000 1.13787 -4.40000
v 18.33333 1.07586 -4.40000
v 19.06667 0.82026 -4.40000
v 19.80000 0.51335 -4.40000
v 20.53333 0.24839 -4.40000
v 21.26667 0.07228 -4.40000
v 22.00000 0.00000 -4.40000
v -22.00000 0.00000 -3.66667
v -21.26667 0.00073 -3.66667
v -20.53333 0.01005 -3.66667
v -19.80000 0.04648 -3.66667
v -19.06667 0.12411 -3.66667
v -18.33333 0.22325 -3.66667
v -17.60000 0.28172 -3.66667
v -16.86667 0.33843 -3.66667
v -16.13333 0.44324 -3.66667
v -15.40000 0.64509 -3.66667
v -14.66667 0.94331 -3.66667
v -13.93333 1.32108 -3.66667
v -13.20000 1.72289 -3.66667
v -12.46667 2.08216 -3.66667
v -11.73333 2.35449 -3.66667
v -11.00000 2.53480 -3.66667
v -10.26667 2.65694 -3.66667
v -9.53333 2.77639 -3.66667
v -8.80000 2.94489 -3.66667
v -8.06667 3.18867 -3.66667
v -7.33333 3.50002 -3.66667
v -6.60000 3.84464 -3.66667
v -5.86667 4.17953 -3.66667
v -5.13333 4.47128 -3.66667
v -4.40000 4.70535 -3.66667
v -3.66667 4.88273 -3.66667
v -2.93333 5.00736 -3.66667
v -2.20000 5.07298 -3.66667
v -1.46667 5.05830 -3.66667
v -0.73333 4.93464 -3.66667
v 0.00000 4.68286 -3.66667
v 0.73333 4.31120 -3.66667
v 1.46667 3.86375 -3.66667
v 2.20000 3.41362 -3.66667
v 2.93333 3.04149 -3.66667
v 3.66667 2.80788 -3.66667
v 4.40000 2.73061 -3.66667
v 5.13333 2.77787 -3.66667
v 5.86667 2.88048 -3.66667
v 6.60000 2.95877 -3.66667
v 7.33333 2.95299 -3.66667
v 8.06667 2.84438 -3.66667
v 8.80000 2.65799 -3.66667
v 9.53333 2.44704 -3.66667
v 10.26667 2.26628 -3.66667
v 11.00000 2.14697 -3.66667
v 11.73333 2.08487 -3.66667
v 12.46667 2.04576 -3.66667
v 13.20000 1.98508 -3.66667
v 13.93333 1.87107 -3.66667
v 14.66667 1.70004 -3.66667
v 15.40000 1.49648 -3.66667
v 16.13333 1.29858 -3.66667
v 16.86667 1.13730 -3.66667
v 17.60000 1.01991 -3.66667
v 18.33333 0.92696 -3.66667
v 19.06667 0.69065 -3.66667
v 19.80000 0.42903 -3.66667
v 20.53333 0.20867 -3.66667
v 21.26667 0.06215 -3.66667
v 22.00000 0.00000 -3.66667
v -22.00000 0.00000 -2.93333
v -21.26667 0.00053 -2.93333
v -20.53333 0.00640 -2.93333
v -19.80000 0.03267 -2.93333
v -19.06667 0.09960 -2.93333
v -18.33333 0.20621 -2.93333
v -17.60000 0.30140 -2.93333
v -16.86667 0.41138 -2.93333
v -16.13333 0.56906 -2.93333
v -15.40000 0.80710 -2.93333
v -14.66667 1.11809 -2.93333
v -13.93333 1.49629 -2.93333
v -13.20000 1.89463 -2.93333
v -12.46667 2.25109 -2.93333
v -11.73333 2.52265 -2.93333
v -11.00000 2.70380 -2.93333
v -10.26667 2.82851 -2.93333
v -9.53333 2.95468 -2.93333
v -8.80000 3.13831 -2.93333
v -8.06667 3.40933 -2.93333
v -7.33333 3.75979 -2.93333
v -6.60000 4.14895 -2.93333
v -5.86667 4.52153 -2.93333
v -5.13333 4.82949 -2.93333
v -4.40000 5.04676 -2.93333
v -3.66667 5.17095 -2.93333
v -2.93333 5.21307 -2.93333
v -2.20000 5.18289 -2.93333
v -1.46667 5.07888 -2.93333
v -0.73333 4.88908 -2.93333
v 0.00000 4.60247 -2.93333
v 0.73333 4.22459 -2.93333
v 1.46667 3.78803 -2.93333
v 2.20000 3.35067 -2.93333
v 2.93333 2.98024 -2.93333
v 3.66667 2.73086 -2.93333
v 4.40000 2.62165 -2.93333
v 5.13333 2.62754 -2.93333
v 5.86667 2.68771 -2.93333
v 6.60000 2.72888 -2.93333
v 7.33333 2.69416 -2.93333
v 8.06667 2.56492 -2.93333
v 8.80000 2.36598 -2.93333
v 9.53333 2.15197 -2.93333
v 10.26667 1.98101 -2.93333
v 11.00000 1.88789 -2.93333
v 11.73333 1.86885 -2.93333
v 12.46667 1.88464 -2.93333
v 13.20000 1.87983 -2.93333
v 13.93333 1.80880 -2.93333
v 14.66667 1.65597 -2.93333
v 15.40000 1.44104 -2.93333
v 16.13333 1.20736 -2.93333
v 16.86667 0.99999 -2.93333
v 17.60000 0.84467 -2.93333
v 18.33333 0.73800 -2.93333
v 19.06667 0.54760 -2.93333
v 19.80000 0.35128 -2.93333
v 20.53333 0.18323 -2.93333
v 21.26667 0.06237 -2.93333
v 22.00000 0.00000 -2.93333
v -22.00000 0.00000 -2.20000
v -21.26667 0.00007 -2.20000
v -20.53333 0.00174 -2.20000
v -19.80000 0.01909 -2.20000
v -19.06667 0.08276 -2.20000
v -18.33333 0.21159 -2.20000
v -17.60000 0.35621 -2.20000
v -16.86667 0.52464 -2.20000
v -16.13333 0.72747 -2.20000
v -15.40000 0.98060 -2.20000
v -14.66667 1.27615 -2.20000
v -13.93333 1.62803 -2.20000
v -13.20000 2.00443 -2.20000
v -12.46667 2.35282 -2.20000
v -11.73333 2.63320 -2.20000
v -11.00000 2.83719 -2.20000
v -10.26667 2.99293 -2.20000
v -9.53333 3.15287 -2.20000
v -8.80000 3.36977 -2.20000
v -8.06667 3.67218 -2.20000
v -7.33333 4.05066 -2.20000
v -6.60000 4.46066 -2.20000
v -5.86667 4.84021 -2.20000
v -5.13333 5.13344 -2.20000
v -4.40000 5.30894 -2.20000
v -3.66667 5.36515 -2.20000
v -2.93333 5.32191 -2.20000
v -2.20000 5.20424 -2.20000
v -1.46667 5.02772 -2.20000
v -0.73333 4.79325 -2.20000
v 0.00000 4.49358 -2.20000
v 0.73333 4.12720 -2.20000
v 1.46667 3.71147 -2.20000
v 2.20000 3.28661 -2.20000
v 2.93333 2.90695 -2.20000
v 3.66667 2.62218 -2.20000
v 4.40000 2.45709 -2.20000
v 5.13333 2.39945 -2.20000
v 5.86667 2.40313 -2.20000
v 6.60000 2.40602 -2.20000
v 7.33333 2.35575 -2.20000
v 8.06667 2.23160 -2.20000
v 8.80000 2.05239 -2.20000
v 9.53333 1.86641 -2.20000
v 10.26667 1.72765 -2.20000
v 11.00000 1.66925 -2.20000
v 11.73333 1.68663 -2.20000
v 12.46667 1.73816 -2.20000
v 13.20000 1.76332 -2.20000
v 13.93333 1.70960 -2.20000
v 14.66667 1.55587 -2.20000
v 15.40000 1.32118 -2.20000
v 16.13333 1.05532 -2.20000
v 16.86667 0.81616 -2.20000
v 17.60000 0.64452 -2.20000
v 18.33333 0.54871 -2.20000
v 19.06667 0.42351 -2.20000
v 19.80000 0.29859 -2.20000
v 20.53333 0.17795 -2.20000
v 21.26667 0.07214 -2.20000
v 22.00000 0.00000 -2.20000
v -22.00000 0.00000 -1.46667
v -21.26667 -0.00046 -1.46667
v -20.53333 -0.00222 -1.46667
v -19.80000 0.01071 -1.46667
v -19.06667 0.08098 -1.46667
v -18.33333 0.24322 -1.46667
v -17.60000 0.43867 -1.46667
v -16.86667 0.65643 -1.46667
v -16.13333 0.88498 -1.46667
v -15.40000 1.12841 -1.46667
v -14.66667 1.38662 -1.46667
v -13.93333 1.69856 -1.46667
v -13.20000 2.05079 -1.46667
v -12.46667 2.40142 -1.46667
v -11.73333 2.71148 -1.46667
v -11.00000 2.96480 -1.46667
v -10.26667 3.17678 -1.46667
v -9.53333 3.38721 -1.46667
v -8.80000 3.64030 -1.46667
v -8.06667 3.96143 -1.46667
v -7.33333 4.34199 -1.46667
v -6.60000 4.73955 -1.46667
v -5.86667 5.09319 -1.46667
v -5.13333 5.34662 -1.46667
v -4.40000 5.46811 -1.46667
v -3.66667 5.45844 -1.46667
v -2.93333 5.34418 -1.46667
v -2.20000 5.16091 -1.46667
v -1.46667 4.93550 -1.46667
v -0.73333 4.67635 -1.46667
v 0.00000 4.37601 -1.46667
v 0.73333 4.02404 -1.46667
v 1.46667 3.62267 -1.46667
v 2.20000 3.19625 -1.46667
v 2.93333 2.78879 -1.46667
v 3.66667 2.44961 -1.46667
v 4.40000 2.21356 -1.46667
v 5.13333 2.08542 -1.46667
v 5.86667 2.03671 -1.46667
v 6.60000 2.01731 -1.46667
v 7.33333 1.97741 -1.46667
v 8.06667 1.88942 -1.46667
v 8.80000 1.75948 -1.46667
v 9.53333 1.62263 -1.46667
v 10.26667 1.52348 -1.46667
v 11.00000 1.49171 -1.46667
v 11.73333 1.52419 -1.46667
v 12.46667 1.58281 -1.46667
v 13.20000 1.60975 -1.46667
v 13.93333 1.55318 -1.46667
v 14.66667 1.39150 -1.46667
v 15.40000 1.14449 -1.46667
v 16.13333 0.86600 -1.46667
v 16.86667 0.62141 -1.46667
v 17.60000 0.46024 -1.46667
v 18.33333 0.39661 -1.46667
v 19.06667 0.34049 -1.46667
v 19.80000 0.27706 -1.46667
v 20.53333 0.18927 -1.46667
v 21.26667 0.08641 -1.46667
v 22.00000 0.00000 -1.46667
v -22.00000 0.00000 -0.73333
v -21.26667 -0.00083 -0.73333
v -20.53333 -0.00400 -0.73333
v -19.80000 0.01032 -0.73333
v -19.06667 0.09502 -0.73333
v -18.33333 0.29296 -0.73333
v -17.60000 0.52844 -0.73333
v -16.86667 0.77604 -0.73333
v -16.13333 1.00767 -0.73333
v -15.40000 1.22329 -0.73333
v -14.66667 1.43698 -0.73333
v -13.93333 1.71251 -0.73333
v -13.20000 2.05359 -0.73333
v -12.46667 2.42640 -0.73333
v -11.73333 2.78884 -0.73333
v -11.00000 3.11164 -0.73333
v -10.26667 3.39204 -0.73333
v -9.53333 3.65302 -0.73333
v -8.80000 3.92863 -0.73333
v -8.06667 4.24288 -0.73333
v -7.33333 4.59309 -0.73333
v -6.60000 4.94619 -0.73333
v -5.86667 5.24979 -0.73333
v -5.13333 5.45271 -0.73333
v -4.40000 5.52487 -0.73333
v -3.66667 5.46725 -0.73333
v -2.93333 5.30760 -0.73333
v -2.20000 5.08487 -0.73333
v -1.46667 4.83045 -0.73333
v -0.73333 4.55570 -0.73333
v 0.00000 4.25171 -0.73333
v 0.73333 3.90100 -0.73333
v 1.46667 3.49481 -0.73333
v 2.20000 3.04678 -0.73333
v 2.93333 2.59547 -0.73333
v 3.66667 2.19353 -0.73333
v 4.40000 1.88802 -0.73333
v 5.13333 1.70111 -0.73333
v 5.86667 1.62065 -0.73333
v 6.60000 1.60567 -0.73333
v 7.33333 1.60464 -0.73333
v 8.06667 1.57804 -0.73333
v 8.80000 1.51425 -0.73333
v 9.53333 1.43115 -0.73333
v 10.26667 1.36258 -0.73333
v 11.00000 1.33655 -0.73333
v 11.73333 1.35636 -0.73333
v 12.46667 1.39458 -0.73333
v 13.20000 1.40351 -0.73333
v 13.93333 1.33754 -0.73333
v 14.66667 1.17663 -0.73333
v 15.40000 0.93911 -0.73333
v 16.13333 0.67710 -0.73333
v 16.86667 0.45586 -0.73333
v 17.60000 0.32633 -0.73333
v 18.33333 0.30357 -0.73333
v 19.06667 0.30258 -0.73333
v 19.80000 0.27866 -0.73333
v 20.53333 0.20587 -0.73333
v 21.26667 0.09797 -0.73333
v 22.00000 0.00000 -0.73333
v -22.00000 0.00000 0.00000
v -21.26667 -0.00086 0.00000
v -20.53333 -0.00297 0.00000
v -19.80000 0.01748 0.00000
v -19.06667 0.11873 0.00000
v -18.33333 0.34388 0.00000
v -17.60000 0.60012 0.00000
v -16.86667 0.85553 0.00000
v -16.13333 1.07400 0.00000
v -15.40000 1.25807 0.00000
v -14.66667 1.43724 0.00000
v -13.93333 1.69433 0.00000
v -13.20000 2.04530 0.00000
v -12.46667 2.45982 0.00000
v -11.73333 2.88855 0.00000
v -11.00000 3.28591 0.00000
v -10.26667 3.62915 0.00000
v -9.53333 3.92443 0.00000
v -8.80000 4.19772 0.00000
v -8.06667 4.47591 0.00000
v -7.33333 4.76802 0.00000
v -6.60000 5.05643 0.00000
v -5.86667 5.30209 0.00000
v -5.13333 5.46091 0.00000
v -4.40000 5.50283 0.00000
v -3.66667 5.42393 0.00000
v -2.93333 5.24593 0.00000
v -2.20000 5.00380 0.00000
v -1.46667 4.72819 0.00000
v -0.73333 4.43175 0.00000
v 0.00000 4.10644 0.00000
v 0.73333 3.73323 0.00000
v 1.46667 3.29933 0.00000
v 2.20000 2.81406 0.00000
v 2.93333 2.31474 0.00000
v 3.66667 1.85856 0.00000
v 4.40000 1.50311 0.00000
v 5.13333 1.28414 0.00000
v 5.86667 1.20103 0.00000
v 6.60000 1.21704 0.00000
v 7.33333 1.27481 0.00000
v 8.06667 1.31984 0.00000
v 8.80000 1.32127 0.00000
v 9.53333 1.28016 0.00000
v 10.26667 1.22185 0.00000
v 11.00000 1.17689 0.00000
v 11.73333 1.16061 0.00000
v 12.46667 1.16212 0.00000
v 13.20000 1.14851 0.00000
v 13.93333 1.08239 0.00000
v 14.66667 0.94366 0.00000
v 15.40000 0.74415 0.00000
v 16.13333 0.52692 0.00000
v 16.86667 0.34952 0.00000
v 17.60000 0.25872 0.00000
v 18.33333 0.26855 0.00000
v 19.06667 0.29535 0.00000
v 19.80000 0.28511 0.00000
v 20.53333 0.21355 0.00000
v 21.26667 0.10044 0.00000
v 22.00000 0.00000 0.00000
v -22.00000 0.00000 0.73333
v -21.26667 -0.00050 0.73333
v -20.53333 0.00044 0.73333
v -19.80000 0.02870 0.73333
v -19.06667 0.14154 0.73333
v -18.33333 0.37701 0.73333
v -17.60000 0.63317 0.73333
v -16.86667 0.88043 0.73333
v -16.13333 1.08272 0.73333
v -15.40000 1.24770 0.73333
v -14.66667 1.41525 0.73333
v -13.93333 1.67781 0.73333
v -13.20000 2.05718 0.73333
v -12.46667 2.52240 0.73333
v -11.73333 3.01512 0.73333
v -11.00000 3.47406 0.73333
v -10.26667 3.85893 0.73333
v -9.53333 4.16276 0.73333
v -8.80000 4.40784 0.73333
v -8.06667 4.62835 0.73333
v -7.33333 4.84898 0.73333
v -6.60000 5.07034 0.73333
v -5.86667 5.26750 0.73333
v -5.13333 5.40181 0.73333
v -4.40000 5.43899 0.73333
v -3.66667 5.36413 0.73333
v -2.93333 5.18644 0.73333
v -2.20000 4.93184 0.73333
v -1.46667 4.62822 0.73333
v -0.73333 4.29137 0.73333
v 0.00000 3.91950 0.73333
v 0.73333 3.49950 0.73333
v 1.46667 3.02189 0.73333
v 2.20000 2.49684 0.73333
v 2.93333 1.96193 0.73333
v 3.66667 1.47645 0.73333
v 4.40000 1.10303 0.73333
v 5.13333 0.88419 0.73333
v 5.86667 0.82446 0.73333
v 6.60000 0.88697 0.73333
v 7.33333 1.00669 0.73333
v 8.06667 1.11499 0.73333
v 8.80000 1.16458 0.73333
v 9.53333 1.14366 0.73333
v 10.26667 1.07359 0.73333
v 11.00000 0.99182 0.73333
v 11.73333 0.92943 0.73333
v 12.46667 0.89451 0.73333
v 13.20000 0.86957 0.73333
v 13.93333 0.82367 0.73333
v 14.66667 0.73253 0.73333
v 15.40000 0.59555 0.73333
v 16.13333 0.44031 0.73333
v 16.86667 0.31158 0.73333
v 17.60000 0.24974 0.73333
v 18.33333 0.26942 0.73333
v 19.06667 0.29270 0.73333
v 19.80000 0.27583 0.73333
v 20.53333 0.20117 0.73333
v 21.26667 0.09087 0.73333
v 22.00000 0.00000 0.73333
v -22.00000 0.00000 1.46667
v -21.26667 0.00013 1.46667
v -20.53333 0.00490 1.46667
v -19.80000 0.03887 1.46667
v -19.06667 0.15281 1.46667
v -18.33333 0.37897 1.46667
v -17.60000 0.61997 1.46667
v -16.86667 0.85499 1.46667
v -16.13333 1.05256 1.46667
v -15.40000 1.22236 1.46667
v -14.66667 1.40472 1.46667
v -13.93333 1.69184 1.46667
v -13.20000 2.10614 1.46667
v -12.46667 2.61446 1.46667
v -11.73333 3.15145 1.46667
v -11.00000 3.64483 1.46667
v -10.26667 4.04265 1.46667
v -9.53333 4.33046 1.46667
v -8.80000 4.53106 1.46667
v -8.06667 4.68826 1.46667
v -7.33333 4.84277 1.46667
v -6.60000 5.01190 1.46667
v -5.86667 5.18196 1.46667
v -5.13333 5.31565 1.46667
v -4.40000 5.36975 1.46667
v -3.66667 5.31380 1.46667
v -2.93333 5.14100 1.46667
v -2.20000 4.86687 1.46667
v -1.46667 4.51806 1.46667
v -0.73333 4.11794 1.46667
v 0.00000 3.67751 1.46667
v 0.73333 3.19644 1.46667
v 1.46667 2.67394 1.46667
v 2.20000 2.12301 1.46667
v 2.93333 1.57944 1.46667
v 3.66667 1.09892 1.46667
v 4.40000 0.74139 1.46667
v 5.13333 0.54855 1.46667
v 5.86667 0.52480 1.46667
v 6.60000 0.63136 1.46667
v 7.33333 0.79758 1.46667
v 8.06667 0.94552 1.46667
v 8.80000 1.01761 1.46667
v 9.53333 0.99508 1.46667
v 10.26667 0.89959 1.46667
v 11.00000 0.77767 1.46667
v 11.73333 0.67615 1.46667
v 12.46667 0.62031 1.46667
v 13.20000 0.60485 1.46667
v 13.93333 0.60117 1.46667
v 14.66667 0.57629 1.46667
v 15.40000 0.51283 1.46667
v 16.13333 0.41971 1.46667
v 16.86667 0.32767 1.46667
v 17.60000 0.27223 1.46667
v 18.33333 0.27296 1.46667
v 19.06667 0.26835 1.46667
v 19.80000 0.23683 1.46667
v 20.53333 0.16540 1.46667
v 21.26667 0.07101 1.46667
v 22.00000 0.00000 1.46667
v -22.00000 0.00000 2.20000
v -21.26667 0.00085 2.20000
v -20.53333 0.00871 2.20000
v -19.80000 0.04336 2.20000
v -19.06667 0.14613 2.20000
v -18.33333 0.34737 2.20000
v -17.60000 0.56871 2.20000
v -16.86667 0.80010 2.20000
v -16.13333 1.01408 2.20000
v -15.40000 1.21462 2.20000
v -14.66667 1.43101 2.20000
v -13.93333 1.74825 2.20000
v -13.20000 2.18743 2.20000
v -12.46667 2.71524 2.20000
v -11.73333 3.26494 2.20000
v -11.00000 3.76074 2.20000
v -10.26667 4.14631 2.20000
v -9.53333 4.40475 2.20000
v -8.80000 4.56130 2.20000
v -8.06667 4.66802 2.20000
v -7.33333 4.77780 2.20000
v -6.60000 4.91970 2.20000
v -5.86667 5.08620 2.20000
v -5.13333 5.23721 2.20000
v -4.40000 5.31783 2.20000
v -3.66667 5.28090 2.20000
v -2.93333 5.10418 2.20000
v -2.20000 4.79510 2.20000
v -1.46667 4.38293 2.20000
v -0.73333 3.90357 2.20000
v 0.00000 3.38588 2.20000
v 0.73333 2.84638 2.20000
v 1.46667 2.29457 2.20000
v 2.20000 1.74464 2.20000
v 2.93333 1.22568 2.20000
v 3.66667 0.78264 2.20000
v 4.40000 0.46526 2.20000
v 5.13333 0.30864 2.20000
v 5.86667 0.31482 2.20000
v 6.60000 0.44507 2.20000
v 7.33333 0.62872 2.20000
v 8.06667 0.78617 2.20000
v 8.80000 0.85693 2.20000
v 9.53333 0.82052 2.20000
v 10.26667 0.70076 2.20000
v 11.00000 0.55174 2.20000
v 11.73333 0.43191 2.20000
v 12.46667 0.37831 2.20000
v 13.20000 0.39257 2.20000
v 13.93333 0.44424 2.20000
v 14.66667 0.48907 2.20000
v 15.40000 0.49220 2.20000
v 16.13333 0.44482 2.20000
v 16.86667 0.36627 2.20000
v 17.60000 0.29122 2.20000
v 18.33333 0.24912 2.20000
v 19.06667 0.20709 2.20000
v 19.80000 0.16682 2.20000
v 20.53333 0.11225 2.20000
v 21.26667 0.04661 2.20000
v 22.00000 0.00000 2.20000
v -22.00000 0.00000 2.93333
v -21.26667 0.00141 2.93333
v -20.53333 0.01048 2.93333
v -19.80000 0.03991 2.93333
v -19.06667 0.12203 2.93333
v -18.33333 0.29188 2.93333
v -17.60000 0.50005 2.93333
v -16.86667 0.74450 2.93333
v -16.13333 0.99676 2.93333
v -15.40000 1.24563 2.93333
v -14.66667 1.50027 2.93333
v -13.93333 1.83664 2.93333
v -13.20000 2.27629 2.93333
v -12.46667 2.79094 2.93333
v -11.73333 3.32013 2.93333
v -11.00000 3.79251 2.93333
v -10.26667 4.15338 2.93333
v -9.53333 4.38585 2.93333
v -8.80000 4.51590 2.93333
v -8.06667 4.59877 2.93333
v -7.33333 4.69275 2.93333
v -6.60000 4.83201 2.93333
v -5.86667 5.01051 2.93333
v -5.13333 5.18346 2.93333
v -4.40000 5.28513 2.93333
v -3.66667 5.25467 2.93333
v -2.93333 5.05854 2.93333
v -2.20000 4.70053 2.93333
v -1.46667 4.21647 2.93333
v -0.73333 3.65780 2.93333
v 0.00000 3.07282 2.93333
v 0.73333 2.49474 2.93333
v 1.46667 1.94110 2.93333
v 2.20000 1.42307 2.93333
v 2.93333 0.95726 2.93333
v 3.66667 0.57182 2.93333
v 4.40000 0.30135 2.93333
v 5.13333 0.17225 2.93333
v 5.86667 0.18567 2.93333
v 6.60000 0.30815 2.93333
v 7.33333 0.47659 2.93333
v 8.06667 0.61767 2.93333
v 8.80000 0.67414 2.93333
v 9.53333 0.62627 2.93333
v 10.26667 0.49839 2.93333
v 11.00000 0.34685 2.93333
v 11.73333 0.23460 2.93333
v 12.46667 0.20350 2.93333
v 13.20000 0.25712 2.93333
v 13.93333 0.36122 2.93333
v 14.66667 0.46136 2.93333
v 15.40000 0.50860 2.93333
v 16.13333 0.48111 2.93333
v 16.86667 0.39168 2.93333
v 17.60000 0.27837 2.93333
v 18.33333 0.18364 2.93333
v 19.06667 0.11155 2.93333
v 19.80000 0.07812 2.93333
v 20.53333 0.05489 2.93333
v 21.26667 0.02519 2.93333
v 22.00000 0.00000 2.93333
v -22.00000 0.00000 3.66667
v -21.26667 0.00164 3.66667
v -20.53333 0.00969 3.66667
v -19.80000 0.02951 3.66667
v -19.06667 0.08782 3.66667
v -18.33333 0.23045 3.66667
v -17.60000 0.43885 3.66667
v -16.86667 0.71311 3.66667
v -16.13333 1.01673 3.66667
v -15.40000 1.31602 3.66667
v -14.66667 1.59653 3.66667
v -13.93333 1.92822 3.66667
v -13.20000 2.33774 3.66667
v -12.46667 2.80829 3.66667
v -11.73333 3.29284 3.66667
v -11.00000 3.73042 3.66667
v -10.26667 4.07085 3.66667
v -9.53333 4.29615 3.66667
v -8.80000 4.42810 3.66667
v -8.06667 4.51779 3.66667
v -7.33333 4.62127 3.66667
v -6.60000 4.77222 3.66667
v -5.86667 4.96388 3.66667
v -5.13333 5.14841 3.66667
v -4.40000 5.25399 3.66667
v -3.66667 5.21231 3.66667
v -2.93333 4.98447 3.66667
v -2.20000 4.57480 3.66667
v -1.46667 4.02744 3.66667
v -0.73333 3.40858 3.66667
v 0.00000 2.78324 3.66667
v 0.73333 2.19722 3.66667
v 1.46667 1.67145 3.66667
v 2.20000 1.20931 3.66667
v 2.93333 0.81088 3.66667
v 3.66667 0.48462 3.66667
v 4.40000 0.24924 3.66667
v 5.13333 0.12413 3.66667
v 5.86667 0.11406 3.66667
v 6.60000 0.19721 3.66667
v 7.33333 0.32516 3.66667
v 8.06667 0.43676 3.66667
v 8.80000 0.48088 3.66667
v 9.53333 0.43750 3.66667
v 10.26667 0.32647 3.66667
v 11.00000 0.19899 3.66667
v 11.73333 0.11457 3.66667
v 12.46667 0.11396 3.66667
v 13.20000 0.20022 3.66667
v 13.93333 0.33691 3.66667
v 14.66667 0.46431 3.66667
v 15.40000 0.52604 3.66667
v 16.13333 0.49372 3.66667
v 16.86667 0.37834 3.66667
v 17.60000 0.22345 3.66667
v 18.33333 0.08410 3.66667
v 19.06667 0.00145 3.66667
v 19.80000 -0.00797 3.66667
v 20.53333 0.00844 3.66667
v 21.26667 0.01298 3.66667
v 22.00000 0.00000 3.66667
v -22.00000 0.00000 4.40000
v -21.26667 0.00153 4.40000
v -20.53333 0.00689 4.40000
v -19.80000 0.01608 4.40000
v -19.06667 0.05473 4.40000
v -18.33333 0.18226 4.40000
v -17.60000 0.40425 4.40000
v -16.86667 0.71685 4.40000
v -16.13333 1.06995 4.40000
v -15.40000 1.40526 4.40000
v -14.66667 1.68771 4.40000
v -13.93333 1.98724 4.40000
v -13.20000 2.34074 4.40000
v -12.46667 2.74813 4.40000
v -11.73333 3.18011 4.40000
v -11.00000 3.58833 4.40000
v -10.26667 3.92631 4.40000
v -9.53333 4.17096 4.40000
v -8.80000 4.33342 4.40000
v -8.06667 4.45341 4.40000
v -7.33333 4.57889 4.40000
v -6.60000 4.74035 4.40000
v -5.86667 4.93169 4.40000
v -5.13333 5.10715 4.40000
v -4.40000 5.19613 4.40000
v -3.66667 5.13018 4.40000
v -2.93333 4.87032 4.40000
v -2.20000 4.42319 4.40000
v -1.46667 3.83927 4.40000
v -0.73333 3.19464 4.40000
v 0.00000 2.56469 4.40000
v 0.73333 2.00159 4.40000
v 1.46667 1.52479 4.40000
v 2.20000 1.12717 4.40000
v 2.93333 0.79170 4.40000
v 3.66667 0.50865 4.40000
v 4.40000 0.28395 4.40000
v 5.13333 0.13448 4.40000
v 5.86667 0.07373 4.40000
v 6.60000 0.09679 4.40000
v 7.33333 0.17410 4.40000
v 8.06667 0.25879 4.40000
v 8.80000 0.30503 4.40000
v 9.53333 0.28849 4.40000
v 10.26667 0.21819 4.40000
v 11.00000 0.13285 4.40000
v 11.73333 0.08258 4.40000
v 12.46667 0.10398 4.40000
v 13.20000 0.20071 4.40000
v 13.93333 0.33909 4.40000
v 14.66667 0.46156 4.40000
v 15.40000 0.51199 4.40000
v 16.13333 0.46121 4.40000
v 16.86667 0.32074 4.40000
v 17.60000 0.13827 4.40000
v 18.33333 -0.02315 4.40000
v 19.06667 -0.09406 4.40000
v 19.80000 -0.06950 4.40000
v 20.53333 -0.01592 4.40000
v 21.26667 0.01249 4.40000
v 22.00000 0.00000 4.40000
v -22.00000 0.00000 5.13333
v -21.26667 0.00115 5.13333
v -20.53333 0.00349 5.13333
v -19.80000 0.00487 5.13333
v -19.06667 0.03352 5.13333
v -18.33333 0.16022 5.13333
v -17.60000 0.40222 5.13333
v -16.86667 0.74838 5.13333
v -16.13333 1.13375 5.13333
v -15.40000 1.47960 5.13333
v -14.66667 1.73830 5.13333
v -13.93333 1.98531 5.13333
v -13.20000 2.27091 5.13333
v -12.46667 2.61354 5.13333
v -11.73333 3.00188 5.13333
v -11.00000 3.39848 5.13333
v -10.26667 3.75704 5.13333
v -9.53333 4.04435 5.13333
v -8.80000 4.25540 5.13333
v -8.06667 4.41387 5.13333
v -7.33333 4.55730 5.13333
v -6.60000 4.71395 5.13333
v -5.86667 4.88287 5.13333
v -5.13333 5.02729 5.13333
v -4.40000 5.08545 5.13333
v -3.66667 4.99470 5.13333
v -2.93333 4.71849 5.13333
v -2.20000 4.26397 5.13333
v -1.46667 3.68241 5.13333
v -0.73333 3.05196 5.13333
v 0.00000 2.45051 5.13333
v 0.73333 1.93074 5.13333
v 1.46667 1.50799 5.13333
v 2.20000 1.16548 5.13333
v 2.93333 0.87267 5.13333
v 3.66667 0.60690 5.13333
v 4.40000 0.36682 5.13333
v 5.13333 0.17156 5.13333
v 5.86667 0.04682 5.13333
v 6.60000 0.00638 5.13333
v 7.33333 0.03958 5.13333
v 8.06667 0.11198 5.13333
v 8.80000 0.17949 5.13333
v 9.53333 0.20858 5.13333
v 10.26667 0.19201 5.13333
v 11.00000 0.15145 5.13333
v 11.73333 0.12511 5.13333
v 12.46667 0.14618 5.13333
v 13.20000 0.22306 5.13333
v 13.93333 0.33157 5.13333
v 14.66667 0.42385 5.13333
v 15.40000 0.45021 5.13333
v 16.13333 0.38369 5.13333
v 16.86667 0.23518 5.13333
v 17.60000 0.05143 5.13333
v 18.33333 -0.10373 5.13333
v 19.06667 -0.14813 5.13333
v 19.80000 -0.09259 5.13333
v 20.53333 -0.01538 5.13333
v 21.26667 0.02149 5.13333
v 22.00000 0.00000 5.13333
v -22.00000 0.00000 5.86667
v -21.26667 0.00073 5.86667
v -20.53333 0.00114 5.86667
v -19.80000 0.00036 5.86667
v -19.06667 0.03022 5.86667
v -18.33333 0.16598 5.86667
v -17.60000 0.42339 5.86667
v -16.86667 0.78520 5.86667
v -16.13333 1.17589 5.86667
v -15.40000 1.50555 5.86667
v -14.66667 1.72354 5.86667
v -13.93333 1.91294 5.86667
v -13.20000 2.13668 5.86667
v -12.46667 2.42934 5.86667
v -11.73333 2.79382 5.86667
v -11.00000 3.19934 5.86667
v -10.26667 3.59564 5.86667
v -9.53333 3.93586 5.86667
v -8.80000 4.19644 5.86667
v -8.06667 4.38438 5.86667
v -7.33333 4.52828 5.86667
v -6.60000 4.65802 5.86667
v -5.86667 4.78344 5.86667
v -5.13333 4.88314 5.86667
v -4.40000 4.90954 5.86667
v -3.66667 4.80856 5.86667
v -2.93333 4.54493 5.86667
v -2.20000 4.12141 5.86667
v -1.46667 3.58236 5.86667
v -0.73333 2.99962 5.86667
v 0.00000 2.44685 5.86667
v 0.73333 1.97395 5.86667
v 1.46667 1.59311 5.86667
v 2.20000 1.28250 5.86667
v 2.93333 1.00498 5.86667
v 3.66667 0.73192 5.86667
v 4.40000 0.46010 5.86667
v 5.13333 0.21363 5.86667
v 5.86667 0.03029 5.86667
v 6.60000 -0.05992 5.86667
v 7.33333 -0.05271 5.86667
v 8.06667 0.02554 5.86667
v 8.80000 0.12829 5.86667
v 9.53333 0.20942 5.86667
v 10.26667 0.24323 5.86667
v 11.00000 0.23381 5.86667
v 11.73333 0.20892 5.86667
v 12.46667 0.20196 5.86667
v 13.20000 0.23139 5.86667
v 13.93333 0.28855 5.86667
v 14.66667 0.34051 5.86667
v 15.40000 0.34689 5.86667
v 16.13333 0.28223 5.86667
v 16.86667 0.15243 5.86667
v 17.60000 -0.00371 5.86667
v 18.33333 -0.12950 5.86667
v 19.06667 -0.14701 5.86667
v 19.80000 -0.07688 5.86667
v 20.53333 0.00343 5.86667
v 21.26667 0.03391 5.86667
v 22.00000 0.00000 5.86667
v -22.00000 0.00000 6.60000
v -21.26667 0.00048 6.60000
v -20.53333 0.00110 6.60000
v -19.80000 0.00446 6.60000
v -19.06667 0.04380 6.60000
v -18.33333 0.18955 6.60000
v -17.60000 0.44719 6.60000
v -16.86667 0.79905 6.60000
v -16.13333 1.16779 6.60000
v -15.40000 1.46342 6.60000
v -14.66667 1.63946 6.60000
v -13.93333 1.78363 6.60000
v -13.20000 1.96652 6.60000
v -12.46667 2.23293 6.60000
v -11.73333 2.59404 6.60000
v -11.00000 3.02124 6.60000
v -10.26667 3.45790 6.60000
v -9.53333 3.84339 6.60000
v -8.80000 4.13744 6.60000
v -8.06667 4.33359 6.60000
v -7.33333 4.45570 6.60000
v -6.60000 4.53983 6.60000
v -5.86667 4.61106 6.60000
v -5.13333 4.66679 6.60000
v -4.40000 4.67521 6.60000
v -3.66667 4.58967 6.60000
v -2.93333 4.37230 6.60000
v -2.20000 4.01511 6.60000
v -1.46667 3.54826 6.60000
v -0.73333 3.03092 6.60000
v 0.00000 2.52895 6.60000
v 0.73333 2.08987 6.60000
v 1.46667 1.72709 6.60000
v 2.20000 1.42094 6.60000
v 2.93333 1.13549 6.60000
v 3.66667 0.84240 6.60000
v 4.40000 0.53962 6.60000
v 5.13333 0.25532 6.60000
v 5.86667 0.03515 6.60000
v 6.60000 -0.08076 6.60000
v 7.33333 -0.07923 6.60000
v 8.06667 0.01670 6.60000
v 8.80000 0.15565 6.60000
v 9.53333 0.27889 6.60000
v 10.26667 0.34436 6.60000
v 11.00000 0.34195 6.60000
v 11.73333 0.29321 6.60000
v 12.46667 0.23614 6.60000
v 13.20000 0.20329 6.60000
v 13.93333 0.20460 6.60000
v 14.66667 0.22342 6.60000
v 15.40000 0.22763 6.60000
v 16.13333 0.18968 6.60000
v 16.86667 0.10468 6.60000
v 17.60000 -0.00324 6.60000
v 18.33333 -0.09035 6.60000
v 19.06667 -0.09585 6.60000
v 19.80000 -0.03568 6.60000
v 20.53333 0.02723 6.60000
v 21.26667 0.04235 6.60000
v 22.00000 0.00000 6.60000
v -22.00000 0.00000 7.33333
v -21.26667 0.00055 7.33333
v -20.53333 0.00368 7.33333
v -19.80000 0.01571 7.33333
v -19.06667 0.06664 7.33333
v -18.33333 0.21354 7.33333
v -17.60000 0.45051 7.33333
v -16.86667 0.76767 7.33333
v -16.13333 1.09627 7.33333
v -15.40000 1.35540 7.33333
v -14.66667 1.50467 7.33333
v -13.93333 1.62875 7.33333
v -13.20000 1.79813 7.33333
v -12.46667 2.06031 7.33333
v -11.73333 2.42911 7.33333
v -11.00000 2.87554 7.33333
v -10.26667 3.33773 7.33333
v -9.53333 3.74516 7.33333
v -8.80000 4.04632 7.33333
v -8.06667 4.22694 7.33333
v -7.33333 4.31070 7.33333
v -6.60000 4.34284 7.33333
v -5.86667 4.36473 7.33333
v -5.13333 4.39186 7.33333
v -4.40000 4.40578 7.33333
v -3.66667 4.36350 7.33333
v -2.93333 4.21963 7.33333
v -2.20000 3.95026 7.33333
v -1.46667 3.56685 7.33333
v -0.73333 3.11336 7.33333
v 0.00000 2.64820 7.33333
v 0.73333 2.22010 7.33333
v 1.46667 1.84996 7.33333
v 2.20000 1.52756 7.33333
v 2.93333 1.22446 7.33333
v 3.66667 0.91604 7.33333
v 4.40000 0.60072 7.33333
v 5.13333 0.30618 7.33333
v 5.86667 0.07880 7.33333
v 6.60000 -0.03870 7.33333
v 7.33333 -0.03021 7.33333
v 8.06667 0.08194 7.33333
v 8.80000 0.24252 7.33333
v 9.53333 0.38426 7.33333
v 10.26667 0.45441 7.33333
v 11.00000 0.43451 7.33333
v 11.73333 0.34456 7.33333
v 12.46667 0.22993 7.33333
v 13.20000 0.13807 7.33333
v 13.93333 0.09638 7.33333
v 14.66667 0.10183 7.33333
v 15.40000 0.12674 7.33333
v 16.13333 0.13683 7.33333
v 16.86667 0.11172 7.33333
v 17.60000 0.05694 7.33333
v 18.33333 0.00113 7.33333
v 19.06667 -0.01682 7.33333
v 19.80000 0.00938 7.33333
v 20.53333 0.04145 7.33333
v 21.26667 0.04103 7.33333
v 22.00000 0.00000 7.33333
v -22.00000 0.00000 8.06667
v -21.26667 0.00093 8.06667
v -20.53333 0.00815 8.06667
v -19.80000 0.02990 8.06667
v -19.06667 0.08768 8.06667
v -18.33333 0.22041 8.06667
v -17.60000 0.41744 8.06667
v -16.86667 0.68429 8.06667
v -16.13333 0.96941 8.06667
v -15.40000 1.20508 8.06667
v -14.66667 1.35320 8.06667
v -13.93333 1.48549 8.06667
v -13.20000 1.66410 8.06667
v -12.46667 1.93280 8.06667
v -11.73333 2.30480 8.06667
v -11.00000 2.75174 8.06667
v -10.26667 3.21116 8.06667
v -9.53333 3.60974 8.06667
v -8.80000 3.89199 8.06667
v -8.06667 4.04136 8.06667
v -7.33333 4.08407 8.06667
v -6.60000 4.07400 8.06667
v -5.86667 4.06573 8.06667
v -5.13333 4.08827 8.06667
v -4.40000 4.13157 8.06667
v -3.66667 4.15184 8.06667
v -2.93333 4.09288 8.06667
v -2.20000 3.91293 8.06667
v -1.46667 3.60450 8.06667
v -0.73333 3.19792 8.06667
v 0.00000 2.74761 8.06667
v 0.73333 2.30851 8.06667
v 1.46667 1.91460 8.06667
v 2.20000 1.57007 8.06667
v 2.93333 1.25687 8.06667
v 3.66667 0.95364 8.06667
v 4.40000 0.65533 8.06667
v 5.13333 0.38240 8.06667
v 5.86667 0.17419 8.06667
v 6.60000 0.06941 8.06667
v 7.33333 0.08372 8.06667
v 8.06667 0.19617 8.06667
v 8.80000 0.35232 8.06667
v 9.53333 0.48343 8.06667
v 10.26667 0.53350 8.06667
v 11.00000 0.48153 8.06667
v 11.73333 0.34873 8.06667
v 12.46667 0.18728 8.06667
v 13.20000 0.05617 8.06667
v 13.93333 -0.00467 8.06667
v 14.66667 0.01016 8.06667
v 15.40000 0.07290 8.06667
v 16.13333 0.13942 8.06667
v 16.86667 0.17232 8.06667
v 17.60000 0.15869 8.06667
v 18.33333 0.11405 8.06667
v 19.06667 0.05944 8.06667
v 19.80000 0.03697 8.06667
v 20.53333 0.03613 8.06667
v 21.26667 0.02818 8.06667
v 22.00000 0.00000 8.06667
v -22.00000 0.00000 8.80000
v -21.26667 0.00150 8.80000
v -20.53333 0.01297 8.80000
v -19.80000 0.04172 8.80000
v -19.06667 0.09691 8.80000
v -18.33333 0.19980 8.80000
v -17.60000 0.34610 8.80000
v -16.86667 0.56093 8.80000
v -16.13333 0.81378 8.80000
v -15.40000 1.04845 8.80000
v -14.66667 1.22125 8.80000
v -13.93333 1.38237 8.80000
v -13.20000 1.57964 8.80000
v -12.46667 1.84966 8.80000
v -11.73333 2.20543 8.80000
v -11.00000 2.62344 8.80000
v -10.26667 3.04780 8.80000
v -9.53333 3.41035 8.80000
v -8.80000 3.65815 8.80000
v -8.06667 3.77564 8.80000
v -7.33333 3.79076 8.80000
v -6.60000 3.76166 8.80000
v -5.86667 3.74963 8.80000
v -5.13333 3.79047 8.80000
v -4.40000 3.87735 8.80000
v -3.66667 3.96303 8.80000
v -2.93333 3.98057 8.80000
v -2.20000 3.87274 8.80000
v -1.46667 3.61699 8.80000
v -0.73333 3.23450 8.80000
v 0.00000 2.78017 8.80000
v 0.73333 2.31898 8.80000
v 1.46667 1.90072 8.80000
v 2.20000 1.54507 8.80000
v 2.93333 1.24320 8.80000
v 3.66667 0.97355 8.80000
v 4.40000 0.72205 8.80000
v 5.13333 0.49546 8.80000
v 5.86667 0.32023 8.80000
v 6.60000 0.22760 8.80000
v 7.33333 0.23285 8.80000
v 8.06667 0.32043 8.80000
v 8.80000 0.44356 8.80000
v 9.53333 0.53996 8.80000
v 10.26667 0.55704 8.80000
v 11.00000 0.47473 8.80000
v 11.73333 0.31483 8.80000
v 12.46667 0.13197 8.80000
v 13.20000 -0.00997 8.80000
v 13.93333 -0.06547 8.80000
v 14.66667 -0.02618 8.80000
v 15.40000 0.07735 8.80000
v 16.13333 0.19132 8.80000
v 16.86667 0.26397 8.80000
v 17.60000 0.26817 8.80000
v 18.33333 0.21096 8.80000
v 19.06667 0.10580 8.80000
v 19.80000 0.03459 8.80000
v 20.53333 0.01001 8.80000
v 21.26667 0.00678 8.80000
v 22.00000 0.00000 8.80000
v -22.00000 0.00000 9.53333
v -21.26667 0.00205 9.53333
v -20.53333 0.01645 9.53333
v -19.80000 0.04685 9.53333
v -19.06667 0.08941 9.53333
v -18.33333 0.15286 9.53333
v -17.60000 0.24986 9.53333
v -16.86667 0.42419 9.53333
v -16.13333 0.66451 9.53333
v -15.40000 0.92001 9.53333
v -14.66667 1.13322 9.53333
v -13.93333 1.32848 9.53333
v -13.20000 1.53733 9.53333
v -12.46667 1.78969 9.53333
v -11.73333 2.10176 9.53333
v -11.00000 2.46093 9.53333
v -10.26667 2.82503 9.53333
v -9.53333 3.13743 9.53333
v -8.80000 3.35140 9.53333
v -8.06667 3.45210 9.53333
v -7.33333 3.46487 9.53333
v -6.60000 3.44501 9.53333
v -5.86667 3.45265 9.53333
v -5.13333 3.52403 9.53333
v -4.40000 3.65240 9.53333
v -3.66667 3.78783 9.53333
v -2.93333 3.85673 9.53333
v -2.20000 3.79253 9.53333
v -1.46667 3.56390 9.53333
v -0.73333 3.18803 9.53333
v 0.00000 2.72327 9.53333
v 0.73333 2.24532 9.53333
v 1.46667 1.81839 9.53333
v 2.20000 1.47465 9.53333
v 2.93333 1.21044 9.53333
v 3.66667 0.99937 9.53333
v 4.40000 0.81377 9.53333
v 5.13333 0.64288 9.53333
v 5.86667 0.49815 9.53333
v 6.60000 0.40367 9.53333
v 7.33333 0.37758 9.53333
v 8.06667 0.41534 9.53333
v 8.80000 0.48469 9.53333
v 9.53333 0.53604 9.53333
v 10.26667 0.52396 9.53333
v 11.00000 0.42920 9.53333
v 11.73333 0.27011 9.53333
v 12.46667 0.09680 9.53333
v 13.20000 -0.02985 9.53333
v 13.93333 -0.06524 9.53333
v 14.66667 -0.00136 9.53333
v 15.40000 0.12901 9.53333
v 16.13333 0.26659 9.53333
v 16.86667 0.35146 9.53333
v 17.60000 0.34876 9.53333
v 18.33333 0.26231 9.53333
v 19.06667 0.10915 9.53333
v 19.80000 0.00345 9.53333
v 20.53333 -0.02898 9.53333
v 21.26667 -0.01661 9.53333
v 22.00000 0.00000 9.53333
v -22.00000 0.00000 10.26667
v -21.26667 0.00234 10.26667
v -20.53333 0.01737 10.26667
v -19.80000 0.04373 10.26667
v -19.06667 0.06737 10.26667
v -18.33333 0.09204 10.26667
v -17.60000 0.15242 10.26667
v -16.86667 0.30523 10.26667
v -16.13333 0.55185 10.26667
v -15.40000 0.83959 10.26667
v -14.66667 1.09246 10.26667
v -13.93333 1.31041 10.26667
v -13.20000 1.51103 10.26667
v -12.46667 1.72098 10.26667
v -11.73333 1.96446 10.26667
v -11.00000 2.24509 10.26667
v -10.26667 2.53917 10.26667
v -9.53333 2.80447 10.26667
v -8.80000 3.00035 10.26667
v -8.06667 3.10913 10.26667
v -7.33333 3.14721 10.26667
v -6.60000 3.15945 10.26667
v -5.86667 3.19814 10.26667
v -5.13333 3.29619 10.26667
v -4.40000 3.44723 10.26667
v -3.66667 3.60304 10.26667
v -2.93333 3.69051 10.26667
v -2.20000 3.64152 10.26667
v -1.46667 3.42234 10.26667
v -0.73333 3.04944 10.26667
v 0.00000 2.58434 10.26667
v 0.73333 2.11013 10.26667
v 1.46667 1.70024 10.26667
v 2.20000 1.39372 10.26667
v 2.93333 1.18731 10.26667
v 3.66667 1.04646 10.26667
v 4.40000 0.92847 10.26667
v 5.13333 0.80534 10.26667
v 5.86667 0.67547 10.26667
v 6.60000 0.55917 10.26667
v 7.33333 0.48190 10.26667
v 8.06667 0.45505 10.26667
v 8.80000 0.46528 10.26667
v 9.53333 0.47832 10.26667
v 10.26667 0.45577 10.26667
v 11.00000 0.37592 10.26667
v 11.73333 0.24764 10.26667
v 12.46667 0.10922 10.26667
v 13.20000 0.01198 10.26667
v 13.93333 -0.00425 10.26667
v 14.66667 0.06830 10.26667
v 15.40000 0.19887 10.26667
v 16.13333 0.32968 10.26667
v 16.86667 0.40051 10.26667
v 17.60000 0.37521 10.26667
v 18.33333 0.25766 10.26667
v 19.06667 0.07530 10.26667
v 19.80000 -0.04213 10.26667
v 20.53333 -0.06683 10.26667
v 21.26667 -0.03440 10.26667
v 22.00000 0.00000 10.26667
v -22.00000 0.00000 11.00000
v -21.26667 0.00226 11.00000
v -20.53333 0.01550 11.00000
v -19.80000 0.03410 11.00000
v -19.06667 0.03920 11.00000
v -18.33333 0.03617 11.00000
v -17.60000 0.07865 11.00000
v -16.86667 0.22784 11.00000
v -16.13333 0.48981 11.00000
v -15.40000 0.80513 11.00000
v -14.66667 1.08057 11.00000
v -13.93333 1.29835 11.00000
v -13.20000 1.46718 11.00000
v -12.46667 1.61497 11.00000
v -11.73333 1.77752 11.00000
v -11.00000 1.97706 11.00000
v -10.26667 2.20915 11.00000
v -9.53333 2.44476 11.00000
v -8.80000 2.64607 11.00000
v -8.06667 2.78746 11.00000
v -7.33333 2.87039 11.00000
v -6.60000 2.92376 11.00000
v -5.86667 2.98858 11.00000
v -5.13333 3.09430 11.00000
v -4.40000 3.23863 11.00000
v -3.66667 3.38167 11.00000
v -2.93333 3.45878 11.00000
v -2.20000 3.40724 11.00000
v -1.46667 3.19495 11.00000
v -0.73333 2.83756 11.00000
v 0.00000 2.39580 11.00000
v 0.73333 1.95352 11.00000
v 1.46667 1.58616 11.00000
v 2.20000 1.33378 11.00000
v 2.93333 1.19038 11.00000
v 3.66667 1.11330 11.00000
v 4.40000 1.04740 11.00000
v 5.13333 0.95178 11.00000
v 5.86667 0.81657 11.00000
v 6.60000 0.66267 11.00000
v 7.33333 0.52619 11.00000
v 8.06667 0.43641 11.00000
v 8.80000 0.39922 11.00000
v 9.53333 0.39428 11.00000
v 10.26667 0.38695 11.00000
v 11.00000 0.34825 11.00000
v 11.73333 0.27193 11.00000
v 12.46667 0.17934 11.00000
v 13.20000 0.10897 11.00000
v 13.93333 0.09577 11.00000
v 14.66667 0.15075 11.00000
v 15.40000 0.25154 11.00000
v 16.13333 0.34960 11.00000
v 16.86667 0.39133 11.00000
v 17.60000 0.34328 11.00000
v 18.33333 0.20933 11.00000
v 19.06667 0.02620 11.00000
v 19.80000 -0.08063 11.00000
v 20.53333 -0.08912 11.00000
v 21.26667 -0.04103 11.00000
v 22.00000 0.00000 11.00000
v -22.00000 0.00000 11.73333
v -21.26667 0.00181 11.73333
v -20.53333 0.01165 11.73333
v -19.80000 0.02229 11.73333
v -19.06667 0.01608 11.73333
v -18.33333 0.00305 11.73333
v -17.60000 0.04498 11.73333
v -16.86667 0.19956 11.73333
v -16.13333 0.47126 11.73333
v -15.40000 0.79429 11.73333
v -14.66667 1.06556 11.73333
v -13.93333 1.25871 11.73333
v -13.20000 1.37916 11.73333
v -12.46667 1.45901 11.73333
v -11.73333 1.54617 11.73333
v -11.00000 1.67968 11.73333
v -10.26667 1.87103 11.73333
v -9.53333 2.10019 11.73333
v -8.80000 2.32764 11.73333
v -8.06667 2.51565 11.73333
v -7.33333 2.64746 11.73333
v -6.60000 2.73428 11.73333
v -5.86667 2.80637 11.73333
v -5.13333 2.89287 11.73333
v -4.40000 3.00091 11.73333
v -3.66667 3.10557 11.73333
v -2.93333 3.15683 11.73333
v -2.20000 3.10140 11.73333
v -1.46667 2.90916 11.73333
v -0.73333 2.59147 11.73333
v 0.00000 2.20165 11.73333
v 0.73333 1.81650 11.73333
v 1.46667 1.50673 11.73333
v 2.20000 1.30970 11.73333
v 2.93333 1.21680 11.73333
v 3.66667 1.18116 11.73333
v 4.40000 1.14143 11.73333
v 5.13333 1.05048 11.73333
v 5.86667 0.89554 11.73333
v 6.60000 0.70111 11.73333
v 7.33333 0.51408 11.73333
v 8.06667 0.37948 11.73333
v 8.80000 0.31870 11.73333
v 9.53333 0.32084 11.73333
v 10.26667 0.35058 11.73333
v 11.00000 0.36775 11.73333
v 11.73333 0.34819 11.73333
v 12.46667 0.29497 11.73333
v 13.20000 0.23455 11.73333
v 13.93333 0.20010 11.73333
v 14.66667 0.21099 11.73333
v 15.40000 0.25954 11.73333
v 16.13333 0.31240 11.73333
v 16.86667 0.32636 11.73333
v 17.60000 0.27106 11.73333
v 18.33333 0.14694 11.73333
v 19.06667 -0.00924 11.73333
v 19.80000 -0.09219 11.73333
v 20.53333 -0.08681 11.73333
v 21.26667 -0.03512 11.73333
v 22.00000 0.00000 11.73333
v -22.00000 0.00000 12.46667
v -21.26667 0.00113 12.46667
v -20.53333 0.00737 12.46667
v -19.80000 0.01346 12.46667
v -19.06667 0.00748 12.46667
v -18.33333 0.00234 12.46667
v -17.60000 0.05306 12.46667
v -16.86667 0.20918 12.46667
v -16.13333 0.47162 12.46667
v -15.40000 0.77421 12.46667
v -14.66667 1.01533 12.46667
v -13.93333 1.16829 12.46667
v -13.20000 1.23861 12.46667
v -12.46667 1.26241 12.46667
v -11.73333 1.29614 12.46667
v -11.00000 1.39009 12.46667
v -10.26667 1.56561 12.46667
v -9.53333 1.80660 12.46667
v -8.80000 2.06861 12.46667
v -8.06667 2.30065 12.46667
v -7.33333 2.46854 12.46667
v -6.60000 2.56825 12.46667
v -5.86667 2.62300 12.46667
v -5.13333 2.66606 12.46667
v -4.40000 2.71874 12.46667
v -3.66667 2.77520 12.46667
v -2.93333 2.80263 12.46667
v -2.20000 2.75717 12.46667
v -1.46667 2.60778 12.46667
v -0.73333 2.35599 12.46667
v 0.00000 2.04077 12.46667
v 0.73333 1.72545 12.46667
v 1.46667 1.47197 12.46667
v 2.20000 1.31469 12.46667
v 2.93333 1.24623 12.46667
v 3.66667 1.22220 12.46667
v 4.40000 1.18290 12.46667
v 5.13333 1.08159 12.46667
v 5.86667 0.90622 12.46667
v 6.60000 0.68458 12.46667
v 7.33333 0.47069 12.46667
v 8.06667 0.31937 12.46667
v 8.80000 0.26119 12.46667
v 9.53333 0.28941 12.46667
v 10.26667 0.36481 12.46667
v 11.00000 0.43518 12.46667
v 11.73333 0.45964 12.46667
v 12.46667 0.42588 12.46667
v 13.20000 0.35225 12.46667
v 13.93333 0.27457 12.46667
v 14.66667 0.22507 12.46667
v 15.40000 0.21450 12.46667
v 16.13333 0.22686 12.46667
v 16.86667 0.22923 12.46667
v 17.60000 0.19143 12.46667
v 18.33333 0.10503 12.46667
v 19.06667 -0.00721 12.46667
v 19.80000 -0.06674 12.46667
v 20.53333 -0.05988 12.46667
v 21.26667 -0.02003 12.46667
v 22.00000 0.00000 12.46667
v -22.00000 0.00000 13.20000
v -21.26667 0.00046 13.20000
v -20.53333 0.00431 13.20000
v -19.80000 0.01147 13.20000
v -19.06667 0.01726 13.20000
v -18.33333 0.03165 13.20000
v -17.60000 0.08938 13.20000
v -16.86667 0.23177 13.20000
v -16.13333 0.45945 13.20000
v -15.40000 0.71551 13.20000
v -14.66667 0.91129 13.20000
v -13.93333 1.02411 13.20000
v -13.20000 1.05943 13.20000
v -12.46667 1.05348 13.20000
v -11.73333 1.06446 13.20000
v -11.00000 1.14628 13.20000
v -10.26667 1.32385 13.20000
v -9.53333 1.58144 13.20000
v -8.80000 1.86958 13.20000
v -8.06667 2.12693 13.20000
v -7.33333 2.30669 13.20000
v -6.60000 2.39494 13.20000
v -5.86667 2.41260 13.20000
v -5.13333 2.40054 13.20000
v -4.40000 2.39604 13.20000
v -3.66667 2.41244 13.20000
v -2.93333 2.43252 13.20000
v -2.20000 2.41860 13.20000
v -1.46667 2.33421 13.20000
v -0.73333 2.16581 13.20000
v 0.00000 1.93331 13.20000
v 0.73333 1.68347 13.20000
v 1.46667 1.46923 13.20000
v 2.20000 1.32509 13.20000
v 2.93333 1.25087 13.20000
v 3.66667 1.21220 13.20000
v 4.40000 1.15789 13.20000
v 5.13333 1.04580 13.20000
v 5.86667 0.86489 13.20000
v 6.60000 0.64239 13.20000
v 7.33333 0.43260 13.20000
v 8.06667 0.29236 13.20000
v 8.80000 0.25479 13.20000
v 9.53333 0.31365 13.20000
v 10.26667 0.42575 13.20000
v 11.00000 0.52995 13.20000
v 11.73333 0.57385 13.20000
v 12.46667 0.53542 13.20000
v 13.20000 0.42987 13.20000
v 13.93333 0.29911 13.20000
v 14.66667 0.18973 13.20000
v 15.40000 0.13062 13.20000
v 16.13333 0.12118 13.20000
v 16.86667 0.13536 13.20000
v 17.60000 0.13866 13.20000
v 18.33333 0.10882 13.20000
v 19.06667 0.04110 13.20000
v 19.80000 -0.00833 13.20000
v 20.53333 -0.01741 13.20000
v 21.26667 -0.00241 13.20000
v 22.00000 0.00000 13.20000
v -22.00000 0.00000 13.93333
v -21.26667 0.00000 13.93333
v -20.53333 0.00354 13.93333
v -19.80000 0.01731 13.93333
v -19.06667 0.04205 13.93333
v -18.33333 0.07753 13.93333
v -17.60000 0.13078 13.93333
v -16.86667 0.23916 13.93333
v -16.13333 0.40975 13.93333
v -15.40000 0.60482 13.93333
v -14.66667 0.75645 13.93333
v -13.93333 0.84519 13.93333
v -13.20000 0.87266 13.93333
v -12.46667 0.86873 13.93333
v -11.73333 0.88544 13.93333
v -11.00000 0.97319 13.93333
v -10.26667 1.15611 13.93333
v -9.53333 1.41862 13.93333
v -8.80000 1.70989 13.93333
v -8.06667 1.96461 13.93333
v -7.33333 2.13050 13.93333
v -6.60000 2.18972 13.93333
v -5.86667 2.16429 13.93333
v -5.13333 2.10309 13.93333
v -4.40000 2.05708 13.93333
v -3.66667 2.05475 13.93333
v -2.93333 2.08971 13.93333
v -2.20000 2.12593 13.93333
v -1.46667 2.11776 13.93333
v -0.73333 2.03412 13.93333
v 0.00000 1.87494 13.93333
v 0.73333 1.67146 13.93333
v 1.46667 1.47072 13.93333
v 2.20000 1.31225 13.93333
v 2.93333 1.20905 13.93333
v 3.66667 1.14242 13.93333
v 4.40000 1.07343 13.93333
v 5.13333 0.96519 13.93333
v 5.86667 0.80448 13.93333
v 6.60000 0.61168 13.93333
v 7.33333 0.43353 13.93333
v 8.06667 0.32167 13.93333
v 8.80000 0.30735 13.93333
v 9.53333 0.38442 13.93333
v 10.26667 0.50933 13.93333
v 11.00000 0.61855 13.93333
v 11.73333 0.65554 13.93333
v 12.46667 0.59480 13.93333
v 13.20000 0.45200 13.93333
v 13.93333 0.27545 13.93333
v 14.66667 0.12363 13.93333
v 15.40000 0.03918 13.93333
v 16.13333 0.03186 13.93333
v 16.86667 0.07780 13.93333
v 17.60000 0.13454 13.93333
v 18.33333 0.16374 13.93333
v 19.06667 0.12556 13.93333
v 19.80000 0.06634 13.93333
v 20.53333 0.02605 13.93333
v 21.26667 0.01043 13.93333
v 22.00000 0.00000 13.93333
v -22.00000 0.00000 14.66667
v -21.26667 -0.00011 14.66667
v -20.53333 0.00514 14.66667
v -19.80000 0.02867 14.66667
v -19.06667 0.07253 14.66667
v -18.33333 0.12078 14.66667
v -17.60000 0.15394 14.66667
v -16.86667 0.21158 14.66667
v -16.13333 0.31458 14.66667
v -15.40000 0.45088 14.66667
v -14.66667 0.57482 14.66667
v -13.93333 0.66527 14.66667
v -13.20000 0.71427 14.66667
v -12.46667 0.73858 14.66667
v -11.73333 0.77753 14.66667
v -11.00000 0.87359 14.66667
v -10.26667 1.04933 14.66667
v -9.53333 1.29255 14.66667
v -8.80000 1.55757 14.66667
v -8.06667 1.78303 14.66667
v -7.33333 1.91819 14.66667
v -6.60000 1.94546 14.66667
v -5.86667 1.88823 14.66667
v -5.13333 1.79987 14.66667
v -4.40000 1.73906 14.66667
v -3.66667 1.74276 14.66667
v -2.93333 1.80976 14.66667
v -2.20000 1.90227 14.66667
v -1.46667 1.96460 14.66667
v -0.73333 1.94975 14.66667
v 0.00000 1.84091 14.66667
v 0.73333 1.65808 14.66667
v 1.46667 1.44696 14.66667
v 2.20000 1.25649 14.66667
v 2.93333 1.11628 14.66667
v 3.66667 1.02523 14.66667
v 4.40000 0.95650 14.66667
v 5.13333 0.87563 14.66667
v 5.86667 0.76213 14.66667
v 6.60000 0.62303 14.66667
v 7.33333 0.49115 14.66667
v 8.06667 0.40862 14.66667
v 8.80000 0.40390 14.66667
v 9.53333 0.47401 14.66667
v 10.26667 0.58143 14.66667
v 11.00000 0.66815 14.66667
v 11.73333 0.68065 14.66667
v 12.46667 0.59436 14.66667
v 13.20000 0.42578 14.66667
v 13.93333 0.22620 14.66667
v 14.66667 0.05981 14.66667
v 15.40000 -0.02390 14.66667
v 16.13333 -0.01070 14.66667
v 16.86667 0.07419 14.66667
v 17.60000 0.17966 14.66667
v 18.33333 0.25305 14.66667
v 19.06667 0.22093 14.66667
v 19.80000 0.13439 14.66667
v 20.53333 0.05619 14.66667
v 21.26667 0.01350 14.66667
v 22.00000 0.00000 14.66667
v -22.00000 0.00000 15.40000
v -21.26667 0.00008 15.40000
v -20.53333 0.00817 15.40000
v -19.80000 0.04084 15.40000
v -19.06667 0.09709 15.40000
v -18.33333 0.14404 15.40000
v -17.60000 0.14469 15.40000
v -16.86667 0.14588 15.40000
v -16.13333 0.18680 15.40000
v -15.40000 0.28157 15.40000
v -14.66667 0.40229 15.40000
v -13.93333 0.51963 15.40000
v -13.20000 0.61098 15.40000
v -12.46667 0.67534 15.40000
v -11.73333 0.73623 15.40000
v -11.00000 0.82767 15.40000
v -10.26667 0.97327 15.40000
v -9.53333 1.16971 15.40000
v -8.80000 1.38361 15.40000
v -8.06667 1.56443 15.40000
v -7.33333 1.66758 15.40000
v -6.60000 1.67652 15.40000
v -5.86667 1.61265 15.40000
v -5.13333 1.52729 15.40000
v -4.40000 1.47894 15.40000
v -3.66667 1.50614 15.40000
v -2.93333 1.60871 15.40000
v -2.20000 1.74671 15.40000
v -1.46667 1.85758 15.40000
v -0.73333 1.88375 15.40000
v 0.00000 1.79791 15.40000
v 0.73333 1.61418 15.40000
v 1.46667 1.38061 15.40000
v 2.20000 1.15702 15.40000
v 2.93333 0.98910 15.40000
v 3.66667 0.89112 15.40000
v 4.40000 0.84474 15.40000
v 5.13333 0.81353 15.40000
v 5.86667 0.76500 15.40000
v 6.60000 0.68855 15.40000
v 7.33333 0.60027 15.40000
v 8.06667 0.53236 15.40000
v 8.80000 0.51305 15.40000
v 9.53333 0.54781 15.40000
v 10.26667 0.61208 15.40000
v 11.00000 0.66010 15.40000
v 11.73333 0.64602 15.40000
v 12.46667 0.54715 15.40000
v 13.20000 0.37766 15.40000
v 13.93333 0.18537 15.40000
v 14.66667 0.03229 15.40000
v 15.40000 -0.03235 15.40000
v 16.13333 0.00588 15.40000
v 16.86667 0.11995 15.40000
v 17.60000 0.25323 15.40000
v 18.33333 0.34444 15.40000
v 19.06667 0.29665 15.40000
v 19.80000 0.17569 15.40000
v 20.53333 0.06467 15.40000
v 21.26667 0.00614 15.40000
v 22.00000 0.00000 15.40000
v -22.00000 0.00000 16.13333
v -21.26667 0.00044 16.13333
v -20.53333 0.01104 16.13333
v -19.80000 0.04860 16.13333
v -19.06667 0.10640 16.13333
v -18.33333 0.13865 16.13333
v -17.60000 0.10369 16.13333
v -16.86667 0.05691 16.13333
v -16.13333 0.05522 16.13333
v -15.40000 0.13325 16.13333
v -14.66667 0.27262 16.13333
v -13.93333 0.43120 16.13333
v -13.20000 0.56956 16.13333
v -12.46667 0.66826 16.13333
v -11.73333 0.73607 16.13333
v -11.00000 0.80140 16.13333
v -10.26667 0.89340 16.13333
v -9.53333 1.02307 16.13333
v -8.80000 1.17462 16.13333
v -8.06667 1.31206 16.13333
v -7.33333 1.39780 16.13333
v -6.60000 1.41366 16.13333
v -5.86667 1.37325 16.13333
v -5.13333 1.31828 16.13333
v -4.40000 1.29983 16.13333
v -3.66667 1.35319 16.13333
v -2.93333 1.47841 16.13333
v -2.20000 1.63664 16.13333
v -1.46667 1.76485 16.13333
v -0.73333 1.80263 16.13333
v 0.00000 1.71884 16.13333
v 0.73333 1.52584 16.13333
v 1.46667 1.27472 16.13333
v 2.20000 1.03371 16.13333
v 2.93333 0.86003 16.13333
v 3.66667 0.77796 16.13333
v 4.40000 0.77273 16.13333
v 5.13333 0.80225 16.13333
v 5.86667 0.81996 16.13333
v 6.60000 0.79732 16.13333
v 7.33333 0.73507 16.13333
v 8.06667 0.65851 16.13333
v 8.80000 0.60002 16.13333
v 9.53333 0.57871 16.13333
v 10.26667 0.58794 16.13333
v 11.00000 0.59773 16.13333
v 11.73333 0.57068 16.13333
v 12.46667 0.48348 16.13333
v 13.20000 0.34241 16.13333
v 13.93333 0.18443 16.13333
v 14.66667 0.06223 16.13333
v 15.40000 0.01996 16.13333
v 16.13333 0.07124 16.13333
v 16.86667 0.19039 16.13333
v 17.60000 0.32169 16.13333
v 18.33333 0.40293 16.13333
v 19.06667 0.32897 16.13333
v 19.80000 0.18077 16.13333
v 20.53333 0.05227 16.13333
v 21.26667 -0.00772 16.13333
v 22.00000 0.00000 16.13333
v -22.00000 0.00000 16.86667
v -21.26667 0.00075 16.86667
v -20.53333 0.01217 16.86667
v -19.80000 0.04831 16.86667
v -19.06667 0.09712 16.86667
v -18.33333 0.10797 16.86667
v -17.60000 0.04600 16.86667
v -16.86667 -0.02837 16.86667
v -16.13333 -0.04667 16.86667
v -15.40000 0.03658 16.86667
v -14.66667 0.20434 16.86667
v -13.93333 0.40156 16.86667
v -13.20000 0.57417 16.86667
v -12.46667 0.68776 16.86667
v -11.73333 0.74069 16.86667
v -11.00000 0.76025 16.86667
v -10.26667 0.78510 16.86667
v -9.53333 0.84357 16.86667
v -8.80000 0.93901 16.86667
v -8.06667 1.04960 16.86667
v -7.33333 1.14210 16.86667
v -6.60000 1.19205 16.86667
v -5.86667 1.19915 16.86667
v -5.13333 1.18945 16.86667
v -4.40000 1.20230 16.86667
v -3.66667 1.26856 16.86667
v -2.93333 1.39108 16.86667
v -2.20000 1.53813 16.86667
v -1.46667 1.65402 16.86667
v -0.73333 1.68284 16.86667
v 0.00000 1.59452 16.86667
v 0.73333 1.40065 16.86667
v 1.46667 1.15228 16.86667
v 2.20000 0.92005 16.86667
v 2.93333 0.76559 16.86667
v 3.66667 0.71693 16.86667
v 4.40000 0.75907 16.86667
v 5.13333 0.84341 16.86667
v 5.86667 0.91124 16.86667
v 6.60000 0.91989 16.86667
v 7.33333 0.85946 16.86667
v 8.06667 0.75294 16.86667
v 8.80000 0.64075 16.86667
v 9.53333 0.55832 16.86667
v 10.26667 0.51815 16.86667
v 11.00000 0.50535 16.86667
v 11.73333 0.48833 16.86667
v 12.46667 0.43859 16.86667
v 13.20000 0.34876 16.86667
v 13.93333 0.23924 16.86667
v 14.66667 0.14922 16.86667
v 15.40000 0.11662 16.86667
v 16.13333 0.15673 16.86667
v 16.86667 0.25103 16.86667
v 17.60000 0.35237 16.86667
v 18.33333 0.40498 16.86667
v 19.06667 0.31027 16.86667
v 19.80000 0.15439 16.86667
v 20.53333 0.02852 16.86667
v 21.26667 -0.02121 16.86667
v 22.00000 0.00000 16.86667
v -22.00000 0.00000 17.60000
v -21.26667 0.00080 17.60000
v -20.53333 0.01063 17.60000
v -19.80000 0.03935 17.60000
v -19.06667 0.07310 17.60000
v -18.33333 0.06581 17.60000
v -17.60000 -0.00516 17.60000
v -16.86667 -0.08184 17.60000
v -16.13333 -0.09402 17.60000
v -15.40000 0.00450 17.60000
v -14.66667 0.19358 17.60000
v -13.93333 0.41048 17.60000
v -13.20000 0.59262 17.60000
v -12.46667 0.69701 17.60000
v -11.73333 0.71717 17.60000
v -11.00000 0.68291 17.60000
v -10.26667 0.64366 17.60000
v -9.53333 0.64409 17.60000
v -8.80000 0.70403 17.60000
v -8.06667 0.81202 17.60000
v -7.33333 0.93481 17.60000
v -6.60000 1.03714 17.60000
v -5.86667 1.10103 17.60000
v -5.13333 1.13435 17.60000
v -4.40000 1.16435 17.60000
v -3.66667 1.21976 17.60000
v -2.93333 1.31116 17.60000
v -2.20000 1.42045 17.60000
v -1.46667 1.50587 17.60000
v -0.73333 1.52085 17.60000
v 0.00000 1.43780 17.60000
v 0.73333 1.26493 17.60000
v 1.46667 1.04725 17.60000
v 2.20000 0.85009 17.60000
v 2.93333 0.73223 17.60000
v 3.66667 0.72082 17.60000
v 4.40000 0.79973 17.60000
v 5.13333 0.91686 17.60000
v 5.86667 1.00703 17.60000
v 6.60000 1.02013 17.60000
v 7.33333 0.94144 17.60000
v 8.06667 0.79539 17.60000
v 8.80000 0.63163 17.60000
v 9.53333 0.50063 17.60000
v 10.26667 0.43098 17.60000
v 11.00000 0.41883 17.60000
v 11.73333 0.43393 17.60000
v 12.46667 0.43835 17.60000
v 13.20000 0.40760 17.60000
v 13.93333 0.34334 17.60000
v 14.66667 0.27122 17.60000
v 15.40000 0.22525 17.60000
v 16.13333 0.22713 17.60000
v 16.86667 0.27177 17.60000
v 17.60000 0.32695 17.60000
v 18.33333 0.34802 17.60000
v 19.06667 0.25200 17.60000
v 19.80000 0.11339 17.60000
v 20.53333 0.00767 17.60000
v 21.26667 -0.02728 17.60000
v 22.00000 0.00000 17.60000
v -22.00000 0.00000 18.33333
v -21.26667 0.00050 18.33333
v -20.53333 0.00654 18.33333
v -19.80000 0.02441 18.33333
v -19.06667 0.04382 18.33333
v -18.33333 0.03070 18.33333
v -17.60000 -0.02797 18.33333
v -16.86667 -0.08561 18.33333
v -16.13333 -0.08053 18.33333
v -15.40000 0.02732 18.33333
v -14.66667 0.21595 18.33333
v -13.93333 0.42422 18.33333
v -13.20000 0.58927 18.33333
v -12.46667 0.66645 18.33333
v -11.73333 0.64883 18.33333
v -11.00000 0.56947 18.33333
v -10.26667 0.48593 18.33333
v -9.53333 0.45429 18.33333
v -8.80000 0.50503 18.33333
v -8.06667 0.63176 18.33333
v -7.33333 0.79747 18.33333
v -6.60000 0.95428 18.33333
v -5.86667 1.06652 18.33333
v -5.13333 1.12564 18.33333
v -4.40000 1.14995 18.33333
v -3.66667 1.17035 18.33333
v -2.93333 1.20993 18.33333
v -2.20000 1.26886 18.33333
v -1.46667 1.32262 18.33333
v -0.73333 1.33488 18.33333
v 0.00000 1.27841 18.33333
v 0.73333 1.15305 18.33333
v 1.46667 0.99085 18.33333
v 2.20000 0.84485 18.33333
v 2.93333 0.76604 18.33333
v 3.66667 0.77933 18.33333
v 4.40000 0.87022 18.33333
v 5.13333 0.98923 18.33333
v 5.86667 1.07254 18.33333
v 6.60000 1.06969 18.33333
v 7.33333 0.96573 18.33333
v 8.06667 0.78742 18.33333
v 8.80000 0.59090 18.33333
v 9.53333 0.43653 18.33333
v 10.26667 0.36284 18.33333
v 11.00000 0.37152 18.33333
v 11.73333 0.42989 18.33333
v 12.46667 0.48887 18.33333
v 13.20000 0.50727 18.33333
v 13.93333 0.47018 18.33333
v 14.66667 0.39311 18.33333
v 15.40000 0.31046 18.33333
v 16.13333 0.25500 18.33333
v 16.86667 0.23934 18.33333
v 17.60000 0.24916 18.33333
v 18.33333 0.25167 18.33333
v 19.06667 0.18000 18.33333
v 19.80000 0.07978 18.33333
v 20.53333 0.00282 18.33333
v 21.26667 -0.02158 18.33333
v 22.00000 0.00000 18.33333
v -22.00000 0.00000 19.06667
v -21.26667 -0.00009 19.06667
v -20.53333 0.00100 19.06667
v -19.80000 0.00838 19.06667
v -19.06667 0.02051 19.06667
v -18.33333 0.01532 19.06667
v -17.60000 -0.00927 19.06667
v -16.86667 -0.03310 19.06667
v -16.13333 -0.01762 19.06667
v -15.40000 0.06432 19.06667
v -14.66667 0.19828 19.06667
v -13.93333 0.34296 19.06667
v -13.20000 0.45188 19.06667
v -12.46667 0.49052 19.06667
v -11.73333 0.45369 19.06667
v -11.00000 0.36942 19.06667
v -10.26667 0.28761 19.06667
v -9.53333 0.25856 19.06667
v -8.80000 0.31109 19.06667
v -8.06667 0.44057 19.06667
v -7.33333 0.61195 19.06667
v -6.60000 0.77624 19.06667
v -5.86667 0.89223 19.06667
v -5.13333 0.94323 19.06667
v -4.40000 0.94119 19.06667
v -3.66667 0.91701 19.06667
v -2.93333 0.90261 19.06667
v -2.20000 0.91411 19.06667
v -1.46667 0.94466 19.06667
v -0.73333 0.97017 19.06667
v 0.00000 0.96458 19.06667
v 0.73333 0.91629 19.06667
v 1.46667 0.83690 19.06667
v 2.20000 0.75731 19.06667
v 2.93333 0.71265 19.06667
v 3.66667 0.72373 19.06667
v 4.40000 0.78432 19.06667
v 5.13333 0.86134 19.06667
v 5.86667 0.90857 19.06667
v 6.60000 0.88782 19.06667
v 7.33333 0.78752 19.06667
v 8.06667 0.62976 19.06667
v 8.80000 0.46191 19.06667
v 9.53333 0.33645 19.06667
v 10.26667 0.28821 19.06667
v 11.00000 0.31950 19.06667
v 11.73333 0.39999 19.06667
v 12.46667 0.48111 19.06667
v 13.20000 0.51805 19.06667
v 13.93333 0.48900 19.06667
v 14.66667 0.40271 19.06667
v 15.40000 0.29161 19.06667
v 16.13333 0.19428 19.06667
v 16.86667 0.13653 19.06667
v 17.60000 0.12034 19.06667
v 18.33333 0.12572 19.06667
v 19.06667 0.12409 19.06667
v 19.80000 0.07167 19.06667
v 20.53333 0.02055 19.06667
v 21.26667 -0.00432 19.06667
v 22.00000 0.00000 19.06667
v -22.00000 0.00000 19.80000
v -21.26667 -0.00079 19.80000
v -20.53333 -0.00429 19.80000
v -19.80000 -0.00357 19.80000
v -19.06667 0.00868 19.80000
v -18.33333 0.02184 19.80000
v -17.60000 0.02614 19.80000
v -16.86667 0.02432 19.80000
v -16.13333 0.03417 19.80000
v -15.40000 0.07376 19.80000
v -14.66667 0.14099 19.80000
v -13.93333 0.21727 19.80000
v -13.20000 0.27535 19.80000
v -12.46667 0.29251 19.80000
v -11.73333 0.26387 19.80000
v -11.00000 0.20704 19.80000
v -10.26667 0.15578 19.80000
v -9.53333 0.14553 19.80000
v -8.80000 0.19714 19.80000
v -8.06667 0.30683 19.80000
v -7.33333 0.44702 19.80000
v -6.60000 0.57794 19.80000
v -5.86667 0.66460 19.80000
v -5.13333 0.69127 19.80000
v -4.40000 0.66694 19.80000
v -3.66667 0.61931 19.80000
v -2.93333 0.58084 19.80000
v -2.20000 0.57345 19.80000
v -1.46667 0.59955 19.80000
v -0.73333 0.64297 19.80000
v 0.00000 0.67918 19.80000
v 0.73333 0.68896 19.80000
v 1.46667 0.66853 19.80000
v 2.20000 0.63098 19.80000
v 2.93333 0.59849 19.80000
v 3.66667 0.58940 19.80000
v 4.40000 0.60718 19.80000
v 5.13333 0.63715 19.80000
v 5.86667 0.65300 19.80000
v 6.60000 0.63016 19.80000
v 7.33333 0.55936 19.80000
v 8.06667 0.45337 19.80000
v 8.80000 0.34314 19.80000
v 9.53333 0.26469 19.80000
v 10.26667 0.24270 19.80000
v 11.00000 0.27867 19.80000
v 11.73333 0.34929 19.80000
v 12.46667 0.41621 19.80000
v 13.20000 0.44268 19.80000
v 13.93333 0.40944 19.80000
v 14.66667 0.32261 19.80000
v 15.40000 0.20996 19.80000
v 16.13333 0.10776 19.80000
v 16.86667 0.04444 19.80000
v 17.60000 0.02901 19.80000
v 18.33333 0.04914 19.80000
v 19.06667 0.07956 19.80000
v 19.80000 0.09593 19.80000
v 20.53333 0.05804 19.80000
v 21.26667 0.01980 19.80000
v 22.00000 0.00000 19.80000
v -22.00000 0.00000 20.53333
v -21.26667 -0.00139 20.53333
v -20.53333 -0.00774 20.53333
v -19.80000 -0.00535 20.53333
v -19.06667 0.00961 20.53333
v -18.33333 0.03114 20.53333
v -17.60000 0.04694 20.53333
v -16.86667 0.05026 20.53333
v -16.13333 0.04699 20.53333
v -15.40000 0.05062 20.53333
v -14.66667 0.06885 20.53333
v -13.93333 0.09872 20.53333
v -13.20000 0.12733 20.53333
v -12.46667 0.14081 20.53333
v -11.73333 0.13326 20.53333
v -11.00000 0.11130 20.53333
v -10.26667 0.09211 20.53333
v -9.53333 0.09558 20.53333
v -8.80000 0.13433 20.53333
v -8.06667 0.20661 20.53333
v -7.33333 0.29562 20.53333
v -6.60000 0.37608 20.53333
v -5.86667 0.42507 20.53333
v -5.13333 0.43209 20.53333
v -4.40000 0.40366 20.53333
v -3.66667 0.36021 20.53333
v -2.93333 0.32680 20.53333
v -2.20000 0.32193 20.53333
v -1.46667 0.34972 20.53333
v -0.73333 0.39901 20.53333
v 0.00000 0.44946 20.53333
v 0.73333 0.48156 20.53333
v 1.46667 0.48555 20.53333
v 2.20000 0.46504 20.53333
v 2.93333 0.43385 20.53333
v 3.66667 0.40793 20.53333
v 4.40000 0.39668 20.53333
v 5.13333 0.39816 20.53333
v 5.86667 0.40068 20.53333
v 6.60000 0.38974 20.53333
v 7.33333 0.35683 20.53333
v 8.06667 0.30524 20.53333
v 8.80000 0.24974 20.53333
v 9.53333 0.20995 20.53333
v 10.26667 0.20060 20.53333
v 11.00000 0.22338 20.53333
v 11.73333 0.26478 20.53333
v 12.46667 0.30120 20.53333
v 13.20000 0.30921 20.53333
v 13.93333 0.27623 20.53333
v 14.66667 0.20665 20.53333
v 15.40000 0.12025 20.53333
v 16.13333 0.04381 20.53333
v 16.86667 -0.00048 20.53333
v 17.60000 -0.00418 20.53333
v 18.33333 0.02451 20.53333
v 19.06667 0.06556 20.53333
v 19.80000 0.09684 20.53333
v 20.53333 0.10416 20.53333
v 21.26667 0.04339 20.53333
v 22.00000 0.00000 20.53333
v -22.00000 0.00000 21.26667
v -21.26667 -0.00166 21.26667
v -20.53333 -0.00423 21.26667
v -19.80000 -0.00157 21.26667
v -19.06667 0.00965 21.26667
v -18.33333 0.02541 21.26667
v -17.60000 0.03670 21.26667
v -16.86667 0.03674 21.26667
v -16.13333 0.02695 21.26667
v -15.40000 0.01617 21.26667
v -14.66667 0.01345 21.26667
v -13.93333 0.02139 21.26667
v -13.20000 0.03549 21.26667
v -12.46667 0.04859 21.26667
v -11.73333 0.05534 21.26667
v -11.00000 0.05544 21.26667
v -10.26667 0.05397 21.26667
v -9.53333 0.05873 21.26667
v -8.80000 0.07576 21.26667
v -8.06667 0.10560 21.26667
v -7.33333 0.14213 21.26667
v -6.60000 0.17488 21.26667
v -5.86667 0.19371 21.26667
v -5.13333 0.19377 21.26667
v -4.40000 0.17808 21.26667
v -3.66667 0.15662 21.26667
v -2.93333 0.14202 21.26667
v -2.20000 0.14392 21.26667
v -1.46667 0.16463 21.26667
v -0.73333 0.19810 21.26667
v 0.00000 0.23262 21.26667
v 0.73333 0.25610 21.26667
v 1.46667 0.26126 21.26667
v 2.20000 0.24852 21.26667
v 2.93333 0.22515 21.26667
v 3.66667 0.20145 21.26667
v 4.40000 0.18568 21.26667
v 5.13333 0.18048 21.26667
v 5.86667 0.18228 21.26667
v 6.60000 0.18388 21.26667
v 7.33333 0.17886 21.26667
v 8.06667 0.16526 21.26667
v 8.80000 0.14679 21.26667
v 9.53333 0.13080 21.26667
v 10.26667 0.12414 21.26667
v 11.00000 0.12900 21.26667
v 11.73333 0.14107 21.26667
v 12.46667 0.15104 21.26667
v 13.20000 0.14886 21.26667
v 13.93333 0.12882 21.26667
v 14.66667 0.09280 21.26667
v 15.40000 0.05013 21.26667
v 16.13333 0.01387 21.26667
v 16.86667 -0.00481 21.26667
v 17.60000 -0.00155 21.26667
v 18.33333 0.01925 21.26667
v 19.06667 0.04644 21.26667
v 19.80000 0.06705 21.26667
v 20.53333 0.07188 21.26667
v 21.26667 0.05925 21.26667
v 22.00000 0.00000 21.26667
v -22.00000 0.00000 22.00000
v -21.26667 0.00000 22.00000
v -20.53333 0.00000 22.00000
v -19.80000 0.00000 22.00000
v -19.06667 0.00000 22.00000
v -18.33333 0.00000 22.00000
v -17.60000 0.00000 22.00000
v -16.86667 0.00000 22.00000
v -16.13333 0.00000 22.00000
v -15.40000 0.00000 22.00000
v -14.66667 0.00000 22.00000
v -13.93333 0.00000 22.00000
v -13.20000 0.00000 22.00000
v -12.46667 0.00000 22.00000
v -11.73333 0.00000 22.00000
v -11.00000 0.00000 22.00000
v -10.26667 0.00000 22.00000
v -9.53333 0.00000 22.00000
v -8.80000 0.00000 22.00000
v -8.06667 0.00000 22.00000
v -7.33333 0.00000 22.00000
v -6.60000 0.00000 22.00000
v -5.86667 0.00000 22.00000
v -5.13333 0.00000 22.00000
v -4.40000 0.00000 22.00000
v -3.66667 0.00000 22.00000
v -2.93333 0.00000 22.00000
v -2.20000 0.00000 22.00000
v -1.46667 0.00000 22.00000
v -0.73333 0.00000 22.00000
v 0.00000 0.00000 22.00000
v 0.73333 0.00000 22.00000
v 1.46667 0.00000 22.00000
v 2.20000 0.00000 22.00000
v 2.93333 0.00000 22.00000
v 3.66667 0.00000 22.00000
v 4.40000 0.00000 22.00000
v 5.13333 0.00000 22.00000
v 5.86667 0.00000 22.00000
v 6.60000 0.00000 22.00000
v 7.33333 0.00000 22.00000
v 8.06667 0.00000 22.00000
v 8.80000 0.00000 22.00000
v 9.53333 0.00000 22.00000
v 10.26667 0.00000 22.00000
v 11.00000 0.00000 22.00000
v 11.73333 0.00000 22.00000
v 12.46667 0.00000 22.00000
v 13.20000 0.00000 22.00000
v 13.93333 0.00000 22.00000
v 14.66667 0.00000 22.00000
v 15.40000 0.00000 22.00000
v 16.13333 0.00000 22.00000
v 16.86667 0.00000 22.00000
v 17.60000 0.00000 22.00000
v 18.33333 0.00000 22.00000
v 19.06667 0.00000 22.00000
v 19.80000 0.00000 22.00000
v 20.53333 0.00000 22.00000
v 21.26667 0.00000 22.00000
v 22.00000 0.00000 22.00000
s 1
f 1 62 2
f 2 62 63
f 2 63 3
f 3 63 64
f 3 64 4
f 4 64 65
f 4 65 5
f 5 65 66
f 5 66 6
f 6 66 67
f 6 67 7
f 7 67 68
f 7 68 8
f 8 68 69
f 8 69 9
f 9 69 70
f 9 70 10
f 10 70 71
f 10 71 11
f 11 71 72
f 11 72 12
f 12 72 73
f 12 73 13
f 13 73 74
f 13 74 14
f 14 74 75
f 14 75 15
f 15 75 76
f 15 76 16
f 16 76 77
f 16 77 17
f 17 77 78
f 17 78 18
f 18 78 79
f 18 79 19
f 19 79 80
f 19 80 20
f 20 80 81
f 20 81 21
f 21 81 82
f 21 82 22
f 22 82 83
f 22 83 23
f 23 83 84
f 23 84 24
f 24 84 85
f 24 85 25
f 25 85 86
f 25 86 26
f 26 86 87
f 26 87 27
f 27 87 88
f 27 88 28
f 28 88 89
f 28 89 29
f 29 89 90
f 29 90 30
f 30 90 91
f 30 91 31
f 31 91 92
f 31 92 32
f 32 92 93
f 32 93 33
f 33 93 94
f 33 94 34
f 34 94 95
f 34 95 35
f 35 95 96
f 35 96 36
f 36 96 97
f 36 97 37
f 37 97 98
f 37 98 38
f 38 98 99
f 38 99 39
f 39 99 100
f 39 100 40
f 40 100 101
f 40 101 41
f 41 101 102
f 41 102 42
f 42 102 103
f 42 103 43
f 43 103 104
f 43 104 44
f 44 104 105
f 44 105 45
f 45 105 106
f 45 106 46
f 46 106 107
f 46 107 47
f 47 107 108
f 47 108 48
f 48 108 109
f 48 109 49
f 49 109 110
f 49 110 50
f 50 110 111
f 50 111 51
f 51 111 112
f 51 112 52
f 52 112 113
f 52 113 53
f 53 113 114
f 53 114 54
f 54 114 115
f 54 115 55
f 55 115 116
f 55 116 56
f 56 116 117
f 56 117 57
f 57 117 118
f 57 118 58
f 58 118 119
f 58 119 59
f 59 119 120
f 59 120 60
f 60 120 121
f 60 121 61
f 61 121 122
f 62 123 63
f 63 123 124
f 63 124 64
f 64 124 125
f 64 125 65
f 65 125 126
f 65 126 66
f 66 126 127
f 66 127 67
f 67 127 128
f 67 128 68
f 68 128 129
f 68 129 69
f 69 129 130
f 69 130 70
f 70 130 131
f 70 131 71
f 71 131 132
f 71 132 72
f 72 132 133
f 72 133 73
f 73 133 134
f 73 134 74
f 74 134 135
f 74 135 75
f 75 135 136
f 75 136 76
f 76 136 137
f 76 137 77
f 77 137 138
f 77 138 78
f 78 138 139
f 78 139 79
f 79 139 140
f 79 140 80
f 80 140 141
f 80 141 81
f 81 141 142
f 81 142 82
f 82 142 143
f 82 143 83
f 83 143 144
f 83 144 84
f 84 144 145
f 84 145 85
f 85 145 146
f 85 146 86
f 86 146 147
f 86 147 87
f 87 147 148
f 87 148 88
f 88 148 149
f 88 149 89
f 89 149 150
f 89 150 90
f 90 150 151
f 90 151 91
f 91 151 152
f 91 152 92
f 92 152 153
f 92 153 93
f 93 153 154
f 93 154 94
f 94 154 155
f 94 155 95
f 95 155 156
f 95 156 96
f 96 156 157
f 96 157 97
f 97 157 158
f 97 158 98
f 98 158 159
f 98 159 99
f 99 159 160
f 99 160 100
f 100 160 161
f 100 161 101
f 101 161 162
f 101 162 102
f 102 162 163
f 102 163 103
f 103 163 164
f 103 164 104
f 104 164 165
f 104 165 105
f 105 165 166
f 105 166 106
f 106 166 167
f 106 167 107
f 107 167 168
f 107 168 108
f 108 168 169
f 108 169 109
f 109 169 170
f 109 170 110
f 110 170 171
f 110 171 111
f 111 171 172
f 111 172 112
f 112 172 173
f 112 173 113
f 113 173 174
f 113 174 114
f 114 174 175
f 114 175 115
f 115 175 176
f 115 176 116
f 116 176 177
f 116 177 117
f 117 177 178
f 117 178 118
f 118 178 179
f 118 179 119
f 119 179 180
f 119 180 120
f 120 180 181
f 120 181 121
f 121 181 182
f 121 182 122
f 122 182 183
f 123 184 124
f 124 184 185
f 124 185 125
f 125 185 186
f 125 186 126
f 126 186 187
f 126 187 127
f 127 187 188
f 127 188 128
f 128 188 189
f 128 189 129
f 129 189 190
f 129 190 130
f 130 190 191
f 130 191 131
f 131 191 192
f 131 192 132
f 132 192 193
f 132 193 133
f 133 193 194
f 133 194 134
f 134 194 195
f 134 195 135
f 135 195 196
f 135 196 136
f 136 196 197
f 136 197 137
f 137 197 198
f 137 198 138
f 138 198 199
f 138 199 139
f 139 199 200
f 139 200 140
f 140 200 201
f 140 201 141
f 141 201 202
f 141 202 142
f 142 202 203
f 142 203 143
f 143 203 204
f 143 204 144
f 144 204 205
f 144 205 145
f 145 205 206
f 145 206 146
f 146 206 207
f 146 207 147
f 147 207 208
f 147 208 148
f 148 208 209
f 148 209 149
f 149 209 210
f 149 210 150
f 150 210 211
f 150 211 151
f 151 211 212
f 151 212 152
f 152 212 213
f 152 213 153
f 153 213 214
f 153 214 154
f 154 214 215
f 154 215 155
f 155 215 216
f 155 216 156
f 156 216 217
f 156 217 157
f 157 217 218
f 157 218 158
f 158 218 219
f 158 219 159
f 159 219 220
f 159 220 160
f 160 220 221
f 160 221 161
f 161 221 222
f 161 222 162
f 162 222 223
f 162 223 163
f 163 223 224
f 163 224 164
f 164 224 225
f 164 225 165
f 165 225 226
f 165 226 166
f 166 226 227
f 166 227 167
f 167 227 228
f 167 228 168
f 168 228 229
f 168 229 169
f 169 229 230
f 169 230 170
f 170 230 231
f 170 231 171
f 171 231 232
f 171 232 172
f 172 232 233
f 172 233 173
f 173 233 234
f 173 234 174
f 174 234 235
f 174 235 175
f 175 235 236
f 175 236 176
f 176 236 237
f 176 237 177
f 177 237 238
f 177 238 178
f 178 238 239
f 178 239 179
f 179 239 240
f 179 240 180
f 180 240 241
f 180 241 181
f 181 241 242
f 181 242 182
f 182 242 243
f 182 243 183
f 183 243 244
f 184 245 185
f 185 245 246
f 185 246 186
f 186 246 247
f 186 247 187
f 187 247 248
f 187 248 188
f 188 248 249
f 188 249 189
f 189 249 250
f 189 250 190
f 190 250 251
f 190 251 191
f 191 251 252
f 191 252 192
f 192 252 253
f 192 253 193
f 193 253 254
f 193 254 194
f 194 254 255
f 194 255 195
f 195 255 256
f 195 256 196
f 196 256 257
f 196 257 197
f 197 257 258
f 197 258 198
f 198 258 259
f 198 259 199
f 199 259 260
f 199 260 200
f 200 260 261
f 200 261 201
f 201 261 262
f 201 262 202
f 202 262 263
f 202 263 203
f 203 263 264
f 203 264 204
f 204 264 265
f 204 265 205
f 205 265 266
f 205 266 206
f 206 266 267
f 206 267 207
f 207 267 268
f 207 268 208
f 208 268 269
f 208 269 209
f 209 269 270
f 209 270 210
f 210 270 271
f 210 271 211
f 211 271 272
f 211 272 212
f 212 272 273
f 212 273 213
f 213 273 274
f 213 274 214
f 214 274 275
f 214 275 215
f 215 275 276
f 215 276 216
f 216 276 277
f 216 277 217
f 217 277 278
f 217 278 218
f 218 278 279
f 218 279 219
f 219 279 280
f 219 280 220
f 220 280 281
f 220 281 221
f 221 281 282
f 221 282 222
f 222 282 283
f 222 283 223
f 223 283 284
f 223 284 224
f 224 284 285
f 224 285 225
f 225 285 286
f 225 286 226
f 226 286 287
f 226 287 227
f 227 287 288
f 227 288 228
f 228 288 289
f 228 289 229
f 229 289 290
f 229 290 230
f 230 290 291
f 230 291 231
f 231 291 292
f 231 292 232
f 232 292 293
f 232 293 233
f 233 293 294
f 233 294 234
f 234 294 295
f 234 295 235
f 235 295 296
f 235 296 236
f 236 296 297
f 236 297 237
f 237 297 298
f 237 298 238
f 238 298 299
f 238 299 239
f 239 299 300
f 239 300 240
f 240 300 301
f 240 301 241
f 241 301 302
f 241 302 242
f 242 302 303
f 242 303 243
f 243 303 304
f 243 304 244
f 244 304 305
f 245 306 246
f 246 306 307
f 246 307 247
f 247 307 308
f 247 308 248
f 248 308 309
f 248 309 249
f 249 309 310
f 249 310 250
f 250 310 311
f 250 311 251
f 251 311 312
f 251 312 252
f 252 312 313
f 252 313 253
f 253 313 314
f 253 314 254
f 254 314 315
f 254 315 255
f 255 315 316
f 255 316 256
f 256 316 317
f 256 317 257
f 257 317 318
f 257 318 258
f 258 318 319
f 258 319 259
f 259 319 320
f 259 320 260
f 260 320 321
f 260 321 261
f 261 321 322
f 261 322 262
f 262 322 323
f 262 323 263
f 263 323 324
f 263 324 264
f 264 324 325
f 264 325 265
f 265 325 326
f 265 326 266
f 266 326 327
f 266 327 267
f 267 327 328
f 267 328 268
f 268 328 329
f 268 329 269
f 269 329 330
f 269 330 270
f 270 330 331
f 270 331 271
f 271 331 332
f 271 332 272
f 272 332 333
f 272 333 273
f 273 333 334
f 273 334 274
f 274 334 335
f 274 335 275
f 275 335 336
f 275 336 276
f 276 336 337
f 276 337 277
f 277 337 338
f 277 338 278
f 278 338 339
f 278 339 279
f 279 339 340
f 279 340 280
f 280 340 341
f 280 341 281
f 281 341 342
f 281 342 282
f 282 342 343
f 282 343 283
f 283 343 344
f 283 344 284
f 284 344 345
f 284 345 285
f 285 345 346
f 285 346 286
f 286 346 347
f 286 347 287
f 287 347 348
f 287 348 288
f 288 348 349
f 288 349 289
f 289 349 350
f 289 350 290
f 290 350 351
f 290 351 291
f 291 351 352
f 291 352 292
f 292 352 353
f 292 353 293
f 293 353 354
f 293 354 294
f 294 354 355
f 294 355 295
f 295 355 356
f 295 356 296
f 296 356 357
f 296 357 297
f 297 357 358
f 297 358 298
f 298 358 359
f 298 359 299
f 299 359 360
f 299 360 300
f 300 360 361
f 300 361 301
f 301 361 362
f 301 362 302
f 302 362 363
f 302 363 303
f 303 363 364
f 303 364 304
f 304 364 365
f 304 365 305
f 305 365 366
f 306 367 307
f 307 367 368
f 307 368 308
f 308 368 369
f 308 369 309
f 309 369 370
f 309 370 310
f 310 370 371
f 310 371 311
f 311 371 372
f 311 372 312
f 312 372 373
f 312 373 313
f 313 373 374
f 313 374 314
f 314 374 375
f 314 375 315
f 315 375 376
f 315 376 316
f 316 376 377
f 316 377 317
f 317 377 378
f 317 378 318
f 318 378 379
f 318 379 319
f 319 379 380
f 319 380 320
f 320 380 381
f 320 381 321
f 321 381 382
f 321 382 322
f 322 382 383
f 322 383 323
f 323 383 384
f 323 384 324
f 324 384 385
f 324 385 325
f 325 385 386
f 325 386 326
f 326 386 387
f 326 387 327
f 327 387 388
f 327 388 328
f 328 388 389
f 328 389 329
f 329 389 390
f 329 390 330
f 330 390 391
f 330 391 331
f 331 391 392
f 331 392 332
f 332 392 393
f 332 393 333
f 333 393 394
f 333 394 334
f 334 394 395
f 334 395 335
f 335 395 396
f 335 396 336
f 336 396 397
f 336 397 337
f 337 397 398
f 337 398 338
f 338 398 399
f 338 399 339
f 339 399 400
f 339 400 340
f 340 400 401
f 340 401 341
f 341 401 402
f 341 402 342
f 342 402 403
f 342 403 343
f 343 403 404
f 343 404 344
f 344 404 405
f 344 405 345
f 345 405 406
f 345 406 346
f 346 406 407
f 346 407 347
f 347 407 408
f 347 408 348
f 348 408 409
f 348 409 349
f 349 409 410
f 349 410 350
f 350 410 411
f 350 411 351
f 351 411 412
f 351 412 352
f 352 412 413
f 352 413 353
f 353 413 414
f 353 414 354
f 354 414 415
f 354 415 355
f 355 415 416
f 355 416 356
f 356 416 417
f 356 417 357
f 357 417 418
f 357 418 358
f 358 418 419
f 358 419 359
f 359 419 420
f 359 420 360
f 360 420 421
f 360 421 361
f 361 421 422
f 361 422 362
f 362 422 423
f 362 423 363
f 363 423 424
f 363 424 364
f 364 424 425
f 364 425 365
f 365 425 426
f 365 426 366
f 366 426 427
f 367 428 368
f 368 428 429
f 368 429 369
f 369 429 430
f 369 430 370
f 370 430 431
f 370 431 371
f 371 431 432
f 371 432 372
f 372 432 433
f 372 433 373
f 373 433 434
f 373 434 374
f 374 434 435
f 374 435 375
f 375 435 436
f 375 436 376
f 376 436 437
f 376 437 377
f 377 437 438
f 377 438 378
f 378 438 439
f 378 439 379
f 379 439 440
f 379 440 380
f 380 440 441
f 380 441 381
f 381 441 442
f 381 442 382
f 382 442 443
f 382 443 383
f 383 443 444
f 383 444 384
f 384 444 445
f 384 445 385
f 385 445 446
f 385 446 386
f 386 446 447
f 386 447 387
f 387 447 448
f 387 448 388
f 388 448 449
f 388 449 389
f 389 449 450
f 389 450 390
f 390 450 451
f 390 451 391
f 391 451 452
f 391 452 392
f 392 452 453
f 392 453 393
f 393 453 454
f 393 454 394
f 394 454 455
f 394 455 395
f 395 455 456
f 395 456 396
f 396 456 457
f 396 457 397
f 397 457 458
f 397 458 398
f 398 458 459
f 398 459 399
f 399 459 460
f 399 460 400
f 400 460 461
f 400 461 401
f 401 461 462
f 401 462 402
f 402 462 463
f 402 463 403
f 403 463 464
f 403 464 404
f 404 464 465
f 404 465 405
f 405 465 466
f 405 466 406
f 406 466 467
f 406 467 407
f 407 467 468
f 407 468 408
f 408 468 469
f 408 469 409
f 409 469 470
f 409 470 410
f 410 470 471
f 410 471 411
f 411 471 472
f 411 472 412
f 412 472 473
f 412 473 413
f 413 473 474
f 413 474 414
f 414 474 475
f 414 475 415
f 415 475 476
f 415 476 416
f 416 476 477
f 416 477 417
f 417 477 478
f 417 478 418
f 418 478 479
f 418 479 419
f 419 479 480
f 419 480 420
f 420 480 481
f 420 481 421
f 421 481 482
f 421 482 422
f 422 482 483
f 422 483 423
f 423 483 484
f 423 484 424
f 424 484 485
f 424 485 425
f 425 485 486
f 425 486 426
f 426 486 487
f 426 487 427
f 427 487 488
f 428 489 429
f 429 489 490
f 429 490 430
f 430 490 491
f 430 491 431
f 431 491 492
f 431 492 432
f 432 492 493
f 432 493 433
f 433 493 494
f 433 494 434
f 434 494 495
f 434 495 435
f 435 495 496
f 435 496 436
f 436 496 497
f 436 497 437
f 437 497 498
f 437 498 438
f 438 498 499
f 438 499 439
f 439 499 500
f 439 500 440
f 440 500 501
f 440 501 441
f 441 501 502
f 441 502 442
f 442 502 503
f 442 503 443
f 443 503 504
f 443 504 444
f 444 504 505
f 444 505 445
f 445 505 506
f 445 506 446
f 446 506 507
f 446 507 447
f 447 507 508
f 447 508 448
f 448 508 509
f 448 509 449
f 449 509 510
f 449 510 450
f 450 510 511
f 450 511 451
f 451 511 512
f 451 512 452
f 452 512 513
f 452 513 453
f 453 513 514
f 453 514 454
f 454 514 515
f 454 515 455
f 455 515 516
f 455 516 456
f 456 516 517
f 456 517 457
f 457 517 518
f 457 518 458
f 458 518 519
f 458 519 459
f 459 519 520
f 459 520 460
f 460 520 521
f 460 521 461
f 461 521 522
f 461 522 462
f 462 522 523
f 462 523 463
f 463 523 524
f 463 524 464
f 464 524 525
f 464 525 465
f 465 525 526
f 465 526 466
f 466 526 527
f 466 527 467
f 467 527 528
f 467 528 468
f 468 528 529
f 468 529 469
f 469 529 530
f 469 530 470
f 470 530 531
f 470 531 471
f 471 531 532
f 471 532 472
f 472 532 533
f 472 533 473
f 473 533 534
f 473 534 474
f 474 534 535
f 474 535 475
f 475 535 536
f 475 536 476
f 476 536 537
f 476 537 477
f 477 537 538
f 477 538 478
f 478 538 539
f 478 539 479
f 479 539 540
f 479 540 480
f 480 540 541
f 480 541 481
f 481 541 542
f 481 542 482
f 482 542 543
f 482 543 483
f 483 543 544
f 483 544 484
f 484 544 545
f 484 545 485
f 485 545 546
f 485 546 486
f 486 546 547
f 486 547 487
f 487 547 548
f 487 548 488
f 488 548 549
f 489 550 490
f 490 550 551
f 490 551 491
f 491 551 552
f 491 552 492
f 492 552 553
f 492 553 493
f 493 553 554
f 493 554 494
f 494 554 555
f 494 555 495
f 495 555 556
f 495 556 496
f 496 556 557
f 496 557 497
f 497 557 558
f 497 558 498
f 498 558 559
f 498 559 499
f 499 559 560
f 499 560 500
f 500 560 561
f 500 561 501
f 501 561 562
f 501 562 502
f 502 562 563
f 502 563 503
f 503 563 564
f 503 564 504
f 504 564 565
f 504 565 505
f 505 565 566
f 505 566 506
f 506 566 567
f 506 567 507
f 507 567 568
f 507 568 508
f 508 568 569
f 508 569 509
f 509 569 570
f 509 570 510
f 510 570 571
f 510 571 511
f 511 571 572
f 511 572 512
f 512 572 573
f 512 573 513
f 513 573 574
f 513 574 514
f 514 574 575
f 514 575 515
f 515 575 576
f 515 576 516
f 516 576 577
f 516 577 517
f 517 577 578
f 517 578 518
f 518 578 579
f 518 579 519
f 519 579 580
f 519 580 520
f 520 580 581
f 520 581 521
f 521 581 582
f 521 582 522
f 522 582 583
f 522 583 523
f 523 583 584
f 523 584 524
f 524 584 585
f 524 585 525
f 525 585 586
f 525 586 526
f 526 586 587
f 526 587 527
f 527 587 588
f 527 588 528
f 528 588 589
f 528 589 529
f 529 589 590
f 529 590 530
f 530 590 591
f 530 591 531
f 531 591 592
f 531 592 532
f 532 592 593
f 532 593 533
f 533 593 594
f 533 594 534
f 534 594 595
f 534 595 535
f 535 595 596
f 535 596 536
f 536 596 597
f 536 597 537
f 537 597 598
f 537 598 538
f 538 598 599
f 538 599 539
f 539 599 600
f 539 600 540
f 540 600 601
f 540 601 541
f 541 601 602
f 541 602 542
f 542 602 603
f 542 603 543
f 543 603 604
f 543 604 544
f 544 604 605
f 544 605 545
f 545 605 606
f 545 606 546
f 546 606 607
f 546 607 547
f 547 607 608
f 547 608 548
f 548 608 609
f 548 609 549
f 549 609 610
f 550 611 551
f 551 611 612
f 551 612 552
f 552 612 613
f 552 613 553
f 553 613 614
f 553 614 554
f 554 614 615
f 554 615 555
f 555 615 616
f 555 616 556
f 556 616 617
f 556 617 557
f 557 617 618
f 557 618 558
f 558 618 619
f 558 619 559
f 559 619 620
f 559 620 560
f 560 620 621
f 560 621 561
f 561 621 622
f 561 622 562
f 562 622 623
f 562 623 563
f 563 623 624
f 563 624 564
f 564 624 625
f 564 625 565
f 565 625 626
f 565 626 566
f 566 626 627
f 566 627 567
f 567 627 628
f 567 628 568
f 568 628 629
f 568 629 569
f 569 629 630
f 569 630 570
f 570 630 631
f 570 631 571
f 571 631 632
f 571 632 572
f 572 632 633
f 572 633 573
f 573 633 634
f 573 634 574
f 574 634 635
f 574 635 575
f 575 635 636
f 575 636 576
f 576 636 637
f 576 637 577
f 577 637 638
f 577 638 578
f 578 638 639
f 578 639 579
f 579 639 640
f 579 640 580
f 580 640 641
f 580 641 581
f 581 641 642
f 581 642 582
f 582 642 643
f 582 643 583
f 583 643 644
f 583 644 584
f 584 644 645
f 584 645 585
f 585 645 646
f 585 646 586
f 586 646 647
f 586 647 587
f 587 647 648
f 587 648 588
f 588 648 649
f 588 649 589
f 589 649 650
f 589 650 590
f 590 650 651
f 590 651 591
f 591 651 652
f 591 652 592
f 592 652 653
f 592 653 593
f 593 653 654
f 593 654 594
f 594 654 655
f 594 655 595
f 595 655 656
f 595 656 596
f 596 656 657
f 596 657 597
f 597 657 658
f 597 658 598
f 598 658 659
f 598 659 599
f 599 659 660
f 599 660 600
f 600 660 661
f 600 661 601
f 601 661 662
f 601 662 602
f 602 662 663
f 602 663 603
f 603 663 664
f 603 664 604
f 604 664 665
f 604 665 605
f 605 665 666
f 605 666 606
f 606 666 667
f 606 667 607
f 607 667 668
f 607 668 608
f 608 668 669
f 608 669 609
f 609 669 670
f 609 670 610
f 610 670 671
f 611 672 612
f 612 672 673
f 612 673 613
f 613 673 674
f 613 674 614
f 614 674 675
f 614 675 615
f 615 675 676
f 615 676 616
f 616 676 677
f 616 677 617
f 617 677 678
f 617 678 618
f 618 678 679
f 618 679 619
f 619 679 680
f 619 680 620
f 620 680 681
f 620 681 621
f 621 681 682
f 621 682 622
f 622 682 683
f 622 683 623
f 623 683 684
f 623 684 624
f 624 684 685
f 624 685 625
f 625 685 686
f 625 686 626
f 626 686 687
f 626 687 627
f 627 687 688
f 627 688 628
f 628 688 689
f 628 689 629
f 629 689 690
f 629 690 630
f 630 690 691
f 630 691 631
f 631 691 692
f 631 692 632
f 632 692 693
f 632 693 633
f 633 693 694
f 633 694 634
f 634 694 695
f 634 695 635
f 635 695 696
f 635 696 636
f 636 696 697
f 636 697 637
f 637 697 698
f 637 698 638
f 638 698 699
f 638 699 639
f 639 699 700
f 639 700 640
f 640 700 701
f 640 701 641
f 641 701 702
f 641 702 642
f 642 702 703
f 642 703 643
f 643 703 704
f 643 704 644
f 644 704 705
f 644 705 645
f 645 705 706
f 645 706 646
f 646 706 707
f 646 707 647
f 647 707 708
f 647 708 648
f 648 708 709
f 648 709 649
f 649 709 710
f 649 710 650
f 650 710 711
f 650 711 651
f 651 711 712
f 651 712 652
f 652 712 713
f 652 713 653
f 653 713 714
f 653 714 654
f 654 714 715
f 654 715 655
f 655 715 716
f 655 716 656
f 656 716 717
f 656 717 657
f 657 717 718
f 657 718 658
f 658 718 719
f 658 719 659
f 659 719 720
f 659 720 660
f 660 720 721
f 660 721 661
f 661 721 722
f 661 722 662
f 662 722 723
f 662 723 663
f 663 723 724
f 663 724 664
f 664 724 725
f 664 725 665
f 665 725 726
f 665 726 666
f 666 726 727
f 666 727 667
f 667 727 728
f 667 728 668
f 668 728 729
f 668 729 669
f 669 729 730
f 669 730 670
f 670 730 731
f 670 731 671
f 671 731 732
f 672 733 673
f 673 733 734
f 673 734 674
f 674 734 735
f 674 735 675
f 675 735 736
f 675 736 676
f 676 736 737
f 676 737 677
f 677 737 738
f 677 738 678
f 678 738 739
f 678 739 679
f 679 739 740
f 679 740 680
f 680 740 741
f 680 741 681
f 681 741 742
f 681 742 682
f 682 742 743
f 682 743 683
f 683 743 744
f 683 744 684
f 684 744 745
f 684 745 685
f 685 745 746
f 685 746 686
f 686 746 747
f 686 747 687
f 687 747 748
f 687 748 688
f 688 748 749
f 688 749 689
f 689 749 750
f 689 750 690
f 690 750 751
f 690 751 691
f 691 751 752
f 691 752 692
f 692 752 753
f 692 753 693
f 693 753 754
f 693 754 694
f 694 754 755
f 694 755 695
f 695 755 756
f 695 756 696
f 696 756 757
f 696 757 697
f 697 757 758
f 697 758 698
f 698 758 759
f 698 759 699
f 699 759 760
f 699 760 700
f 700 760 761
f 700 761 701
f 701 761 762
f 701 762 702
f 702 762 763
f 702 763 703
f 703 763 764
f 703 764 704
f 704 764 765
f 704 765 705
f 705 765 766
f 705 766 706
f 706 766 767
f 706 767 707
f 707 767 768
f 707 768 708
f 708 768 769
f 708 769 709
f 709 769 770
f 709 770 710
f 710 770 771
f 710 771 711
f 711 771 772
f 711 772 712
f 712 772 773
f 712 773 713
f 713 773 774
f 713 774 714
f 714 774 775
f 714 775 715
f 715 775 776
f 715 776 716
f 716 776 777
f 716 777 717
f 717 777 778
f 717 778 718
f 718 778 779
f 718 779 719
f 719 779 780
f 719 780 720
f 720 780 781
f 720 781 721
f 721 781 782
f 721 782 722
f 722 782 783
f 722 783 723
f 723 783 784
f 723 784 724
f 724 784 785
f 724 785 725
f 725 785 786
f 725 786 726
f 726 786 787
f 726 787 727
f 727 787 788
f 727 788 728
f 728 788 789
f 728 789 729
f 729 789 790
f 729 790 730
f 730 790 791
f 730 791 731
f 731 791 792
f 731 792 732
f 732 792 793
f 733 794 734
f 734 794 795
f 734 795 735
f 735 795 796
f 735 796 736
f 736 796 797
f 736 797 737
f 737 797 798
f 737 798 738
f 738 798 799
f 738 799 739
f 739 799 800
f 739 800 740
f 740 800 801
f 740 801 741
f 741 801 802
f 741 802 742
f 742 802 803
f 742 803 743
f 743 803 804
f 743 804 744
f 744 804 805
f 744 805 745
f 745 805 806
f 745 806 746
f 746 806 807
f 746 807 747
f 747 807 808
f 747 808 748
f 748 808 809
f 748 809 749
f 749 809 810
f 749 810 750
f 750 810 811
f 750 811 751
f 751 811 812
f 751 812 752
f 752 812 813
f 752 813 753
f 753 813 814
f 753 814 754
f 754 814 815
f 754 815 755
f 755 815 816
f 755 816 756
f 756 816 817
f 756 817 757
f 757 817 818
f 757 818 758
f 758 818 819
f 758 819 759
f 759 819 820
f 759 820 760
f 760 820 821
f 760 821 761
f 761 821 822
f 761 822 762
f 762 822 823
f 762 823 763
f 763 823 824
f 763 824 764
f 764 824 825
f 764 825 765
f 765 825 826
f 765 826 766
f 766 826 827
f 766 827 767
f 767 827 828
f 767 828 768
f 768 828 829
f 768 829 769
f 769 829 830
f 769 830 770
f 770 830 831
f 770 831 771
f 771 831 832
f 771 832 772
f 772 832 833
f 772 833 773
f 773 833 834
f 773 834 774
f 774 834 835
f 774 835 775
f 775 835 836
f 775 836 776
f 776 836 837
f 776 837 777
f 777 837 838
f 777 838 778
f 778 838 839
f 778 839 779
f 779 839 840
f 779 840 780
f 780 840 841
f 780 841 781
f 781 841 842
f 781 842 782
f 782 842 843
f 782 843 783
f 783 843 844
f 783 844 784
f 784 844 845
f 784 845 785
f 785 845 846
f 785 846 786
f 786 846 847
f 786 847 787
f 787 847 848
f 787 848 788
f 788 848 849
f 788 849 789
f 789 849 850
f 789 850 790
f 790 850 851
f 790 851 791
f 791 851 852
f 791 852 792
f 792 852 853
f 792 853 793
f 793 853 854
f 794 855 795
f 795 855 856
f 795 856 796
f 796 856 857
f 796 857 797
f 797 857 858
f 797 858 798
f 798 858 859
f 798 859 799
f 799 859 860
f 799 860 800
f 800 860 861
f 800 861 801
f 801 861 862
f 801 862 802
f 802 862 863
f 802 863 803
f 803 863 864
f 803 864 804
f 804 864 865
f 804 865 805
f 805 865 866
f 805 866 806
f 806 866 867
f 806 867 807
f 807 867 868
f 807 868 808
f 808 868 869
f 808 869 809
f 809 869 870
f 809 870 810
f 810 870 871
f 810 871 811
f 811 871 872
f 811 872 812
f 812 872 873
f 812 873 813
f 813 873 874
f 813 874 814
f 814 874 875
f 814 875 815
f 815 875 876
f 815 876 816
f 816 876 877
f 816 877 817
f 817 877 878
f 817 878 818
f 818 878 879
f 818 879 819
f 819 879 880
f 819 880 820
f 820 880 881
f 820 881 821
f 821 881 882
f 821 882 822
f 822 882 883
f 822 883 823
f 823 883 884
f 823 884 824
f 824 884 885
f 824 885 825
f 825 885 886
f 825 886 826
f 826 886 887
f 826 887 827
f 827 887 888
f 827 888 828
f 828 888 889
f 828 889 829
f 829 889 890
f 829 890 830
f 830 890 891
f 830 891 831
f 831 891 892
f 831 892 832
f 832 892 893
f 832 893 833
f 833 893 894
f 833 894 834
f 834 894 895
f 834 895 835
f 835 895 896
f 835 896 836
f 836 896 897
f 836 897 837
f 837 897 898
f 837 898 838
f 838 898 899
f 838 899 839
f 839 899 900
f 839 900 840
f 840 900 901
f 840 901 841
f 841 901 902
f 841 902 842
f 842 902 903
f 842 903 843
f 843 903 904
f 843 904 844
f 844 904 905
f 844 905 845
f 845 905 906
f 845 906 846
f 846 906 907
f 846 907 847
f 847 907 908
f 847 908 848
f 848 908 909
f 848 909 849
f 849 909 910
f 849 910 850
f 850 910 911
f 850 911 851
f 851 911 912
f 851 912 852
f 852 912 913
f 852 913 853
f 853 913 914
f 853 914 854
f 854 914 915
f 855 916 856
f 856 916 917
f 856 917 857
f 857 917 918
f 857 918 858
f 858 918 919
f 858 919 859
f 859 919 920
f 859 920 860
f 860 920 921
f 860 921 861
f 861 921 922
f 861 922 862
f 862 922 923
f 862 923 863
f 863 923 924
f 863 924 864
f 864 924 925
f 864 925 865
f 865 925 926
f 865 926 866
f 866 926 927
f 866 927 867
f 867 927 928
f 867 928 868
f 868 928 929
f 868 929 869
f 869 929 930
f 869 930 870
f 870 930 931
f 870 931 871
f 871 931 932
f 871 932 872
f 872 932 933
f 872 933 873
f 873 933 934
f 873 934 874
f 874 934 935
f 874 935 875
f 875 935 936
f 875 936 876
f 876 936 937
f 876 937 877
f 877 937 938
f 877 938 878
f 878 938 939
f 878 939 879
f 879 939 940
f 879 940 880
f 880 940 941
f 880 941 881
f 881 941 942
f 881 942 882
f 882 942 943
f 882 943 883
f 883 943 944
f 883 944 884
f 884 944 945
f 884 945 885
f 885 945 946
f 885 946 886
f 886 946 947
f 886 947 887
f 887 947 948
f 887 948 888
f 888 948 949
f 888 949 889
f 889 949 950
f 889 950 890
f 890 950 951
f 890 951 891
f 891 951 952
f 891 952 892
f 892 952 953
f 892 953 893
f 893 953 954
f 893 954 894
f 894 954 955
f 894 955 895
f 895 955 956
f 895 956 896
f 896 956 957
f 896 957 897
f 897 957 958
f 897 958 898
f 898 958 959
f 898 959 899
f 899 959 960
f 899 960 900
f 900 960 961
f 900 961 901
f 901 961 962
f 901 962 902
f 902 962 963
f 902 963 903
f 903 963 964
f 903 964 904
f 904 964 965
f 904 965 905
f 905 965 966
f 905 966 906
f 906 966 967
f 906 967 907
f 907 967 968
f 907 968 908
f 908 968 969
f 908 969 909
f 909 969 970
f 909 970 910
f 910 970 971
f 910 971 911
f 911 971 972
f 911 972 912
f 912 972 973
f 912 973 913
f 913 973 974
f 913 974 914
f 914 974 975
f 914 975 915
f 915 975 976
f 916 977 917
f 917 977 978
f 917 978 918
f 918 978 979
f 918 979 919
f 919 979 980
f 919 980 920
f 920 980 981
f 920 981 921
f 921 981 982
f 921 982 922
f 922 982 983
f 922 983 923
f 923 983 984
f 923 984 924
f 924 984 985
f 924 985 925
f 925 985 986
f 925 986 926
f 926 986 987
f 926 987 927
f 927 987 988
f 927 988 928
f 928 988 989
f 928 989 929
f 929 989 990
f 929 990 930
f 930 990 991
f 930 991 931
f 931 991 992
f 931 992 932
f 932 992 993
f 932 993 933
f 933 993 994
f 933 994 934
f 934 994 995
f 934 995 935
f 935 995 996
f 935 996 936
f 936 996 997
f 936 997 937
f 937 997 998
f 937 998 938
f 938 998 999
f 938 999 939
f 939 999 1000
f 939 1000 940
f 940 1000 1001
f 940 1001 941
f 941 1001 1002
f 941 1002 942
f 942 1002 1003
f 942 1003 943
f 943 1003 1004
f 943 1004 944
f 944 1004 1005
f 944 1005 945
f 945 1005 1006
f 945 1006 946
f 946 1006 1007
f 946 1007 947
f 947 1007 1008
f 947 1008 948
f 948 1008 1009
f 948 1009 949
f 949 1009 1010
f 949 1010 950
f 950 1010 1011
f 950 1011 951
f 951 1011 1012
f 951 1012 952
f 952 1012 1013
f 952 1013 953
f 953 1013 1014
f 953 1014 954
f 954 1014 1015
f 954 1015 955
f 955 1015 1016
f 955 1016 956
f 956 1016 1017
f 956 1017 957
f 957 1017 1018
f 957 1018 958
f 958 1018 1019
f 958 1019 959
f 959 1019 1020
f 959 1020 960
f 960 1020 1021
f 960 1021 961
f 961 1021 1022
f 961 1022 962
f 962 1022 1023
f 962 1023 963
f 963 1023 1024
f 963 1024 964
f 964 1024 1025
f 964 1025 965
f 965 1025 1026
f 965 1026 966
f 966 1026 1027
f 966 1027 967
f 967 1027 1028
f 967 1028 968
f 968 1028 1029
f 968 1029 969
f 969 1029 1030
f 969 1030 970
f 970 1030 1031
f 970 1031 971
f 971 1031 1032
f 971 1032 972
f 972 1032 1033
f 972 1033 973
f 973 1033 1034
f 973 1034 974
f 974 1034 1035
f 974 1035 975
f 975 1035 1036
f 975 1036 976
f 976 1036 1037
f 977 1038 978
f 978 1038 1039
f 978 1039 979
f 979 1039 1040
f 979 1040 980
f 980 1040 1041
f 980 1041 981
f 981 1041 1042
f 981 1042 982
f 982 1042 1043
f 982 1043 983
f 983 1043 1044
f 983 1044 984
f 984 1044 1045
f 984 1045 985
f 985 1045 1046
f 985 1046 986
f 986 1046 1047
f 986 1047 987
f 987 1047 1048
f 987 1048 988
f 988 1048 1049
f 988 1049 989
f 989 1049 1050
f 989 1050 990
f 990 1050 1051
f 990 1051 991
f 991 1051 1052
f 991 1052 992
f 992 1052 1053
f 992 1053 993
f 993 1053 1054
f 993 1054 994
f 994 1054 1055
f 994 1055 995
f 995 1055 1056
f 995 1056 996
f 996 1056 1057
f 996 1057 997
f 997 1057 1058
f 997 1058 998
f 998 1058 1059
f 998 1059 999
f 999 1059 1060
f 999 1060 1000
f 1000 1060 1061
f 1000 1061 1001
f 1001 1061 1062
f 1001 1062 1002
f 1002 1062 1063
f 1002 1063 1003
f 1003 1063 1064
f 1003 1064 1004
f 1004 1064 1065
f 1004 1065 1005
f 1005 1065 1066
f 1005 1066 1006
f 1006 1066 1067
f 1006 1067 1007
f 1007 1067 1068
f 1007 1068 1008
f 1008 1068 1069
f 1008 1069 1009
f 1009 1069 1070
f 1009 1070 1010
f 1010 1070 1071
f 1010 1071 1011
f 1011 1071 1072
f 1011 1072 1012
f 1012 1072 1073
f 1012 1073 1013
f 1013 1073 1074
f 1013 1074 1014
f 1014 1074 1075
f 1014 1075 1015
f 1015 1075 1076
f 1015 1076 1016
f 1016 1076 1077
f 1016 1077 1017
f 1017 1077 1078
f 1017 1078 1018
f 1018 1078 1079
f 1018 1079 1019
f 1019 1079 1080
f 1019 1080 1020
f 1020 1080 1081
f 1020 1081 1021
f 1021 1081 1082
f 1021 1082 1022
f 1022 1082 1083
f 1022 1083 1023
f 1023 1083 1084
f 1023 1084 1024
f 1024 1084 1085
f 1024 1085 1025
f 1025 1085 1086
f 1025 1086 1026
f 1026 1086 1087
f 1026 1087 1027
f 1027 1087 1088
f 1027 1088 1028
f 1028 1088 1089
f 1028 1089 1029
f 1029 1089 1090
f 1029 1090 1030
f 1030 1090 1091
f 1030 1091 1031
f 1031 1091 1092
f 1031 1092 1032
f 1032 1092 1093
f 1032 1093 1033
f 1033 1093 1094
f 1033 1094 1034
f 1034 1094 1095
f 1034 1095 1035
f 1035 1095 1096
f 1035 1096 1036
f 1036 1096 1097
f 1036 1097 1037
f 1037 1097 1098
f 1038 1099 1039
f 1039 1099 1100
f 1039 1100 1040
f 1040 1100 1101
f 1040 1101 1041
f 1041 1101 1102
f 1041 1102 1042
f 1042 1102 1103
f 1042 1103 1043
f 1043 1103 1104
f 1043 1104 1044
f 1044 1104 1105
f 1044 1105 1045
f 1045 1105 1106
f 1045 1106 1046
f 1046 1106 1107
f 1046 1107 1047
f 1047 1107 1108
f 1047 1108 1048
f 1048 1108 1109
f 1048 1109 1049
f 1049 1109 1110
f 1049 1110 1050
f 1050 1110 1111
f 1050 1111 1051
f 1051 1111 1112
f 1051 1112 1052
f 1052 1112 1113
f 1052 1113 1053
f 1053 1113 1114
f 1053 1114 1054
f 1054 1114 1115
f 1054 1115 1055
f 1055 1115 1116
f 1055 1116 1056
f 1056 1116 1117
f 1056 1117 1057
f 1057 1117 1118
f 1057 1118 1058
f 1058 1118 1119
f 1058 1119 1059
f 1059 1119 1120
f 1059 1120 1060
f 1060 1120 1121
f 1060 1121 1061
f 1061 1121 1122
f 1061 1122 1062
f 1062 1122 1123
f 1062 1123 1063
f 1063 1123 1124
f 1063 1124 1064
f 1064 1124 1125
f 1064 1125 1065
f 1065 1125 1126
f 1065 1126 1066
f 1066 1126 1127
f 1066 1127 1067
f 1067 1127 1128
f 1067 1128 1068
f 1068 1128 1129
f 1068 1129 1069
f 1069 1129 1130
f 1069 1130 1070
f 1070 1130 1131
f 1070 1131 1071
f 1071 1131 1132
f 1071 1132 1072
f 1072 1132 1133
f 1072 1133 1073
f 1073 1133 1134
f 1073 1134 1074
f 1074 1134 1135
f 1074 1135 1075
f 1075 1135 1136
f 1075 1136 1076
f 1076 1136 1137
f 1076 1137 1077
f 1077 1137 1138
f 1077 1138 1078
f 1078 1138 1139
f 1078 1139 1079
f 1079 1139 1140
f 1079 1140 1080
f 1080 1140 1141
f 1080 1141 1081
f 1081 1141 1142
f 1081 1142 1082
f 1082 1142 1143
f 1082 1143 1083
f 1083 1143 1144
f 1083 1144 1084
f 1084 1144 1145
f 1084 1145 1085
f 1085 1145 1146
f 1085 1146 1086
f 1086 1146 1147
f 1086 1147 1087
f 1087 1147 1148
f 1087 1148 1088
f 1088 1148 1149
f 1088 1149 1089
f 1089 1149 1150
f 1089 1150 1090
f 1090 1150 1151
f 1090 1151 1091
f 1091 1151 1152
f 1091 1152 1092
f 1092 1152 1153
f 1092 1153 1093
f 1093 1153 1154
f 1093 1154 1094
f 1094 1154 1155
f 1094 1155 1095
f 1095 1155 1156
f 1095 1156 1096
f 1096 1156 1157
f 1096 1157 1097
f 1097 1157 1158
f 1097 1158 1098
f 1098 1158 1159
f 1099 1160 1100
f 1100 1160 1161
f 1100 1161 1101
f 1101 1161 1162
f 1101 1162 1102
f 1102 1162 1163
f 1102 1163 1103
f 1103 1163 1164
f 1103 1164 1104
f 1104 1164 1165
f 1104 1165 1105
f 1105 1165 1166
f 1105 1166 1106
f 1106 1166 1167
f 1106 1167 1107
f 1107 1167 1168
f 1107 1168 1108
f 1108 1168 1169
f 1108 1169 1109
f 1109 1169 1170
f 1109 1170 1110
f 1110 1170 1171
f 1110 1171 1111
f 1111 1171 1172
f 1111 1172 1112
f 1112 1172 1173
f 1112 1173 1113
f 1113 1173 1174
f 1113 1174 1114
f 1114 1174 1175
f 1114 1175 1115
f 1115 1175 1176
f 1115 1176 1116
f 1116 1176 1177
f 1116 1177 1117
f 1117 1177 1178
f 1117 1178 1118
f 1118 1178 1179
f 1118 1179 1119
f 1119 1179 1180
f 1119 1180 1120
f 1120 1180 1181
f 1120 1181 1121
f 1121 1181 1182
f 1121 1182 1122
f 1122 1182 1183
f 1122 1183 1123
f 1123 1183 1184
f 1123 1184 1124
f 1124 1184 1185
f 1124 1185 1125
f 1125 1185 1186
f 1125 1186 1126
f 1126 1186 1187
f 1126 1187 1127
f 1127 1187 1188
f 1127 1188 1128
f 1128 1188 1189
f 1128 1189 1129
f 1129 1189 1190
f 1129 1190 1130
f 1130 1190 1191
f 1130 1191 1131
f 1131 1191 1192
f 1131 1192 1132
f 1132 1192 1193
f 1132 1193 1133
f 1133 1193 1194
f 1133 1194 1134
f 1134 1194 1195
f 1134 1195 1135
f 1135 1195 1196
f 1135 1196 1136
f 1136 1196 1197
f 1136 1197 1137
f 1137 1197 1198
f 1137 1198 1138
f 1138 1198 1199
f 1138 1199 1139
f 1139 1199 1200
f 1139 1200 1140
f 1140 1200 1201
f 1140 1201 1141
f 1141 1201 1202
f 1141 1202 1142
f 1142 1202 1203
f 1142 1203 1143
f 1143 1203 1204
f 1143 1204 1144
f 1144 1204 1205
f 1144 1205 1145
f 1145 1205 1206
f 1145 1206 1146
f 1146 1206 1207
f 1146 1207 1147
f 1147 1207 1208
f 1147 1208 1148
f 1148 1208 1209
f 1148 1209 1149
f 1149 1209 1210
f 1149 1210 1150
f 1150 1210 1211
f 1150 1211 1151
f 1151 1211 1212
f 1151 1212 1152
f 1152 1212 1213
f 1152 1213 1153
f 1153 1213 1214
f 1153 1214 1154
f 1154 1214 1215
f 1154 1215 1155
f 1155 1215 1216
f 1155 1216 1156
f 1156 1216 1217
f 1156 1217 1157
f 1157 1217 1218
f 1157 1218 1158
f 1158 1218 1219
f 1158 1219 1159
f 1159 1219 1220
f 1160 1221 1161
f 1161 1221 1222
f 1161 1222 1162
f 1162 1222 1223
f 1162 1223 1163
f 1163 1223 1224
f 1163 1224 1164
f 1164 1224 1225
f 1164 1225 1165
f 1165 1225 1226
f 1165 1226 1166
f 1166 1226 1227
f 1166 1227 1167
f 1167 1227 1228
f 1167 1228 1168
f 1168 1228 1229
f 1168 1229 1169
f 1169 1229 1230
f 1169 1230 1170
f 1170 1230 1231
f 1170 1231 1171
f 1171 1231 1232
f 1171 1232 1172
f 1172 1232 1233
f 1172 1233 1173
f 1173 1233 1234
f 1173 1234 1174
f 1174 1234 1235
f 1174 1235 1175
f 1175 1235 1236
f 1175 1236 1176
f 1176 1236 1237
f 1176 1237 1177
f 1177 1237 1238
f 1177 1238 1178
f 1178 1238 1239
f 1178 1239 1179
f 1179 1239 1240
f 1179 1240 1180
f 1180 1240 1241
f 1180 1241 1181
f 1181 1241 1242
f 1181 1242 1182
f 1182 1242 1243
f 1182 1243 1183
f 1183 1243 1244
f 1183 1244 1184
f 1184 1244 1245
f 1184 1245 1185
f 1185 1245 1246
f 1185 1246 1186
f 1186 1246 1247
f 1186 1247 1187
f 1187 1247 1248
f 1187 1248 1188
f 1188 1248 1249
f 1188 1249 1189
f 1189 1249 1250
f 1189 1250 1190
f 1190 1250 1251
f 1190 1251 1191
f 1191 1251 1252
f 1191 1252 1192
f 1192 1252 1253
f 1192 1253 1193
f 1193 1253 1254
f 1193 1254 1194
f 1194 1254 1255
f 1194 1255 1195
f 1195 1255 1256
f 1195 1256 1196
f 1196 1256 1257
f 1196 1257 1197
f 1197 1257 1258
f 1197 1258 1198
f 1198 1258 1259
f 1198 1259 1199
f 1199 1259 1260
f 1199 1260 1200
f 1200 1260 1261
f 1200 1261 1201
f 1201 1261 1262
f 1201 1262 1202
f 1202 1262 1263
f 1202 1263 1203
f 1203 1263 1264
f 1203 1264 1204
f 1204 1264 1265
f 1204 1265 1205
f 1205 1265 1266
f 1205 1266 1206
f 1206 1266 1267
f 1206 1267 1207
f 1207 1267 1268
f 1207 1268 1208
f 1208 1268 1269
f 1208 1269 1209
f 1209 1269 1270
f 1209 1270 1210
f 1210 1270 1271
f 1210 1271 1211
f 1211 1271 1272
f 1211 1272 1212
f 1212 1272 1273
f 1212 1273 1213
f 1213 1273 1274
f 1213 1274 1214
f 1214 1274 1275
f 1214 1275 1215
f 1215 1275 1276
f 1215 1276 1216
f 1216 1276 1277
f 1216 1277 1217
f 1217 1277 1278
f 1217 1278 1218
f 1218 1278 1279
f 1218 1279 1219
f 1219 1279 1280
f 1219 1280 1220
f 1220 1280 1281
f 1221 1282 1222
f 1222 1282 1283
f 1222 1283 1223
f 1223 1283 1284
f 1223 1284 1224
f 1224 1284 1285
f 1224 1285 1225
f 1225 1285 1286
f 1225 1286 1226
f 1226 1286 1287
f 1226 1287 1227
f 1227 1287 1288
f 1227 1288 1228
f 1228 1288 1289
f 1228 1289 1229
f 1229 1289 1290
f 1229 1290 1230
f 1230 1290 1291
f 1230 1291 1231
f 1231 1291 1292
f 1231 1292 1232
f 1232 1292 1293
f 1232 1293 1233
f 1233 1293 1294
f 1233 1294 1234
f 1234 1294 1295
f 1234 1295 1235
f 1235 1295 1296
f 1235 1296 1236
f 1236 1296 1297
f 1236 1297 1237
f 1237 1297 1298
f 1237 1298 1238
f 1238 1298 1299
f 1238 1299 1239
f 1239 1299 1300
f 1239 1300 1240
f 1240 1300 1301
f 1240 1301 1241
f 1241 1301 1302
f 1241 1302 1242
f 1242 1302 1303
f 1242 1303 1243
f 1243 1303 1304
f 1243 1304 1244
f 1244 1304 1305
f 1244 1305 1245
f 1245 1305 1306
f 1245 1306 1246
f 1246 1306 1307
f 1246 1307 1247
f 1247 1307 1308
f 1247 1308 1248
f 1248 1308 1309
f 1248 1309 1249
f 1249 1309 1310
f 1249 1310 1250
f 1250 1310 1311
f 1250 1311 1251
f 1251 1311 1312
f 1251 1312 1252
f 1252 1312 1313
f 1252 1313 1253
f 1253 1313 1314
f 1253 1314 1254
f 1254 1314 1315
f 1254 1315 1255
f 1255 1315 1316
f 1255 1316 1256
f 1256 1316 1317
f 1256 1317 1257
f 1257 1317 1318
f 1257 1318 1258
f 1258 1318 1319
f 1258 1319 1259
f 1259 1319 1320
f 1259 1320 1260
f 1260 1320 1321
f 1260 1321 1261
f 1261 1321 1322
f 1261 1322 1262
f 1262 1322 1323
f 1262 1323 1263
f 1263 1323 1324
f 1263 1324 1264
f 1264 1324 1325
f 1264 1325 1265
f 1265 1325 1326
f 1265 1326 1266
f 1266 1326 1327
f 1266 1327 1267
f 1267 1327 1328
f 1267 1328 1268
f 1268 1328 1329
f 1268 1329 1269
f 1269 1329 1330
f 1269 1330 1270
f 1270 1330 1331
f 1270 1331 1271
f 1271 1331 1332
f 1271 1332 1272
f 1272 1332 1333
f 1272 1333 1273
f 1273 1333 1334
f 1273 1334 1274
f 1274 1334 1335
f 1274 1335 1275
f 1275 1335 1336
f 1275 1336 1276
f 1276 1336 1337
f 1276 1337 1277
f 1277 1337 1338
f 1277 1338 1278
f 1278 1338 1339
f 1278 1339 1279
f 1279 1339 1340
f 1279 1340 1280
f 1280 1340 1341
f 1280 1341 1281
f 1281 1341 1342
f 1282 1343 1283
f 1283 1343 1344
f 1283 1344 1284
f 1284 1344 1345
f 1284 1345 1285
f 1285 1345 1346
f 1285 1346 1286
f 1286 1346 1347
f 1286 1347 1287
f 1287 1347 1348
f 1287 1348 1288
f 1288 1348 1349
f 1288 1349 1289
f 1289 1349 1350
f 1289 1350 1290
f 1290 1350 1351
f 1290 1351 1291
f 1291 1351 1352
f 1291 1352 1292
f 1292 1352 1353
f 1292 1353 1293
f 1293 1353 1354
f 1293 1354 1294
f 1294 1354 1355
f 1294 1355 1295
f 1295 1355 1356
f 1295 1356 1296
f 1296 1356 1357
f 1296 1357 1297
f 1297 1357 1358
f 1297 1358 1298
f 1298 1358 1359
f 1298 1359 1299
f 1299 1359 1360
f 1299 1360 1300
f 1300 1360 1361
f 1300 1361 1301
f 1301 1361 1362
f 1301 1362 1302
f 1302 1362 1363
f 1302 1363 1303
f 1303 1363 1364
f 1303 1364 1304
f 1304 1364 1365
f 1304 1365 1305
f 1305 1365 1366
f 1305 1366 1306
f 1306 1366 1367
f 1306 1367 1307
f 1307 1367 1368
f 1307 1368 1308
f 1308 1368 1369
f 1308 1369 1309
f 1309 1369 1370
f 1309 1370 1310
f 1310 1370 1371
f 1310 1371 1311
f 1311 1371 1372
f 1311 1372 1312
f 1312 1372 1373
f 1312 1373 1313
f 1313 1373 1374
f 1313 1374 1314
f 1314 1374 1375
f 1314 1375 1315
f 1315 1375 1376
f 1315 1376 1316
f 1316 1376 1377
f 1316 1377 1317
f 1317 1377 1378
f 1317 1378 1318
f 1318 1378 1379
f 1318 1379 1319
f 1319 1379 1380
f 1319 1380 1320
f 1320 1380 1381
f 1320 1381 1321
f 1321 1381 1382
f 1321 1382 1322
f 1322 1382 1383
f 1322 1383 1323
f 1323 1383 1384
f 1323 1384 1324
f 1324 1384 1385
f 1324 1385 1325
f 1325 1385 1386
f 1325 1386 1326
f 1326 1386 1387
f 1326 1387 1327
f 1327 1387 1388
f 1327 1388 1328
f 1328 1388 1389
f 1328 1389 1329
f 1329 1389 1390
f 1329 1390 1330
f 1330 1390 1391
f 1330 1391 1331
f 1331 1391 1392
f 1331 1392 1332
f 1332 1392 1393
f 1332 1393 1333
f 1333 1393 1394
f 1333 1394 1334
f 1334 1394 1395
f 1334 1395 1335
f 1335 1395 1396
f 1335 1396 1336
f 1336 1396 1397
f 1336 1397 1337
f 1337 1397 1398
f 1337 1398 1338
f 1338 1398 1399
f 1338 1399 1339
f 1339 1399 1400
f 1339 1400 1340
f 1340 1400 1401
f 1340 1401 1341
f 1341 1401 1402
f 1341 1402 1342
f 1342 1402 1403
f 1343 1404 1344
f 1344 1404 1405
f 1344 1405 1345
f 1345 1405 1406
f 1345 1406 1346
f 1346 1406 1407
f 1346 1407 1347
f 1347 1407 1408
f 1347 1408 1348
f 1348 1408 1409
f 1348 1409 1349
f 1349 1409 1410
f 1349 1410 1350
f 1350 1410 1411
f 1350 1411 1351
f 1351 1411 1412
f 1351 1412 1352
f 1352 1412 1413
f 1352 1413 1353
f 1353 1413 1414
f 1353 1414 1354
f 1354 1414 1415
f 1354 1415 1355
f 1355 1415 1416
f 1355 1416 1356
f 1356 1416 1417
f 1356 1417 1357
f 1357 1417 1418
f 1357 1418 1358
f 1358 1418 1419
f 1358 1419 1359
f 1359 1419 1420
f 1359 1420 1360
f 1360 1420 1421
f 1360 1421 1361
f 1361 1421 1422
f 1361 1422 1362
f 1362 1422 1423
f 1362 1423 1363
f 1363 1423 1424
f 1363 1424 1364
f 1364 1424 1425
f 1364 1425 1365
f 1365 1425 1426
f 1365 1426 1366
f 1366 1426 1427
f 1366 1427 1367
f 1367 1427 1428
f 1367 1428 1368
f 1368 1428 1429
f 1368 1429 1369
f 1369 1429 1430
f 1369 1430 1370
f 1370 1430 1431
f 1370 1431 1371
f 1371 1431 1432
f 1371 1432 1372
f 1372 1432 1433
f 1372 1433 1373
f 1373 1433 1434
f 1373 1434 1374
f 1374 1434 1435
f 1374 1435 1375
f 1375 1435 1436
f 1375 1436 1376
f 1376 1436 1437
f 1376 1437 1377
f 1377 1437 1438
f 1377 1438 1378
f 1378 1438 1439
f 1378 1439 1379
f 1379 1439 1440
f 1379 1440 1380
f 1380 1440 1441
f 1380 1441 1381
f 1381 1441 1442
f 1381 1442 1382
f 1382 1442 1443
f 1382 1443 1383
f 1383 1443 1444
f 1383 1444 1384
f 1384 1444 1445
f 1384 1445 1385
f 1385 1445 1446
f 1385 1446 1386
f 1386 1446 1447
f 1386 1447 1387
f 1387 1447 1448
f 1387 1448 1388
f 1388 1448 1449
f 1388 1449 1389
f 1389 1449 1450
f 1389 1450 1390
f 1390 1450 1451
f 1390 1451 1391
f 1391 1451 1452
f 1391 1452 1392
f 1392 1452 1453
f 1392 1453 1393
f 1393 1453 1454
f 1393 1454 1394
f 1394 1454 1455
f 1394 1455 1395
f 1395 1455 1456
f 1395 1456 1396
f 1396 1456 1457
f 1396 1457 1397
f 1397 1457 1458
f 1397 1458 1398
f 1398 1458 1459
f 1398 1459 1399
f 1399 1459 1460
f 1399 1460 1400
f 1400 1460 1461
f 1400 1461 1401
f 1401 1461 1462
f 1401 1462 1402
f 1402 1462 1463
f 1402 1463 1403
f 1403 1463 1464
f 1404 1465 1405
f 1405 1465 1466
f 1405 1466 1406
f 1406 1466 1467
f 1406 1467 1407
f 1407 1467 1468
f 1407 1468 1408
f 1408 1468 1469
f 1408 1469 1409
f 1409 1469 1470
f 1409 1470 1410
f 1410 1470 1471
f 1410 1471 1411
f 1411 1471 1472
f 1411 1472 1412
f 1412 1472 1473
f 1412 1473 1413
f 1413 1473 1474
f 1413 1474 1414
f 1414 1474 1475
f 1414 1475 1415
f 1415 1475 1476
f 1415 1476 1416
f 1416 1476 1477
f 1416 1477 1417
f 1417 1477 1478
f 1417 1478 1418
f 1418 1478 1479
f 1418 1479 1419
f 1419 1479 1480
f 1419 1480 1420
f 1420 1480 1481
f 1420 1481 1421
f 1421 1481 1482
f 1421 1482 1422
f 1422 1482 1483
f 1422 1483 1423
f 1423 1483 1484
f 1423 1484 1424
f 1424 1484 1485
f 1424 1485 1425
f 1425 1485 1486
f 1425 1486 1426
f 1426 1486 1487
f 1426 1487 1427
f 1427 1487 1488
f 1427 1488 1428
f 1428 1488 1489
f 1428 1489 1429
f 1429 1489 1490
f 1429 1490 1430
f 1430 1490 1491
f 1430 1491 1431
f 1431 1491 1492
f 1431 1492 1432
f 1432 1492 1493
f 1432 1493 1433
f 1433 1493 1494
f 1433 1494 1434
f 1434 1494 1495
f 1434 1495 1435
f 1435 1495 1496
f 1435 1496 1436
f 1436 1496 1497
f 1436 1497 1437
f 1437 1497 1498
f 1437 1498 1438
f 1438 1498 1499
f 1438 1499 1439
f 1439 1499 1500
f 1439 1500 1440
f 1440 1500 1501
f 1440 1501 1441
f 1441 1501 1502
f 1441 1502 1442
f 1442 1502 1503
f 1442 1503 1443
f 1443 1503 1504
f 1443 1504 1444
f 1444 1504 1505
f 1444 1505 1445
f 1445 1505 1506
f 1445 1506 1446
f 1446 1506 1507
f 1446 1507 1447
f 1447 1507 1508
f 1447 1508 1448
f 1448 1508 1509
f 1448 1509 1449
f 1449 1509 1510
f 1449 1510 1450
f 1450 1510 1511
f 1450 1511 1451
f 1451 1511 1512
f 1451 1512 1452
f 1452 1512 1513
f 1452 1513 1453
f 1453 1513 1514
f 1453 1514 1454
f 1454 1514 1515
f 1454 1515 1455
f 1455 1515 1516
f 1455 1516 1456
f 1456 1516 1517
f 1456 1517 1457
f 1457 1517 1518
f 1457 1518 1458
f 1458 1518 1519
f 1458 1519 1459
f 1459 1519 1520
f 1459 1520 1460
f 1460 1520 1521
f 1460 1521 1461
f 1461 1521 1522
f 1461 1522 1462
f 1462 1522 1523
f 1462 1523 1463
f 1463 1523 1524
f 1463 1524 1464
f 1464 1524 1525
f 1465 1526 1466
f 1466 1526 1527
f 1466 1527 1467
f 1467 1527 1528
f 1467 1528 1468
f 1468 1528 1529
f 1468 1529 1469
f 1469 1529 1530
f 1469 1530 1470
f 1470 1530 1531
f 1470 1531 1471
f 1471 1531 1532
f 1471 1532 1472
f 1472 1532 1533
f 1472 1533 1473
f 1473 1533 1534
f 1473 1534 1474
f 1474 1534 1535
f 1474 1535 1475
f 1475 1535 1536
f 1475 1536 1476
f 1476 1536 1537
f 1476 1537 1477
f 1477 1537 1538
f 1477 1538 1478
f 1478 1538 1539
f 1478 1539 1479
f 1479 1539 1540
f 1479 1540 1480
f 1480 1540 1541
f 1480 1541 1481
f 1481 1541 1542
f 1481 1542 1482
f 1482 1542 1543
f 1482 1543 1483
f 1483 1543 1544
f 1483 1544 1484
f 1484 1544 1545
f 1484 1545 1485
f 1485 1545 1546
f 1485 1546 1486
f 1486 1546 1547
f 1486 1547 1487
f 1487 1547 1548
f 1487 1548 1488
f 1488 1548 1549
f 1488 1549 1489
f 1489 1549 1550
f 1489 1550 1490
f 1490 1550 1551
f 1490 1551 1491
f 1491 1551 1552
f 1491 1552 1492
f 1492 1552 1553
f 1492 1553 1493
f 1493 1553 1554
f 1493 1554 1494
f 1494 1554 1555
f 1494 1555 1495
f 1495 1555 1556
f 1495 1556 1496
f 1496 1556 1557
f 1496 1557 1497
f 1497 1557 1558
f 1497 1558 1498
f 1498 1558 1559
f 1498 1559 1499
f 1499 1559 1560
f 1499 1560 1500
f 1500 1560 1561
f 1500 1561 1501
f 1501 1561 1562
f 1501 1562 1502
f 1502 1562 1563
f 1502 1563 1503
f 1503 1563 1564
f 1503 1564 1504
f 1504 1564 1565
f 1504 1565 1505
f 1505 1565 1566
f 1505 1566 1506
f 1506 1566 1567
f 1506 1567 1507
f 1507 1567 1568
f 1507 1568 1508
f 1508 1568 1569
f 1508 1569 1509
f 1509 1569 1570
f 1509 1570 1510
f 1510 1570 1571
f 1510 1571 1511
f 1511 1571 1572
f 1511 1572 1512
f 1512 1572 1573
f 1512 1573 1513
f 1513 1573 1574
f 1513 1574 1514
f 1514 1574 1575
f 1514 1575 1515
f 1515 1575 1576
f 1515 1576 1516
f 1516 1576 1577
f 1516 1577 1517
f 1517 1577 1578
f 1517 1578 1518
f 1518 1578 1579
f 1518 1579 1519
f 1519 1579 1580
f 1519 1580 1520
f 1520 1580 1581
f 1520 1581 1521
f 1521 1581 1582
f 1521 1582 1522
f 1522 1582 1583
f 1522 1583 1523
f 1523 1583 1584
f 1523 1584 1524
f 1524 1584 1585
f 1524 1585 1525
f 1525 1585 1586
f 1526 1587 1527
f 1527 1587 1588
f 1527 1588 1528
f 1528 1588 1589
f 1528 1589 1529
f 1529 1589 1590
f 1529 1590 1530
f 1530 1590 1591
f 1530 1591 1531
f 1531 1591 1592
f 1531 1592 1532
f 1532 1592 1593
f 1532 1593 1533
f 1533 1593 1594
f 1533 1594 1534
f 1534 1594 1595
f 1534 1595 1535
f 1535 1595 1596
f 1535 1596 1536
f 1536 1596 1597
f 1536 1597 1537
f 1537 1597 1598
f 1537 1598 1538
f 1538 1598 1599
f 1538 1599 1539
f 1539 1599 1600
f 1539 1600 1540
f 1540 1600 1601
f 1540 1601 1541
f 1541 1601 1602
f 1541 1602 1542
f 1542 1602 1603
f 1542 1603 1543
f 1543 1603 1604
f 1543 1604 1544
f 1544 1604 1605
f 1544 1605 1545
f 1545 1605 1606
f 1545 1606 1546
f 1546 1606 1607
f 1546 1607 1547
f 1547 1607 1608
f 1547 1608 1548
f 1548 1608 1609
f 1548 1609 1549
f 1549 1609 1610
f 1549 1610 1550
f 1550 1610 1611
f 1550 1611 1551
f 1551 1611 1612
f 1551 1612 1552
f 1552 1612 1613
f 1552 1613 1553
f 1553 1613 1614
f 1553 1614 1554
f 1554 1614 1615
f 1554 1615 1555
f 1555 1615 1616
f 1555 1616 1556
f 1556 1616 1617
f 1556 1617 1557
f 1557 1617 1618
f 1557 1618 1558
f 1558 1618 1619
f 1558 1619 1559
f 1559 1619 1620
f 1559 1620 1560
f 1560 1620 1621
f 1560 1621 1561
f 1561 1621 1622
f 1561 1622 1562
f 1562 1622 1623
f 1562 1623 1563
f 1563 1623 1624
f 1563 1624 1564
f 1564 1624 1625
f 1564 1625 1565
f 1565 1625 1626
f 1565 1626 1566
f 1566 1626 1627
f 1566 1627 1567
f 1567 1627 1628
f 1567 1628 1568
f 1568 1628 1629
f 1568 1629 1569
f 1569 1629 1630
f 1569 1630 1570
f 1570 1630 1631
f 1570 1631 1571
f 1571 1631 1632
f 1571 1632 1572
f 1572 1632 1633
f 1572 1633 1573
f 1573 1633 1634
f 1573 1634 1574
f 1574 1634 1635
f 1574 1635 1575
f 1575 1635 1636
f 1575 1636 1576
f 1576 1636 1637
f 1576 1637 1577
f 1577 1637 1638
f 1577 1638 1578
f 1578 1638 1639
f 1578 1639 1579
f 1579 1639 1640
f 1579 1640 1580
f 1580 1640 1641
f 1580 1641 1581
f 1581 1641 1642
f 1581 1642 1582
f 1582 1642 1643
f 1582 1643 1583
f 1583 1643 1644
f 1583 1644 1584
f 1584 1644 1645
f 1584 1645 1585
f 1585 1645 1646
f 1585 1646 1586
f 1586 1646 1647
f 1587 1648 1588
f 1588 1648 1649
f 1588 1649 1589
f 1589 1649 1650
f 1589 1650 1590
f 1590 1650 1651
f 1590 1651 1591
f 1591 1651 1652
f 1591 1652 1592
f 1592 1652 1653
f 1592 1653 1593
f 1593 1653 1654
f 1593 1654 1594
f 1594 1654 1655
f 1594 1655 1595
f 1595 1655 1656
f 1595 1656 1596
f 1596 1656 1657
f 1596 1657 1597
f 1597 1657 1658
f 1597 1658 1598
f 1598 1658 1659
f 1598 1659 1599
f 1599 1659 1660
f 1599 1660 1600
f 1600 1660 1661
f 1600 1661 1601
f 1601 1661 1662
f 1601 1662 1602
f 1602 1662 1663
f 1602 1663 1603
f 1603 1663 1664
f 1603 1664 1604
f 1604 1664 1665
f 1604 1665 1605
f 1605 1665 1666
f 1605 1666 1606
f 1606 1666 1667
f 1606 1667 1607
f 1607 1667 1668
f 1607 1668 1608
f 1608 1668 1669
f 1608 1669 1609
f 1609 1669 1670
f 1609 1670 1610
f 1610 1670 1671
f 1610 1671 1611
f 1611 1671 1672
f 1611 1672 1612
f 1612 1672 1673
f 1612 1673 1613
f 1613 1673 1674
f 1613 1674 1614
f 1614 1674 1675
f 1614 1675 1615
f 1615 1675 1676
f 1615 1676 1616
f 1616 1676 1677
f 1616 1677 1617
f 1617 1677 1678
f 1617 1678 1618
f 1618 1678 1679
f 1618 1679 1619
f 1619 1679 1680
f 1619 1680 1620
f 1620 1680 1681
f 1620 1681 1621
f 1621 1681 1682
f 1621 1682 1622
f 1622 1682 1683
f 1622 1683 1623
f 1623 1683 1684
f 1623 1684 1624
f 1624 1684 1685
f 1624 1685 1625
f 1625 1685 1686
f 1625 1686 1626
f 1626 1686 1687
f 1626 1687 1627
f 1627 1687 1688
f 1627 1688 1628
f 1628 1688 1689
f 1628 1689 1629
f 1629 1689 1690
f 1629 1690 1630
f 1630 1690 1691
f 1630 1691 1631
f 1631 1691 1692
f 1631 1692 1632
f 1632 1692 1693
f 1632 1693 1633
f 1633 1693 1694
f 1633 1694 1634
f 1634 1694 1695
f 1634 1695 1635
f 1635 1695 1696
f 1635 1696 1636
f 1636 1696 1697
f 1636 1697 1637
f 1637 1697 1698
f 1637 1698 1638
f 1638 1698 1699
f 1638 1699 1639
f 1639 1699 1700
f 1639 1700 1640
f 1640 1700 1701
f 1640 1701 1641
f 1641 1701 1702
f 1641 1702 1642
f 1642 1702 1703
f 1642 1703 1643
f 1643 1703 1704
f 1643 1704 1644
f 1644 1704 1705
f 1644 1705 1645
f 1645 1705 1706
f 1645 1706 1646
f 1646 1706 1707
f 1646 1707 1647
f 1647 1707 1708
f 1648 1709 1649
f 1649 1709 1710
f 1649 1710 1650
f 1650 1710 1711
f 1650 1711 1651
f 1651 1711 1712
f 1651 1712 1652
f 1652 1712 1713
f 1652 1713 1653
f 1653 1713 1714
f 1653 1714 1654
f 1654 1714 1715
f 1654 1715 1655
f 1655 1715 1716
f 1655 1716 1656
f 1656 1716 1717
f 1656 1717 1657
f 1657 1717 1718
f 1657 1718 1658
f 1658 1718 1719
f 1658 1719 1659
f 1659 1719 1720
f 1659 1720 1660
f 1660 1720 1721
f 1660 1721 1661
f 1661 1721 1722
f 1661 1722 1662
f 1662 1722 1723
f 1662 1723 1663
f 1663 1723 1724
f 1663 1724 1664
f 1664 1724 1725
f 1664 1725 1665
f 1665 1725 1726
f 1665 1726 1666
f 1666 1726 1727
f 1666 1727 1667
f 1667 1727 1728
f 1667 1728 1668
f 1668 1728 1729
f 1668 1729 1669
f 1669 1729 1730
f 1669 1730 1670
f 1670 1730 1731
f 1670 1731 1671
f 1671 1731 1732
f 1671 1732 1672
f 1672 1732 1733
f 1672 1733 1673
f 1673 1733 1734
f 1673 1734 1674
f 1674 1734 1735
f 1674 1735 1675
f 1675 1735 1736
f 1675 1736 1676
f 1676 1736 1737
f 1676 1737 1677
f 1677 1737 1738
f 1677 1738 1678
f 1678 1738 1739
f 1678 1739 1679
f 1679 1739 1740
f 1679 1740 1680
f 1680 1740 1741
f 1680 1741 1681
f 1681 1741 1742
f 1681 1742 1682
f 1682 1742 1743
f 1682 1743 1683
f 1683 1743 1744
f 1683 1744 1684
f 1684 1744 1745
f 1684 1745 1685
f 1685 1745 1746
f 1685 1746 1686
f 1686 1746 1747
f 1686 1747 1687
f 1687 1747 1748
f 1687 1748 1688
f 1688 1748 1749
f 1688 1749 1689
f 1689 1749 1750
f 1689 1750 1690
f 1690 1750 1751
f 1690 1751 1691
f 1691 1751 1752
f 1691 1752 1692
f 1692 1752 1753
f 1692 1753 1693
f 1693 1753 1754
f 1693 1754 1694
f 1694 1754 1755
f 1694 1755 1695
f 1695 1755 1756
f 1695 1756 1696
f 1696 1756 1757
f 1696 1757 1697
f 1697 1757 1758
f 1697 1758 1698
f 1698 1758 1759
f 1698 1759 1699
f 1699 1759 1760
f 1699 1760 1700
f 1700 1760 1761
f 1700 1761 1701
f 1701 1761 1762
f 1701 1762 1702
f 1702 1762 1763
f 1702 1763 1703
f 1703 1763 1764
f 1703 1764 1704
f 1704 1764 1765
f 1704 1765 1705
f 1705 1765 1766
f 1705 1766 1706
f 1706 1766 1767
f 1706 1767 1707
f 1707 1767 1768
f 1707 1768 1708
f 1708 1768 1769
f 1709 1770 1710
f 1710 1770 1771
f 1710 1771 1711
f 1711 1771 1772
f 1711 1772 1712
f 1712 1772 1773
f 1712 1773 1713
f 1713 1773 1774
f 1713 1774 1714
f 1714 1774 1775
f 1714 1775 1715
f 1715 1775 1776
f 1715 1776 1716
f 1716 1776 1777
f 1716 1777 1717
f 1717 1777 1778
f 1717 1778 1718
f 1718 1778 1779
f 1718 1779 1719
f 1719 1779 1780
f 1719 1780 1720
f 1720 1780 1781
f 1720 1781 1721
f 1721 1781 1782
f 1721 1782 1722
f 1722 1782 1783
f 1722 1783 1723
f 1723 1783 1784
f 1723 1784 1724
f 1724 1784 1785
f 1724 1785 1725
f 1725 1785 1786
f 1725 1786 1726
f 1726 1786 1787
f 1726 1787 1727
f 1727 1787 1788
f 1727 1788 1728
f 1728 1788 1789
f 1728 1789 1729
f 1729 1789 1790
f 1729 1790 1730
f 1730 1790 1791
f 1730 1791 1731
f 1731 1791 1792
f 1731 1792 1732
f 1732 1792 1793
f 1732 1793 1733
f 1733 1793 1794
f 1733 1794 1734
f 1734 1794 1795
f 1734 1795 1735
f 1735 1795 1796
f 1735 1796 1736
f 1736 1796 1797
f 1736 1797 1737
f 1737 1797 1798
f 1737 1798 1738
f 1738 1798 1799
f 1738 1799 1739
f 1739 1799 1800
f 1739 1800 1740
f 1740 1800 1801
f 1740 1801 1741
f 1741 1801 1802
f 1741 1802 1742
f 1742 1802 1803
f 1742 1803 1743
f 1743 1803 1804
f 1743 1804 1744
f 1744 1804 1805
f 1744 1805 1745
f 1745 1805 1806
f 1745 1806 1746
f 1746 1806 1807
f 1746 1807 1747
f 1747 1807 1808
f 1747 1808 1748
f 1748 1808 1809
f 1748 1809 1749
f 1749 1809 1810
f 1749 1810 1750
f 1750 1810 1811
f 1750 1811 1751
f 1751 1811 1812
f 1751 1812 1752
f 1752 1812 1813
f 1752 1813 1753
f 1753 1813 1814
f 1753 1814 1754
f 1754 1814 1815
f 1754 1815 1755
f 1755 1815 1816
f 1755 1816 1756
f 1756 1816 1817
f 1756 1817 1757
f 1757 1817 1818
f 1757 1818 1758
f 1758 1818 1819
f 1758 1819 1759
f 1759 1819 1820
f 1759 1820 1760
f 1760 1820 1821
f 1760 1821 1761
f 1761 1821 1822
f 1761 1822 1762
f 1762 1822 1823
f 1762 1823 1763
f 1763 1823 1824
f 1763 1824 1764
f 1764 1824 1825
f 1764 1825 1765
f 1765 1825 1826
f 1765 1826 1766
f 1766 1826 1827
f 1766 1827 1767
f 1767 1827 1828
f 1767 1828 1768
f 1768 1828 1829
f 1768 1829 1769
f 1769 1829 1830
f 1770 1831 1771
f 1771 1831 1832
f 1771 1832 1772
f 1772 1832 1833
f 1772 1833 1773
f 1773 1833 1834
f 1773 1834 1774
f 1774 1834 1835
f 1774 1835 1775
f 1775 1835 1836
f 1775 1836 1776
f 1776 1836 1837
f 1776 1837 1777
f 1777 1837 1838
f 1777 1838 1778
f 1778 1838 1839
f 1778 1839 1779
f 1779 1839 1840
f 1779 1840 1780
f 1780 1840 1841
f 1780 1841 1781
f 1781 1841 1842
f 1781 1842 1782
f 1782 1842 1843
f 1782 1843 1783
f 1783 1843 1844
f 1783 1844 1784
f 1784 1844 1845
f 1784 1845 1785
f 1785 1845 1846
f 1785 1846 1786
f 1786 1846 1847
f 1786 1847 1787
f 1787 1847 1848
f 1787 1848 1788
f 1788 1848 1849
f 1788 1849 1789
f 1789 1849 1850
f 1789 1850 1790
f 1790 1850 1851
f 1790 1851 1791
f 1791 1851 1852
f 1791 1852 1792
f 1792 1852 1853
f 1792 1853 1793
f 1793 1853 1854
f 1793 1854 1794
f 1794 1854 1855
f 1794 1855 1795
f 1795 1855 1856
f 1795 1856 1796
f 1796 1856 1857
f 1796 1857 1797
f 1797 1857 1858
f 1797 1858 1798
f 1798 1858 1859
f 1798 1859 1799
f 1799 1859 1860
f 1799 1860 1800
f 1800 1860 1861
f 1800 1861 1801
f 1801 1861 1862
f 1801 1862 1802
f 1802 1862 1863
f 1802 1863 1803
f 1803 1863 1864
f 1803 1864 1804
f 1804 1864 1865
f 1804 1865 1805
f 1805 1865 1866
f 1805 1866 1806
f 1806 1866 1867
f 1806 1867 1807
f 1807 1867 1868
f 1807 1868 1808
f 1808 1868 1869
f 1808 1869 1809
f 1809 1869 1870
f 1809 1870 1810
f 1810 1870 1871
f 1810 1871 1811
f 1811 1871 1872
f 1811 1872 1812
f 1812 1872 1873
f 1812 1873 1813
f 1813 1873 1874
f 1813 1874 1814
f 1814 1874 1875
f 1814 1875 1815
f 1815 1875 1876
f 1815 1876 1816
f 1816 1876 1877
f 1816 1877 1817
f 1817 1877 1878
f 1817 1878 1818
f 1818 1878 1879
f 1818 1879 1819
f 1819 1879 1880
f 1819 1880 1820
f 1820 1880 1881
f 1820 1881 1821
f 1821 1881 1882
f 1821 1882 1822
f 1822 1882 1883
f 1822 1883 1823
f 1823 1883 1884
f 1823 1884 1824
f 1824 1884 1885
f 1824 1885 1825
f 1825 1885 1886
f 1825 1886 1826
f 1826 1886 1887
f 1826 1887 1827
f 1827 1887 1888
f 1827 1888 1828
f 1828 1888 1889
f 1828 1889 1829
f 1829 1889 1890
f 1829 1890 1830
f 1830 1890 1891
f 1831 1892 1832
f 1832 1892 1893
f 1832 1893 1833
f 1833 1893 1894
f 1833 1894 1834
f 1834 1894 1895
f 1834 1895 1835
f 1835 1895 1896
f 1835 1896 1836
f 1836 1896 1897
f 1836 1897 1837
f 1837 1897 1898
f 1837 1898 1838
f 1838 1898 1899
f 1838 1899 1839
f 1839 1899 1900
f 1839 1900 1840
f 1840 1900 1901
f 1840 1901 1841
f 1841 1901 1902
f 1841 1902 1842
f 1842 1902 1903
f 1842 1903 1843
f 1843 1903 1904
f 1843 1904 1844
f 1844 1904 1905
f 1844 1905 1845
f 1845 1905 1906
f 1845 1906 1846
f 1846 1906 1907
f 1846 1907 1847
f 1847 1907 1908
f 1847 1908 1848
f 1848 1908 1909
f 1848 1909 1849
f 1849 1909 1910
f 1849 1910 1850
f 1850 1910 1911
f 1850 1911 1851
f 1851 1911 1912
f 1851 1912 1852
f 1852 1912 1913
f 1852 1913 1853
f 1853 1913 1914
f 1853 1914 1854
f 1854 1914 1915
f 1854 1915 1855
f 1855 1915 1916
f 1855 1916 1856
f 1856 1916 1917
f 1856 1917 1857
f 1857 1917 1918
f 1857 1918 1858
f 1858 1918 1919
f 1858 1919 1859
f 1859 1919 1920
f 1859 1920 1860
f 1860 1920 1921
f 1860 1921 1861
f 1861 1921 1922
f 1861 1922 1862
f 1862 1922 1923
f 1862 1923 1863
f 1863 1923 1924
f 1863 1924 1864
f 1864 1924 1925
f 1864 1925 1865
f 1865 1925 1926
f 1865 1926 1866
f 1866 1926 1927
f 1866 1927 1867
f 1867 1927 1928
f 1867 1928 1868
f 1868 1928 1929
f 1868 1929 1869
f 1869 1929 1930
f 1869 1930 1870
f 1870 1930 1931
f 1870 1931 1871
f 1871 1931 1932
f 1871 1932 1872
f 1872 1932 1933
f 1872 1933 1873
f 1873 1933 1934
f 1873 1934 1874
f 1874 1934 1935
f 1874 1935 1875
f 1875 1935 1936
f 1875 1936 1876
f 1876 1936 1937
f 1876 1937 1877
f 1877 1937 1938
f 1877 1938 1878
f 1878 1938 1939
f 1878 1939 1879
f 1879 1939 1940
f 1879 1940 1880
f 1880 1940 1941
f 1880 1941 1881
f 1881 1941 1942
f 1881 1942 1882
f 1882 1942 1943
f 1882 1943 1883
f 1883 1943 1944
f 1883 1944 1884
f 1884 1944 1945
f 1884 1945 1885
f 1885 1945 1946
f 1885 1946 1886
f 1886 1946 1947
f 1886 1947 1887
f 1887 1947 1948
f 1887 1948 1888
f 1888 1948 1949
f 1888 1949 1889
f 1889 1949 1950
f 1889 1950 1890
f 1890 1950 1951
f 1890 1951 1891
f 1891 1951 1952
f 1892 1953 1893
f 1893 1953 1954
f 1893 1954 1894
f 1894 1954 1955
f 1894 1955 1895
f 1895 1955 1956
f 1895 1956 1896
f 1896 1956 1957
f 1896 1957 1897
f 1897 1957 1958
f 1897 1958 1898
f 1898 1958 1959
f 1898 1959 1899
f 1899 1959 1960
f 1899 1960 1900
f 1900 1960 1961
f 1900 1961 1901
f 1901 1961 1962
f 1901 1962 1902
f 1902 1962 1963
f 1902 1963 1903
f 1903 1963 1964
f 1903 1964 1904
f 1904 1964 1965
f 1904 1965 1905
f 1905 1965 1966
f 1905 1966 1906
f 1906 1966 1967
f 1906 1967 1907
f 1907 1967 1968
f 1907 1968 1908
f 1908 1968 1969
f 1908 1969 1909
f 1909 1969 1970
f 1909 1970 1910
f 1910 1970 1971
f 1910 1971 1911
f 1911 1971 1972
f 1911 1972 1912
f 1912 1972 1973
f 1912 1973 1913
f 1913 1973 1974
f 1913 1974 1914
f 1914 1974 1975
f 1914 1975 1915
f 1915 1975 1976
f 1915 1976 1916
f 1916 1976 1977
f 1916 1977 1917
f 1917 1977 1978
f 1917 1978 1918
f 1918 1978 1979
f 1918 1979 1919
f 1919 1979 1980
f 1919 1980 1920
f 1920 1980 1981
f 1920 1981 1921
f 1921 1981 1982
f 1921 1982 1922
f 1922 1982 1983
f 1922 1983 1923
f 1923 1983 1984
f 1923 1984 1924
f 1924 1984 1985
f 1924 1985 1925
f 1925 1985 1986
f 1925 1986 1926
f 1926 1986 1987
f 1926 1987 1927
f 1927 1987 1988
f 1927 1988 1928
f 1928 1988 1989
f 1928 1989 1929
f 1929 1989 1990
f 1929 1990 1930
f 1930 1990 1991
f 1930 1991 1931
f 1931 1991 1992
f 1931 1992 1932
f 1932 1992 1993
f 1932 1993 1933
f 1933 1993 1994
f 1933 1994 1934
f 1934 1994 1995
f 1934 1995 1935
f 1935 1995 1996
f 1935 1996 1936
f 1936 1996 1997
f 1936 1997 1937
f 1937 1997 1998
f 1937 1998 1938
f 1938 1998 1999
f 1938 1999 1939
f 1939 1999 2000
f 1939 2000 1940
f 1940 2000 2001
f 1940 2001 1941
f 1941 2001 2002
f 1941 2002 1942
f 1942 2002 2003
f 1942 2003 1943
f 1943 2003 2004
f 1943 2004 1944
f 1944 2004 2005
f 1944 2005 1945
f 1945 2005 2006
f 1945 2006 1946
f 1946 2006 2007
f 1946 2007 1947
f 1947 2007 2008
f 1947 2008 1948
f 1948 2008 2009
f 1948 2009 1949
f 1949 2009 2010
f 1949 2010 1950
f 1950 2010 2011
f 1950 2011 1951
f 1951 2011 2012
f 1951 2012 1952
f 1952 2012 2013
f 1953 2014 1954
f 1954 2014 2015
f 1954 2015 1955
f 1955 2015 2016
f 1955 2016 1956
f 1956 2016 2017
f 1956 2017 1957
f 1957 2017 2018
f 1957 2018 1958
f 1958 2018 2019
f 1958 2019 1959
f 1959 2019 2020
f 1959 2020 1960
f 1960 2020 2021
f 1960 2021 1961
f 1961 2021 2022
f 1961 2022 1962
f 1962 2022 2023
f 1962 2023 1963
f 1963 2023 2024
f 1963 2024 1964
f 1964 2024 2025
f 1964 2025 1965
f 1965 2025 2026
f 1965 2026 1966
f 1966 2026 2027
f 1966 2027 1967
f 1967 2027 2028
f 1967 2028 1968
f 1968 2028 2029
f 1968 2029 1969
f 1969 2029 2030
f 1969 2030 1970
f 1970 2030 2031
f 1970 2031 1971
f 1971 2031 2032
f 1971 2032 1972
f 1972 2032 2033
f 1972 2033 1973
f 1973 2033 2034
f 1973 2034 1974
f 1974 2034 2035
f 1974 2035 1975
f 1975 2035 2036
f 1975 2036 1976
f 1976 2036 2037
f 1976 2037 1977
f 1977 2037 2038
f 1977 2038 1978
f 1978 2038 2039
f 1978 2039 1979
f 1979 2039 2040
f 1979 2040 1980
f 1980 2040 2041
f 1980 2041 1981
f 1981 2041 2042
f 1981 2042 1982
f 1982 2042 2043
f 1982 2043 1983
f 1983 2043 2044
f 1983 2044 1984
f 1984 2044 2045
f 1984 2045 1985
f 1985 2045 2046
f 1985 2046 1986
f 1986 2046 2047
f 1986 2047 1987
f 1987 2047 2048
f 1987 2048 1988
f 1988 2048 2049
f 1988 2049 1989
f 1989 2049 2050
f 1989 2050 1990
f 1990 2050 2051
f 1990 2051 1991
f 1991 2051 2052
f 1991 2052 1992
f 1992 2052 2053
f 1992 2053 1993
f 1993 2053 2054
f 1993 2054 1994
f 1994 2054 2055
f 1994 2055 1995
f 1995 2055 2056
f 1995 2056 1996
f 1996 2056 2057
f 1996 2057 1997
f 1997 2057 2058
f 1997 2058 1998
f 1998 2058 2059
f 1998 2059 1999
f 1999 2059 2060
f 1999 2060 2000
f 2000 2060 2061
f 2000 2061 2001
f 2001 2061 2062
f 2001 2062 2002
f 2002 2062 2063
f 2002 2063 2003
f 2003 2063 2064
f 2003 2064 2004
f 2004 2064 2065
f 2004 2065 2005
f 2005 2065 2066
f 2005 2066 2006
f 2006 2066 2067
f 2006 2067 2007
f 2007 2067 2068
f 2007 2068 2008
f 2008 2068 2069
f 2008 2069 2009
f 2009 2069 2070
f 2009 2070 2010
f 2010 2070 2071
f 2010 2071 2011
f 2011 2071 2072
f 2011 2072 2012
f 2012 2072 2073
f 2012 2073 2013
f 2013 2073 2074
f 2014 2075 2015
f 2015 2075 2076
f 2015 2076 2016
f 2016 2076 2077
f 2016 2077 2017
f 2017 2077 2078
f 2017 2078 2018
f 2018 2078 2079
f 2018 2079 2019
f 2019 2079 2080
f 2019 2080 2020
f 2020 2080 2081
f 2020 2081 2021
f 2021 2081 2082
f 2021 2082 2022
f 2022 2082 2083
f 2022 2083 2023
f 2023 2083 2084
f 2023 2084 2024
f 2024 2084 2085
f 2024 2085 2025
f 2025 2085 2086
f 2025 2086 2026
f 2026 2086 2087
f 2026 2087 2027
f 2027 2087 2088
f 2027 2088 2028
f 2028 2088 2089
f 2028 2089 2029
f 2029 2089 2090
f 2029 2090 2030
f 2030 2090 2091
f 2030 2091 2031
f 2031 2091 2092
f 2031 2092 2032
f 2032 2092 2093
f 2032 2093 2033
f 2033 2093 2094
f 2033 2094 2034
f 2034 2094 2095
f 2034 2095 2035
f 2035 2095 2096
f 2035 2096 2036
f 2036 2096 2097
f 2036 2097 2037
f 2037 2097 2098
f 2037 2098 2038
f 2038 2098 2099
f 2038 2099 2039
f 2039 2099 2100
f 2039 2100 2040
f 2040 2100 2101
f 2040 2101 2041
f 2041 2101 2102
f 2041 2102 2042
f 2042 2102 2103
f 2042 2103 2043
f 2043 2103 2104
f 2043 2104 2044
f 2044 2104 2105
f 2044 2105 2045
f 2045 2105 2106
f 2045 2106 2046
f 2046 2106 2107
f 2046 2107 2047
f 2047 2107 2108
f 2047 2108 2048
f 2048 2108 2109
f 2048 2109 2049
f 2049 2109 2110
f 2049 2110 2050
f 2050 2110 2111
f 2050 2111 2051
f 2051 2111 2112
f 2051 2112 2052
f 2052 2112 2113
f 2052 2113 2053
f 2053 2113 2114
f 2053 2114 2054
f 2054 2114 2115
f 2054 2115 2055
f 2055 2115 2116
f 2055 2116 2056
f 2056 2116 2117
f 2056 2117 2057
f 2057 2117 2118
f 2057 2118 2058
f 2058 2118 2119
f 2058 2119 2059
f 2059 2119 2120
f 2059 2120 2060
f 2060 2120 2121
f 2060 2121 2061
f 2061 2121 2122
f 2061 2122 2062
f 2062 2122 2123
f 2062 2123 2063
f 2063 2123 2124
f 2063 2124 2064
f 2064 2124 2125
f 2064 2125 2065
f 2065 2125 2126
f 2065 2126 2066
f 2066 2126 2127
f 2066 2127 2067
f 2067 2127 2128
f 2067 2128 2068
f 2068 2128 2129
f 2068 2129 2069
f 2069 2129 2130
f 2069 2130 2070
f 2070 2130 2131
f 2070 2131 2071
f 2071 2131 2132
f 2071 2132 2072
f 2072 2132 2133
f 2072 2133 2073
f 2073 2133 2134
f 2073 2134 2074
f 2074 2134 2135
f 2075 2136 2076
f 2076 2136 2137
f 2076 2137 2077
f 2077 2137 2138
f 2077 2138 2078
f 2078 2138 2139
f 2078 2139 2079
f 2079 2139 2140
f 2079 2140 2080
f 2080 2140 2141
f 2080 2141 2081
f 2081 2141 2142
f 2081 2142 2082
f 2082 2142 2143
f 2082 2143 2083
f 2083 2143 2144
f 2083 2144 2084
f 2084 2144 2145
f 2084 2145 2085
f 2085 2145 2146
f 2085 2146 2086
f 2086 2146 2147
f 2086 2147 2087
f 2087 2147 2148
f 2087 2148 2088
f 2088 2148 2149
f 2088 2149 2089
f 2089 2149 2150
f 2089 2150 2090
f 2090 2150 2151
f 2090 2151 2091
f 2091 2151 2152
f 2091 2152 2092
f 2092 2152 2153
f 2092 2153 2093
f 2093 2153 2154
f 2093 2154 2094
f 2094 2154 2155
f 2094 2155 2095
f 2095 2155 2156
f 2095 2156 2096
f 2096 2156 2157
f 2096 2157 2097
f 2097 2157 2158
f 2097 2158 2098
f 2098 2158 2159
f 2098 2159 2099
f 2099 2159 2160
f 2099 2160 2100
f 2100 2160 2161
f 2100 2161 2101
f 2101 2161 2162
f 2101 2162 2102
f 2102 2162 2163
f 2102 2163 2103
f 2103 2163 2164
f 2103 2164 2104
f 2104 2164 2165
f 2104 2165 2105
f 2105 2165 2166
f 2105 2166 2106
f 2106 2166 2167
f 2106 2167 2107
f 2107 2167 2168
f 2107 2168 2108
f 2108 2168 2169
f 2108 2169 2109
f 2109 2169 2170
f 2109 2170 2110
f 2110 2170 2171
f 2110 2171 2111
f 2111 2171 2172
f 2111 2172 2112
f 2112 2172 2173
f 2112 2173 2113
f 2113 2173 2174
f 2113 2174 2114
f 2114 2174 2175
f 2114 2175 2115
f 2115 2175 2176
f 2115 2176 2116
f 2116 2176 2177
f 2116 2177 2117
f 2117 2177 2178
f 2117 2178 2118
f 2118 2178 2179
f 2118 2179 2119
f 2119 2179 2180
f 2119 2180 2120
f 2120 2180 2181
f 2120 2181 2121
f 2121 2181 2182
f 2121 2182 2122
f 2122 2182 2183
f 2122 2183 2123
f 2123 2183 2184
f 2123 2184 2124
f 2124 2184 2185
f 2124 2185 2125
f 2125 2185 2186
f 2125 2186 2126
f 2126 2186 2187
f 2126 2187 2127
f 2127 2187 2188
f 2127 2188 2128
f 2128 2188 2189
f 2128 2189 2129
f 2129 2189 2190
f 2129 2190 2130
f 2130 2190 2191
f 2130 2191 2131
f 2131 2191 2192
f 2131 2192 2132
f 2132 2192 2193
f 2132 2193 2133
f 2133 2193 2194
f 2133 2194 2134
f 2134 2194 2195
f 2134 2195 2135
f 2135 2195 2196
f 2136 2197 2137
f 2137 2197 2198
f 2137 2198 2138
f 2138 2198 2199
f 2138 2199 2139
f 2139 2199 2200
f 2139 2200 2140
f 2140 2200 2201
f 2140 2201 2141
f 2141 2201 2202
f 2141 2202 2142
f 2142 2202 2203
f 2142 2203 2143
f 2143 2203 2204
f 2143 2204 2144
f 2144 2204 2205
f 2144 2205 2145
f 2145 2205 2206
f 2145 2206 2146
f 2146 2206 2207
f 2146 2207 2147
f 2147 2207 2208
f 2147 2208 2148
f 2148 2208 2209
f 2148 2209 2149
f 2149 2209 2210
f 2149 2210 2150
f 2150 2210 2211
f 2150 2211 2151
f 2151 2211 2212
f 2151 2212 2152
f 2152 2212 2213
f 2152 2213 2153
f 2153 2213 2214
f 2153 2214 2154
f 2154 2214 2215
f 2154 2215 2155
f 2155 2215 2216
f 2155 2216 2156
f 2156 2216 2217
f 2156 2217 2157
f 2157 2217 2218
f 2157 2218 2158
f 2158 2218 2219
f 2158 2219 2159
f 2159 2219 2220
f 2159 2220 2160
f 2160 2220 2221
f 2160 2221 2161
f 2161 2221 2222
f 2161 2222 2162
f 2162 2222 2223
f 2162 2223 2163
f 2163 2223 2224
f 2163 2224 2164
f 2164 2224 2225
f 2164 2225 2165
f 2165 2225 2226
f 2165 2226 2166
f 2166 2226 2227
f 2166 2227 2167
f 2167 2227 2228
f 2167 2228 2168
f 2168 2228 2229
f 2168 2229 2169
f 2169 2229 2230
f 2169 2230 2170
f 2170 2230 2231
f 2170 2231 2171
f 2171 2231 2232
f 2171 2232 2172
f 2172 2232 2233
f 2172 2233 2173
f 2173 2233 2234
f 2173 2234 2174
f 2174 2234 2235
f 2174 2235 2175
f 2175 2235 2236
f 2175 2236 2176
f 2176 2236 2237
f 2176 2237 2177
f 2177 2237 2238
f 2177 2238 2178
f 2178 2238 2239
f 2178 2239 2179
f 2179 2239 2240
f 2179 2240 2180
f 2180 2240 2241
f 2180 2241 2181
f 2181 2241 2242
f 2181 2242 2182
f 2182 2242 2243
f 2182 2243 2183
f 2183 2243 2244
f 2183 2244 2184
f 2184 2244 2245
f 2184 2245 2185
f 2185 2245 2246
f 2185 2246 2186
f 2186 2246 2247
f 2186 2247 2187
f 2187 2247 2248
f 2187 2248 2188
f 2188 2248 2249
f 2188 2249 2189
f 2189 2249 2250
f 2189 2250 2190
f 2190 2250 2251
f 2190 2251 2191
f 2191 2251 2252
f 2191 2252 2192
f 2192 2252 2253
f 2192 2253 2193
f 2193 2253 2254
f 2193 2254 2194
f 2194 2254 2255
f 2194 2255 2195
f 2195 2255 2256
f 2195 2256 2196
f 2196 2256 2257
f 2197 2258 2198
f 2198 2258 2259
f 2198 2259 2199
f 2199 2259 2260
f 2199 2260 2200
f 2200 2260 2261
f 2200 2261 2201
f 2201 2261 2262
f 2201 2262 2202
f 2202 2262 2263
f 2202 2263 2203
f 2203 2263 2264
f 2203 2264 2204
f 2204 2264 2265
f 2204 2265 2205
f 2205 2265 2266
f 2205 2266 2206
f 2206 2266 2267
f 2206 2267 2207
f 2207 2267 2268
f 2207 2268 2208
f 2208 2268 2269
f 2208 2269 2209
f 2209 2269 2270
f 2209 2270 2210
f 2210 2270 2271
f 2210 2271 2211
f 2211 2271 2272
f 2211 2272 2212
f 2212 2272 2273
f 2212 2273 2213
f 2213 2273 2274
f 2213 2274 2214
f 2214 2274 2275
f 2214 2275 2215
f 2215 2275 2276
f 2215 2276 2216
f 2216 2276 2277
f 2216 2277 2217
f 2217 2277 2278
f 2217 2278 2218
f 2218 2278 2279
f 2218 2279 2219
f 2219 2279 2280
f 2219 2280 2220
f 2220 2280 2281
f 2220 2281 2221
f 2221 2281 2282
f 2221 2282 2222
f 2222 2282 2283
f 2222 2283 2223
f 2223 2283 2284
f 2223 2284 2224
f 2224 2284 2285
f 2224 2285 2225
f 2225 2285 2286
f 2225 2286 2226
f 2226 2286 2287
f 2226 2287 2227
f 2227 2287 2288
f 2227 2288 2228
f 2228 2288 2289
f 2228 2289 2229
f 2229 2289 2290
f 2229 2290 2230
f 2230 2290 2291
f 2230 2291 2231
f 2231 2291 2292
f 2231 2292 2232
f 2232 2292 2293
f 2232 2293 2233
f 2233 2293 2294
f 2233 2294 2234
f 2234 2294 2295
f 2234 2295 2235
f 2235 2295 2296
f 2235 2296 2236
f 2236 2296 2297
f 2236 2297 2237
f 2237 2297 2298
f 2237 2298 2238
f 2238 2298 2299
f 2238 2299 2239
f 2239 2299 2300
f 2239 2300 2240
f 2240 2300 2301
f 2240 2301 2241
f 2241 2301 2302
f 2241 2302 2242
f 2242 2302 2303
f 2242 2303 2243
f 2243 2303 2304
f 2243 2304 2244
f 2244 2304 2305
f 2244 2305 2245
f 2245 2305 2306
f 2245 2306 2246
f 2246 2306 2307
f 2246 2307 2247
f 2247 2307 2308
f 2247 2308 2248
f 2248 2308 2309
f 2248 2309 2249
f 2249 2309 2310
f 2249 2310 2250
f 2250 2310 2311
f 2250 2311 2251
f 2251 2311 2312
f 2251 2312 2252
f 2252 2312 2313
f 2252 2313 2253
f 2253 2313 2314
f 2253 2314 2254
f 2254 2314 2315
f 2254 2315 2255
f 2255 2315 2316
f 2255 2316 2256
f 2256 2316 2317
f 2256 2317 2257
f 2257 2317 2318
f 2258 2319 2259
f 2259 2319 2320
f 2259 2320 2260
f 2260 2320 2321
f 2260 2321 2261
f 2261 2321 2322
f 2261 2322 2262
f 2262 2322 2323
f 2262 2323 2263
f 2263 2323 2324
f 2263 2324 2264
f 2264 2324 2325
f 2264 2325 2265
f 2265 2325 2326
f 2265 2326 2266
f 2266 2326 2327
f 2266 2327 2267
f 2267 2327 2328
f 2267 2328 2268
f 2268 2328 2329
f 2268 2329 2269
f 2269 2329 2330
f 2269 2330 2270
f 2270 2330 2331
f 2270 2331 2271
f 2271 2331 2332
f 2271 2332 2272
f 2272 2332 2333
f 2272 2333 2273
f 2273 2333 2334
f 2273 2334 2274
f 2274 2334 2335
f 2274 2335 2275
f 2275 2335 2336
f 2275 2336 2276
f 2276 2336 2337
f 2276 2337 2277
f 2277 2337 2338
f 2277 2338 2278
f 2278 2338 2339
f 2278 2339 2279
f 2279 2339 2340
f 2279 2340 2280
f 2280 2340 2341
f 2280 2341 2281
f 2281 2341 2342
f 2281 2342 2282
f 2282 2342 2343
f 2282 2343 2283
f 2283 2343 2344
f 2283 2344 2284
f 2284 2344 2345
f 2284 2345 2285
f 2285 2345 2346
f 2285 2346 2286
f 2286 2346 2347
f 2286 2347 2287
f 2287 2347 2348
f 2287 2348 2288
f 2288 2348 2349
f 2288 2349 2289
f 2289 2349 2350
f 2289 2350 2290
f 2290 2350 2351
f 2290 2351 2291
f 2291 2351 2352
f 2291 2352 2292
f 2292 2352 2353
f 2292 2353 2293
f 2293 2353 2354
f 2293 2354 2294
f 2294 2354 2355
f 2294 2355 2295
f 2295 2355 2356
f 2295 2356 2296
f 2296 2356 2357
f 2296 2357 2297
f 2297 2357 2358
f 2297 2358 2298
f 2298 2358 2359
f 2298 2359 2299
f 2299 2359 2360
f 2299 2360 2300
f 2300 2360 2361
f 2300 2361 2301
f 2301 2361 2362
f 2301 2362 2302
f 2302 2362 2363
f 2302 2363 2303
f 2303 2363 2364
f 2303 2364 2304
f 2304 2364 2365
f 2304 2365 2305
f 2305 2365 2366
f 2305 2366 2306
f 2306 2366 2367
f 2306 2367 2307
f 2307 2367 2368
f 2307 2368 2308
f 2308 2368 2369
f 2308 2369 2309
f 2309 2369 2370
f 2309 2370 2310
f 2310 2370 2371
f 2310 2371 2311
f 2311 2371 2372
f 2311 2372 2312
f 2312 2372 2373
f 2312 2373 2313
f 2313 2373 2374
f 2313 2374 2314
f 2314 2374 2375
f 2314 2375 2315
f 2315 2375 2376
f 2315 2376 2316
f 2316 2376 2377
f 2316 2377 2317
f 2317 2377 2378
f 2317 2378 2318
f 2318 2378 2379
f 2319 2380 2320
f 2320 2380 2381
f 2320 2381 2321
f 2321 2381 2382
f 2321 2382 2322
f 2322 2382 2383
f 2322 2383 2323
f 2323 2383 2384
f 2323 2384 2324
f 2324 2384 2385
f 2324 2385 2325
f 2325 2385 2386
f 2325 2386 2326
f 2326 2386 2387
f 2326 2387 2327
f 2327 2387 2388
f 2327 2388 2328
f 2328 2388 2389
f 2328 2389 2329
f 2329 2389 2390
f 2329 2390 2330
f 2330 2390 2391
f 2330 2391 2331
f 2331 2391 2392
f 2331 2392 2332
f 2332 2392 2393
f 2332 2393 2333
f 2333 2393 2394
f 2333 2394 2334
f 2334 2394 2395
f 2334 2395 2335
f 2335 2395 2396
f 2335 2396 2336
f 2336 2396 2397
f 2336 2397 2337
f 2337 2397 2398
f 2337 2398 2338
f 2338 2398 2399
f 2338 2399 2339
f 2339 2399 2400
f 2339 2400 2340
f 2340 2400 2401
f 2340 2401 2341
f 2341 2401 2402
f 2341 2402 2342
f 2342 2402 2403
f 2342 2403 2343
f 2343 2403 2404
f 2343 2404 2344
f 2344 2404 2405
f 2344 2405 2345
f 2345 2405 2406
f 2345 2406 2346
f 2346 2406 2407
f 2346 2407 2347
f 2347 2407 2408
f 2347 2408 2348
f 2348 2408 2409
f 2348 2409 2349
f 2349 2409 2410
f 2349 2410 2350
f 2350 2410 2411
f 2350 2411 2351
f 2351 2411 2412
f 2351 2412 2352
f 2352 2412 2413
f 2352 2413 2353
f 2353 2413 2414
f 2353 2414 2354
f 2354 2414 2415
f 2354 2415 2355
f 2355 2415 2416
f 2355 2416 2356
f 2356 2416 2417
f 2356 2417 2357
f 2357 2417 2418
f 2357 2418 2358
f 2358 2418 2419
f 2358 2419 2359
f 2359 2419 2420
f 2359 2420 2360
f 2360 2420 2421
f 2360 2421 2361
f 2361 2421 2422
f 2361 2422 2362
f 2362 2422 2423
f 2362 2423 2363
f 2363 2423 2424
f 2363 2424 2364
f 2364 2424 2425
f 2364 2425 2365
f 2365 2425 2426
f 2365 2426 2366
f 2366 2426 2427
f 2366 2427 2367
f 2367 2427 2428
f 2367 2428 2368
f 2368 2428 2429
f 2368 2429 2369
f 2369 2429 2430
f 2369 2430 2370
f 2370 2430 2431
f 2370 2431 2371
f 2371 2431 2432
f 2371 2432 2372
f 2372 2432 2433
f 2372 2433 2373
f 2373 2433 2434
f 2373 2434 2374
f 2374 2434 2435
f 2374 2435 2375
f 2375 2435 2436
f 2375 2436 2376
f 2376 2436 2437
f 2376 2437 2377
f 2377 2437 2438
f 2377 2438 2378
f 2378 2438 2439
f 2378 2439 2379
f 2379 2439 2440
f 2380 2441 2381
f 2381 2441 2442
f 2381 2442 2382
f 2382 2442 2443
f 2382 2443 2383
f 2383 2443 2444
f 2383 2444 2384
f 2384 2444 2445
f 2384 2445 2385
f 2385 2445 2446
f 2385 2446 2386
f 2386 2446 2447
f 2386 2447 2387
f 2387 2447 2448
f 2387 2448 2388
f 2388 2448 2449
f 2388 2449 2389
f 2389 2449 2450
f 2389 2450 2390
f 2390 2450 2451
f 2390 2451 2391
f 2391 2451 2452
f 2391 2452 2392
f 2392 2452 2453
f 2392 2453 2393
f 2393 2453 2454
f 2393 2454 2394
f 2394 2454 2455
f 2394 2455 2395
f 2395 2455 2456
f 2395 2456 2396
f 2396 2456 2457
f 2396 2457 2397
f 2397 2457 2458
f 2397 2458 2398
f 2398 2458 2459
f 2398 2459 2399
f 2399 2459 2460
f 2399 2460 2400
f 2400 2460 2461
f 2400 2461 2401
f 2401 2461 2462
f 2401 2462 2402
f 2402 2462 2463
f 2402 2463 2403
f 2403 2463 2464
f 2403 2464 2404
f 2404 2464 2465
f 2404 2465 2405
f 2405 2465 2466
f 2405 2466 2406
f 2406 2466 2467
f 2406 2467 2407
f 2407 2467 2468
f 2407 2468 2408
f 2408 2468 2469
f 2408 2469 2409
f 2409 2469 2470
f 2409 2470 2410
f 2410 2470 2471
f 2410 2471 2411
f 2411 2471 2472
f 2411 2472 2412
f 2412 2472 2473
f 2412 2473 2413
f 2413 2473 2474
f 2413 2474 2414
f 2414 2474 2475
f 2414 2475 2415
f 2415 2475 2476
f 2415 2476 2416
f 2416 2476 2477
f 2416 2477 2417
f 2417 2477 2478
f 2417 2478 2418
f 2418 2478 2479
f 2418 2479 2419
f 2419 2479 2480
f 2419 2480 2420
f 2420 2480 2481
f 2420 2481 2421
f 2421 2481 2482
f 2421 2482 2422
f 2422 2482 2483
f 2422 2483 2423
f 2423 2483 2484
f 2423 2484 2424
f 2424 2484 2485
f 2424 2485 2425
f 2425 2485 2486
f 2425 2486 2426
f 2426 2486 2487
f 2426 2487 2427
f 2427 2487 2488
f 2427 2488 2428
f 2428 2488 2489
f 2428 2489 2429
f 2429 2489 2490
f 2429 2490 2430
f 2430 2490 2491
f 2430 2491 2431
f 2431 2491 2492
f 2431 2492 2432
f 2432 2492 2493
f 2432 2493 2433
f 2433 2493 2494
f 2433 2494 2434
f 2434 2494 2495
f 2434 2495 2435
f 2435 2495 2496
f 2435 2496 2436
f 2436 2496 2497
f 2436 2497 2437
f 2437 2497 2498
f 2437 2498 2438
f 2438 2498 2499
f 2438 2499 2439
f 2439 2499 2500
f 2439 2500 2440
f 2440 2500 2501
f 2441 2502 2442
f 2442 2502 2503
f 2442 2503 2443
f 2443 2503 2504
f 2443 2504 2444
f 2444 2504 2505
f 2444 2505 2445
f 2445 2505 2506
f 2445 2506 2446
f 2446 2506 2507
f 2446 2507 2447
f 2447 2507 2508
f 2447 2508 2448
f 2448 2508 2509
f 2448 2509 2449
f 2449 2509 2510
f 2449 2510 2450
f 2450 2510 2511
f 2450 2511 2451
f 2451 2511 2512
f 2451 2512 2452
f 2452 2512 2513
f 2452 2513 2453
f 2453 2513 2514
f 2453 2514 2454
f 2454 2514 2515
f 2454 2515 2455
f 2455 2515 2516
f 2455 2516 2456
f 2456 2516 2517
f 2456 2517 2457
f 2457 2517 2518
f 2457 2518 2458
f 2458 2518 2519
f 2458 2519 2459
f 2459 2519 2520
f 2459 2520 2460
f 2460 2520 2521
f 2460 2521 2461
f 2461 2521 2522
f 2461 2522 2462
f 2462 2522 2523
f 2462 2523 2463
f 2463 2523 2524
f 2463 2524 2464
f 2464 2524 2525
f 2464 2525 2465
f 2465 2525 2526
f 2465 2526 2466
f 2466 2526 2527
f 2466 2527 2467
f 2467 2527 2528
f 2467 2528 2468
f 2468 2528 2529
f 2468 2529 2469
f 2469 2529 2530
f 2469 2530 2470
f 2470 2530 2531
f 2470 2531 2471
f 2471 2531 2532
f 2471 2532 2472
f 2472 2532 2533
f 2472 2533 2473
f 2473 2533 2534
f 2473 2534 2474
f 2474 2534 2535
f 2474 2535 2475
f 2475 2535 2536
f 2475 2536 2476
f 2476 2536 2537
f 2476 2537 2477
f 2477 2537 2538
f 2477 2538 2478
f 2478 2538 2539
f 2478 2539 2479
f 2479 2539 2540
f 2479 2540 2480
f 2480 2540 2541
f 2480 2541 2481
f 2481 2541 2542
f 2481 2542 2482
f 2482 2542 2543
f 2482 2543 2483
f 2483 2543 2544
f 2483 2544 2484
f 2484 2544 2545
f 2484 2545 2485
f 2485 2545 2546
f 2485 2546 2486
f 2486 2546 2547
f 2486 2547 2487
f 2487 2547 2548
f 2487 2548 2488
f 2488 2548 2549
f 2488 2549 2489
f 2489 2549 2550
f 2489 2550 2490
f 2490 2550 2551
f 2490 2551 2491
f 2491 2551 2552
f 2491 2552 2492
f 2492 2552 2553
f 2492 2553 2493
f 2493 2553 2554
f 2493 2554 2494
f 2494 2554 2555
f 2494 2555 2495
f 2495 2555 2556
f 2495 2556 2496
f 2496 2556 2557
f 2496 2557 2497
f 2497 2557 2558
f 2497 2558 2498
f 2498 2558 2559
f 2498 2559 2499
f 2499 2559 2560
f 2499 2560 2500
f 2500 2560 2561
f 2500 2561 2501
f 2501 2561 2562
f 2502 2563 2503
f 2503 2563 2564
f 2503 2564 2504
f 2504 2564 2565
f 2504 2565 2505
f 2505 2565 2566
f 2505 2566 2506
f 2506 2566 2567
f 2506 2567 2507
f 2507 2567 2568
f 2507 2568 2508
f 2508 2568 2569
f 2508 2569 2509
f 2509 2569 2570
f 2509 2570 2510
f 2510 2570 2571
f 2510 2571 2511
f 2511 2571 2572
f 2511 2572 2512
f 2512 2572 2573
f 2512 2573 2513
f 2513 2573 2574
f 2513 2574 2514
f 2514 2574 2575
f 2514 2575 2515
f 2515 2575 2576
f 2515 2576 2516
f 2516 2576 2577
f 2516 2577 2517
f 2517 2577 2578
f 2517 2578 2518
f 2518 2578 2579
f 2518 2579 2519
f 2519 2579 2580
f 2519 2580 2520
f 2520 2580 2581
f 2520 2581 2521
f 2521 2581 2582
f 2521 2582 2522
f 2522 2582 2583
f 2522 2583 2523
f 2523 2583 2584
f 2523 2584 2524
f 2524 2584 2585
f 2524 2585 2525
f 2525 2585 2586
f 2525 2586 2526
f 2526 2586 2587
f 2526 2587 2527
f 2527 2587 2588
f 2527 2588 2528
f 2528 2588 2589
f 2528 2589 2529
f 2529 2589 2590
f 2529 2590 2530
f 2530 2590 2591
f 2530 2591 2531
f 2531 2591 2592
f 2531 2592 2532
f 2532 2592 2593
f 2532 2593 2533
f 2533 2593 2594
f 2533 2594 2534
f 2534 2594 2595
f 2534 2595 2535
f 2535 2595 2596
f 2535 2596 2536
f 2536 2596 2597
f 2536 2597 2537
f 2537 2597 2598
f 2537 2598 2538
f 2538 2598 2599
f 2538 2599 2539
f 2539 2599 2600
f 2539 2600 2540
f 2540 2600 2601
f 2540 2601 2541
f 2541 2601 2602
f 2541 2602 2542
f 2542 2602 2603
f 2542 2603 2543
f 2543 2603 2604
f 2543 2604 2544
f 2544 2604 2605
f 2544 2605 2545
f 2545 2605 2606
f 2545 2606 2546
f 2546 2606 2607
f 2546 2607 2547
f 2547 2607 2608
f 2547 2608 2548
f 2548 2608 2609
f 2548 2609 2549
f 2549 2609 2610
f 2549 2610 2550
f 2550 2610 2611
f 2550 2611 2551
f 2551 2611 2612
f 2551 2612 2552
f 2552 2612 2613
f 2552 2613 2553
f 2553 2613 2614
f 2553 2614 2554
f 2554 2614 2615
f 2554 2615 2555
f 2555 2615 2616
f 2555 2616 2556
f 2556 2616 2617
f 2556 2617 2557
f 2557 2617 2618
f 2557 2618 2558
f 2558 2618 2619
f 2558 2619 2559
f 2559 2619 2620
f 2559 2620 2560
f 2560 2620 2621
f 2560 2621 2561
f 2561 2621 2622
f 2561 2622 2562
f 2562 2622 2623
f 2563 2624 2564
f 2564 2624 2625
f 2564 2625 2565
f 2565 2625 2626
f 2565 2626 2566
f 2566 2626 2627
f 2566 2627 2567
f 2567 2627 2628
f 2567 2628 2568
f 2568 2628 2629
f 2568 2629 2569
f 2569 2629 2630
f 2569 2630 2570
f 2570 2630 2631
f 2570 2631 2571
f 2571 2631 2632
f 2571 2632 2572
f 2572 2632 2633
f 2572 2633 2573
f 2573 2633 2634
f 2573 2634 2574
f 2574 2634 2635
f 2574 2635 2575
f 2575 2635 2636
f 2575 2636 2576
f 2576 2636 2637
f 2576 2637 2577
f 2577 2637 2638
f 2577 2638 2578
f 2578 2638 2639
f 2578 2639 2579
f 2579 2639 2640
f 2579 2640 2580
f 2580 2640 2641
f 2580 2641 2581
f 2581 2641 2642
f 2581 2642 2582
f 2582 2642 2643
f 2582 2643 2583
f 2583 2643 2644
f 2583 2644 2584
f 2584 2644 2645
f 2584 2645 2585
f 2585 2645 2646
f 2585 2646 2586
f 2586 2646 2647
f 2586 2647 2587
f 2587 2647 2648
f 2587 2648 2588
f 2588 2648 2649
f 2588 2649 2589
f 2589 2649 2650
f 2589 2650 2590
f 2590 2650 2651
f 2590 2651 2591
f 2591 2651 2652
f 2591 2652 2592
f 2592 2652 2653
f 2592 2653 2593
f 2593 2653 2654
f 2593 2654 2594
f 2594 2654 2655
f 2594 2655 2595
f 2595 2655 2656
f 2595 2656 2596
f 2596 2656 2657
f 2596 2657 2597
f 2597 2657 2658
f 2597 2658 2598
f 2598 2658 2659
f 2598 2659 2599
f 2599 2659 2660
f 2599 2660 2600
f 2600 2660 2661
f 2600 2661 2601
f 2601 2661 2662
f 2601 2662 2602
f 2602 2662 2663
f 2602 2663 2603
f 2603 2663 2664
f 2603 2664 2604
f 2604 2664 2665
f 2604 2665 2605
f 2605 2665 2666
f 2605 2666 2606
f 2606 2666 2667
f 2606 2667 2607
f 2607 2667 2668
f 2607 2668 2608
f 2608 2668 2669
f 2608 2669 2609
f 2609 2669 2670
f 2609 2670 2610
f 2610 2670 2671
f 2610 2671 2611
f 2611 2671 2672
f 2611 2672 2612
f 2612 2672 2673
f 2612 2673 2613
f 2613 2673 2674
f 2613 2674 2614
f 2614 2674 2675
f 2614 2675 2615
f 2615 2675 2676
f 2615 2676 2616
f 2616 2676 2677
f 2616 2677 2617
f 2617 2677 2678
f 2617 2678 2618
f 2618 2678 2679
f 2618 2679 2619
f 2619 2679 2680
f 2619 2680 2620
f 2620 2680 2681
f 2620 2681 2621
f 2621 2681 2682
f 2621 2682 2622
f 2622 2682 2683
f 2622 2683 2623
f 2623 2683 2684
f 2624 2685 2625
f 2625 2685 2686
f 2625 2686 2626
f 2626 2686 2687
f 2626 2687 2627
f 2627 2687 2688
f 2627 2688 2628
f 2628 2688 2689
f 2628 2689 2629
f 2629 2689 2690
f 2629 2690 2630
f 2630 2690 2691
f 2630 2691 2631
f 2631 2691 2692
f 2631 2692 2632
f 2632 2692 2693
f 2632 2693 2633
f 2633 2693 2694
f 2633 2694 2634
f 2634 2694 2695
f 2634 2695 2635
f 2635 2695 2696
f 2635 2696 2636
f 2636 2696 2697
f 2636 2697 2637
f 2637 2697 2698
f 2637 2698 2638
f 2638 2698 2699
f 2638 2699 2639
f 2639 2699 2700
f 2639 2700 2640
f 2640 2700 2701
f 2640 2701 2641
f 2641 2701 2702
f 2641 2702 2642
f 2642 2702 2703
f 2642 2703 2643
f 2643 2703 2704
f 2643 2704 2644
f 2644 2704 2705
f 2644 2705 2645
f 2645 2705 2706
f 2645 2706 2646
f 2646 2706 2707
f 2646 2707 2647
f 2647 2707 2708
f 2647 2708 2648
f 2648 2708 2709
f 2648 2709 2649
f 2649 2709 2710
f 2649 2710 2650
f 2650 2710 2711
f 2650 2711 2651
f 2651 2711 2712
f 2651 2712 2652
f 2652 2712 2713
f 2652 2713 2653
f 2653 2713 2714
f 2653 2714 2654
f 2654 2714 2715
f 2654 2715 2655
f 2655 2715 2716
f 2655 2716 2656
f 2656 2716 2717
f 2656 2717 2657
f 2657 2717 2718
f 2657 2718 2658
f 2658 2718 2719
f 2658 2719 2659
f 2659 2719 2720
f 2659 2720 2660
f 2660 2720 2721
f 2660 2721 2661
f 2661 2721 2722
f 2661 2722 2662
f 2662 2722 2723
f 2662 2723 2663
f 2663 2723 2724
f 2663 2724 2664
f 2664 2724 2725
f 2664 2725 2665
f 2665 2725 2726
f 2665 2726 2666
f 2666 2726 2727
f 2666 2727 2667
f 2667 2727 2728
f 2667 2728 2668
f 2668 2728 2729
f 2668 2729 2669
f 2669 2729 2730
f 2669 2730 2670
f 2670 2730 2731
f 2670 2731 2671
f 2671 2731 2732
f 2671 2732 2672
f 2672 2732 2733
f 2672 2733 2673
f 2673 2733 2734
f 2673 2734 2674
f 2674 2734 2735
f 2674 2735 2675
f 2675 2735 2736
f 2675 2736 2676
f 2676 2736 2737
f 2676 2737 2677
f 2677 2737 2738
f 2677 2738 2678
f 2678 2738 2739
f 2678 2739 2679
f 2679 2739 2740
f 2679 2740 2680
f 2680 2740 2741
f 2680 2741 2681
f 2681 2741 2742
f 2681 2742 2682
f 2682 2742 2743
f 2682 2743 2683
f 2683 2743 2744
f 2683 2744 2684
f 2684 2744 2745
f 2685 2746 2686
f 2686 2746 2747
f 2686 2747 2687
f 2687 2747 2748
f 2687 2748 2688
f 2688 2748 2749
f 2688 2749 2689
f 2689 2749 2750
f 2689 2750 2690
f 2690 2750 2751
f 2690 2751 2691
f 2691 2751 2752
f 2691 2752 2692
f 2692 2752 2753
f 2692 2753 2693
f 2693 2753 2754
f 2693 2754 2694
f 2694 2754 2755
f 2694 2755 2695
f 2695 2755 2756
f 2695 2756 2696
f 2696 2756 2757
f 2696 2757 2697
f 2697 2757 2758
f 2697 2758 2698
f 2698 2758 2759
f 2698 2759 2699
f 2699 2759 2760
f 2699 2760 2700
f 2700 2760 2761
f 2700 2761 2701
f 2701 2761 2762
f 2701 2762 2702
f 2702 2762 2763
f 2702 2763 2703
f 2703 2763 2764
f 2703 2764 2704
f 2704 2764 2765
f 2704 2765 2705
f 2705 2765 2766
f 2705 2766 2706
f 2706 2766 2767
f 2706 2767 2707
f 2707 2767 2768
f 2707 2768 2708
f 2708 2768 2769
f 2708 2769 2709
f 2709 2769 2770
f 2709 2770 2710
f 2710 2770 2771
f 2710 2771 2711
f 2711 2771 2772
f 2711 2772 2712
f 2712 2772 2773
f 2712 2773 2713
f 2713 2773 2774
f 2713 2774 2714
f 2714 2774 2775
f 2714 2775 2715
f 2715 2775 2776
f 2715 2776 2716
f 2716 2776 2777
f 2716 2777 2717
f 2717 2777 2778
f 2717 2778 2718
f 2718 2778 2779
f 2718 2779 2719
f 2719 2779 2780
f 2719 2780 2720
f 2720 2780 2781
f 2720 2781 2721
f 2721 2781 2782
f 2721 2782 2722
f 2722 2782 2783
f 2722 2783 2723
f 2723 2783 2784
f 2723 2784 2724
f 2724 2784 2785
f 2724 2785 2725
f 2725 2785 2786
f 2725 2786 2726
f 2726 2786 2787
f 2726 2787 2727
f 2727 2787 2788
f 2727 2788 2728
f 2728 2788 2789
f 2728 2789 2729
f 2729 2789 2790
f 2729 2790 2730
f 2730 2790 2791
f 2730 2791 2731
f 2731 2791 2792
f 2731 2792 2732
f 2732 2792 2793
f 2732 2793 2733
f 2733 2793 2794
f 2733 2794 2734
f 2734 2794 2795
f 2734 2795 2735
f 2735 2795 2796
f 2735 2796 2736
f 2736 2796 2797
f 2736 2797 2737
f 2737 2797 2798
f 2737 2798 2738
f 2738 2798 2799
f 2738 2799 2739
f 2739 2799 2800
f 2739 2800 2740
f 2740 2800 2801
f 2740 2801 2741
f 2741 2801 2802
f 2741 2802 2742
f 2742 2802 2803
f 2742 2803 2743
f 2743 2803 2804
f 2743 2804 2744
f 2744 2804 2805
f 2744 2805 2745
f 2745 2805 2806
f 2746 2807 2747
f 2747 2807 2808
f 2747 2808 2748
f 2748 2808 2809
f 2748 2809 2749
f 2749 2809 2810
f 2749 2810 2750
f 2750 2810 2811
f 2750 2811 2751
f 2751 2811 2812
f 2751 2812 2752
f 2752 2812 2813
f 2752 2813 2753
f 2753 2813 2814
f 2753 2814 2754
f 2754 2814 2815
f 2754 2815 2755
f 2755 2815 2816
f 2755 2816 2756
f 2756 2816 2817
f 2756 2817 2757
f 2757 2817 2818
f 2757 2818 2758
f 2758 2818 2819
f 2758 2819 2759
f 2759 2819 2820
f 2759 2820 2760
f 2760 2820 2821
f 2760 2821 2761
f 2761 2821 2822
f 2761 2822 2762
f 2762 2822 2823
f 2762 2823 2763
f 2763 2823 2824
f 2763 2824 2764
f 2764 2824 2825
f 2764 2825 2765
f 2765 2825 2826
f 2765 2826 2766
f 2766 2826 2827
f 2766 2827 2767
f 2767 2827 2828
f 2767 2828 2768
f 2768 2828 2829
f 2768 2829 2769
f 2769 2829 2830
f 2769 2830 2770
f 2770 2830 2831
f 2770 2831 2771
f 2771 2831 2832
f 2771 2832 2772
f 2772 2832 2833
f 2772 2833 2773
f 2773 2833 2834
f 2773 2834 2774
f 2774 2834 2835
f 2774 2835 2775
f 2775 2835 2836
f 2775 2836 2776
f 2776 2836 2837
f 2776 2837 2777
f 2777 2837 2838
f 2777 2838 2778
f 2778 2838 2839
f 2778 2839 2779
f 2779 2839 2840
f 2779 2840 2780
f 2780 2840 2841
f 2780 2841 2781
f 2781 2841 2842
f 2781 2842 2782
f 2782 2842 2843
f 2782 2843 2783
f 2783 2843 2844
f 2783 2844 2784
f 2784 2844 2845
f 2784 2845 2785
f 2785 2845 2846
f 2785 2846 2786
f 2786 2846 2847
f 2786 2847 2787
f 2787 2847 2848
f 2787 2848 2788
f 2788 2848 2849
f 2788 2849 2789
f 2789 2849 2850
f 2789 2850 2790
f 2790 2850 2851
f 2790 2851 2791
f 2791 2851 2852
f 2791 2852 2792
f 2792 2852 2853
f 2792 2853 2793
f 2793 2853 2854
f 2793 2854 2794
f 2794 2854 2855
f 2794 2855 2795
f 2795 2855 2856
f 2795 2856 2796
f 2796 2856 2857
f 2796 2857 2797
f 2797 2857 2858
f 2797 2858 2798
f 2798 2858 2859
f 2798 2859 2799
f 2799 2859 2860
f 2799 2860 2800
f 2800 2860 2861
f 2800 2861 2801
f 2801 2861 2862
f 2801 2862 2802
f 2802 2862 2863
f 2802 2863 2803
f 2803 2863 2864
f 2803 2864 2804
f 2804 2864 2865
f 2804 2865 2805
f 2805 2865 2866
f 2805 2866 2806
f 2806 2866 2867
f 2807 2868 2808
f 2808 2868 2869
f 2808 2869 2809
f 2809 2869 2870
f 2809 2870 2810
f 2810 2870 2871
f 2810 2871 2811
f 2811 2871 2872
f 2811 2872 2812
f 2812 2872 2873
f 2812 2873 2813
f 2813 2873 2874
f 2813 2874 2814
f 2814 2874 2875
f 2814 2875 2815
f 2815 2875 2876
f 2815 2876 2816
f 2816 2876 2877
f 2816 2877 2817
f 2817 2877 2878
f 2817 2878 2818
f 2818 2878 2879
f 2818 2879 2819
f 2819 2879 2880
f 2819 2880 2820
f 2820 2880 2881
f 2820 2881 2821
f 2821 2881 2882
f 2821 2882 2822
f 2822 2882 2883
f 2822 2883 2823
f 2823 2883 2884
f 2823 2884 2824
f 2824 2884 2885
f 2824 2885 2825
f 2825 2885 2886
f 2825 2886 2826
f 2826 2886 2887
f 2826 2887 2827
f 2827 2887 2888
f 2827 2888 2828
f 2828 2888 2889
f 2828 2889 2829
f 2829 2889 2890
f 2829 2890 2830
f 2830 2890 2891
f 2830 2891 2831
f 2831 2891 2892
f 2831 2892 2832
f 2832 2892 2893
f 2832 2893 2833
f 2833 2893 2894
f 2833 2894 2834
f 2834 2894 2895
f 2834 2895 2835
f 2835 2895 2896
f 2835 2896 2836
f 2836 2896 2897
f 2836 2897 2837
f 2837 2897 2898
f 2837 2898 2838
f 2838 2898 2899
f 2838 2899 2839
f 2839 2899 2900
f 2839 2900 2840
f 2840 2900 2901
f 2840 2901 2841
f 2841 2901 2902
f 2841 2902 2842
f 2842 2902 2903
f 2842 2903 2843
f 2843 2903 2904
f 2843 2904 2844
f 2844 2904 2905
f 2844 2905 2845
f 2845 2905 2906
f 2845 2906 2846
f 2846 2906 2907
f 2846 2907 2847
f 2847 2907 2908
f 2847 2908 2848
f 2848 2908 2909
f 2848 2909 2849
f 2849 2909 2910
f 2849 2910 2850
f 2850 2910 2911
f 2850 2911 2851
f 2851 2911 2912
f 2851 2912 2852
f 2852 2912 2913
f 2852 2913 2853
f 2853 2913 2914
f 2853 2914 2854
f 2854 2914 2915
f 2854 2915 2855
f 2855 2915 2916
f 2855 2916 2856
f 2856 2916 2917
f 2856 2917 2857
f 2857 2917 2918
f 2857 2918 2858
f 2858 2918 2919
f 2858 2919 2859
f 2859 2919 2920
f 2859 2920 2860
f 2860 2920 2921
f 2860 2921 2861
f 2861 2921 2922
f 2861 2922 2862
f 2862 2922 2923
f 2862 2923 2863
f 2863 2923 2924
f 2863 2924 2864
f 2864 2924 2925
f 2864 2925 2865
f 2865 2925 2926
f 2865 2926 2866
f 2866 2926 2927
f 2866 2927 2867
f 2867 2927 2928
f 2868 2929 2869
f 2869 2929 2930
f 2869 2930 2870
f 2870 2930 2931
f 2870 2931 2871
f 2871 2931 2932
f 2871 2932 2872
f 2872 2932 2933
f 2872 2933 2873
f 2873 2933 2934
f 2873 2934 2874
f 2874 2934 2935
f 2874 2935 2875
f 2875 2935 2936
f 2875 2936 2876
f 2876 2936 2937
f 2876 2937 2877
f 2877 2937 2938
f 2877 2938 2878
f 2878 2938 2939
f 2878 2939 2879
f 2879 2939 2940
f 2879 2940 2880
f 2880 2940 2941
f 2880 2941 2881
f 2881 2941 2942
f 2881 2942 2882
f 2882 2942 2943
f 2882 2943 2883
f 2883 2943 2944
f 2883 2944 2884
f 2884 2944 2945
f 2884 2945 2885
f 2885 2945 2946
f 2885 2946 2886
f 2886 2946 2947
f 2886 2947 2887
f 2887 2947 2948
f 2887 2948 2888
f 2888 2948 2949
f 2888 2949 2889
f 2889 2949 2950
f 2889 2950 2890
f 2890 2950 2951
f 2890 2951 2891
f 2891 2951 2952
f 2891 2952 2892
f 2892 2952 2953
f 2892 2953 2893
f 2893 2953 2954
f 2893 2954 2894
f 2894 2954 2955
f 2894 2955 2895
f 2895 2955 2956
f 2895 2956 2896
f 2896 2956 2957
f 2896 2957 2897
f 2897 2957 2958
f 2897 2958 2898
f 2898 2958 2959
f 2898 2959 2899
f 2899 2959 2960
f 2899 2960 2900
f 2900 2960 2961
f 2900 2961 2901
f 2901 2961 2962
f 2901 2962 2902
f 2902 2962 2963
f 2902 2963 2903
f 2903 2963 2964
f 2903 2964 2904
f 2904 2964 2965
f 2904 2965 2905
f 2905 2965 2966
f 2905 2966 2906
f 2906 2966 2967
f 2906 2967 2907
f 2907 2967 2968
f 2907 2968 2908
f 2908 2968 2969
f 2908 2969 2909
f 2909 2969 2970
f 2909 2970 2910
f 2910 2970 2971
f 2910 2971 2911
f 2911 2971 2972
f 2911 2972 2912
f 2912 2972 2973
f 2912 2973 2913
f 2913 2973 2974
f 2913 2974 2914
f 2914 2974 2975
f 2914 2975 2915
f 2915 2975 2976
f 2915 2976 2916
f 2916 2976 2977
f 2916 2977 2917
f 2917 2977 2978
f 2917 2978 2918
f 2918 2978 2979
f 2918 2979 2919
f 2919 2979 2980
f 2919 2980 2920
f 2920 2980 2981
f 2920 2981 2921
f 2921 2981 2982
f 2921 2982 2922
f 2922 2982 2983
f 2922 2983 2923
f 2923 2983 2984
f 2923 2984 2924
f 2924 2984 2985
f 2924 2985 2925
f 2925 2985 2986
f 2925 2986 2926
f 2926 2986 2987
f 2926 2987 2927
f 2927 2987 2988
f 2927 2988 2928
f 2928 2988 2989
f 2929 2990 2930
f 2930 2990 2991
f 2930 2991 2931
f 2931 2991 2992
f 2931 2992 2932
f 2932 2992 2993
f 2932 2993 2933
f 2933 2993 2994
f 2933 2994 2934
f 2934 2994 2995
f 2934 2995 2935
f 2935 2995 2996
f 2935 2996 2936
f 2936 2996 2997
f 2936 2997 2937
f 2937 2997 2998
f 2937 2998 2938
f 2938 2998 2999
f 2938 2999 2939
f 2939 2999 3000
f 2939 3000 2940
f 2940 3000 3001
f 2940 3001 2941
f 2941 3001 3002
f 2941 3002 2942
f 2942 3002 3003
f 2942 3003 2943
f 2943 3003 3004
f 2943 3004 2944
f 2944 3004 3005
f 2944 3005 2945
f 2945 3005 3006
f 2945 3006 2946
f 2946 3006 3007
f 2946 3007 2947
f 2947 3007 3008
f 2947 3008 2948
f 2948 3008 3009
f 2948 3009 2949
f 2949 3009 3010
f 2949 3010 2950
f 2950 3010 3011
f 2950 3011 2951
f 2951 3011 3012
f 2951 3012 2952
f 2952 3012 3013
f 2952 3013 2953
f 2953 3013 3014
f 2953 3014 2954
f 2954 3014 3015
f 2954 3015 2955
f 2955 3015 3016
f 2955 3016 2956
f 2956 3016 3017
f 2956 3017 2957
f 2957 3017 3018
f 2957 3018 2958
f 2958 3018 3019
f 2958 3019 2959
f 2959 3019 3020
f 2959 3020 2960
f 2960 3020 3021
f 2960 3021 2961
f 2961 3021 3022
f 2961 3022 2962
f 2962 3022 3023
f 2962 3023 2963
f 2963 3023 3024
f 2963 3024 2964
f 2964 3024 3025
f 2964 3025 2965
f 2965 3025 3026
f 2965 3026 2966
f 2966 3026 3027
f 2966 3027 2967
f 2967 3027 3028
f 2967 3028 2968
f 2968 3028 3029
f 2968 3029 2969
f 2969 3029 3030
f 2969 3030 2970
f 2970 3030 3031
f 2970 3031 2971
f 2971 3031 3032
f 2971 3032 2972
f 2972 3032 3033
f 2972 3033 2973
f 2973 3033 3034
f 2973 3034 2974
f 2974 3034 3035
f 2974 3035 2975
f 2975 3035 3036
f 2975 3036 2976
f 2976 3036 3037
f 2976 3037 2977
f 2977 3037 3038
f 2977 3038 2978
f 2978 3038 3039
f 2978 3039 2979
f 2979 3039 3040
f 2979 3040 2980
f 2980 3040 3041
f 2980 3041 2981
f 2981 3041 3042
f 2981 3042 2982
f 2982 3042 3043
f 2982 3043 2983
f 2983 3043 3044
f 2983 3044 2984
f 2984 3044 3045
f 2984 3045 2985
f 2985 3045 3046
f 2985 3046 2986
f 2986 3046 3047
f 2986 3047 2987
f 2987 3047 3048
f 2987 3048 2988
f 2988 3048 3049
f 2988 3049 2989
f 2989 3049 3050
f 2990 3051 2991
f 2991 3051 3052
f 2991 3052 2992
f 2992 3052 3053
f 2992 3053 2993
f 2993 3053 3054
f 2993 3054 2994
f 2994 3054 3055
f 2994 3055 2995
f 2995 3055 3056
f 2995 3056 2996
f 2996 3056 3057
f 2996 3057 2997
f 2997 3057 3058
f 2997 3058 2998
f 2998 3058 3059
f 2998 3059 2999
f 2999 3059 3060
f 2999 3060 3000
f 3000 3060 3061
f 3000 3061 3001
f 3001 3061 3062
f 3001 3062 3002
f 3002 3062 3063
f 3002 3063 3003
f 3003 3063 3064
f 3003 3064 3004
f 3004 3064 3065
f 3004 3065 3005
f 3005 3065 3066
f 3005 3066 3006
f 3006 3066 3067
f 3006 3067 3007
f 3007 3067 3068
f 3007 3068 3008
f 3008 3068 3069
f 3008 3069 3009
f 3009 3069 3070
f 3009 3070 3010
f 3010 3070 3071
f 3010 3071 3011
f 3011 3071 3072
f 3011 3072 3012
f 3012 3072 3073
f 3012 3073 3013
f 3013 3073 3074
f 3013 3074 3014
f 3014 3074 3075
f 3014 3075 3015
f 3015 3075 3076
f 3015 3076 3016
f 3016 3076 3077
f 3016 3077 3017
f 3017 3077 3078
f 3017 3078 3018
f 3018 3078 3079
f 3018 3079 3019
f 3019 3079 3080
f 3019 3080 3020
f 3020 3080 3081
f 3020 3081 3021
f 3021 3081 3082
f 3021 3082 3022
f 3022 3082 3083
f 3022 3083 3023
f 3023 3083 3084
f 3023 3084 3024
f 3024 3084 3085
f 3024 3085 3025
f 3025 3085 3086
f 3025 3086 3026
f 3026 3086 3087
f 3026 3087 3027
f 3027 3087 3088
f 3027 3088 3028
f 3028 3088 3089
f 3028 3089 3029
f 3029 3089 3090
f 3029 3090 3030
f 3030 3090 3091
f 3030 3091 3031
f 3031 3091 3092
f 3031 3092 3032
f 3032 3092 3093
f 3032 3093 3033
f 3033 3093 3094
f 3033 3094 3034
f 3034 3094 3095
f 3034 3095 3035
f 3035 3095 3096
f 3035 3096 3036
f 3036 3096 3097
f 3036 3097 3037
f 3037 3097 3098
f 3037 3098 3038
f 3038 3098 3099
f 3038 3099 3039
f 3039 3099 3100
f 3039 3100 3040
f 3040 3100 3101
f 3040 3101 3041
f 3041 3101 3102
f 3041 3102 3042
f 3042 3102 3103
f 3042 3103 3043
f 3043 3103 3104
f 3043 3104 3044
f 3044 3104 3105
f 3044 3105 3045
f 3045 3105 3106
f 3045 3106 3046
f 3046 3106 3107
f 3046 3107 3047
f 3047 3107 3108
f 3047 3108 3048
f 3048 3108 3109
f 3048 3109 3049
f 3049 3109 3110
f 3049 3110 3050
f 3050 3110 3111
f 3051 3112 3052
f 3052 3112 3113
f 3052 3113 3053
f 3053 3113 3114
f 3053 3114 3054
f 3054 3114 3115
f 3054 3115 3055
f 3055 3115 3116
f 3055 3116 3056
f 3056 3116 3117
f 3056 3117 3057
f 3057 3117 3118
f 3057 3118 3058
f 3058 3118 3119
f 3058 3119 3059
f 3059 3119 3120
f 3059 3120 3060
f 3060 3120 3121
f 3060 3121 3061
f 3061 3121 3122
f 3061 3122 3062
f 3062 3122 3123
f 3062 3123 3063
f 3063 3123 3124
f 3063 3124 3064
f 3064 3124 3125
f 3064 3125 3065
f 3065 3125 3126
f 3065 3126 3066
f 3066 3126 3127
f 3066 3127 3067
f 3067 3127 3128
f 3067 3128 3068
f 3068 3128 3129
f 3068 3129 3069
f 3069 3129 3130
f 3069 3130 3070
f 3070 3130 3131
f 3070 3131 3071
f 3071 3131 3132
f 3071 3132 3072
f 3072 3132 3133
f 3072 3133 3073
f 3073 3133 3134
f 3073 3134 3074
f 3074 3134 3135
f 3074 3135 3075
f 3075 3135 3136
f 3075 3136 3076
f 3076 3136 3137
f 3076 3137 3077
f 3077 3137 3138
f 3077 3138 3078
f 3078 3138 3139
f 3078 3139 3079
f 3079 3139 3140
f 3079 3140 3080
f 3080 3140 3141
f 3080 3141 3081
f 3081 3141 3142
f 3081 3142 3082
f 3082 3142 3143
f 3082 3143 3083
f 3083 3143 3144
f 3083 3144 3084
f 3084 3144 3145
f 3084 3145 3085
f 3085 3145 3146
f 3085 3146 3086
f 3086 3146 3147
f 3086 3147 3087
f 3087 3147 3148
f 3087 3148 3088
f 3088 3148 3149
f 3088 3149 3089
f 3089 3149 3150
f 3089 3150 3090
f 3090 3150 3151
f 3090 3151 3091
f 3091 3151 3152
f 3091 3152 3092
f 3092 3152 3153
f 3092 3153 3093
f 3093 3153 3154
f 3093 3154 3094
f 3094 3154 3155
f 3094 3155 3095
f 3095 3155 3156
f 3095 3156 3096
f 3096 3156 3157
f 3096 3157 3097
f 3097 3157 3158
f 3097 3158 3098
f 3098 3158 3159
f 3098 3159 3099
f 3099 3159 3160
f 3099 3160 3100
f 3100 3160 3161
f 3100 3161 3101
f 3101 3161 3162
f 3101 3162 3102
f 3102 3162 3163
f 3102 3163 3103
f 3103 3163 3164
f 3103 3164 3104
f 3104 3164 3165
f 3104 3165 3105
f 3105 3165 3166
f 3105 3166 3106
f 3106 3166 3167
f 3106 3167 3107
f 3107 3167 3168
f 3107 3168 3108
f 3108 3168 3169
f 3108 3169 3109
f 3109 3169 3170
f 3109 3170 3110
f 3110 3170 3171
f 3110 3171 3111
f 3111 3171 3172
f 3112 3173 3113
f 3113 3173 3174
f 3113 3174 3114
f 3114 3174 3175
f 3114 3175 3115
f 3115 3175 3176
f 3115 3176 3116
f 3116 3176 3177
f 3116 3177 3117
f 3117 3177 3178
f 3117 3178 3118
f 3118 3178 3179
f 3118 3179 3119
f 3119 3179 3180
f 3119 3180 3120
f 3120 3180 3181
f 3120 3181 3121
f 3121 3181 3182
f 3121 3182 3122
f 3122 3182 3183
f 3122 3183 3123
f 3123 3183 3184
f 3123 3184 3124
f 3124 3184 3185
f 3124 3185 3125
f 3125 3185 3186
f 3125 3186 3126
f 3126 3186 3187
f 3126 3187 3127
f 3127 3187 3188
f 3127 3188 3128
f 3128 3188 3189
f 3128 3189 3129
f 3129 3189 3190
f 3129 3190 3130
f 3130 3190 3191
f 3130 3191 3131
f 3131 3191 3192
f 3131 3192 3132
f 3132 3192 3193
f 3132 3193 3133
f 3133 3193 3194
f 3133 3194 3134
f 3134 3194 3195
f 3134 3195 3135
f 3135 3195 3196
f 3135 3196 3136
f 3136 3196 3197
f 3136 3197 3137
f 3137 3197 3198
f 3137 3198 3138
f 3138 3198 3199
f 3138 3199 3139
f 3139 3199 3200
f 3139 3200 3140
f 3140 3200 3201
f 3140 3201 3141
f 3141 3201 3202
f 3141 3202 3142
f 3142 3202 3203
f 3142 3203 3143
f 3143 3203 3204
f 3143 3204 3144
f 3144 3204 3205
f 3144 3205 3145
f 3145 3205 3206
f 3145 3206 3146
f 3146 3206 3207
f 3146 3207 3147
f 3147 3207 3208
f 3147 3208 3148
f 3148 3208 3209
f 3148 3209 3149
f 3149 3209 3210
f 3149 3210 3150
f 3150 3210 3211
f 3150 3211 3151
f 3151 3211 3212
f 3151 3212 3152
f 3152 3212 3213
f 3152 3213 3153
f 3153 3213 3214
f 3153 3214 3154
f 3154 3214 3215
f 3154 3215 3155
f 3155 3215 3216
f 3155 3216 3156
f 3156 3216 3217
f 3156 3217 3157
f 3157 3217 3218
f 3157 3218 3158
f 3158 3218 3219
f 3158 3219 3159
f 3159 3219 3220
f 3159 3220 3160
f 3160 3220 3221
f 3160 3221 3161
f 3161 3221 3222
f 3161 3222 3162
f 3162 3222 3223
f 3162 3223 3163
f 3163 3223 3224
f 3163 3224 3164
f 3164 3224 3225
f 3164 3225 3165
f 3165 3225 3226
f 3165 3226 3166
f 3166 3226 3227
f 3166 3227 3167
f 3167 3227 3228
f 3167 3228 3168
f 3168 3228 3229
f 3168 3229 3169
f 3169 3229 3230
f 3169 3230 3170
f 3170 3230 3231
f 3170 3231 3171
f 3171 3231 3232
f 3171 3232 3172
f 3172 3232 3233
f 3173 3234 3174
f 3174 3234 3235
f 3174 3235 3175
f 3175 3235 3236
f 3175 3236 3176
f 3176 3236 3237
f 3176 3237 3177
f 3177 3237 3238
f 3177 3238 3178
f 3178 3238 3239
f 3178 3239 3179
f 3179 3239 3240
f 3179 3240 3180
f 3180 3240 3241
f 3180 3241 3181
f 3181 3241 3242
f 3181 3242 3182
f 3182 3242 3243
f 3182 3243 3183
f 3183 3243 3244
f 3183 3244 3184
f 3184 3244 3245
f 3184 3245 3185
f 3185 3245 3246
f 3185 3246 3186
f 3186 3246 3247
f 3186 3247 3187
f 3187 3247 3248
f 3187 3248 3188
f 3188 3248 3249
f 3188 3249 3189
f 3189 3249 3250
f 3189 3250 3190
f 3190 3250 3251
f 3190 3251 3191
f 3191 3251 3252
f 3191 3252 3192
f 3192 3252 3253
f 3192 3253 3193
f 3193 3253 3254
f 3193 3254 3194
f 3194 3254 3255
f 3194 3255 3195
f 3195 3255 3256
f 3195 3256 3196
f 3196 3256 3257
f 3196 3257 3197
f 3197 3257 3258
f 3197 3258 3198
f 3198 3258 3259
f 3198 3259 3199
f 3199 3259 3260
f 3199 3260 3200
f 3200 3260 3261
f 3200 3261 3201
f 3201 3261 3262
f 3201 3262 3202
f 3202 3262 3263
f 3202 3263 3203
f 3203 3263 3264
f 3203 3264 3204
f 3204 3264 3265
f 3204 3265 3205
f 3205 3265 3266
f 3205 3266 3206
f 3206 3266 3267
f 3206 3267 3207
f 3207 3267 3268
f 3207 3268 3208
f 3208 3268 3269
f 3208 3269 3209
f 3209 3269 3270
f 3209 3270 3210
f 3210 3270 3271
f 3210 3271 3211
f 3211 3271 3272
f 3211 3272 3212
f 3212 3272 3273
f 3212 3273 3213
f 3213 3273 3274
f 3213 3274 3214
f 3214 3274 3275
f 3214 3275 3215
f 3215 3275 3276
f 3215 3276 3216
f 3216 3276 3277
f 3216 3277 3217
f 3217 3277 3278
f 3217 3278 3218
f 3218 3278 3279
f 3218 3279 3219
f 3219 3279 3280
f 3219 3280 3220
f 3220 3280 3281
f 3220 3281 3221
f 3221 3281 3282
f 3221 3282 3222
f 3222 3282 3283
f 3222 3283 3223
f 3223 3283 3284
f 3223 3284 3224
f 3224 3284 3285
f 3224 3285 3225
f 3225 3285 3286
f 3225 3286 3226
f 3226 3286 3287
f 3226 3287 3227
f 3227 3287 3288
f 3227 3288 3228
f 3228 3288 3289
f 3228 3289 3229
f 3229 3289 3290
f 3229 3290 3230
f 3230 3290 3291
f 3230 3291 3231
f 3231 3291 3292
f 3231 3292 3232
f 3232 3292 3293
f 3232 3293 3233
f 3233 3293 3294
f 3234 3295 3235
f 3235 3295 3296
f 3235 3296 3236
f 3236 3296 3297
f 3236 3297 3237
f 3237 3297 3298
f 3237 3298 3238
f 3238 3298 3299
f 3238 3299 3239
f 3239 3299 3300
f 3239 3300 3240
f 3240 3300 3301
f 3240 3301 3241
f 3241 3301 3302
f 3241 3302 3242
f 3242 3302 3303
f 3242 3303 3243
f 3243 3303 3304
f 3243 3304 3244
f 3244 3304 3305
f 3244 3305 3245
f 3245 3305 3306
f 3245 3306 3246
f 3246 3306 3307
f 3246 3307 3247
f 3247 3307 3308
f 3247 3308 3248
f 3248 3308 3309
f 3248 3309 3249
f 3249 3309 3310
f 3249 3310 3250
f 3250 3310 3311
f 3250 3311 3251
f 3251 3311 3312
f 3251 3312 3252
f 3252 3312 3313
f 3252 3313 3253
f 3253 3313 3314
f 3253 3314 3254
f 3254 3314 3315
f 3254 3315 3255
f 3255 3315 3316
f 3255 3316 3256
f 3256 3316 3317
f 3256 3317 3257
f 3257 3317 3318
f 3257 3318 3258
f 3258 3318 3319
f 3258 3319 3259
f 3259 3319 3320
f 3259 3320 3260
f 3260 3320 3321
f 3260 3321 3261
f 3261 3321 3322
f 3261 3322 3262
f 3262 3322 3323
f 3262 3323 3263
f 3263 3323 3324
f 3263 3324 3264
f 3264 3324 3325
f 3264 3325 3265
f 3265 3325 3326
f 3265 3326 3266
f 3266 3326 3327
f 3266 3327 3267
f 3267 3327 3328
f 3267 3328 3268
f 3268 3328 3329
f 3268 3329 3269
f 3269 3329 3330
f 3269 3330 3270
f 3270 3330 3331
f 3270 3331 3271
f 3271 3331 3332
f 3271 3332 3272
f 3272 3332 3333
f 3272 3333 3273
f 3273 3333 3334
f 3273 3334 3274
f 3274 3334 3335
f 3274 3335 3275
f 3275 3335 3336
f 3275 3336 3276
f 3276 3336 3337
f 3276 3337 3277
f 3277 3337 3338
f 3277 3338 3278
f 3278 3338 3339
f 3278 3339 3279
f 3279 3339 3340
f 3279 3340 3280
f 3280 3340 3341
f 3280 3341 3281
f 3281 3341 3342
f 3281 3342 3282
f 3282 3342 3343
f 3282 3343 3283
f 3283 3343 3344
f 3283 3344 3284
f 3284 3344 3345
f 3284 3345 3285
f 3285 3345 3346
f 3285 3346 3286
f 3286 3346 3347
f 3286 3347 3287
f 3287 3347 3348
f 3287 3348 3288
f 3288 3348 3349
f 3288 3349 3289
f 3289 3349 3350
f 3289 3350 3290
f 3290 3350 3351
f 3290 3351 3291
f 3291 3351 3352
f 3291 3352 3292
f 3292 3352 3353
f 3292 3353 3293
f 3293 3353 3354
f 3293 3354 3294
f 3294 3354 3355
f 3295 3356 3296
f 3296 3356 3357
f 3296 3357 3297
f 3297 3357 3358
f 3297 3358 3298
f 3298 3358 3359
f 3298 3359 3299
f 3299 3359 3360
f 3299 3360 3300
f 3300 3360 3361
f 3300 3361 3301
f 3301 3361 3362
f 3301 3362 3302
f 3302 3362 3363
f 3302 3363 3303
f 3303 3363 3364
f 3303 3364 3304
f 3304 3364 3365
f 3304 3365 3305
f 3305 3365 3366
f 3305 3366 3306
f 3306 3366 3367
f 3306 3367 3307
f 3307 3367 3368
f 3307 3368 3308
f 3308 3368 3369
f 3308 3369 3309
f 3309 3369 3370
f 3309 3370 3310
f 3310 3370 3371
f 3310 3371 3311
f 3311 3371 3372
f 3311 3372 3312
f 3312 3372 3373
f 3312 3373 3313
f 3313 3373 3374
f 3313 3374 3314
f 3314 3374 3375
f 3314 3375 3315
f 3315 3375 3376
f 3315 3376 3316
f 3316 3376 3377
f 3316 3377 3317
f 3317 3377 3378
f 3317 3378 3318
f 3318 3378 3379
f 3318 3379 3319
f 3319 3379 3380
f 3319 3380 3320
f 3320 3380 3381
f 3320 3381 3321
f 3321 3381 3382
f 3321 3382 3322
f 3322 3382 3383
f 3322 3383 3323
f 3323 3383 3384
f 3323 3384 3324
f 3324 3384 3385
f 3324 3385 3325
f 3325 3385 3386
f 3325 3386 3326
f 3326 3386 3387
f 3326 3387 3327
f 3327 3387 3388
f 3327 3388 3328
f 3328 3388 3389
f 3328 3389 3329
f 3329 3389 3390
f 3329 3390 3330
f 3330 3390 3391
f 3330 3391 3331
f 3331 3391 3392
f 3331 3392 3332
f 3332 3392 3393
f 3332 3393 3333
f 3333 3393 3394
f 3333 3394 3334
f 3334 3394 3395
f 3334 3395 3335
f 3335 3395 3396
f 3335 3396 3336
f 3336 3396 3397
f 3336 3397 3337
f 3337 3397 3398
f 3337 3398 3338
f 3338 3398 3399
f 3338 3399 3339
f 3339 3399 3400
f 3339 3400 3340
f 3340 3400 3401
f 3340 3401 3341
f 3341 3401 3402
f 3341 3402 3342
f 3342 3402 3403
f 3342 3403 3343
f 3343 3403 3404
f 3343 3404 3344
f 3344 3404 3405
f 3344 3405 3345
f 3345 3405 3406
f 3345 3406 3346
f 3346 3406 3407
f 3346 3407 3347
f 3347 3407 3408
f 3347 3408 3348
f 3348 3408 3409
f 3348 3409 3349
f 3349 3409 3410
f 3349 3410 3350
f 3350 3410 3411
f 3350 3411 3351
f 3351 3411 3412
f 3351 3412 3352
f 3352 3412 3413
f 3352 3413 3353
f 3353 3413 3414
f 3353 3414 3354
f 3354 3414 3415
f 3354 3415 3355
f 3355 3415 3416
f 3356 3417 3357
f 3357 3417 3418
f 3357 3418 3358
f 3358 3418 3419
f 3358 3419 3359
f 3359 3419 3420
f 3359 3420 3360
f 3360 3420 3421
f 3360 3421 3361
f 3361 3421 3422
f 3361 3422 3362
f 3362 3422 3423
f 3362 3423 3363
f 3363 3423 3424
f 3363 3424 3364
f 3364 3424 3425
f 3364 3425 3365
f 3365 3425 3426
f 3365 3426 3366
f 3366 3426 3427
f 3366 3427 3367
f 3367 3427 3428
f 3367 3428 3368
f 3368 3428 3429
f 3368 3429 3369
f 3369 3429 3430
f 3369 3430 3370
f 3370 3430 3431
f 3370 3431 3371
f 3371 3431 3432
f 3371 3432 3372
f 3372 3432 3433
f 3372 3433 3373
f 3373 3433 3434
f 3373 3434 3374
f 3374 3434 3435
f 3374 3435 3375
f 3375 3435 3436
f 3375 3436 3376
f 3376 3436 3437
f 3376 3437 3377
f 3377 3437 3438
f 3377 3438 3378
f 3378 3438 3439
f 3378 3439 3379
f 3379 3439 3440
f 3379 3440 3380
f 3380 3440 3441
f 3380 3441 3381
f 3381 3441 3442
f 3381 3442 3382
f 3382 3442 3443
f 3382 3443 3383
f 3383 3443 3444
f 3383 3444 3384
f 3384 3444 3445
f 3384 3445 3385
f 3385 3445 3446
f 3385 3446 3386
f 3386 3446 3447
f 3386 3447 3387
f 3387 3447 3448
f 3387 3448 3388
f 3388 3448 3449
f 3388 3449 3389
f 3389 3449 3450
f 3389 3450 3390
f 3390 3450 3451
f 3390 3451 3391
f 3391 3451 3452
f 3391 3452 3392
f 3392 3452 3453
f 3392 3453 3393
f 3393 3453 3454
f 3393 3454 3394
f 3394 3454 3455
f 3394 3455 3395
f 3395 3455 3456
f 3395 3456 3396
f 3396 3456 3457
f 3396 3457 3397
f 3397 3457 3458
f 3397 3458 3398
f 3398 3458 3459
f 3398 3459 3399
f 3399 3459 3460
f 3399 3460 3400
f 3400 3460 3461
f 3400 3461 3401
f 3401 3461 3462
f 3401 3462 3402
f 3402 3462 3463
f 3402 3463 3403
f 3403 3463 3464
f 3403 3464 3404
f 3404 3464 3465
f 3404 3465 3405
f 3405 3465 3466
f 3405 3466 3406
f 3406 3466 3467
f 3406 3467 3407
f 3407 3467 3468
f 3407 3468 3408
f 3408 3468 3469
f 3408 3469 3409
f 3409 3469 3470
f 3409 3470 3410
f 3410 3470 3471
f 3410 3471 3411
f 3411 3471 3472
f 3411 3472 3412
f 3412 3472 3473
f 3412 3473 3413
f 3413 3473 3474
f 3413 3474 3414
f 3414 3474 3475
f 3414 3475 3415
f 3415 3475 3476
f 3415 3476 3416
f 3416 3476 3477
f 3417 3478 3418
f 3418 3478 3479
f 3418 3479 3419
f 3419 3479 3480
f 3419 3480 3420
f 3420 3480 3481
f 3420 3481 3421
f 3421 3481 3482
f 3421 3482 3422
f 3422 3482 3483
f 3422 3483 3423
f 3423 3483 3484
f 3423 3484 3424
f 3424 3484 3485
f 3424 3485 3425
f 3425 3485 3486
f 3425 3486 3426
f 3426 3486 3487
f 3426 3487 3427
f 3427 3487 3488
f 3427 3488 3428
f 3428 3488 3489
f 3428 3489 3429
f 3429 3489 3490
f 3429 3490 3430
f 3430 3490 3491
f 3430 3491 3431
f 3431 3491 3492
f 3431 3492 3432
f 3432 3492 3493
f 3432 3493 3433
f 3433 3493 3494
f 3433 3494 3434
f 3434 3494 3495
f 3434 3495 3435
f 3435 3495 3496
f 3435 3496 3436
f 3436 3496 3497
f 3436 3497 3437
f 3437 3497 3498
f 3437 3498 3438
f 3438 3498 3499
f 3438 3499 3439
f 3439 3499 3500
f 3439 3500 3440
f 3440 3500 3501
f 3440 3501 3441
f 3441 3501 3502
f 3441 3502 3442
f 3442 3502 3503
f 3442 3503 3443
f 3443 3503 3504
f 3443 3504 3444
f 3444 3504 3505
f 3444 3505 3445
f 3445 3505 3506
f 3445 3506 3446
f 3446 3506 3507
f 3446 3507 3447
f 3447 3507 3508
f 3447 3508 3448
f 3448 3508 3509
f 3448 3509 3449
f 3449 3509 3510
f 3449 3510 3450
f 3450 3510 3511
f 3450 3511 3451
f 3451 3511 3512
f 3451 3512 3452
f 3452 3512 3513
f 3452 3513 3453
f 3453 3513 3514
f 3453 3514 3454
f 3454 3514 3515
f 3454 3515 3455
f 3455 3515 3516
f 3455 3516 3456
f 3456 3516 3517
f 3456 3517 3457
f 3457 3517 3518
f 3457 3518 3458
f 3458 3518 3519
f 3458 3519 3459
f 3459 3519 3520
f 3459 3520 3460
f 3460 3520 3521
f 3460 3521 3461
f 3461 3521 3522
f 3461 3522 3462
f 3462 3522 3523
f 3462 3523 3463
f 3463 3523 3524
f 3463 3524 3464
f 3464 3524 3525
f 3464 3525 3465
f 3465 3525 3526
f 3465 3526 3466
f 3466 3526 3527
f 3466 3527 3467
f 3467 3527 3528
f 3467 3528 3468
f 3468 3528 3529
f 3468 3529 3469
f 3469 3529 3530
f 3469 3530 3470
f 3470 3530 3531
f 3470 3531 3471
f 3471 3531 3532
f 3471 3532 3472
f 3472 3532 3533
f 3472 3533 3473
f 3473 3533 3534
f 3473 3534 3474
f 3474 3534 3535
f 3474 3535 3475
f 3475 3535 3536
f 3475 3536 3476
f 3476 3536 3537
f 3476 3537 3477
f 3477 3537 3538
f 3478 3539 3479
f 3479 3539 3540
f 3479 3540 3480
f 3480 3540 3541
f 3480 3541 3481
f 3481 3541 3542
f 3481 3542 3482
f 3482 3542 3543
f 3482 3543 3483
f 3483 3543 3544
f 3483 3544 3484
f 3484 3544 3545
f 3484 3545 3485
f 3485 3545 3546
f 3485 3546 3486
f 3486 3546 3547
f 3486 3547 3487
f 3487 3547 3548
f 3487 3548 3488
f 3488 3548 3549
f 3488 3549 3489
f 3489 3549 3550
f 3489 3550 3490
f 3490 3550 3551
f 3490 3551 3491
f 3491 3551 3552
f 3491 3552 3492
f 3492 3552 3553
f 3492 3553 3493
f 3493 3553 3554
f 3493 3554 3494
f 3494 3554 3555
f 3494 3555 3495
f 3495 3555 3556
f 3495 3556 3496
f 3496 3556 3557
f 3496 3557 3497
f 3497 3557 3558
f 3497 3558 3498
f 3498 3558 3559
f 3498 3559 3499
f 3499 3559 3560
f 3499 3560 3500
f 3500 3560 3561
f 3500 3561 3501
f 3501 3561 3562
f 3501 3562 3502
f 3502 3562 3563
f 3502 3563 3503
f 3503 3563 3564
f 3503 3564 3504
f 3504 3564 3565
f 3504 3565 3505
f 3505 3565 3566
f 3505 3566 3506
f 3506 3566 3567
f 3506 3567 3507
f 3507 3567 3568
f 3507 3568 3508
f 3508 3568 3569
f 3508 3569 3509
f 3509 3569 3570
f 3509 3570 3510
f 3510 3570 3571
f 3510 3571 3511
f 3511 3571 3572
f 3511 3572 3512
f 3512 3572 3573
f 3512 3573 3513
f 3513 3573 3574
f 3513 3574 3514
f 3514 3574 3575
f 3514 3575 3515
f 3515 3575 3576
f 3515 3576 3516
f 3516 3576 3577
f 3516 3577 3517
f 3517 3577 3578
f 3517 3578 3518
f 3518 3578 3579
f 3518 3579 3519
f 3519 3579 3580
f 3519 3580 3520
f 3520 3580 3581
f 3520 3581 3521
f 3521 3581 3582
f 3521 3582 3522
f 3522 3582 3583
f 3522 3583 3523
f 3523 3583 3584
f 3523 3584 3524
f 3524 3584 3585
f 3524 3585 3525
f 3525 3585 3586
f 3525 3586 3526
f 3526 3586 3587
f 3526 3587 3527
f 3527 3587 3588
f 3527 3588 3528
f 3528 3588 3589
f 3528 3589 3529
f 3529 3589 3590
f 3529 3590 3530
f 3530 3590 3591
f 3530 3591 3531
f 3531 3591 3592
f 3531 3592 3532
f 3532 3592 3593
f 3532 3593 3533
f 3533 3593 3594
f 3533 3594 3534
f 3534 3594 3595
f 3534 3595 3535
f 3535 3595 3596
f 3535 3596 3536
f 3536 3596 3597
f 3536 3597 3537
f 3537 3597 3598
f 3537 3598 3538
f 3538 3598 3599
f 3539 3600 3540
f 3540 3600 3601
f 3540 3601 3541
f 3541 3601 3602
f 3541 3602 3542
f 3542 3602 3603
f 3542 3603 3543
f 3543 3603 3604
f 3543 3604 3544
f 3544 3604 3605
f 3544 3605 3545
f 3545 3605 3606
f 3545 3606 3546
f 3546 3606 3607
f 3546 3607 3547
f 3547 3607 3608
f 3547 3608 3548
f 3548 3608 3609
f 3548 3609 3549
f 3549 3609 3610
f 3549 3610 3550
f 3550 3610 3611
f 3550 3611 3551
f 3551 3611 3612
f 3551 3612 3552
f 3552 3612 3613
f 3552 3613 3553
f 3553 3613 3614
f 3553 3614 3554
f 3554 3614 3615
f 3554 3615 3555
f 3555 3615 3616
f 3555 3616 3556
f 3556 3616 3617
f 3556 3617 3557
f 3557 3617 3618
f 3557 3618 3558
f 3558 3618 3619
f 3558 3619 3559
f 3559 3619 3620
f 3559 3620 3560
f 3560 3620 3621
f 3560 3621 3561
f 3561 3621 3622
f 3561 3622 3562
f 3562 3622 3623
f 3562 3623 3563
f 3563 3623 3624
f 3563 3624 3564
f 3564 3624 3625
f 3564 3625 3565
f 3565 3625 3626
f 3565 3626 3566
f 3566 3626 3627
f 3566 3627 3567
f 3567 3627 3628
f 3567 3628 3568
f 3568 3628 3629
f 3568 3629 3569
f 3569 3629 3630
f 3569 3630 3570
f 3570 3630 3631
f 3570 3631 3571
f 3571 3631 3632
f 3571 3632 3572
f 3572 3632 3633
f 3572 3633 3573
f 3573 3633 3634
f 3573 3634 3574
f 3574 3634 3635
f 3574 3635 3575
f 3575 3635 3636
f 3575 3636 3576
f 3576 3636 3637
f 3576 3637 3577
f 3577 3637 3638
f 3577 3638 3578
f 3578 3638 3639
f 3578 3639 3579
f 3579 3639 3640
f 3579 3640 3580
f 3580 3640 3641
f 3580 3641 3581
f 3581 3641 3642
f 3581 3642 3582
f 3582 3642 3643
f 3582 3643 3583
f 3583 3643 3644
f 3583 3644 3584
f 3584 3644 3645
f 3584 3645 3585
f 3585 3645 3646
f 3585 3646 3586
f 3586 3646 3647
f 3586 3647 3587
f 3587 3647 3648
f 3587 3648 3588
f 3588 3648 3649
f 3588 3649 3589
f 3589 3649 3650
f 3589 3650 3590
f 3590 3650 3651
f 3590 3651 3591
f 3591 3651 3652
f 3591 3652 3592
f 3592 3652 3653
f 3592 3653 3593
f 3593 3653 3654
f 3593 3654 3594
f 3594 3654 3655
f 3594 3655 3595
f 3595 3655 3656
f 3595 3656 3596
f 3596 3656 3657
f 3596 3657 3597
f 3597 3657 3658
f 3597 3658 3598
f 3598 3658 3659
f 3598 3659 3599
f 3599 3659 3660
f 3600 3661 3601
f 3601 3661 3662
f 3601 3662 3602
f 3602 3662 3663
f 3602 3663 3603
f 3603 3663 3664
f 3603 3664 3604
f 3604 3664 3665
f 3604 3665 3605
f 3605 3665 3666
f 3605 3666 3606
f 3606 3666 3667
f 3606 3667 3607
f 3607 3667 3668
f 3607 3668 3608
f 3608 3668 3669
f 3608 3669 3609
f 3609 3669 3670
f 3609 3670 3610
f 3610 3670 3671
f 3610 3671 3611
f 3611 3671 3672
f 3611 3672 3612
f 3612 3672 3673
f 3612 3673 3613
f 3613 3673 3674
f 3613 3674 3614
f 3614 3674 3675
f 3614 3675 3615
f 3615 3675 3676
f 3615 3676 3616
f 3616 3676 3677
f 3616 3677 3617
f 3617 3677 3678
f 3617 3678 3618
f 3618 3678 3679
f 3618 3679 3619
f 3619 3679 3680
f 3619 3680 3620
f 3620 3680 3681
f 3620 3681 3621
f 3621 3681 3682
f 3621 3682 3622
f 3622 3682 3683
f 3622 3683 3623
f 3623 3683 3684
f 3623 3684 3624
f 3624 3684 3685
f 3624 3685 3625
f 3625 3685 3686
f 3625 3686 3626
f 3626 3686 3687
f 3626 3687 3627
f 3627 3687 3688
f 3627 3688 3628
f 3628 3688 3689
f 3628 3689 3629
f 3629 3689 3690
f 3629 3690 3630
f 3630 3690 3691
f 3630 3691 3631
f 3631 3691 3692
f 3631 3692 3632
f 3632 3692 3693
f 3632 3693 3633
f 3633 3693 3694
f 3633 3694 3634
f 3634 3694 3695
f 3634 3695 3635
f 3635 3695 3696
f 3635 3696 3636
f 3636 3696 3697
f 3636 3697 3637
f 3637 3697 3698
f 3637 3698 3638
f 3638 3698 3699
f 3638 3699 3639
f 3639 3699 3700
f 3639 3700 3640
f 3640 3700 3701
f 3640 3701 3641
f 3641 3701 3702
f 3641 3702 3642
f 3642 3702 3703
f 3642 3703 3643
f 3643 3703 3704
f 3643 3704 3644
f 3644 3704 3705
f 3644 3705 3645
f 3645 3705 3706
f 3645 3706 3646
f 3646 3706 3707
f 3646 3707 3647
f 3647 3707 3708
f 3647 3708 3648
f 3648 3708 3709
f 3648 3709 3649
f 3649 3709 3710
f 3649 3710 3650
f 3650 3710 3711
f 3650 3711 3651
f 3651 3711 3712
f 3651 3712 3652
f 3652 3712 3713
f 3652 3713 3653
f 3653 3713 3714
f 3653 3714 3654
f 3654 3714 3715
f 3654 3715 3655
f 3655 3715 3716
f 3655 3716 3656
f 3656 3716 3717
f 3656 3717 3657
f 3657 3717 3718
f 3657 3718 3658
f 3658 3718 3719
f 3658 3719 3659
f 3659 3719 3720
f 3659 3720 3660
f 3660 3720 3721
