"Table","Ordinal","ColumnName","TypedFieldId","TypedValueKind","Component","Group","CurrentColumnKind","Unit","AvailabilityColumn","AvailabilityFieldId","AvailabilityValue","CurrentSourceOwner","Classification","AnalyzerRequirement","ScoringConsumers","CurrentDeclaration"
"main","0","SampleIdentity","character-foot-ik/main/sample-identity","Identity","","Identity","Text","Identity","","","1","CaptureMetadata+ConstraintCommittedResult","MixedCaptureMetadataAndRuntime","required:facts/75","all:identity","CharacterFootSampleColumns.Schema"
"main","1","SampleStartedUtc","character-foot-ik/main/sample-started-utc-ticks","Int64","","Identity","Text","Category","","","1","CaptureMetadata+ConstraintCommittedResult","CaptureMetadataUtcTicks","required:facts/75","all:identity","CharacterFootSampleColumns.Schema"
"main","2","ProgramIdentity","character-foot-ik/main/program-identity","Identity","","Identity","Text","Identity","","","1","CaptureMetadata+ConstraintCommittedResult","MixedCaptureMetadataAndRuntime","required:facts/75","all:identity","CharacterFootSampleColumns.Schema"
"main","3","ProjectionRevision","character-foot-ik/main/projection-revision","Identity","","Identity","Text","Identity","","","1","CaptureMetadata+ConstraintCommittedResult","MixedCaptureMetadataAndRuntime","required:facts/75","all:identity","CharacterFootSampleColumns.Schema"
"main","4","PoseGraphId","character-foot-ik/main/pose-graph-id","Identity","","Identity","Text","Identity","","","1","CaptureMetadata+ConstraintCommittedResult","MixedCaptureMetadataAndRuntime","required:facts/75","all:identity","CharacterFootSampleColumns.Schema"
"main","5","PoseGraphRevision","character-foot-ik/main/pose-graph-revision","Identity","","Identity","Text","Identity","","","1","CaptureMetadata+ConstraintCommittedResult","MixedCaptureMetadataAndRuntime","required:facts/75","all:identity","CharacterFootSampleColumns.Schema"
"main","6","PosePlanHash","character-foot-ik/main/pose-plan-hash","Identity","","Identity","Text","Identity","","","1","CaptureMetadata+ConstraintCommittedResult","MixedCaptureMetadataAndRuntime","required:facts/75","all:identity","CharacterFootSampleColumns.Schema"
"main","7","FrameSequence","character-foot-ik/main/frame-sequence","Int32","","Identity","Int32","Frame","","","1","CaptureMetadata+ConstraintCommittedResult","MixedCaptureMetadataAndRuntime","required:facts/75","all:identity","CharacterFootSampleColumns.Schema"
"main","8","CompletionIdentity","character-foot-ik/main/completion-identity","UInt64","","Identity","UInt64","Identity","","","1","CaptureMetadata+ConstraintCommittedResult","MixedCaptureMetadataAndRuntime","required:facts/75","all:identity","CharacterFootSampleColumns.Schema"
"main","9","TargetRuntimeInstanceId","character-foot-ik/main/target-runtime-instance-id","Identity","","Identity","Text","Identity","","","1","CaptureMetadata+ConstraintCommittedResult","MixedCaptureMetadataAndRuntime","required:facts/75","all:identity","CharacterFootSampleColumns.Schema"
"main","10","TargetHostInstanceId","character-foot-ik/main/target-host-instance-id","Int32","","Identity","Int32","Identity","","","1","CaptureMetadata+ConstraintCommittedResult","MixedCaptureMetadataAndRuntime","required:facts/75","all:identity","CharacterFootSampleColumns.Schema"
"main","11","RootInstanceId","character-foot-ik/main/root-instance-id","Int32","","Identity","Int32","Identity","","","1","CaptureMetadata+ConstraintCommittedResult","MixedCaptureMetadataAndRuntime","required:facts/75","all:identity","CharacterFootSampleColumns.Schema"
"main","12","FootProfileId","character-foot-ik/main/foot-profile-id","Identity","","Identity","Text","Identity","","","1","CaptureMetadata+ConstraintCommittedResult","MixedCaptureMetadataAndRuntime","required:facts/75","all:identity","CharacterFootSampleColumns.Schema"
"main","13","FootProfileRevision","character-foot-ik/main/foot-profile-revision","Identity","","Identity","Text","Identity","","","1","CaptureMetadata+ConstraintCommittedResult","MixedCaptureMetadataAndRuntime","required:facts/75","all:identity","CharacterFootSampleColumns.Schema"
"main","14","Side","character-foot-ik/main/side","Int32","","Identity","Text","Category","","","1","CaptureMetadata+ConstraintCommittedResult","MixedCaptureMetadataAndRuntime+HostEnumFormatting","required:facts/75","all:identity","CharacterFootSampleColumns.Schema"
"main","15","State","character-foot-ik/main/state","Int32","","Identity","Text","Category","","","1","CaptureMetadata+ConstraintCommittedResult","MixedCaptureMetadataAndRuntime+HostEnumFormatting","required:facts/75","all:identity","CharacterFootSampleColumns.Schema"
"main","16","RejectReason","character-foot-ik/main/reject-reason","Int32","","Identity","Text","Category","","","1","CaptureMetadata+ConstraintCommittedResult","MixedCaptureMetadataAndRuntime+HostEnumFormatting","required:facts/75","all:identity","CharacterFootSampleColumns.Schema"
"main","17","StepSource","character-foot-ik/main/step-source","Int32","","Identity","Text","Category","","","1","CaptureMetadata+ConstraintCommittedResult","MixedCaptureMetadataAndRuntime+HostEnumFormatting","required:facts/75","all:identity","CharacterFootSampleColumns.Schema"
"main","18","LandingEventIdentity","character-foot-ik/main/landing-event-identity","UInt64","","Identity","UInt64","Identity","","","1","CaptureMetadata+ConstraintCommittedResult","MixedCaptureMetadataAndRuntime","required:facts/75","all:identity","CharacterFootSampleColumns.Schema"
"main","19","TrajectoryGeneration","character-foot-ik/main/trajectory-generation","UInt64","","Identity","UInt64","Identity","","","1","CaptureMetadata+ConstraintCommittedResult","MixedCaptureMetadataAndRuntime","required:facts/75","all:identity","CharacterFootSampleColumns.Schema"
"main","20","LandingConfidence","character-foot-ik/main/landing-confidence","Float32","","Identity","Float32","Unitless","","","1","CaptureMetadata+ConstraintCommittedResult","MixedCaptureMetadataAndRuntime","required:facts/75","all:identity","CharacterFootSampleColumns.Schema"
"main","21","TimeToLandingSeconds","character-foot-ik/main/time-to-landing-seconds","Float32","","Identity","Float32","Seconds","","","1","CaptureMetadata+ConstraintCommittedResult","MixedCaptureMetadataAndRuntime","required:facts/75","all:identity","CharacterFootSampleColumns.Schema"
"main","22","NextLandingTrackingState","character-foot-ik/main/next-landing-tracking-state","Int32","","Identity","Text","Category","","","1","CaptureMetadata+ConstraintCommittedResult","MixedCaptureMetadataAndRuntime+HostEnumFormatting","required:facts/75","all:identity","CharacterFootSampleColumns.Schema"
"main","23","NextLandingTrackingEventIdentity","character-foot-ik/main/next-landing-tracking-event-identity","UInt64","","Identity","UInt64","Identity","","","1","CaptureMetadata+ConstraintCommittedResult","MixedCaptureMetadataAndRuntime","required:facts/75","all:identity","CharacterFootSampleColumns.Schema"
"main","24","VerifiedLastLandingAvailable","character-foot-ik/main/verified-last-landing-available","Boolean","","Identity","Boolean","None","","","1","CaptureMetadata+ConstraintCommittedResult","MixedCaptureMetadataAndRuntime","required:facts/75","all:identity","CharacterFootSampleColumns.Schema"
"main","25","VerifiedLastLandingEventIdentity","character-foot-ik/main/verified-last-landing-event-identity","UInt64","","Identity","UInt64","Identity","","","1","CaptureMetadata+ConstraintCommittedResult","MixedCaptureMetadataAndRuntime","required:facts/75","all:identity","CharacterFootSampleColumns.Schema"
"main","26","PlantTargetState","character-foot-ik/main/plant-target-state","Int32","","Identity","Text","Category","","","1","CaptureMetadata+ConstraintCommittedResult","MixedCaptureMetadataAndRuntime+HostEnumFormatting","required:facts/75","all:identity","CharacterFootSampleColumns.Schema"
"main","27","PlantTargetAvailable","character-foot-ik/main/plant-target-available","Boolean","","Identity","Boolean","None","","","1","CaptureMetadata+ConstraintCommittedResult","MixedCaptureMetadataAndRuntime","required:facts/75","all:identity","CharacterFootSampleColumns.Schema"
"main","28","PlantTargetEventIdentity","character-foot-ik/main/plant-target-event-identity","UInt64","","Identity","UInt64","Identity","PlantTargetAvailable","character-foot-ik/main/plant-target-available","1","CaptureMetadata+ConstraintCommittedResult","MixedCaptureMetadataAndRuntime","required:facts/75","all:identity","CharacterFootSampleColumns.Schema"
"main","29","PlantTargetSurfaceIdentity","character-foot-ik/main/plant-target-surface-identity","Int32","","Identity","Int32","Count","PlantTargetAvailable","character-foot-ik/main/plant-target-available","1","CaptureMetadata+ConstraintCommittedResult","MixedCaptureMetadataAndRuntime","required:facts/75","all:identity","CharacterFootSampleColumns.Schema"
"main","30","PlantTargetPointX","character-foot-ik/main/plant-target-point","Vector3","X","Identity","Float32","Metres","PlantTargetAvailable","character-foot-ik/main/plant-target-available","1","CaptureMetadata+ConstraintCommittedResult","MixedCaptureMetadataAndRuntime","required:facts/75","all:identity","CharacterFootSampleColumns.Schema"
"main","31","PlantTargetPointY","character-foot-ik/main/plant-target-point","Vector3","Y","Identity","Float32","Metres","PlantTargetAvailable","character-foot-ik/main/plant-target-available","1","CaptureMetadata+ConstraintCommittedResult","MixedCaptureMetadataAndRuntime","required:facts/75","all:identity","CharacterFootSampleColumns.Schema"
"main","32","PlantTargetPointZ","character-foot-ik/main/plant-target-point","Vector3","Z","Identity","Float32","Metres","PlantTargetAvailable","character-foot-ik/main/plant-target-available","1","CaptureMetadata+ConstraintCommittedResult","MixedCaptureMetadataAndRuntime","required:facts/75","all:identity","CharacterFootSampleColumns.Schema"
"main","33","PlantTargetNormalX","character-foot-ik/main/plant-target-normal","Vector3","X","Identity","Float32","Direction","PlantTargetAvailable","character-foot-ik/main/plant-target-available","1","CaptureMetadata+ConstraintCommittedResult","MixedCaptureMetadataAndRuntime","required:facts/75","all:identity","CharacterFootSampleColumns.Schema"
"main","34","PlantTargetNormalY","character-foot-ik/main/plant-target-normal","Vector3","Y","Identity","Float32","Direction","PlantTargetAvailable","character-foot-ik/main/plant-target-available","1","CaptureMetadata+ConstraintCommittedResult","MixedCaptureMetadataAndRuntime","required:facts/75","all:identity","CharacterFootSampleColumns.Schema"
"main","35","PlantTargetNormalZ","character-foot-ik/main/plant-target-normal","Vector3","Z","Identity","Float32","Direction","PlantTargetAvailable","character-foot-ik/main/plant-target-available","1","CaptureMetadata+ConstraintCommittedResult","MixedCaptureMetadataAndRuntime","required:facts/75","all:identity","CharacterFootSampleColumns.Schema"
"main","36","PlantTargetTrajectoryGeneration","character-foot-ik/main/plant-target-trajectory-generation","UInt64","","Identity","UInt64","Identity","PlantTargetAvailable","character-foot-ik/main/plant-target-available","1","CaptureMetadata+ConstraintCommittedResult","MixedCaptureMetadataAndRuntime","required:facts/75","all:identity","CharacterFootSampleColumns.Schema"
"main","37","PlantTargetFutureBodyTranslationSourceIdentity","character-foot-ik/main/plant-target-future-body-translation-source-identity","Identity","","Identity","Text","Identity","PlantTargetAvailable","character-foot-ik/main/plant-target-available","1","CaptureMetadata+ConstraintCommittedResult","MixedCaptureMetadataAndRuntime","required:facts/75","all:identity","CharacterFootSampleColumns.Schema"
"main","38","PlantTargetUpdated","character-foot-ik/main/plant-target-updated","Boolean","","Identity","Boolean","None","","","1","CaptureMetadata+ConstraintCommittedResult","MixedCaptureMetadataAndRuntime","required:facts/75","all:identity","CharacterFootSampleColumns.Schema"
"main","39","PlantVerificationAttempted","character-foot-ik/main/plant-verification-attempted","Boolean","","Identity","Boolean","None","","","1","CaptureMetadata+ConstraintCommittedResult","MixedCaptureMetadataAndRuntime","required:facts/75","all:identity","CharacterFootSampleColumns.Schema"
"main","40","PlantVerificationUnavailable","character-foot-ik/main/plant-verification-unavailable","Boolean","","Identity","Boolean","None","","","1","CaptureMetadata+ConstraintCommittedResult","MixedCaptureMetadataAndRuntime","required:facts/75","all:identity","CharacterFootSampleColumns.Schema"
"main","41","ApproachPlantTargetPrepared","character-foot-ik/main/approach-plant-target-prepared","Boolean","","Identity","Boolean","None","","","1","CaptureMetadata+ConstraintCommittedResult","MixedCaptureMetadataAndRuntime","required:facts/75","all:identity","CharacterFootSampleColumns.Schema"
"main","42","StepSelectionMaximumPredictionTimeSeconds","character-foot-ik/main/step-selection-maximum-prediction-time-seconds","Float32","","Identity","Float32","Seconds","","","1","CaptureMetadata+ConstraintCommittedResult","MixedCaptureMetadataAndRuntime","required:facts/75","all:identity","CharacterFootSampleColumns.Schema"
"main","43","StepSelectionLastLandingEventIdentity","character-foot-ik/main/step-selection-last-landing-event-identity","UInt64","","Identity","UInt64","Identity","","","1","CaptureMetadata+ConstraintCommittedResult","MixedCaptureMetadataAndRuntime","required:facts/75","all:identity","CharacterFootSampleColumns.Schema"
"main","44","SelectedStepSource","character-foot-ik/main/selected-step-source","Int32","","Identity","Text","Category","","","1","CaptureMetadata+ConstraintCommittedResult","MixedCaptureMetadataAndRuntime+HostEnumFormatting","required:facts/75","all:identity","CharacterFootSampleColumns.Schema"
"main","45","SelectedLandingEventIdentity","character-foot-ik/main/selected-landing-event-identity","UInt64","","Identity","UInt64","Identity","","","1","CaptureMetadata+ConstraintCommittedResult","MixedCaptureMetadataAndRuntime","required:facts/75","all:identity","CharacterFootSampleColumns.Schema"
"main","46","SelectedStepEventPhase","character-foot-ik/main/selected-step-event-phase","Float32","","SelectedStep","Float32","Unitless","","","1","ConstraintCommittedResult","DerivedSelection","required:facts/75","stable-swing|path-revision|contact-transition|leg-pose","CharacterFootSampleColumns.Schema"
"main","47","SelectedStepApproachContactToLandingProgress","character-foot-ik/main/selected-step-approach-contact-to-landing-progress","Float32","","SelectedStep","Float32","Unitless","","","1","ConstraintCommittedResult","DerivedSelection","required:facts/75","stable-swing|path-revision|contact-transition|leg-pose","CharacterFootSampleColumns.Schema"
"main","48","SelectedStepLandingPhase","character-foot-ik/main/selected-step-landing-phase","Float32","","SelectedStep","Float32","Unitless","","","1","ConstraintCommittedResult","DerivedSelection","required:facts/75","stable-swing|path-revision|contact-transition|leg-pose","CharacterFootSampleColumns.Schema"
"main","49","SelectedStepAtOrAfterApproachContact","character-foot-ik/main/selected-step-at-or-after-approach-contact","Boolean","","SelectedStep","Boolean","None","","","1","ConstraintCommittedResult","DerivedSelection","required:facts/75","stable-swing|path-revision|contact-transition|leg-pose","CharacterFootSampleColumns.Schema"
"main","50","SelectedStepInApproachContactToLanding","character-foot-ik/main/selected-step-in-approach-contact-to-landing","Boolean","","SelectedStep","Boolean","None","","","1","ConstraintCommittedResult","DerivedSelection","required:facts/75","stable-swing|path-revision|contact-transition|leg-pose","CharacterFootSampleColumns.Schema"
"main","51","CurrentStepIsValid","character-foot-ik/main/current-step-is-valid","Boolean","","CurrentStep","Boolean","None","","","1","ConstraintCommittedResult","RuntimeField","required:facts/75","stable-swing|path-revision|contact-transition|leg-pose","CharacterFootSampleColumns.Schema"
"main","52","CurrentStepIsAuthoritative","character-foot-ik/main/current-step-is-authoritative","Boolean","","CurrentStep","Boolean","None","","","1","ConstraintCommittedResult","RuntimeField","required:facts/75","stable-swing|path-revision|contact-transition|leg-pose","CharacterFootSampleColumns.Schema"
"main","53","CurrentStepHasConsistentLandingEventIdentity","character-foot-ik/main/current-step-has-consistent-landing-event-identity","Boolean","","CurrentStep","Boolean","None","","","1","ConstraintCommittedResult","RuntimeField","required:facts/75","stable-swing|path-revision|contact-transition|leg-pose","CharacterFootSampleColumns.Schema"
"main","54","CurrentStepIsPreSwing","character-foot-ik/main/current-step-is-pre-swing","Boolean","","CurrentStep","Boolean","None","","","1","ConstraintCommittedResult","RuntimeField","required:facts/75","stable-swing|path-revision|contact-transition|leg-pose","CharacterFootSampleColumns.Schema"
"main","55","CurrentStepIsSwing","character-foot-ik/main/current-step-is-swing","Boolean","","CurrentStep","Boolean","None","","","1","ConstraintCommittedResult","RuntimeField","required:facts/75","stable-swing|path-revision|contact-transition|leg-pose","CharacterFootSampleColumns.Schema"
"main","56","CurrentStepEventOrdinal","character-foot-ik/main/current-step-event-ordinal","Int32","","CurrentStep","Int32","Count","","","1","ConstraintCommittedResult","RuntimeField","required:facts/75","stable-swing|path-revision|contact-transition|leg-pose","CharacterFootSampleColumns.Schema"
"main","57","CurrentStepSourceLandingCycleOffset","character-foot-ik/main/current-step-source-landing-cycle-offset","Int32","","CurrentStep","Int32","Count","","","1","ConstraintCommittedResult","RuntimeField","required:facts/75","stable-swing|path-revision|contact-transition|leg-pose","CharacterFootSampleColumns.Schema"
"main","58","CurrentStepSourceSampleCycle","character-foot-ik/main/current-step-source-sample-cycle","Int32","","CurrentStep","Int32","Count","","","1","ConstraintCommittedResult","RuntimeField","required:facts/75","stable-swing|path-revision|contact-transition|leg-pose","CharacterFootSampleColumns.Schema"
"main","59","CurrentStepContributionContinuityIdentity","character-foot-ik/main/current-step-contribution-continuity-identity","UInt64","","CurrentStep","UInt64","Identity","","","1","ConstraintCommittedResult","RuntimeField","required:facts/75","stable-swing|path-revision|contact-transition|leg-pose","CharacterFootSampleColumns.Schema"
"main","60","CurrentStepLandingEventIdentity","character-foot-ik/main/current-step-landing-event-identity","UInt64","","CurrentStep","UInt64","Identity","","","1","ConstraintCommittedResult","RuntimeField","required:facts/75","stable-swing|path-revision|contact-transition|leg-pose","CharacterFootSampleColumns.Schema"
"main","61","CurrentStepTimeToLandingSeconds","character-foot-ik/main/current-step-time-to-landing-seconds","Float32","","CurrentStep","Float32","Seconds","","","1","ConstraintCommittedResult","RuntimeField","required:facts/75","stable-swing|path-revision|contact-transition|leg-pose","CharacterFootSampleColumns.Schema"
"main","62","CurrentStepEventPhase","character-foot-ik/main/current-step-event-phase","Float32","","CurrentStep","Float32","Unitless","","","1","ConstraintCommittedResult","RuntimeField","required:facts/75","stable-swing|path-revision|contact-transition|leg-pose","CharacterFootSampleColumns.Schema"
"main","63","CurrentStepApproachContactToLandingProgress","character-foot-ik/main/current-step-approach-contact-to-landing-progress","Float32","","CurrentStep","Float32","Unitless","","","1","ConstraintCommittedResult","RuntimeField","required:facts/75","stable-swing|path-revision|contact-transition|leg-pose","CharacterFootSampleColumns.Schema"
"main","64","CurrentStepLandingPhase","character-foot-ik/main/current-step-landing-phase","Float32","","CurrentStep","Float32","Unitless","","","1","ConstraintCommittedResult","RuntimeField","required:facts/75","stable-swing|path-revision|contact-transition|leg-pose","CharacterFootSampleColumns.Schema"
"main","65","CurrentStepAtOrAfterApproachContact","character-foot-ik/main/current-step-at-or-after-approach-contact","Boolean","","CurrentStep","Boolean","None","","","1","ConstraintCommittedResult","RuntimeField","required:facts/75","stable-swing|path-revision|contact-transition|leg-pose","CharacterFootSampleColumns.Schema"
"main","66","CurrentStepInApproachContactToLanding","character-foot-ik/main/current-step-in-approach-contact-to-landing","Boolean","","CurrentStep","Boolean","None","","","1","ConstraintCommittedResult","RuntimeField","required:facts/75","stable-swing|path-revision|contact-transition|leg-pose","CharacterFootSampleColumns.Schema"
"main","67","CurrentStepRootLocalLandingX","character-foot-ik/main/current-step-root-local-landing","Vector3","X","CurrentStep","Float32","Metres","","","1","ConstraintCommittedResult","RuntimeField","required:facts/75","stable-swing|path-revision|contact-transition|leg-pose","CharacterFootSampleColumns.Schema"
"main","68","CurrentStepRootLocalLandingY","character-foot-ik/main/current-step-root-local-landing","Vector3","Y","CurrentStep","Float32","Metres","","","1","ConstraintCommittedResult","RuntimeField","required:facts/75","stable-swing|path-revision|contact-transition|leg-pose","CharacterFootSampleColumns.Schema"
"main","69","CurrentStepRootLocalLandingZ","character-foot-ik/main/current-step-root-local-landing","Vector3","Z","CurrentStep","Float32","Metres","","","1","ConstraintCommittedResult","RuntimeField","required:facts/75","stable-swing|path-revision|contact-transition|leg-pose","CharacterFootSampleColumns.Schema"
"main","70","IncomingStepIsValid","character-foot-ik/main/incoming-step-is-valid","Boolean","","IncomingStep","Boolean","None","","","1","ConstraintCommittedResult","RuntimeField","required:facts/75","stable-swing|path-revision|contact-transition|leg-pose","CharacterFootSampleColumns.Schema"
"main","71","IncomingStepIsAuthoritative","character-foot-ik/main/incoming-step-is-authoritative","Boolean","","IncomingStep","Boolean","None","","","1","ConstraintCommittedResult","RuntimeField","required:facts/75","stable-swing|path-revision|contact-transition|leg-pose","CharacterFootSampleColumns.Schema"
"main","72","IncomingStepHasConsistentLandingEventIdentity","character-foot-ik/main/incoming-step-has-consistent-landing-event-identity","Boolean","","IncomingStep","Boolean","None","","","1","ConstraintCommittedResult","RuntimeField","required:facts/75","stable-swing|path-revision|contact-transition|leg-pose","CharacterFootSampleColumns.Schema"
"main","73","IncomingStepIsPreSwing","character-foot-ik/main/incoming-step-is-pre-swing","Boolean","","IncomingStep","Boolean","None","","","1","ConstraintCommittedResult","RuntimeField","required:facts/75","stable-swing|path-revision|contact-transition|leg-pose","CharacterFootSampleColumns.Schema"
"main","74","IncomingStepIsSwing","character-foot-ik/main/incoming-step-is-swing","Boolean","","IncomingStep","Boolean","None","","","1","ConstraintCommittedResult","RuntimeField","required:facts/75","stable-swing|path-revision|contact-transition|leg-pose","CharacterFootSampleColumns.Schema"
"main","75","IncomingStepEventOrdinal","character-foot-ik/main/incoming-step-event-ordinal","Int32","","IncomingStep","Int32","Count","","","1","ConstraintCommittedResult","RuntimeField","required:facts/75","stable-swing|path-revision|contact-transition|leg-pose","CharacterFootSampleColumns.Schema"
"main","76","IncomingStepSourceLandingCycleOffset","character-foot-ik/main/incoming-step-source-landing-cycle-offset","Int32","","IncomingStep","Int32","Count","","","1","ConstraintCommittedResult","RuntimeField","required:facts/75","stable-swing|path-revision|contact-transition|leg-pose","CharacterFootSampleColumns.Schema"
"main","77","IncomingStepSourceSampleCycle","character-foot-ik/main/incoming-step-source-sample-cycle","Int32","","IncomingStep","Int32","Count","","","1","ConstraintCommittedResult","RuntimeField","required:facts/75","stable-swing|path-revision|contact-transition|leg-pose","CharacterFootSampleColumns.Schema"
"main","78","IncomingStepContributionContinuityIdentity","character-foot-ik/main/incoming-step-contribution-continuity-identity","UInt64","","IncomingStep","UInt64","Identity","","","1","ConstraintCommittedResult","RuntimeField","required:facts/75","stable-swing|path-revision|contact-transition|leg-pose","CharacterFootSampleColumns.Schema"
"main","79","IncomingStepLandingEventIdentity","character-foot-ik/main/incoming-step-landing-event-identity","UInt64","","IncomingStep","UInt64","Identity","","","1","ConstraintCommittedResult","RuntimeField","required:facts/75","stable-swing|path-revision|contact-transition|leg-pose","CharacterFootSampleColumns.Schema"
"main","80","IncomingStepTimeToLandingSeconds","character-foot-ik/main/incoming-step-time-to-landing-seconds","Float32","","IncomingStep","Float32","Seconds","","","1","ConstraintCommittedResult","RuntimeField","required:facts/75","stable-swing|path-revision|contact-transition|leg-pose","CharacterFootSampleColumns.Schema"
"main","81","IncomingStepEventPhase","character-foot-ik/main/incoming-step-event-phase","Float32","","IncomingStep","Float32","Unitless","","","1","ConstraintCommittedResult","RuntimeField","required:facts/75","stable-swing|path-revision|contact-transition|leg-pose","CharacterFootSampleColumns.Schema"
"main","82","IncomingStepApproachContactToLandingProgress","character-foot-ik/main/incoming-step-approach-contact-to-landing-progress","Float32","","IncomingStep","Float32","Unitless","","","1","ConstraintCommittedResult","RuntimeField","required:facts/75","stable-swing|path-revision|contact-transition|leg-pose","CharacterFootSampleColumns.Schema"
"main","83","IncomingStepLandingPhase","character-foot-ik/main/incoming-step-landing-phase","Float32","","IncomingStep","Float32","Unitless","","","1","ConstraintCommittedResult","RuntimeField","required:facts/75","stable-swing|path-revision|contact-transition|leg-pose","CharacterFootSampleColumns.Schema"
"main","84","IncomingStepAtOrAfterApproachContact","character-foot-ik/main/incoming-step-at-or-after-approach-contact","Boolean","","IncomingStep","Boolean","None","","","1","ConstraintCommittedResult","RuntimeField","required:facts/75","stable-swing|path-revision|contact-transition|leg-pose","CharacterFootSampleColumns.Schema"
"main","85","IncomingStepInApproachContactToLanding","character-foot-ik/main/incoming-step-in-approach-contact-to-landing","Boolean","","IncomingStep","Boolean","None","","","1","ConstraintCommittedResult","RuntimeField","required:facts/75","stable-swing|path-revision|contact-transition|leg-pose","CharacterFootSampleColumns.Schema"
"main","86","IncomingStepRootLocalLandingX","character-foot-ik/main/incoming-step-root-local-landing","Vector3","X","IncomingStep","Float32","Metres","","","1","ConstraintCommittedResult","RuntimeField","required:facts/75","stable-swing|path-revision|contact-transition|leg-pose","CharacterFootSampleColumns.Schema"
"main","87","IncomingStepRootLocalLandingY","character-foot-ik/main/incoming-step-root-local-landing","Vector3","Y","IncomingStep","Float32","Metres","","","1","ConstraintCommittedResult","RuntimeField","required:facts/75","stable-swing|path-revision|contact-transition|leg-pose","CharacterFootSampleColumns.Schema"
"main","88","IncomingStepRootLocalLandingZ","character-foot-ik/main/incoming-step-root-local-landing","Vector3","Z","IncomingStep","Float32","Metres","","","1","ConstraintCommittedResult","RuntimeField","required:facts/75","stable-swing|path-revision|contact-transition|leg-pose","CharacterFootSampleColumns.Schema"
"main","89","FormalStepObservationAvailable","character-foot-ik/main/formal-step-observation-available","Boolean","","FormalOutput","Boolean","None","","","1","ProgramCommittedResult","ProgramCommittedField","required:facts/75","stable-swing|path-revision|contact-transition|leg-pose","CharacterFootSampleColumns.Schema"
"main","90","FormalStepSourceIdentity","character-foot-ik/main/formal-step-source-identity","Identity","","FormalOutput","Text","Identity","FormalStepObservationAvailable","character-foot-ik/main/formal-step-observation-available","1","ProgramCommittedResult","ProgramCommittedField","required:facts/75","stable-swing|path-revision|contact-transition|leg-pose","CharacterFootSampleColumns.Schema"
"main","91","FormalStepSourceWeight","character-foot-ik/main/formal-step-source-weight","Float32","","FormalOutput","Float32","Unitless","FormalStepObservationAvailable","character-foot-ik/main/formal-step-observation-available","1","ProgramCommittedResult","ProgramCommittedField","required:facts/75","stable-swing|path-revision|contact-transition|leg-pose","CharacterFootSampleColumns.Schema"
"main","92","FormalStepSourceNormalizedTime","character-foot-ik/main/formal-step-source-normalized-time","Float32","","FormalOutput","Float32","Unitless","FormalStepObservationAvailable","character-foot-ik/main/formal-step-observation-available","1","ProgramCommittedResult","ProgramCommittedField","required:facts/75","stable-swing|path-revision|contact-transition|leg-pose","CharacterFootSampleColumns.Schema"
"main","93","FormalStepTimeSeconds","character-foot-ik/main/formal-step-time-seconds","Float32","","FormalOutput","Float32","Seconds","FormalStepObservationAvailable","character-foot-ik/main/formal-step-observation-available","1","ProgramCommittedResult","ProgramCommittedField","required:facts/75","stable-swing|path-revision|contact-transition|leg-pose","CharacterFootSampleColumns.Schema"
"main","94","FormalStepDistance","character-foot-ik/main/formal-step-distance","Float32","","FormalOutput","Float32","Metres","FormalStepObservationAvailable","character-foot-ik/main/formal-step-observation-available","1","ProgramCommittedResult","ProgramCommittedField","required:facts/75","stable-swing|path-revision|contact-transition|leg-pose","CharacterFootSampleColumns.Schema"
"main","95","FormalFootHeight","character-foot-ik/main/formal-foot-height","Float32","","FormalOutput","Float32","Metres","FormalStepObservationAvailable","character-foot-ik/main/formal-step-observation-available","1","ProgramCommittedResult","ProgramCommittedField","required:facts/75","stable-swing|path-revision|contact-transition|leg-pose","CharacterFootSampleColumns.Schema"
"main","96","FormalToeHeight","character-foot-ik/main/formal-toe-height","Float32","","FormalOutput","Float32","Metres","FormalStepObservationAvailable","character-foot-ik/main/formal-step-observation-available","1","ProgramCommittedResult","ProgramCommittedField","required:facts/75","stable-swing|path-revision|contact-transition|leg-pose","CharacterFootSampleColumns.Schema"
"main","97","FormalToeSpeed","character-foot-ik/main/formal-toe-speed","Float32","","FormalOutput","Float32","MetresPerSecond","FormalStepObservationAvailable","character-foot-ik/main/formal-step-observation-available","1","ProgramCommittedResult","ProgramCommittedField","required:facts/75","stable-swing|path-revision|contact-transition|leg-pose","CharacterFootSampleColumns.Schema"
"main","98","FormalPositionError","character-foot-ik/main/formal-position-error","Float32","","FormalOutput","Float32","Metres","FormalStepObservationAvailable","character-foot-ik/main/formal-step-observation-available","1","ProgramCommittedResult","ProgramCommittedField","required:facts/75","stable-swing|path-revision|contact-transition|leg-pose","CharacterFootSampleColumns.Schema"
"main","99","FormalRotationError","character-foot-ik/main/formal-rotation-error","Float32","","FormalOutput","Float32","Degrees","FormalStepObservationAvailable","character-foot-ik/main/formal-step-observation-available","1","ProgramCommittedResult","ProgramCommittedField","required:facts/75","stable-swing|path-revision|contact-transition|leg-pose","CharacterFootSampleColumns.Schema"
"main","100","FormalContact","character-foot-ik/main/formal-contact","Float32","","FormalOutput","Float32","Unitless","FormalStepObservationAvailable","character-foot-ik/main/formal-step-observation-available","1","ProgramCommittedResult","ProgramCommittedField","required:facts/75","stable-swing|path-revision|contact-transition|leg-pose","CharacterFootSampleColumns.Schema"
"main","101","FormalLockMode","character-foot-ik/main/formal-lock-mode","Int32","","FormalOutput","Text","Category","FormalStepObservationAvailable","character-foot-ik/main/formal-step-observation-available","1","ProgramCommittedResult","ProgramCommittedField+HostEnumFormatting","required:facts/75","stable-swing|path-revision|contact-transition|leg-pose","CharacterFootSampleColumns.Schema"
"main","102","FormalLockWeight","character-foot-ik/main/formal-lock-weight","Float32","","FormalOutput","Float32","Unitless","FormalStepObservationAvailable","character-foot-ik/main/formal-step-observation-available","1","ProgramCommittedResult","ProgramCommittedField","required:facts/75","stable-swing|path-revision|contact-transition|leg-pose","CharacterFootSampleColumns.Schema"
"main","103","FormalSupport","character-foot-ik/main/formal-support","Float32","","FormalOutput","Float32","Unitless","FormalStepObservationAvailable","character-foot-ik/main/formal-step-observation-available","1","ProgramCommittedResult","ProgramCommittedField","required:facts/75","stable-swing|path-revision|contact-transition|leg-pose","CharacterFootSampleColumns.Schema"
"main","104","FormalEventPhase","character-foot-ik/main/formal-event-phase","Int32","","FormalEvents","Text","Category","","","1","ProgramCommittedResult","RuntimeFormatted+HostEnumFormatting","required:facts/75","stable-swing|path-revision|contact-transition","CharacterFootSampleColumns.Schema"
"main","105","FormalEventApproachContactToLandingProgress","character-foot-ik/main/formal-event-approach-contact-to-landing-progress","Float32","","FormalEvents","Float32","Unitless","","","1","ProgramCommittedResult","RuntimeFormatted","required:facts/75","stable-swing|path-revision|contact-transition","CharacterFootSampleColumns.Schema"
"main","106","FormalEventTimeToLandingSeconds","character-foot-ik/main/formal-event-time-to-landing-seconds","Float32","","FormalEvents","Float32","Seconds","","","1","ProgramCommittedResult","RuntimeFormatted","required:facts/75","stable-swing|path-revision|contact-transition","CharacterFootSampleColumns.Schema"
"main","107","FormalInApproachContactToLanding","character-foot-ik/main/formal-in-approach-contact-to-landing","Boolean","","FormalEvents","Boolean","None","","","1","ProgramCommittedResult","RuntimeFormatted","required:facts/75","stable-swing|path-revision|contact-transition","CharacterFootSampleColumns.Schema"
"main","108","FormalCurrentContactEventAvailable","character-foot-ik/main/formal-current-contact-event-available","Boolean","","FormalEvents","Boolean","None","","","1","ProgramCommittedResult","RuntimeFormatted","required:facts/75","stable-swing|path-revision|contact-transition","CharacterFootSampleColumns.Schema"
"main","109","FormalCurrentContactEventIdentity","character-foot-ik/main/formal-current-contact-event-identity","UInt64","","FormalEvents","UInt64","Identity","","","1","ProgramCommittedResult","RuntimeFormatted","required:facts/75","stable-swing|path-revision|contact-transition","CharacterFootSampleColumns.Schema"
"main","110","FormalCurrentContactEventOrdinal","character-foot-ik/main/formal-current-contact-event-ordinal","Int32","","FormalEvents","Int32","Count","","","1","ProgramCommittedResult","RuntimeFormatted","required:facts/75","stable-swing|path-revision|contact-transition","CharacterFootSampleColumns.Schema"
"main","111","FormalCurrentContactEventCycle","character-foot-ik/main/formal-current-contact-event-cycle","Int32","","FormalEvents","Int32","Count","","","1","ProgramCommittedResult","RuntimeFormatted","required:facts/75","stable-swing|path-revision|contact-transition","CharacterFootSampleColumns.Schema"
"main","112","FormalCurrentContactEventDistance","character-foot-ik/main/formal-current-contact-event-distance","Float32","","FormalEvents","Float32","Metres","FormalCurrentContactEventAvailable","character-foot-ik/main/formal-current-contact-event-available","1","ProgramCommittedResult","RuntimeFormatted","required:facts/75","stable-swing|path-revision|contact-transition","CharacterFootSampleColumns.Schema"
"main","113","FormalCurrentContactRootLocalLandingX","character-foot-ik/main/formal-current-contact-root-local-landing","Vector3","X","FormalEvents","Float32","Metres","FormalCurrentContactEventAvailable","character-foot-ik/main/formal-current-contact-event-available","1","ProgramCommittedResult","RuntimeFormatted","required:facts/75","stable-swing|path-revision|contact-transition","CharacterFootSampleColumns.Schema"
"main","114","FormalCurrentContactRootLocalLandingY","character-foot-ik/main/formal-current-contact-root-local-landing","Vector3","Y","FormalEvents","Float32","Metres","FormalCurrentContactEventAvailable","character-foot-ik/main/formal-current-contact-event-available","1","ProgramCommittedResult","RuntimeFormatted","required:facts/75","stable-swing|path-revision|contact-transition","CharacterFootSampleColumns.Schema"
"main","115","FormalCurrentContactRootLocalLandingZ","character-foot-ik/main/formal-current-contact-root-local-landing","Vector3","Z","FormalEvents","Float32","Metres","FormalCurrentContactEventAvailable","character-foot-ik/main/formal-current-contact-event-available","1","ProgramCommittedResult","RuntimeFormatted","required:facts/75","stable-swing|path-revision|contact-transition","CharacterFootSampleColumns.Schema"
"main","116","FormalNextLandingEventAvailable","character-foot-ik/main/formal-next-landing-event-available","Boolean","","FormalEvents","Boolean","None","","","1","ProgramCommittedResult","RuntimeFormatted","required:facts/75","stable-swing|path-revision|contact-transition","CharacterFootSampleColumns.Schema"
"main","117","FormalNextLandingEventIdentity","character-foot-ik/main/formal-next-landing-event-identity","UInt64","","FormalEvents","UInt64","Identity","","","1","ProgramCommittedResult","RuntimeFormatted","required:facts/75","stable-swing|path-revision|contact-transition","CharacterFootSampleColumns.Schema"
"main","118","FormalNextLandingEventOrdinal","character-foot-ik/main/formal-next-landing-event-ordinal","Int32","","FormalEvents","Int32","Count","","","1","ProgramCommittedResult","RuntimeFormatted","required:facts/75","stable-swing|path-revision|contact-transition","CharacterFootSampleColumns.Schema"
"main","119","FormalNextLandingEventCycle","character-foot-ik/main/formal-next-landing-event-cycle","Int32","","FormalEvents","Int32","Count","","","1","ProgramCommittedResult","RuntimeFormatted","required:facts/75","stable-swing|path-revision|contact-transition","CharacterFootSampleColumns.Schema"
"main","120","FormalNextLandingEventDistance","character-foot-ik/main/formal-next-landing-event-distance","Float32","","FormalEvents","Float32","Metres","FormalNextLandingEventAvailable","character-foot-ik/main/formal-next-landing-event-available","1","ProgramCommittedResult","RuntimeFormatted","required:facts/75","stable-swing|path-revision|contact-transition","CharacterFootSampleColumns.Schema"
"main","121","FormalNextRootLocalLandingX","character-foot-ik/main/formal-next-root-local-landing","Vector3","X","FormalEvents","Float32","Metres","FormalNextLandingEventAvailable","character-foot-ik/main/formal-next-landing-event-available","1","ProgramCommittedResult","RuntimeFormatted","required:facts/75","stable-swing|path-revision|contact-transition","CharacterFootSampleColumns.Schema"
"main","122","FormalNextRootLocalLandingY","character-foot-ik/main/formal-next-root-local-landing","Vector3","Y","FormalEvents","Float32","Metres","FormalNextLandingEventAvailable","character-foot-ik/main/formal-next-landing-event-available","1","ProgramCommittedResult","RuntimeFormatted","required:facts/75","stable-swing|path-revision|contact-transition","CharacterFootSampleColumns.Schema"
"main","123","FormalNextRootLocalLandingZ","character-foot-ik/main/formal-next-root-local-landing","Vector3","Z","FormalEvents","Float32","Metres","FormalNextLandingEventAvailable","character-foot-ik/main/formal-next-landing-event-available","1","ProgramCommittedResult","RuntimeFormatted","required:facts/75","stable-swing|path-revision|contact-transition","CharacterFootSampleColumns.Schema"
"main","124","InputFormalStepObservationAvailable","character-foot-ik/main/input-formal-step-observation-available","Boolean","","FormalInput","Boolean","None","","","1","ConstraintCommittedResult","ConstraintCommittedField","required:facts/75","stable-swing|path-revision|contact-transition|leg-pose","CharacterFootSampleColumns.Schema"
"main","125","InputFormalStepSourceId","character-foot-ik/main/input-formal-step-source-id","Identity","","FormalInput","Text","Identity","InputFormalStepObservationAvailable","character-foot-ik/main/input-formal-step-observation-available","1","ConstraintCommittedResult","ConstraintCommittedField","required:facts/75","stable-swing|path-revision|contact-transition|leg-pose","CharacterFootSampleColumns.Schema"
"main","126","InputFormalStepSourceIdentity","character-foot-ik/main/input-formal-step-source-identity","Identity","","FormalInput","Text","Identity","InputFormalStepObservationAvailable","character-foot-ik/main/input-formal-step-observation-available","1","ConstraintCommittedResult","ConstraintCommittedField","required:facts/75","stable-swing|path-revision|contact-transition|leg-pose","CharacterFootSampleColumns.Schema"
"main","127","InputFormalStepSourceWeight","character-foot-ik/main/input-formal-step-source-weight","Float32","","FormalInput","Float32","Unitless","InputFormalStepObservationAvailable","character-foot-ik/main/input-formal-step-observation-available","1","ConstraintCommittedResult","ConstraintCommittedField","required:facts/75","stable-swing|path-revision|contact-transition|leg-pose","CharacterFootSampleColumns.Schema"
"main","128","InputFormalStepSourceNormalizedTime","character-foot-ik/main/input-formal-step-source-normalized-time","Float32","","FormalInput","Float32","Unitless","InputFormalStepObservationAvailable","character-foot-ik/main/input-formal-step-observation-available","1","ConstraintCommittedResult","ConstraintCommittedField","required:facts/75","stable-swing|path-revision|contact-transition|leg-pose","CharacterFootSampleColumns.Schema"
"main","129","InputFormalStepClipBindingIndex","character-foot-ik/main/input-formal-step-clip-binding-index","Int32","","FormalInput","Int32","Count","InputFormalStepObservationAvailable","character-foot-ik/main/input-formal-step-observation-available","1","ConstraintCommittedResult","ConstraintCommittedField","required:facts/75","stable-swing|path-revision|contact-transition|leg-pose","CharacterFootSampleColumns.Schema"
"main","130","InputFormalStepSourceCycle","character-foot-ik/main/input-formal-step-source-cycle","Int32","","FormalInput","Int32","Count","InputFormalStepObservationAvailable","character-foot-ik/main/input-formal-step-observation-available","1","ConstraintCommittedResult","ConstraintCommittedField","required:facts/75","stable-swing|path-revision|contact-transition|leg-pose","CharacterFootSampleColumns.Schema"
"main","131","InputFormalStepContributionContinuityIdentity","character-foot-ik/main/input-formal-step-contribution-continuity-identity","UInt64","","FormalInput","UInt64","Identity","InputFormalStepObservationAvailable","character-foot-ik/main/input-formal-step-observation-available","1","ConstraintCommittedResult","ConstraintCommittedField","required:facts/75","stable-swing|path-revision|contact-transition|leg-pose","CharacterFootSampleColumns.Schema"
"main","132","InputFormalStepCompletionIdentity","character-foot-ik/main/input-formal-step-completion-identity","UInt64","","FormalInput","UInt64","Identity","InputFormalStepObservationAvailable","character-foot-ik/main/input-formal-step-observation-available","1","ConstraintCommittedResult","ConstraintCommittedField","required:facts/75","stable-swing|path-revision|contact-transition|leg-pose","CharacterFootSampleColumns.Schema"
"main","133","InputFormalStepTimeSeconds","character-foot-ik/main/input-formal-step-time-seconds","Float32","","FormalInput","Float32","Seconds","InputFormalStepObservationAvailable","character-foot-ik/main/input-formal-step-observation-available","1","ConstraintCommittedResult","ConstraintCommittedField","required:facts/75","stable-swing|path-revision|contact-transition|leg-pose","CharacterFootSampleColumns.Schema"
"main","134","InputFormalStepDistance","character-foot-ik/main/input-formal-step-distance","Float32","","FormalInput","Float32","Metres","InputFormalStepObservationAvailable","character-foot-ik/main/input-formal-step-observation-available","1","ConstraintCommittedResult","ConstraintCommittedField","required:facts/75","stable-swing|path-revision|contact-transition|leg-pose","CharacterFootSampleColumns.Schema"
"main","135","InputFormalFootHeight","character-foot-ik/main/input-formal-foot-height","Float32","","FormalInput","Float32","Metres","InputFormalStepObservationAvailable","character-foot-ik/main/input-formal-step-observation-available","1","ConstraintCommittedResult","ConstraintCommittedField","required:facts/75","stable-swing|path-revision|contact-transition|leg-pose","CharacterFootSampleColumns.Schema"
"main","136","InputFormalToeHeight","character-foot-ik/main/input-formal-toe-height","Float32","","FormalInput","Float32","Metres","InputFormalStepObservationAvailable","character-foot-ik/main/input-formal-step-observation-available","1","ConstraintCommittedResult","ConstraintCommittedField","required:facts/75","stable-swing|path-revision|contact-transition|leg-pose","CharacterFootSampleColumns.Schema"
"main","137","InputFormalToeSpeed","character-foot-ik/main/input-formal-toe-speed","Float32","","FormalInput","Float32","MetresPerSecond","InputFormalStepObservationAvailable","character-foot-ik/main/input-formal-step-observation-available","1","ConstraintCommittedResult","ConstraintCommittedField","required:facts/75","stable-swing|path-revision|contact-transition|leg-pose","CharacterFootSampleColumns.Schema"
"main","138","InputFormalPositionError","character-foot-ik/main/input-formal-position-error","Float32","","FormalInput","Float32","Metres","InputFormalStepObservationAvailable","character-foot-ik/main/input-formal-step-observation-available","1","ConstraintCommittedResult","ConstraintCommittedField","required:facts/75","stable-swing|path-revision|contact-transition|leg-pose","CharacterFootSampleColumns.Schema"
"main","139","InputFormalRotationError","character-foot-ik/main/input-formal-rotation-error","Float32","","FormalInput","Float32","Degrees","InputFormalStepObservationAvailable","character-foot-ik/main/input-formal-step-observation-available","1","ConstraintCommittedResult","ConstraintCommittedField","required:facts/75","stable-swing|path-revision|contact-transition|leg-pose","CharacterFootSampleColumns.Schema"
"main","140","InputFormalContact","character-foot-ik/main/input-formal-contact","Float32","","FormalInput","Float32","Unitless","InputFormalStepObservationAvailable","character-foot-ik/main/input-formal-step-observation-available","1","ConstraintCommittedResult","ConstraintCommittedField","required:facts/75","stable-swing|path-revision|contact-transition|leg-pose","CharacterFootSampleColumns.Schema"
"main","141","InputFormalLockMode","character-foot-ik/main/input-formal-lock-mode","Int32","","FormalInput","Text","Category","InputFormalStepObservationAvailable","character-foot-ik/main/input-formal-step-observation-available","1","ConstraintCommittedResult","ConstraintCommittedField+HostEnumFormatting","required:facts/75","stable-swing|path-revision|contact-transition|leg-pose","CharacterFootSampleColumns.Schema"
"main","142","InputFormalLockWeight","character-foot-ik/main/input-formal-lock-weight","Float32","","FormalInput","Float32","Unitless","InputFormalStepObservationAvailable","character-foot-ik/main/input-formal-step-observation-available","1","ConstraintCommittedResult","ConstraintCommittedField","required:facts/75","stable-swing|path-revision|contact-transition|leg-pose","CharacterFootSampleColumns.Schema"
"main","143","InputFormalSupport","character-foot-ik/main/input-formal-support","Float32","","FormalInput","Float32","Unitless","InputFormalStepObservationAvailable","character-foot-ik/main/input-formal-step-observation-available","1","ConstraintCommittedResult","ConstraintCommittedField","required:facts/75","stable-swing|path-revision|contact-transition|leg-pose","CharacterFootSampleColumns.Schema"
"main","144","InputFormalEventPhase","character-foot-ik/main/input-formal-event-phase","Int32","","InputFormalEvents","Text","Category","","","1","ConstraintCommittedResult","RuntimeFormatted+HostEnumFormatting","required:facts/75","stable-swing|path-revision|contact-transition","CharacterFootSampleColumns.Schema"
"main","145","InputFormalEventApproachContactToLandingProgress","character-foot-ik/main/input-formal-event-approach-contact-to-landing-progress","Float32","","InputFormalEvents","Float32","Unitless","","","1","ConstraintCommittedResult","RuntimeFormatted","required:facts/75","stable-swing|path-revision|contact-transition","CharacterFootSampleColumns.Schema"
"main","146","InputFormalEventTimeToLandingSeconds","character-foot-ik/main/input-formal-event-time-to-landing-seconds","Float32","","InputFormalEvents","Float32","Seconds","","","1","ConstraintCommittedResult","RuntimeFormatted","required:facts/75","stable-swing|path-revision|contact-transition","CharacterFootSampleColumns.Schema"
"main","147","InputFormalInApproachContactToLanding","character-foot-ik/main/input-formal-in-approach-contact-to-landing","Boolean","","InputFormalEvents","Boolean","None","","","1","ConstraintCommittedResult","RuntimeFormatted","required:facts/75","stable-swing|path-revision|contact-transition","CharacterFootSampleColumns.Schema"
"main","148","InputFormalCurrentContactEventAvailable","character-foot-ik/main/input-formal-current-contact-event-available","Boolean","","InputFormalEvents","Boolean","None","","","1","ConstraintCommittedResult","RuntimeFormatted","required:facts/75","stable-swing|path-revision|contact-transition","CharacterFootSampleColumns.Schema"
"main","149","InputFormalCurrentContactEventIdentity","character-foot-ik/main/input-formal-current-contact-event-identity","UInt64","","InputFormalEvents","UInt64","Identity","","","1","ConstraintCommittedResult","RuntimeFormatted","required:facts/75","stable-swing|path-revision|contact-transition","CharacterFootSampleColumns.Schema"
"main","150","InputFormalCurrentContactEventOrdinal","character-foot-ik/main/input-formal-current-contact-event-ordinal","Int32","","InputFormalEvents","Int32","Count","","","1","ConstraintCommittedResult","RuntimeFormatted","required:facts/75","stable-swing|path-revision|contact-transition","CharacterFootSampleColumns.Schema"
"main","151","InputFormalCurrentContactEventCycle","character-foot-ik/main/input-formal-current-contact-event-cycle","Int32","","InputFormalEvents","Int32","Count","","","1","ConstraintCommittedResult","RuntimeFormatted","required:facts/75","stable-swing|path-revision|contact-transition","CharacterFootSampleColumns.Schema"
"main","152","InputFormalCurrentContactEventDistance","character-foot-ik/main/input-formal-current-contact-event-distance","Float32","","InputFormalEvents","Float32","Metres","InputFormalCurrentContactEventAvailable","character-foot-ik/main/input-formal-current-contact-event-available","1","ConstraintCommittedResult","RuntimeFormatted","required:facts/75","stable-swing|path-revision|contact-transition","CharacterFootSampleColumns.Schema"
"main","153","InputFormalCurrentContactRootLocalLandingX","character-foot-ik/main/input-formal-current-contact-root-local-landing","Vector3","X","InputFormalEvents","Float32","Metres","InputFormalCurrentContactEventAvailable","character-foot-ik/main/input-formal-current-contact-event-available","1","ConstraintCommittedResult","RuntimeFormatted","required:facts/75","stable-swing|path-revision|contact-transition","CharacterFootSampleColumns.Schema"
"main","154","InputFormalCurrentContactRootLocalLandingY","character-foot-ik/main/input-formal-current-contact-root-local-landing","Vector3","Y","InputFormalEvents","Float32","Metres","InputFormalCurrentContactEventAvailable","character-foot-ik/main/input-formal-current-contact-event-available","1","ConstraintCommittedResult","RuntimeFormatted","required:facts/75","stable-swing|path-revision|contact-transition","CharacterFootSampleColumns.Schema"
"main","155","InputFormalCurrentContactRootLocalLandingZ","character-foot-ik/main/input-formal-current-contact-root-local-landing","Vector3","Z","InputFormalEvents","Float32","Metres","InputFormalCurrentContactEventAvailable","character-foot-ik/main/input-formal-current-contact-event-available","1","ConstraintCommittedResult","RuntimeFormatted","required:facts/75","stable-swing|path-revision|contact-transition","CharacterFootSampleColumns.Schema"
"main","156","InputFormalNextLandingEventAvailable","character-foot-ik/main/input-formal-next-landing-event-available","Boolean","","InputFormalEvents","Boolean","None","","","1","ConstraintCommittedResult","RuntimeFormatted","required:facts/75","stable-swing|path-revision|contact-transition","CharacterFootSampleColumns.Schema"
"main","157","InputFormalNextLandingEventIdentity","character-foot-ik/main/input-formal-next-landing-event-identity","UInt64","","InputFormalEvents","UInt64","Identity","","","1","ConstraintCommittedResult","RuntimeFormatted","required:facts/75","stable-swing|path-revision|contact-transition","CharacterFootSampleColumns.Schema"
"main","158","InputFormalNextLandingEventOrdinal","character-foot-ik/main/input-formal-next-landing-event-ordinal","Int32","","InputFormalEvents","Int32","Count","","","1","ConstraintCommittedResult","RuntimeFormatted","required:facts/75","stable-swing|path-revision|contact-transition","CharacterFootSampleColumns.Schema"
"main","159","InputFormalNextLandingEventCycle","character-foot-ik/main/input-formal-next-landing-event-cycle","Int32","","InputFormalEvents","Int32","Count","","","1","ConstraintCommittedResult","RuntimeFormatted","required:facts/75","stable-swing|path-revision|contact-transition","CharacterFootSampleColumns.Schema"
"main","160","InputFormalNextLandingEventDistance","character-foot-ik/main/input-formal-next-landing-event-distance","Float32","","InputFormalEvents","Float32","Metres","InputFormalNextLandingEventAvailable","character-foot-ik/main/input-formal-next-landing-event-available","1","ConstraintCommittedResult","RuntimeFormatted","required:facts/75","stable-swing|path-revision|contact-transition","CharacterFootSampleColumns.Schema"
"main","161","InputFormalNextRootLocalLandingX","character-foot-ik/main/input-formal-next-root-local-landing","Vector3","X","InputFormalEvents","Float32","Metres","InputFormalNextLandingEventAvailable","character-foot-ik/main/input-formal-next-landing-event-available","1","ConstraintCommittedResult","RuntimeFormatted","required:facts/75","stable-swing|path-revision|contact-transition","CharacterFootSampleColumns.Schema"
"main","162","InputFormalNextRootLocalLandingY","character-foot-ik/main/input-formal-next-root-local-landing","Vector3","Y","InputFormalEvents","Float32","Metres","InputFormalNextLandingEventAvailable","character-foot-ik/main/input-formal-next-landing-event-available","1","ConstraintCommittedResult","RuntimeFormatted","required:facts/75","stable-swing|path-revision|contact-transition","CharacterFootSampleColumns.Schema"
"main","163","InputFormalNextRootLocalLandingZ","character-foot-ik/main/input-formal-next-root-local-landing","Vector3","Z","InputFormalEvents","Float32","Metres","InputFormalNextLandingEventAvailable","character-foot-ik/main/input-formal-next-landing-event-available","1","ConstraintCommittedResult","RuntimeFormatted","required:facts/75","stable-swing|path-revision|contact-transition","CharacterFootSampleColumns.Schema"
"main","164","RootLocalLandingX","character-foot-ik/main/root-local-landing","Vector3","X","RootLanding","Float32","Metres","","","1","ConstraintCommittedResult","ConstraintCommittedField","required:facts/75","path-revision|leg-pose","CharacterFootSampleColumns.Schema"
"main","165","RootLocalLandingY","character-foot-ik/main/root-local-landing","Vector3","Y","RootLanding","Float32","Metres","","","1","ConstraintCommittedResult","ConstraintCommittedField","required:facts/75","path-revision|leg-pose","CharacterFootSampleColumns.Schema"
"main","166","RootLocalLandingZ","character-foot-ik/main/root-local-landing","Vector3","Z","RootLanding","Float32","Metres","","","1","ConstraintCommittedResult","ConstraintCommittedField","required:facts/75","path-revision|leg-pose","CharacterFootSampleColumns.Schema"
"main","167","PresentationDeltaSeconds","character-foot-ik/main/presentation-delta-seconds","Float32","","Timing","Float32","Seconds","","","1","ConstraintCommittedResult","ConstraintCommittedField","required:facts/75","stable-swing|path-revision|contact-transition|leg-pose","CharacterFootSampleColumns.Schema"
"main","168","PreviousBodyTick","character-foot-ik/main/previous-body-tick","UInt64","","Timing","UInt64","Frame","","","1","ConstraintCommittedResult","ConstraintCommittedField","required:facts/75","stable-swing|path-revision|contact-transition|leg-pose","CharacterFootSampleColumns.Schema"
"main","169","CurrentBodyTick","character-foot-ik/main/current-body-tick","UInt64","","Timing","UInt64","Frame","","","1","ConstraintCommittedResult","ConstraintCommittedField","required:facts/75","stable-swing|path-revision|contact-transition|leg-pose","CharacterFootSampleColumns.Schema"
"main","170","BodySampleAlpha","character-foot-ik/main/body-sample-alpha","Float32","","Timing","Float32","Unitless","","","1","ConstraintCommittedResult","ConstraintCommittedField","required:facts/75","stable-swing|path-revision|contact-transition|leg-pose","CharacterFootSampleColumns.Schema"
"main","171","BodySampleAgeSeconds","character-foot-ik/main/body-sample-age-seconds","Float32","","Timing","Float32","Seconds","","","1","ConstraintCommittedResult","ConstraintCommittedField","required:facts/75","stable-swing|path-revision|contact-transition|leg-pose","CharacterFootSampleColumns.Schema"
"main","172","MotionTimelineAvailable","character-foot-ik/main/motion-timeline-available","Boolean","","Timing","Boolean","None","","","1","ConstraintCommittedResult","ConstraintCommittedField","required:facts/75","stable-swing|path-revision|contact-transition|leg-pose","CharacterFootSampleColumns.Schema"
"main","173","TimelineGeneration","character-foot-ik/main/timeline-generation","UInt64","","Timing","UInt64","Identity","","","1","ConstraintCommittedResult","ConstraintCommittedField","required:facts/75","stable-swing|path-revision|contact-transition|leg-pose","CharacterFootSampleColumns.Schema"
"main","174","TimelineAuthorityTick","character-foot-ik/main/timeline-authority-tick","UInt64","","Timing","UInt64","Frame","","","1","ConstraintCommittedResult","ConstraintCommittedField","required:facts/75","stable-swing|path-revision|contact-transition|leg-pose","CharacterFootSampleColumns.Schema"
"main","175","TimelineTickRate","character-foot-ik/main/timeline-tick-rate","Int32","","Timing","Int32","Hertz","","","1","ConstraintCommittedResult","ConstraintCommittedField","required:facts/75","stable-swing|path-revision|contact-transition|leg-pose","CharacterFootSampleColumns.Schema"
"main","176","TimelineCurrentVelocityX","character-foot-ik/main/timeline-current-velocity-x","Float32","","Timing","Float32","MetresPerSecond","","","1","ConstraintCommittedResult","ConstraintCommittedField","required:facts/75","stable-swing|path-revision|contact-transition|leg-pose","CharacterFootSampleColumns.Schema"
"main","177","TimelineCurrentVelocityZ","character-foot-ik/main/timeline-current-velocity-z","Float32","","Timing","Float32","MetresPerSecond","","","1","ConstraintCommittedResult","ConstraintCommittedField","required:facts/75","stable-swing|path-revision|contact-transition|leg-pose","CharacterFootSampleColumns.Schema"
"main","178","TimelineContinuationVelocityX","character-foot-ik/main/timeline-continuation-velocity-x","Float32","","Timing","Float32","MetresPerSecond","","","1","ConstraintCommittedResult","ConstraintCommittedField","required:facts/75","stable-swing|path-revision|contact-transition|leg-pose","CharacterFootSampleColumns.Schema"
"main","179","TimelineContinuationVelocityZ","character-foot-ik/main/timeline-continuation-velocity-z","Float32","","Timing","Float32","MetresPerSecond","","","1","ConstraintCommittedResult","ConstraintCommittedField","required:facts/75","stable-swing|path-revision|contact-transition|leg-pose","CharacterFootSampleColumns.Schema"
"main","180","TimelineHasContinuation","character-foot-ik/main/timeline-has-continuation","Boolean","","Timing","Boolean","None","","","1","ConstraintCommittedResult","ConstraintCommittedField","required:facts/75","stable-swing|path-revision|contact-transition|leg-pose","CharacterFootSampleColumns.Schema"
"main","181","TimelineBodyYawVelocityDegreesPerSecond","character-foot-ik/main/timeline-body-yaw-velocity-degrees-per-second","Float32","","Timing","Float32","DegreesPerSecond","","","1","ConstraintCommittedResult","ConstraintCommittedField","required:facts/75","stable-swing|path-revision|contact-transition|leg-pose","CharacterFootSampleColumns.Schema"
"main","182","TimelineMaximumBodyYawVelocityDegreesPerSecond","character-foot-ik/main/timeline-maximum-body-yaw-velocity-degrees-per-second","Float32","","Timing","Float32","DegreesPerSecond","","","1","ConstraintCommittedResult","ConstraintCommittedField","required:facts/75","stable-swing|path-revision|contact-transition|leg-pose","CharacterFootSampleColumns.Schema"
"main","183","CurrentSegmentRemainingSeconds","character-foot-ik/main/current-segment-remaining-seconds","Float32","","Timing","Float32","Seconds","","","1","ConstraintCommittedResult","ConstraintCommittedField","required:facts/75","stable-swing|path-revision|contact-transition|leg-pose","CharacterFootSampleColumns.Schema"
"main","184","PredictionMotionAvailable","character-foot-ik/main/prediction-motion-available","Boolean","","PredictionMotion","Boolean","None","","","1","ConstraintCommittedResult","ConstraintCommittedField","required:facts/75","stable-swing|path-revision","CharacterFootSampleColumns.Schema"
"main","185","PredictionMotionRejectReason","character-foot-ik/main/prediction-motion-reject-reason","Int32","","PredictionMotion","Text","Category","","","1","ConstraintCommittedResult","ConstraintCommittedField+HostEnumFormatting","required:facts/75","stable-swing|path-revision","CharacterFootSampleColumns.Schema"
"main","186","PredictionMotionResetReason","character-foot-ik/main/prediction-motion-reset-reason","Int32","","PredictionMotion","Text","Category","","","1","ConstraintCommittedResult","ConstraintCommittedField+HostEnumFormatting","required:facts/75","stable-swing|path-revision","CharacterFootSampleColumns.Schema"
"main","187","PredictionMotionSourceIdentity","character-foot-ik/main/prediction-motion-source-identity","Identity","","PredictionMotion","Text","Identity","","","1","ConstraintCommittedResult","ConstraintCommittedField","required:facts/75","stable-swing|path-revision","CharacterFootSampleColumns.Schema"
"main","188","PredictionRawCurrentVelocityX","character-foot-ik/main/prediction-raw-current-velocity-x","Float32","","PredictionMotion","Float32","MetresPerSecond","","","1","ConstraintCommittedResult","ConstraintCommittedField","required:facts/75","stable-swing|path-revision","CharacterFootSampleColumns.Schema"
"main","189","PredictionRawCurrentVelocityZ","character-foot-ik/main/prediction-raw-current-velocity-z","Float32","","PredictionMotion","Float32","MetresPerSecond","","","1","ConstraintCommittedResult","ConstraintCommittedField","required:facts/75","stable-swing|path-revision","CharacterFootSampleColumns.Schema"
"main","190","PredictionRawContinuationVelocityX","character-foot-ik/main/prediction-raw-continuation-velocity-x","Float32","","PredictionMotion","Float32","MetresPerSecond","","","1","ConstraintCommittedResult","ConstraintCommittedField","required:facts/75","stable-swing|path-revision","CharacterFootSampleColumns.Schema"
"main","191","PredictionRawContinuationVelocityZ","character-foot-ik/main/prediction-raw-continuation-velocity-z","Float32","","PredictionMotion","Float32","MetresPerSecond","","","1","ConstraintCommittedResult","ConstraintCommittedField","required:facts/75","stable-swing|path-revision","CharacterFootSampleColumns.Schema"
"main","192","PredictionPreviousStableCurrentVelocityX","character-foot-ik/main/prediction-previous-stable-current-velocity-x","Float32","","PredictionMotion","Float32","MetresPerSecond","","","1","ConstraintCommittedResult","ConstraintCommittedField","required:facts/75","stable-swing|path-revision","CharacterFootSampleColumns.Schema"
"main","193","PredictionPreviousStableCurrentVelocityZ","character-foot-ik/main/prediction-previous-stable-current-velocity-z","Float32","","PredictionMotion","Float32","MetresPerSecond","","","1","ConstraintCommittedResult","ConstraintCommittedField","required:facts/75","stable-swing|path-revision","CharacterFootSampleColumns.Schema"
"main","194","PredictionPreviousStableContinuationVelocityX","character-foot-ik/main/prediction-previous-stable-continuation-velocity-x","Float32","","PredictionMotion","Float32","MetresPerSecond","","","1","ConstraintCommittedResult","ConstraintCommittedField","required:facts/75","stable-swing|path-revision","CharacterFootSampleColumns.Schema"
"main","195","PredictionPreviousStableContinuationVelocityZ","character-foot-ik/main/prediction-previous-stable-continuation-velocity-z","Float32","","PredictionMotion","Float32","MetresPerSecond","","","1","ConstraintCommittedResult","ConstraintCommittedField","required:facts/75","stable-swing|path-revision","CharacterFootSampleColumns.Schema"
"main","196","PredictionStableCurrentVelocityX","character-foot-ik/main/prediction-stable-current-velocity-x","Float32","","PredictionMotion","Float32","MetresPerSecond","","","1","ConstraintCommittedResult","ConstraintCommittedField","required:facts/75","stable-swing|path-revision","CharacterFootSampleColumns.Schema"
"main","197","PredictionStableCurrentVelocityZ","character-foot-ik/main/prediction-stable-current-velocity-z","Float32","","PredictionMotion","Float32","MetresPerSecond","","","1","ConstraintCommittedResult","ConstraintCommittedField","required:facts/75","stable-swing|path-revision","CharacterFootSampleColumns.Schema"
"main","198","PredictionStableContinuationVelocityX","character-foot-ik/main/prediction-stable-continuation-velocity-x","Float32","","PredictionMotion","Float32","MetresPerSecond","","","1","ConstraintCommittedResult","ConstraintCommittedField","required:facts/75","stable-swing|path-revision","CharacterFootSampleColumns.Schema"
"main","199","PredictionStableContinuationVelocityZ","character-foot-ik/main/prediction-stable-continuation-velocity-z","Float32","","PredictionMotion","Float32","MetresPerSecond","","","1","ConstraintCommittedResult","ConstraintCommittedField","required:facts/75","stable-swing|path-revision","CharacterFootSampleColumns.Schema"
"main","200","PredictionCurrentVelocityDeltaX","character-foot-ik/main/prediction-current-velocity-delta-x","Float32","","PredictionMotion","Float32","MetresPerSecond","","","1","ConstraintCommittedResult","ConstraintCommittedField","required:facts/75","stable-swing|path-revision","CharacterFootSampleColumns.Schema"
"main","201","PredictionCurrentVelocityDeltaZ","character-foot-ik/main/prediction-current-velocity-delta-z","Float32","","PredictionMotion","Float32","MetresPerSecond","","","1","ConstraintCommittedResult","ConstraintCommittedField","required:facts/75","stable-swing|path-revision","CharacterFootSampleColumns.Schema"
"main","202","PredictionContinuationVelocityDeltaX","character-foot-ik/main/prediction-continuation-velocity-delta-x","Float32","","PredictionMotion","Float32","MetresPerSecond","","","1","ConstraintCommittedResult","ConstraintCommittedField","required:facts/75","stable-swing|path-revision","CharacterFootSampleColumns.Schema"
"main","203","PredictionContinuationVelocityDeltaZ","character-foot-ik/main/prediction-continuation-velocity-delta-z","Float32","","PredictionMotion","Float32","MetresPerSecond","","","1","ConstraintCommittedResult","ConstraintCommittedField","required:facts/75","stable-swing|path-revision","CharacterFootSampleColumns.Schema"
"main","204","PredictionVelocityResponseAlpha","character-foot-ik/main/prediction-velocity-response-alpha","Float32","","PredictionMotion","Float32","Unitless","","","1","ConstraintCommittedResult","ConstraintCommittedField","required:facts/75","stable-swing|path-revision","CharacterFootSampleColumns.Schema"
"main","205","PredictionVelocityDeltaThreshold","character-foot-ik/main/prediction-velocity-delta-threshold","Float32","","PredictionMotion","Float32","MetresPerSecond","","","1","ConstraintCommittedResult","ConstraintCommittedField","required:facts/75","stable-swing|path-revision","CharacterFootSampleColumns.Schema"
"main","206","PredictionVelocitySmoothSpeed","character-foot-ik/main/prediction-velocity-smooth-speed","Float32","","PredictionMotion","Float32","PerSecond","","","1","ConstraintCommittedResult","ConstraintCommittedField","required:facts/75","stable-swing|path-revision","CharacterFootSampleColumns.Schema"
"main","207","PredictionMaximumSpeed","character-foot-ik/main/prediction-maximum-speed","Float32","","PredictionMotion","Float32","MetresPerSecond","","","1","ConstraintCommittedResult","ConstraintCommittedField","required:facts/75","stable-swing|path-revision","CharacterFootSampleColumns.Schema"
"main","208","PredictionCurrentResponseApplied","character-foot-ik/main/prediction-current-response-applied","Boolean","","PredictionMotion","Boolean","None","","","1","ConstraintCommittedResult","ConstraintCommittedField","required:facts/75","stable-swing|path-revision","CharacterFootSampleColumns.Schema"
"main","209","PredictionContinuationResponseApplied","character-foot-ik/main/prediction-continuation-response-applied","Boolean","","PredictionMotion","Boolean","None","","","1","ConstraintCommittedResult","ConstraintCommittedField","required:facts/75","stable-swing|path-revision","CharacterFootSampleColumns.Schema"
"main","210","PredictionCurrentMaximumSpeedClamped","character-foot-ik/main/prediction-current-maximum-speed-clamped","Boolean","","PredictionMotion","Boolean","None","","","1","ConstraintCommittedResult","ConstraintCommittedField","required:facts/75","stable-swing|path-revision","CharacterFootSampleColumns.Schema"
"main","211","PredictionContinuationMaximumSpeedClamped","character-foot-ik/main/prediction-continuation-maximum-speed-clamped","Boolean","","PredictionMotion","Boolean","None","","","1","ConstraintCommittedResult","ConstraintCommittedField","required:facts/75","stable-swing|path-revision","CharacterFootSampleColumns.Schema"
"main","212","PredictionMotionRevision","character-foot-ik/main/prediction-motion-revision","UInt64","","PredictionMotion","UInt64","Identity","","","1","ConstraintCommittedResult","ConstraintCommittedField","required:facts/75","stable-swing|path-revision","CharacterFootSampleColumns.Schema"
"main","213","Grounded","character-foot-ik/main/grounded","Boolean","","Action","Boolean","None","","","1","ConstraintCommittedResult","ConstraintCommittedField","required:facts/75","contact-transition|leg-pose","CharacterFootSampleColumns.Schema"
"main","214","HorizontalSpeed","character-foot-ik/main/horizontal-speed","Float32","","Action","Float32","MetresPerSecond","","","1","ConstraintCommittedResult","ConstraintCommittedField","required:facts/75","contact-transition|leg-pose","CharacterFootSampleColumns.Schema"
"main","215","LeftActionInstanceIdentity","character-foot-ik/main/left-action-instance-identity","UInt64","","Action","UInt64","Identity","","","1","ConstraintCommittedResult","ConstraintCommittedField","required:facts/75","contact-transition|leg-pose","CharacterFootSampleColumns.Schema"
"main","216","LeftActionFootWeight","character-foot-ik/main/left-action-foot-weight","Float32","","Action","Float32","Unitless","","","1","ConstraintCommittedResult","ConstraintCommittedField","required:facts/75","contact-transition|leg-pose","CharacterFootSampleColumns.Schema"
"main","217","RightActionInstanceIdentity","character-foot-ik/main/right-action-instance-identity","UInt64","","Action","UInt64","Identity","","","1","ConstraintCommittedResult","ConstraintCommittedField","required:facts/75","contact-transition|leg-pose","CharacterFootSampleColumns.Schema"
"main","218","RightActionFootWeight","character-foot-ik/main/right-action-foot-weight","Float32","","Action","Float32","Unitless","","","1","ConstraintCommittedResult","ConstraintCommittedField","required:facts/75","contact-transition|leg-pose","CharacterFootSampleColumns.Schema"
"main","219","PrimarySupportHasValue","character-foot-ik/main/primary-support-has-value","Boolean","","PrimarySupport","Boolean","None","","","1","ConstraintCommittedResult","ConstraintCommittedField","required:facts/75","contact-fit|contact-transition|leg-pose","CharacterFootSampleColumns.Schema"
"main","220","PrimarySupportSide","character-foot-ik/main/primary-support-side","Int32","","PrimarySupport","Text","Category","PrimarySupportHasValue","character-foot-ik/main/primary-support-has-value","1","ConstraintCommittedResult","ConstraintCommittedField+HostEnumFormatting","required:facts/75","contact-fit|contact-transition|leg-pose","CharacterFootSampleColumns.Schema"
"main","221","PrimarySupportLandingEventIdentity","character-foot-ik/main/primary-support-landing-event-identity","UInt64","","PrimarySupport","UInt64","Identity","PrimarySupportHasValue","character-foot-ik/main/primary-support-has-value","1","ConstraintCommittedResult","ConstraintCommittedField","required:facts/75","contact-fit|contact-transition|leg-pose","CharacterFootSampleColumns.Schema"
"main","222","PrimarySupportRetained","character-foot-ik/main/primary-support-retained","Boolean","","PrimarySupport","Boolean","None","","","1","ConstraintCommittedResult","ConstraintCommittedField","required:facts/75","contact-fit|contact-transition|leg-pose","CharacterFootSampleColumns.Schema"
"main","223","LogicRootPositionX","character-foot-ik/main/logic-root-position","Vector3","X","RootHierarchy","Float32","Metres","","","1","LegacySceneTransform","LegacyMustReplaceWithFinalPublication","required:facts/75","legacy-only:replace-with-final-publication","CharacterFootSampleColumns.Schema"
"main","224","LogicRootPositionY","character-foot-ik/main/logic-root-position","Vector3","Y","RootHierarchy","Float32","Metres","","","1","LegacySceneTransform","LegacyMustReplaceWithFinalPublication","required:facts/75","legacy-only:replace-with-final-publication","CharacterFootSampleColumns.Schema"
"main","225","LogicRootPositionZ","character-foot-ik/main/logic-root-position","Vector3","Z","RootHierarchy","Float32","Metres","","","1","LegacySceneTransform","LegacyMustReplaceWithFinalPublication","required:facts/75","legacy-only:replace-with-final-publication","CharacterFootSampleColumns.Schema"
"main","226","LogicRootRotationX","character-foot-ik/main/logic-root-rotation","Quaternion","X","RootHierarchy","Float32","Unitless","","","1","LegacySceneTransform","LegacyMustReplaceWithFinalPublication","required:facts/75","legacy-only:replace-with-final-publication","CharacterFootSampleColumns.Schema"
"main","227","LogicRootRotationY","character-foot-ik/main/logic-root-rotation","Quaternion","Y","RootHierarchy","Float32","Unitless","","","1","LegacySceneTransform","LegacyMustReplaceWithFinalPublication","required:facts/75","legacy-only:replace-with-final-publication","CharacterFootSampleColumns.Schema"
"main","228","LogicRootRotationZ","character-foot-ik/main/logic-root-rotation","Quaternion","Z","RootHierarchy","Float32","Unitless","","","1","LegacySceneTransform","LegacyMustReplaceWithFinalPublication","required:facts/75","legacy-only:replace-with-final-publication","CharacterFootSampleColumns.Schema"
"main","229","LogicRootRotationW","character-foot-ik/main/logic-root-rotation","Quaternion","W","RootHierarchy","Float32","Unitless","","","1","LegacySceneTransform","LegacyMustReplaceWithFinalPublication","required:facts/75","legacy-only:replace-with-final-publication","CharacterFootSampleColumns.Schema"
"main","230","VisualRootLocalPositionX","character-foot-ik/main/visual-root-local-position","Vector3","X","RootHierarchy","Float32","Metres","","","1","LegacySceneTransform","LegacyMustReplaceWithFinalPublication","required:facts/75","legacy-only:replace-with-final-publication","CharacterFootSampleColumns.Schema"
"main","231","VisualRootLocalPositionY","character-foot-ik/main/visual-root-local-position","Vector3","Y","RootHierarchy","Float32","Metres","","","1","LegacySceneTransform","LegacyMustReplaceWithFinalPublication","required:facts/75","legacy-only:replace-with-final-publication","CharacterFootSampleColumns.Schema"
"main","232","VisualRootLocalPositionZ","character-foot-ik/main/visual-root-local-position","Vector3","Z","RootHierarchy","Float32","Metres","","","1","LegacySceneTransform","LegacyMustReplaceWithFinalPublication","required:facts/75","legacy-only:replace-with-final-publication","CharacterFootSampleColumns.Schema"
"main","233","VisualRootLocalRotationX","character-foot-ik/main/visual-root-local-rotation","Quaternion","X","RootHierarchy","Float32","Unitless","","","1","LegacySceneTransform","LegacyMustReplaceWithFinalPublication","required:facts/75","legacy-only:replace-with-final-publication","CharacterFootSampleColumns.Schema"
"main","234","VisualRootLocalRotationY","character-foot-ik/main/visual-root-local-rotation","Quaternion","Y","RootHierarchy","Float32","Unitless","","","1","LegacySceneTransform","LegacyMustReplaceWithFinalPublication","required:facts/75","legacy-only:replace-with-final-publication","CharacterFootSampleColumns.Schema"
"main","235","VisualRootLocalRotationZ","character-foot-ik/main/visual-root-local-rotation","Quaternion","Z","RootHierarchy","Float32","Unitless","","","1","LegacySceneTransform","LegacyMustReplaceWithFinalPublication","required:facts/75","legacy-only:replace-with-final-publication","CharacterFootSampleColumns.Schema"
"main","236","VisualRootLocalRotationW","character-foot-ik/main/visual-root-local-rotation","Quaternion","W","RootHierarchy","Float32","Unitless","","","1","LegacySceneTransform","LegacyMustReplaceWithFinalPublication","required:facts/75","legacy-only:replace-with-final-publication","CharacterFootSampleColumns.Schema"
"main","237","VisualRootWorldPositionX","character-foot-ik/main/visual-root-world-position","Vector3","X","RootHierarchy","Float32","Metres","","","1","LegacySceneTransform","LegacyMustReplaceWithFinalPublication","required:facts/75","legacy-only:replace-with-final-publication","CharacterFootSampleColumns.Schema"
"main","238","VisualRootWorldPositionY","character-foot-ik/main/visual-root-world-position","Vector3","Y","RootHierarchy","Float32","Metres","","","1","LegacySceneTransform","LegacyMustReplaceWithFinalPublication","required:facts/75","legacy-only:replace-with-final-publication","CharacterFootSampleColumns.Schema"
"main","239","VisualRootWorldPositionZ","character-foot-ik/main/visual-root-world-position","Vector3","Z","RootHierarchy","Float32","Metres","","","1","LegacySceneTransform","LegacyMustReplaceWithFinalPublication","required:facts/75","legacy-only:replace-with-final-publication","CharacterFootSampleColumns.Schema"
"main","240","VisualRootWorldRotationX","character-foot-ik/main/visual-root-world-rotation","Quaternion","X","RootHierarchy","Float32","Unitless","","","1","LegacySceneTransform","LegacyMustReplaceWithFinalPublication","required:facts/75","legacy-only:replace-with-final-publication","CharacterFootSampleColumns.Schema"
"main","241","VisualRootWorldRotationY","character-foot-ik/main/visual-root-world-rotation","Quaternion","Y","RootHierarchy","Float32","Unitless","","","1","LegacySceneTransform","LegacyMustReplaceWithFinalPublication","required:facts/75","legacy-only:replace-with-final-publication","CharacterFootSampleColumns.Schema"
"main","242","VisualRootWorldRotationZ","character-foot-ik/main/visual-root-world-rotation","Quaternion","Z","RootHierarchy","Float32","Unitless","","","1","LegacySceneTransform","LegacyMustReplaceWithFinalPublication","required:facts/75","legacy-only:replace-with-final-publication","CharacterFootSampleColumns.Schema"
"main","243","VisualRootWorldRotationW","character-foot-ik/main/visual-root-world-rotation","Quaternion","W","RootHierarchy","Float32","Unitless","","","1","LegacySceneTransform","LegacyMustReplaceWithFinalPublication","required:facts/75","legacy-only:replace-with-final-publication","CharacterFootSampleColumns.Schema"
"main","244","PoseRootLocalPositionX","character-foot-ik/main/pose-root-local-position","Vector3","X","RootHierarchy","Float32","Metres","","","1","LegacySceneTransform","LegacyMustReplaceWithFinalPublication","required:facts/75","legacy-only:replace-with-final-publication","CharacterFootSampleColumns.Schema"
"main","245","PoseRootLocalPositionY","character-foot-ik/main/pose-root-local-position","Vector3","Y","RootHierarchy","Float32","Metres","","","1","LegacySceneTransform","LegacyMustReplaceWithFinalPublication","required:facts/75","legacy-only:replace-with-final-publication","CharacterFootSampleColumns.Schema"
"main","246","PoseRootLocalPositionZ","character-foot-ik/main/pose-root-local-position","Vector3","Z","RootHierarchy","Float32","Metres","","","1","LegacySceneTransform","LegacyMustReplaceWithFinalPublication","required:facts/75","legacy-only:replace-with-final-publication","CharacterFootSampleColumns.Schema"
"main","247","PoseRootLocalRotationX","character-foot-ik/main/pose-root-local-rotation","Quaternion","X","RootHierarchy","Float32","Unitless","","","1","LegacySceneTransform","LegacyMustReplaceWithFinalPublication","required:facts/75","legacy-only:replace-with-final-publication","CharacterFootSampleColumns.Schema"
"main","248","PoseRootLocalRotationY","character-foot-ik/main/pose-root-local-rotation","Quaternion","Y","RootHierarchy","Float32","Unitless","","","1","LegacySceneTransform","LegacyMustReplaceWithFinalPublication","required:facts/75","legacy-only:replace-with-final-publication","CharacterFootSampleColumns.Schema"
"main","249","PoseRootLocalRotationZ","character-foot-ik/main/pose-root-local-rotation","Quaternion","Z","RootHierarchy","Float32","Unitless","","","1","LegacySceneTransform","LegacyMustReplaceWithFinalPublication","required:facts/75","legacy-only:replace-with-final-publication","CharacterFootSampleColumns.Schema"
"main","250","PoseRootLocalRotationW","character-foot-ik/main/pose-root-local-rotation","Quaternion","W","RootHierarchy","Float32","Unitless","","","1","LegacySceneTransform","LegacyMustReplaceWithFinalPublication","required:facts/75","legacy-only:replace-with-final-publication","CharacterFootSampleColumns.Schema"
"main","251","PoseRootWorldPositionX","character-foot-ik/main/pose-root-world-position","Vector3","X","RootHierarchy","Float32","Metres","","","1","LegacySceneTransform","LegacyMustReplaceWithFinalPublication","required:facts/75","legacy-only:replace-with-final-publication","CharacterFootSampleColumns.Schema"
"main","252","PoseRootWorldPositionY","character-foot-ik/main/pose-root-world-position","Vector3","Y","RootHierarchy","Float32","Metres","","","1","LegacySceneTransform","LegacyMustReplaceWithFinalPublication","required:facts/75","legacy-only:replace-with-final-publication","CharacterFootSampleColumns.Schema"
"main","253","PoseRootWorldPositionZ","character-foot-ik/main/pose-root-world-position","Vector3","Z","RootHierarchy","Float32","Metres","","","1","LegacySceneTransform","LegacyMustReplaceWithFinalPublication","required:facts/75","legacy-only:replace-with-final-publication","CharacterFootSampleColumns.Schema"
"main","254","PoseRootWorldRotationX","character-foot-ik/main/pose-root-world-rotation","Quaternion","X","RootHierarchy","Float32","Unitless","","","1","LegacySceneTransform","LegacyMustReplaceWithFinalPublication","required:facts/75","legacy-only:replace-with-final-publication","CharacterFootSampleColumns.Schema"
"main","255","PoseRootWorldRotationY","character-foot-ik/main/pose-root-world-rotation","Quaternion","Y","RootHierarchy","Float32","Unitless","","","1","LegacySceneTransform","LegacyMustReplaceWithFinalPublication","required:facts/75","legacy-only:replace-with-final-publication","CharacterFootSampleColumns.Schema"
"main","256","PoseRootWorldRotationZ","character-foot-ik/main/pose-root-world-rotation","Quaternion","Z","RootHierarchy","Float32","Unitless","","","1","LegacySceneTransform","LegacyMustReplaceWithFinalPublication","required:facts/75","legacy-only:replace-with-final-publication","CharacterFootSampleColumns.Schema"
"main","257","PoseRootWorldRotationW","character-foot-ik/main/pose-root-world-rotation","Quaternion","W","RootHierarchy","Float32","Unitless","","","1","LegacySceneTransform","LegacyMustReplaceWithFinalPublication","required:facts/75","legacy-only:replace-with-final-publication","CharacterFootSampleColumns.Schema"
"main","258","VisibleBodyPositionX","character-foot-ik/main/visible-body-position","Vector3","X","BodyCorrection","Float32","Metres","","","1","ConstraintCommittedResult","ConstraintCommittedField","required:facts/75","contact-transition|leg-pose","CharacterFootSampleColumns.Schema"
"main","259","VisibleBodyPositionY","character-foot-ik/main/visible-body-position","Vector3","Y","BodyCorrection","Float32","Metres","","","1","ConstraintCommittedResult","ConstraintCommittedField","required:facts/75","contact-transition|leg-pose","CharacterFootSampleColumns.Schema"
"main","260","VisibleBodyPositionZ","character-foot-ik/main/visible-body-position","Vector3","Z","BodyCorrection","Float32","Metres","","","1","ConstraintCommittedResult","ConstraintCommittedField","required:facts/75","contact-transition|leg-pose","CharacterFootSampleColumns.Schema"
"main","261","VisibleBodyRotationX","character-foot-ik/main/visible-body-rotation","Quaternion","X","BodyCorrection","Float32","Unitless","","","1","ConstraintCommittedResult","ConstraintCommittedField","required:facts/75","contact-transition|leg-pose","CharacterFootSampleColumns.Schema"
"main","262","VisibleBodyRotationY","character-foot-ik/main/visible-body-rotation","Quaternion","Y","BodyCorrection","Float32","Unitless","","","1","ConstraintCommittedResult","ConstraintCommittedField","required:facts/75","contact-transition|leg-pose","CharacterFootSampleColumns.Schema"
"main","263","VisibleBodyRotationZ","character-foot-ik/main/visible-body-rotation","Quaternion","Z","BodyCorrection","Float32","Unitless","","","1","ConstraintCommittedResult","ConstraintCommittedField","required:facts/75","contact-transition|leg-pose","CharacterFootSampleColumns.Schema"
"main","264","VisibleBodyRotationW","character-foot-ik/main/visible-body-rotation","Quaternion","W","BodyCorrection","Float32","Unitless","","","1","ConstraintCommittedResult","ConstraintCommittedField","required:facts/75","contact-transition|leg-pose","CharacterFootSampleColumns.Schema"
"main","265","VisibleBodyVelocityX","character-foot-ik/main/visible-body-velocity","Vector3","X","BodyCorrection","Float32","MetresPerSecond","","","1","ConstraintCommittedResult","ConstraintCommittedField","required:facts/75","contact-transition|leg-pose","CharacterFootSampleColumns.Schema"
"main","266","VisibleBodyVelocityY","character-foot-ik/main/visible-body-velocity","Vector3","Y","BodyCorrection","Float32","MetresPerSecond","","","1","ConstraintCommittedResult","ConstraintCommittedField","required:facts/75","contact-transition|leg-pose","CharacterFootSampleColumns.Schema"
"main","267","VisibleBodyVelocityZ","character-foot-ik/main/visible-body-velocity","Vector3","Z","BodyCorrection","Float32","MetresPerSecond","","","1","ConstraintCommittedResult","ConstraintCommittedField","required:facts/75","contact-transition|leg-pose","CharacterFootSampleColumns.Schema"
"main","268","VisibleBodyYawVelocityDegreesPerSecond","character-foot-ik/main/visible-body-yaw-velocity-degrees-per-second","Float32","","BodyCorrection","Float32","DegreesPerSecond","","","1","ConstraintCommittedResult","ConstraintCommittedField","required:facts/75","contact-transition|leg-pose","CharacterFootSampleColumns.Schema"
"main","269","TargetBodyPositionX","character-foot-ik/main/target-body-position","Vector3","X","BodyCorrection","Float32","Metres","","","1","ConstraintCommittedResult","ConstraintCommittedField","required:facts/75","contact-transition|leg-pose","CharacterFootSampleColumns.Schema"
"main","270","TargetBodyPositionY","character-foot-ik/main/target-body-position","Vector3","Y","BodyCorrection","Float32","Metres","","","1","ConstraintCommittedResult","ConstraintCommittedField","required:facts/75","contact-transition|leg-pose","CharacterFootSampleColumns.Schema"
"main","271","TargetBodyPositionZ","character-foot-ik/main/target-body-position","Vector3","Z","BodyCorrection","Float32","Metres","","","1","ConstraintCommittedResult","ConstraintCommittedField","required:facts/75","contact-transition|leg-pose","CharacterFootSampleColumns.Schema"
"main","272","TargetBodyRotationX","character-foot-ik/main/target-body-rotation","Quaternion","X","BodyCorrection","Float32","Unitless","","","1","ConstraintCommittedResult","ConstraintCommittedField","required:facts/75","contact-transition|leg-pose","CharacterFootSampleColumns.Schema"
"main","273","TargetBodyRotationY","character-foot-ik/main/target-body-rotation","Quaternion","Y","BodyCorrection","Float32","Unitless","","","1","ConstraintCommittedResult","ConstraintCommittedField","required:facts/75","contact-transition|leg-pose","CharacterFootSampleColumns.Schema"
"main","274","TargetBodyRotationZ","character-foot-ik/main/target-body-rotation","Quaternion","Z","BodyCorrection","Float32","Unitless","","","1","ConstraintCommittedResult","ConstraintCommittedField","required:facts/75","contact-transition|leg-pose","CharacterFootSampleColumns.Schema"
"main","275","TargetBodyRotationW","character-foot-ik/main/target-body-rotation","Quaternion","W","BodyCorrection","Float32","Unitless","","","1","ConstraintCommittedResult","ConstraintCommittedField","required:facts/75","contact-transition|leg-pose","CharacterFootSampleColumns.Schema"
"main","276","TargetBodyVelocityX","character-foot-ik/main/target-body-velocity","Vector3","X","BodyCorrection","Float32","MetresPerSecond","","","1","ConstraintCommittedResult","ConstraintCommittedField","required:facts/75","contact-transition|leg-pose","CharacterFootSampleColumns.Schema"
"main","277","TargetBodyVelocityY","character-foot-ik/main/target-body-velocity","Vector3","Y","BodyCorrection","Float32","MetresPerSecond","","","1","ConstraintCommittedResult","ConstraintCommittedField","required:facts/75","contact-transition|leg-pose","CharacterFootSampleColumns.Schema"
"main","278","TargetBodyVelocityZ","character-foot-ik/main/target-body-velocity","Vector3","Z","BodyCorrection","Float32","MetresPerSecond","","","1","ConstraintCommittedResult","ConstraintCommittedField","required:facts/75","contact-transition|leg-pose","CharacterFootSampleColumns.Schema"
"main","279","TargetBodyYawVelocityDegreesPerSecond","character-foot-ik/main/target-body-yaw-velocity-degrees-per-second","Float32","","BodyCorrection","Float32","DegreesPerSecond","","","1","ConstraintCommittedResult","ConstraintCommittedField","required:facts/75","contact-transition|leg-pose","CharacterFootSampleColumns.Schema"
"main","280","BodyPositionError","character-foot-ik/main/body-position-error","Float32","","BodyCorrection","Float32","Metres","","","1","ConstraintCommittedResult","ConstraintCommittedField","required:facts/75","contact-transition|leg-pose","CharacterFootSampleColumns.Schema"
"main","281","BodyRotationError","character-foot-ik/main/body-rotation-error","Float32","","BodyCorrection","Float32","Degrees","","","1","ConstraintCommittedResult","ConstraintCommittedField","required:facts/75","contact-transition|leg-pose","CharacterFootSampleColumns.Schema"
"main","282","CorrectionPositionErrorX","character-foot-ik/main/correction-position-error","Vector3","X","BodyCorrection","Float32","Metres","","","1","ConstraintCommittedResult","ConstraintCommittedField","required:facts/75","contact-transition|leg-pose","CharacterFootSampleColumns.Schema"
"main","283","CorrectionPositionErrorY","character-foot-ik/main/correction-position-error","Vector3","Y","BodyCorrection","Float32","Metres","","","1","ConstraintCommittedResult","ConstraintCommittedField","required:facts/75","contact-transition|leg-pose","CharacterFootSampleColumns.Schema"
"main","284","CorrectionPositionErrorZ","character-foot-ik/main/correction-position-error","Vector3","Z","BodyCorrection","Float32","Metres","","","1","ConstraintCommittedResult","ConstraintCommittedField","required:facts/75","contact-transition|leg-pose","CharacterFootSampleColumns.Schema"
"main","285","CorrectionPositionVelocityX","character-foot-ik/main/correction-position-velocity","Vector3","X","BodyCorrection","Float32","MetresPerSecond","","","1","ConstraintCommittedResult","ConstraintCommittedField","required:facts/75","contact-transition|leg-pose","CharacterFootSampleColumns.Schema"
"main","286","CorrectionPositionVelocityY","character-foot-ik/main/correction-position-velocity","Vector3","Y","BodyCorrection","Float32","MetresPerSecond","","","1","ConstraintCommittedResult","ConstraintCommittedField","required:facts/75","contact-transition|leg-pose","CharacterFootSampleColumns.Schema"
"main","287","CorrectionPositionVelocityZ","character-foot-ik/main/correction-position-velocity","Vector3","Z","BodyCorrection","Float32","MetresPerSecond","","","1","ConstraintCommittedResult","ConstraintCommittedField","required:facts/75","contact-transition|leg-pose","CharacterFootSampleColumns.Schema"
"main","288","CorrectionYawVelocityDegreesPerSecond","character-foot-ik/main/correction-yaw-velocity-degrees-per-second","Float32","","BodyCorrection","Float32","DegreesPerSecond","","","1","ConstraintCommittedResult","ConstraintCommittedField","required:facts/75","contact-transition|leg-pose","CharacterFootSampleColumns.Schema"
"main","289","CorrectionActive","character-foot-ik/main/correction-active","Boolean","","BodyCorrection","Boolean","None","","","1","ConstraintCommittedResult","ConstraintCommittedField","required:facts/75","contact-transition|leg-pose","CharacterFootSampleColumns.Schema"
"main","290","CorrectionClamped","character-foot-ik/main/correction-clamped","Boolean","","BodyCorrection","Boolean","None","","","1","ConstraintCommittedResult","ConstraintCommittedField","required:facts/75","contact-transition|leg-pose","CharacterFootSampleColumns.Schema"
"main","291","CorrectionSettled","character-foot-ik/main/correction-settled","Boolean","","BodyCorrection","Boolean","None","","","1","ConstraintCommittedResult","ConstraintCommittedField","required:facts/75","contact-transition|leg-pose","CharacterFootSampleColumns.Schema"
"main","292","BodyResetSequence","character-foot-ik/main/body-reset-sequence","UInt64","","BodyCorrection","UInt64","Identity","","","1","ConstraintCommittedResult","ConstraintCommittedField","required:facts/75","contact-transition|leg-pose","CharacterFootSampleColumns.Schema"
"main","293","FutureBodyTranslationAvailable","character-foot-ik/main/future-body-translation-available","Boolean","","LandingObservation","Boolean","None","","","1","ConstraintCommittedResult","MixedRuntimeAndFormatted","required:facts/75","stable-swing|path-revision|contact-transition","CharacterFootSampleColumns.Schema"
"main","294","FutureBodyRelativeTranslationX","character-foot-ik/main/future-body-relative-translation","Vector3","X","LandingObservation","Float32","Metres","FutureBodyTranslationAvailable","character-foot-ik/main/future-body-translation-available","1","ConstraintCommittedResult","MixedRuntimeAndFormatted","required:facts/75","stable-swing|path-revision|contact-transition","CharacterFootSampleColumns.Schema"
"main","295","FutureBodyRelativeTranslationY","character-foot-ik/main/future-body-relative-translation","Vector3","Y","LandingObservation","Float32","Metres","FutureBodyTranslationAvailable","character-foot-ik/main/future-body-translation-available","1","ConstraintCommittedResult","MixedRuntimeAndFormatted","required:facts/75","stable-swing|path-revision|contact-transition","CharacterFootSampleColumns.Schema"
"main","296","FutureBodyRelativeTranslationZ","character-foot-ik/main/future-body-relative-translation","Vector3","Z","LandingObservation","Float32","Metres","FutureBodyTranslationAvailable","character-foot-ik/main/future-body-translation-available","1","ConstraintCommittedResult","MixedRuntimeAndFormatted","required:facts/75","stable-swing|path-revision|contact-transition","CharacterFootSampleColumns.Schema"
"main","297","FutureBodyTranslationVelocityX","character-foot-ik/main/future-body-translation-velocity","Vector3","X","LandingObservation","Float32","Metres","FutureBodyTranslationAvailable","character-foot-ik/main/future-body-translation-available","1","ConstraintCommittedResult","MixedRuntimeAndFormatted","required:facts/75","stable-swing|path-revision|contact-transition","CharacterFootSampleColumns.Schema"
"main","298","FutureBodyTranslationVelocityY","character-foot-ik/main/future-body-translation-velocity","Vector3","Y","LandingObservation","Float32","Metres","FutureBodyTranslationAvailable","character-foot-ik/main/future-body-translation-available","1","ConstraintCommittedResult","MixedRuntimeAndFormatted","required:facts/75","stable-swing|path-revision|contact-transition","CharacterFootSampleColumns.Schema"
"main","299","FutureBodyTranslationVelocityZ","character-foot-ik/main/future-body-translation-velocity","Vector3","Z","LandingObservation","Float32","Metres","FutureBodyTranslationAvailable","character-foot-ik/main/future-body-translation-available","1","ConstraintCommittedResult","MixedRuntimeAndFormatted","required:facts/75","stable-swing|path-revision|contact-transition","CharacterFootSampleColumns.Schema"
"main","300","CurrentAnimatedSoleX","character-foot-ik/main/current-animated-sole","Vector3","X","LandingObservation","Float32","Metres","","","1","ConstraintCommittedResult","MixedRuntimeAndFormatted","required:facts/75","stable-swing|path-revision|contact-transition","CharacterFootSampleColumns.Schema"
"main","301","CurrentAnimatedSoleY","character-foot-ik/main/current-animated-sole","Vector3","Y","LandingObservation","Float32","Metres","","","1","ConstraintCommittedResult","MixedRuntimeAndFormatted","required:facts/75","stable-swing|path-revision|contact-transition","CharacterFootSampleColumns.Schema"
"main","302","CurrentAnimatedSoleZ","character-foot-ik/main/current-animated-sole","Vector3","Z","LandingObservation","Float32","Metres","","","1","ConstraintCommittedResult","MixedRuntimeAndFormatted","required:facts/75","stable-swing|path-revision|contact-transition","CharacterFootSampleColumns.Schema"
"main","303","RawLandingAvailable","character-foot-ik/main/raw-landing-available","Boolean","","LandingObservation","Boolean","None","","","1","ConstraintCommittedResult","MixedRuntimeAndFormatted","required:facts/75","stable-swing|path-revision|contact-transition","CharacterFootSampleColumns.Schema"
"main","304","RawLandingCandidateX","character-foot-ik/main/raw-landing-candidate","Vector3","X","LandingObservation","Float32","Metres","RawLandingAvailable","character-foot-ik/main/raw-landing-available","1","ConstraintCommittedResult","MixedRuntimeAndFormatted","required:facts/75","stable-swing|path-revision|contact-transition","CharacterFootSampleColumns.Schema"
"main","305","RawLandingCandidateY","character-foot-ik/main/raw-landing-candidate","Vector3","Y","LandingObservation","Float32","Metres","RawLandingAvailable","character-foot-ik/main/raw-landing-available","1","ConstraintCommittedResult","MixedRuntimeAndFormatted","required:facts/75","stable-swing|path-revision|contact-transition","CharacterFootSampleColumns.Schema"
"main","306","RawLandingCandidateZ","character-foot-ik/main/raw-landing-candidate","Vector3","Z","LandingObservation","Float32","Metres","RawLandingAvailable","character-foot-ik/main/raw-landing-available","1","ConstraintCommittedResult","MixedRuntimeAndFormatted","required:facts/75","stable-swing|path-revision|contact-transition","CharacterFootSampleColumns.Schema"
"main","307","LandingObservationIdentity","character-foot-ik/main/landing-observation-identity","UInt64","","LandingObservation","UInt64","Identity","","","1","ConstraintCommittedResult","MixedRuntimeAndFormatted","required:facts/75","stable-swing|path-revision|contact-transition","CharacterFootSampleColumns.Schema"
"main","308","LandingObservationWorldRevision","character-foot-ik/main/landing-observation-world-revision","UInt64","","LandingObservation","UInt64","Identity","","","1","ConstraintCommittedResult","MixedRuntimeAndFormatted","required:facts/75","stable-swing|path-revision|contact-transition","CharacterFootSampleColumns.Schema"
"main","309","LandingObservationSourceSampleIdentity","character-foot-ik/main/landing-observation-source-sample-identity","UInt64","","LandingObservation","UInt64","Identity","","","1","ConstraintCommittedResult","MixedRuntimeAndFormatted","required:facts/75","stable-swing|path-revision|contact-transition","CharacterFootSampleColumns.Schema"
"main","310","LandingObservationSourceSampleCycle","character-foot-ik/main/landing-observation-source-sample-cycle","Int32","","LandingObservation","Int32","Count","","","1","ConstraintCommittedResult","MixedRuntimeAndFormatted","required:facts/75","stable-swing|path-revision|contact-transition","CharacterFootSampleColumns.Schema"
"main","311","LandingObservationCacheState","character-foot-ik/main/landing-observation-cache-state","Int32","","LandingObservation","Text","Category","","","1","ConstraintCommittedResult","MixedRuntimeAndFormatted+HostEnumFormatting","required:facts/75","stable-swing|path-revision|contact-transition","CharacterFootSampleColumns.Schema"
"main","312","LandingObservationQueryExecuted","character-foot-ik/main/landing-observation-query-executed","Boolean","","LandingObservation","Boolean","None","","","1","ConstraintCommittedResult","MixedRuntimeAndFormatted","required:facts/75","stable-swing|path-revision|contact-transition","CharacterFootSampleColumns.Schema"
"main","313","LandingObservationQueryPurpose","character-foot-ik/main/landing-observation-query-purpose","Int32","","LandingObservation","Text","Category","","","1","ConstraintCommittedResult","MixedRuntimeAndFormatted+HostEnumFormatting","required:facts/75","stable-swing|path-revision|contact-transition","CharacterFootSampleColumns.Schema"
"main","314","LandingObservationRefreshMode","character-foot-ik/main/landing-observation-refresh-mode","Int32","","LandingObservation","Text","Category","","","1","ConstraintCommittedResult","MixedRuntimeAndFormatted+HostEnumFormatting","required:facts/75","stable-swing|path-revision|contact-transition","CharacterFootSampleColumns.Schema"
"main","315","LandingObservationQueryReason","character-foot-ik/main/landing-observation-query-reason","Int32","","LandingObservation","Text","Category","","","1","ConstraintCommittedResult","MixedRuntimeAndFormatted+HostEnumFormatting","required:facts/75","stable-swing|path-revision|contact-transition","CharacterFootSampleColumns.Schema"
"main","316","LandingObservationCanonicalRawX","character-foot-ik/main/landing-observation-canonical-raw","Vector3","X","LandingObservation","Float32","Metres","","","1","ConstraintCommittedResult","MixedRuntimeAndFormatted","required:facts/75","stable-swing|path-revision|contact-transition","CharacterFootSampleColumns.Schema"
"main","317","LandingObservationCanonicalRawY","character-foot-ik/main/landing-observation-canonical-raw","Vector3","Y","LandingObservation","Float32","Metres","","","1","ConstraintCommittedResult","MixedRuntimeAndFormatted","required:facts/75","stable-swing|path-revision|contact-transition","CharacterFootSampleColumns.Schema"
"main","318","LandingObservationCanonicalRawZ","character-foot-ik/main/landing-observation-canonical-raw","Vector3","Z","LandingObservation","Float32","Metres","","","1","ConstraintCommittedResult","MixedRuntimeAndFormatted","required:facts/75","stable-swing|path-revision|contact-transition","CharacterFootSampleColumns.Schema"
"main","319","LandingObservationCanonicalComponentUpX","character-foot-ik/main/landing-observation-canonical-component-up","Vector3","X","LandingObservation","Float32","Direction","","","1","ConstraintCommittedResult","MixedRuntimeAndFormatted","required:facts/75","stable-swing|path-revision|contact-transition","CharacterFootSampleColumns.Schema"
"main","320","LandingObservationCanonicalComponentUpY","character-foot-ik/main/landing-observation-canonical-component-up","Vector3","Y","LandingObservation","Float32","Direction","","","1","ConstraintCommittedResult","MixedRuntimeAndFormatted","required:facts/75","stable-swing|path-revision|contact-transition","CharacterFootSampleColumns.Schema"
"main","321","LandingObservationCanonicalComponentUpZ","character-foot-ik/main/landing-observation-canonical-component-up","Vector3","Z","LandingObservation","Float32","Direction","","","1","ConstraintCommittedResult","MixedRuntimeAndFormatted","required:facts/75","stable-swing|path-revision|contact-transition","CharacterFootSampleColumns.Schema"
"main","322","LandingObservationCandidateRawX","character-foot-ik/main/landing-observation-candidate-raw","Vector3","X","LandingObservation","Float32","Metres","","","1","ConstraintCommittedResult","MixedRuntimeAndFormatted","required:facts/75","stable-swing|path-revision|contact-transition","CharacterFootSampleColumns.Schema"
"main","323","LandingObservationCandidateRawY","character-foot-ik/main/landing-observation-candidate-raw","Vector3","Y","LandingObservation","Float32","Metres","","","1","ConstraintCommittedResult","MixedRuntimeAndFormatted","required:facts/75","stable-swing|path-revision|contact-transition","CharacterFootSampleColumns.Schema"
"main","324","LandingObservationCandidateRawZ","character-foot-ik/main/landing-observation-candidate-raw","Vector3","Z","LandingObservation","Float32","Metres","","","1","ConstraintCommittedResult","MixedRuntimeAndFormatted","required:facts/75","stable-swing|path-revision|contact-transition","CharacterFootSampleColumns.Schema"
"main","325","LandingObservationCandidateComponentUpX","character-foot-ik/main/landing-observation-candidate-component-up","Vector3","X","LandingObservation","Float32","Direction","","","1","ConstraintCommittedResult","MixedRuntimeAndFormatted","required:facts/75","stable-swing|path-revision|contact-transition","CharacterFootSampleColumns.Schema"
"main","326","LandingObservationCandidateComponentUpY","character-foot-ik/main/landing-observation-candidate-component-up","Vector3","Y","LandingObservation","Float32","Direction","","","1","ConstraintCommittedResult","MixedRuntimeAndFormatted","required:facts/75","stable-swing|path-revision|contact-transition","CharacterFootSampleColumns.Schema"
"main","327","LandingObservationCandidateComponentUpZ","character-foot-ik/main/landing-observation-candidate-component-up","Vector3","Z","LandingObservation","Float32","Direction","","","1","ConstraintCommittedResult","MixedRuntimeAndFormatted","required:facts/75","stable-swing|path-revision|contact-transition","CharacterFootSampleColumns.Schema"
"main","328","LandingObservationQueryInputDistance","character-foot-ik/main/landing-observation-query-input-distance","Float32","","LandingObservation","Float32","Metres","","","1","ConstraintCommittedResult","MixedRuntimeAndFormatted","required:facts/75","stable-swing|path-revision|contact-transition","CharacterFootSampleColumns.Schema"
"main","329","LandingObservationQueryComponentUpAngleDegrees","character-foot-ik/main/landing-observation-query-component-up-angle-degrees","Float32","","LandingObservation","Float32","Degrees","","","1","ConstraintCommittedResult","MixedRuntimeAndFormatted","required:facts/75","stable-swing|path-revision|contact-transition","CharacterFootSampleColumns.Schema"
"main","330","LandingObservationPredictionInputAccumulationDistance","character-foot-ik/main/landing-observation-prediction-input-accumulation-distance","Float32","","LandingObservation","Float32","Metres","","","1","ConstraintCommittedResult","MixedRuntimeAndFormatted","required:facts/75","stable-swing|path-revision|contact-transition","CharacterFootSampleColumns.Schema"
"main","331","LandingObservationComponentUpChangeAngleDegrees","character-foot-ik/main/landing-observation-component-up-change-angle-degrees","Float32","","LandingObservation","Float32","Degrees","","","1","ConstraintCommittedResult","MixedRuntimeAndFormatted","required:facts/75","stable-swing|path-revision|contact-transition","CharacterFootSampleColumns.Schema"
"main","332","QueryShape","character-foot-ik/main/query-shape","Int32","","LandingObservation","Text","Category","","","1","ConstraintCommittedResult","MixedRuntimeAndFormatted+HostEnumFormatting","required:facts/75","stable-swing|path-revision|contact-transition","CharacterFootSampleColumns.Schema"
"main","333","QueryPurpose","character-foot-ik/main/query-purpose","Int32","","LandingObservation","Text","Category","","","1","ConstraintCommittedResult","MixedRuntimeAndFormatted+HostEnumFormatting","required:facts/75","stable-swing|path-revision|contact-transition","CharacterFootSampleColumns.Schema"
"main","334","QueryFootIndex","character-foot-ik/main/query-foot-index","Int32","","LandingObservation","Int32","Count","","","1","ConstraintCommittedResult","MixedRuntimeAndFormatted","required:facts/75","stable-swing|path-revision|contact-transition","CharacterFootSampleColumns.Schema"
"main","335","QueryOriginX","character-foot-ik/main/query-origin","Vector3","X","LandingObservation","Float32","Metres","","","1","ConstraintCommittedResult","MixedRuntimeAndFormatted","required:facts/75","stable-swing|path-revision|contact-transition","CharacterFootSampleColumns.Schema"
"main","336","QueryOriginY","character-foot-ik/main/query-origin","Vector3","Y","LandingObservation","Float32","Metres","","","1","ConstraintCommittedResult","MixedRuntimeAndFormatted","required:facts/75","stable-swing|path-revision|contact-transition","CharacterFootSampleColumns.Schema"
"main","337","QueryOriginZ","character-foot-ik/main/query-origin","Vector3","Z","LandingObservation","Float32","Metres","","","1","ConstraintCommittedResult","MixedRuntimeAndFormatted","required:facts/75","stable-swing|path-revision|contact-transition","CharacterFootSampleColumns.Schema"
"main","338","QueryDirectionX","character-foot-ik/main/query-direction","Vector3","X","LandingObservation","Float32","Direction","","","1","ConstraintCommittedResult","MixedRuntimeAndFormatted","required:facts/75","stable-swing|path-revision|contact-transition","CharacterFootSampleColumns.Schema"
"main","339","QueryDirectionY","character-foot-ik/main/query-direction","Vector3","Y","LandingObservation","Float32","Direction","","","1","ConstraintCommittedResult","MixedRuntimeAndFormatted","required:facts/75","stable-swing|path-revision|contact-transition","CharacterFootSampleColumns.Schema"
"main","340","QueryDirectionZ","character-foot-ik/main/query-direction","Vector3","Z","LandingObservation","Float32","Direction","","","1","ConstraintCommittedResult","MixedRuntimeAndFormatted","required:facts/75","stable-swing|path-revision|contact-transition","CharacterFootSampleColumns.Schema"
"main","341","QueryMaximumDistance","character-foot-ik/main/query-maximum-distance","Float32","","LandingObservation","Float32","Metres","","","1","ConstraintCommittedResult","MixedRuntimeAndFormatted","required:facts/75","stable-swing|path-revision|contact-transition","CharacterFootSampleColumns.Schema"
"main","342","QueryRadius","character-foot-ik/main/query-radius","Float32","","LandingObservation","Float32","Metres","","","1","ConstraintCommittedResult","MixedRuntimeAndFormatted","required:facts/75","stable-swing|path-revision|contact-transition","CharacterFootSampleColumns.Schema"
"main","343","QueryLayerMask","character-foot-ik/main/query-layer-mask","Int32","","LandingObservation","Int32","Bitmask","","","1","ConstraintCommittedResult","MixedRuntimeAndFormatted","required:facts/75","stable-swing|path-revision|contact-transition","CharacterFootSampleColumns.Schema"
"main","344","QueryMinimumGroundNormalDot","character-foot-ik/main/query-minimum-ground-normal-dot","Float32","","LandingObservation","Float32","Unitless","","","1","ConstraintCommittedResult","MixedRuntimeAndFormatted","required:facts/75","stable-swing|path-revision|contact-transition","CharacterFootSampleColumns.Schema"
"main","345","QueryCandidateSelectionState","character-foot-ik/main/query-candidate-selection-state","Int32","","LandingObservation","Text","Category","","","1","ConstraintCommittedResult","MixedRuntimeAndFormatted+HostEnumFormatting","required:facts/75","stable-swing|path-revision|contact-transition","CharacterFootSampleColumns.Schema"
"main","346","QueryValidCandidateCount","character-foot-ik/main/query-valid-candidate-count","Int32","","LandingObservation","Int32","Count","","","1","ConstraintCommittedResult","MixedRuntimeAndFormatted","required:facts/75","stable-swing|path-revision|contact-transition","CharacterFootSampleColumns.Schema"
"main","347","QuerySelectedCandidateAvailable","character-foot-ik/main/query-selected-candidate-available","Boolean","","LandingObservation","Boolean","None","","","1","ConstraintCommittedResult","MixedRuntimeAndFormatted","required:facts/75","stable-swing|path-revision|contact-transition","CharacterFootSampleColumns.Schema"
"main","348","QuerySelectedSurfaceIdentity","character-foot-ik/main/query-selected-surface-identity","Int32","","LandingObservation","Int32","Identity","QuerySelectedCandidateAvailable","character-foot-ik/main/query-selected-candidate-available","1","ConstraintCommittedResult","MixedRuntimeAndFormatted","required:facts/75","stable-swing|path-revision|contact-transition","CharacterFootSampleColumns.Schema"
"main","349","QuerySelectedPointX","character-foot-ik/main/query-selected-point","Vector3","X","LandingObservation","Float32","Metres","QuerySelectedCandidateAvailable","character-foot-ik/main/query-selected-candidate-available","1","ConstraintCommittedResult","MixedRuntimeAndFormatted","required:facts/75","stable-swing|path-revision|contact-transition","CharacterFootSampleColumns.Schema"
"main","350","QuerySelectedPointY","character-foot-ik/main/query-selected-point","Vector3","Y","LandingObservation","Float32","Metres","QuerySelectedCandidateAvailable","character-foot-ik/main/query-selected-candidate-available","1","ConstraintCommittedResult","MixedRuntimeAndFormatted","required:facts/75","stable-swing|path-revision|contact-transition","CharacterFootSampleColumns.Schema"
"main","351","QuerySelectedPointZ","character-foot-ik/main/query-selected-point","Vector3","Z","LandingObservation","Float32","Metres","QuerySelectedCandidateAvailable","character-foot-ik/main/query-selected-candidate-available","1","ConstraintCommittedResult","MixedRuntimeAndFormatted","required:facts/75","stable-swing|path-revision|contact-transition","CharacterFootSampleColumns.Schema"
"main","352","QuerySelectedDistance","character-foot-ik/main/query-selected-distance","Float32","","LandingObservation","Float32","Metres","QuerySelectedCandidateAvailable","character-foot-ik/main/query-selected-candidate-available","1","ConstraintCommittedResult","MixedRuntimeAndFormatted","required:facts/75","stable-swing|path-revision|contact-transition","CharacterFootSampleColumns.Schema"
"main","353","Accepted","character-foot-ik/main/accepted","Boolean","","LandingObservation","Boolean","None","","","1","ConstraintCommittedResult","MixedRuntimeAndFormatted","required:facts/75","stable-swing|path-revision|contact-transition","CharacterFootSampleColumns.Schema"
"main","354","SurfaceIdentity","character-foot-ik/main/surface-identity","Int32","","LandingObservation","Int32","Identity","Accepted","character-foot-ik/main/accepted","1","ConstraintCommittedResult","MixedRuntimeAndFormatted","required:facts/75","stable-swing|path-revision|contact-transition","CharacterFootSampleColumns.Schema"
"main","355","LandingPointX","character-foot-ik/main/landing-point","Vector3","X","LandingObservation","Float32","Metres","Accepted","character-foot-ik/main/accepted","1","ConstraintCommittedResult","MixedRuntimeAndFormatted","required:facts/75","stable-swing|path-revision|contact-transition","CharacterFootSampleColumns.Schema"
"main","356","LandingPointY","character-foot-ik/main/landing-point","Vector3","Y","LandingObservation","Float32","Metres","Accepted","character-foot-ik/main/accepted","1","ConstraintCommittedResult","MixedRuntimeAndFormatted","required:facts/75","stable-swing|path-revision|contact-transition","CharacterFootSampleColumns.Schema"
"main","357","LandingPointZ","character-foot-ik/main/landing-point","Vector3","Z","LandingObservation","Float32","Metres","Accepted","character-foot-ik/main/accepted","1","ConstraintCommittedResult","MixedRuntimeAndFormatted","required:facts/75","stable-swing|path-revision|contact-transition","CharacterFootSampleColumns.Schema"
"main","358","LandingNormalX","character-foot-ik/main/landing-normal","Vector3","X","LandingObservation","Float32","Direction","Accepted","character-foot-ik/main/accepted","1","ConstraintCommittedResult","MixedRuntimeAndFormatted","required:facts/75","stable-swing|path-revision|contact-transition","CharacterFootSampleColumns.Schema"
"main","359","LandingNormalY","character-foot-ik/main/landing-normal","Vector3","Y","LandingObservation","Float32","Direction","Accepted","character-foot-ik/main/accepted","1","ConstraintCommittedResult","MixedRuntimeAndFormatted","required:facts/75","stable-swing|path-revision|contact-transition","CharacterFootSampleColumns.Schema"
"main","360","LandingNormalZ","character-foot-ik/main/landing-normal","Vector3","Z","LandingObservation","Float32","Direction","Accepted","character-foot-ik/main/accepted","1","ConstraintCommittedResult","MixedRuntimeAndFormatted","required:facts/75","stable-swing|path-revision|contact-transition","CharacterFootSampleColumns.Schema"
"main","361","QueryDistance","character-foot-ik/main/query-distance","Float32","","LandingObservation","Float32","Metres","Accepted","character-foot-ik/main/accepted","1","ConstraintCommittedResult","MixedRuntimeAndFormatted","required:facts/75","stable-swing|path-revision|contact-transition","CharacterFootSampleColumns.Schema"
"main","362","GroundPathState","character-foot-ik/main/ground-path-state","Int32","","GroundPath","Text","Category","","","1","ConstraintCommittedResult","ConstraintCommittedField+HostEnumFormatting","required:facts/75","penetration|contact-fit|path-revision","CharacterFootSampleColumns.Schema"
"main","363","GroundPathRejectReason","character-foot-ik/main/ground-path-reject-reason","Int32","","GroundPath","Text","Category","","","1","ConstraintCommittedResult","ConstraintCommittedField+HostEnumFormatting","required:facts/75","penetration|contact-fit|path-revision","CharacterFootSampleColumns.Schema"
"main","364","GroundPathInputIdentity","character-foot-ik/main/ground-path-input-identity","UInt64","","GroundPath","UInt64","Identity","","","1","ConstraintCommittedResult","ConstraintCommittedField","required:facts/75","penetration|contact-fit|path-revision","CharacterFootSampleColumns.Schema"
"main","365","GroundPathQueryExecuted","character-foot-ik/main/ground-path-query-executed","Boolean","","GroundPath","Boolean","None","","","1","ConstraintCommittedResult","ConstraintCommittedField","required:facts/75","penetration|contact-fit|path-revision","CharacterFootSampleColumns.Schema"
"main","366","GroundPathTargetAvailable","character-foot-ik/main/ground-path-target-available","Boolean","","GroundPath","Boolean","None","","","1","ConstraintCommittedResult","ConstraintCommittedField","required:facts/75","penetration|contact-fit|path-revision","CharacterFootSampleColumns.Schema"
"main","367","GroundPathLastLandingEventIdentity","character-foot-ik/main/ground-path-last-landing-event-identity","UInt64","","GroundPath","UInt64","Identity","","","1","ConstraintCommittedResult","ConstraintCommittedField","required:facts/75","penetration|contact-fit|path-revision","CharacterFootSampleColumns.Schema"
"main","368","GroundPathNextSwingLandingEventIdentity","character-foot-ik/main/ground-path-next-swing-landing-event-identity","UInt64","","GroundPath","UInt64","Identity","","","1","ConstraintCommittedResult","ConstraintCommittedField","required:facts/75","penetration|contact-fit|path-revision","CharacterFootSampleColumns.Schema"
"main","369","GroundPathTrajectoryGeneration","character-foot-ik/main/ground-path-trajectory-generation","UInt64","","GroundPath","UInt64","Identity","","","1","ConstraintCommittedResult","ConstraintCommittedField","required:facts/75","penetration|contact-fit|path-revision","CharacterFootSampleColumns.Schema"
"main","370","GroundPathAuthorityTick","character-foot-ik/main/ground-path-authority-tick","UInt64","","GroundPath","UInt64","Frame","","","1","ConstraintCommittedResult","ConstraintCommittedField","required:facts/75","penetration|contact-fit|path-revision","CharacterFootSampleColumns.Schema"
"main","371","GroundPathLastFutureBodyTranslationSourceIdentity","character-foot-ik/main/ground-path-last-future-body-translation-source-identity","Identity","","GroundPath","Text","Identity","","","1","ConstraintCommittedResult","ConstraintCommittedField","required:facts/75","penetration|contact-fit|path-revision","CharacterFootSampleColumns.Schema"
"main","372","GroundPathNextSwingFutureBodyTranslationSourceIdentity","character-foot-ik/main/ground-path-next-swing-future-body-translation-source-identity","Identity","","GroundPath","Text","Identity","","","1","ConstraintCommittedResult","ConstraintCommittedField","required:facts/75","penetration|contact-fit|path-revision","CharacterFootSampleColumns.Schema"
"main","373","GroundPathLastLandingX","character-foot-ik/main/ground-path-last-landing","Vector3","X","GroundPath","Float32","Metres","","","1","ConstraintCommittedResult","ConstraintCommittedField","required:facts/75","penetration|contact-fit|path-revision","CharacterFootSampleColumns.Schema"
"main","374","GroundPathLastLandingY","character-foot-ik/main/ground-path-last-landing","Vector3","Y","GroundPath","Float32","Metres","","","1","ConstraintCommittedResult","ConstraintCommittedField","required:facts/75","penetration|contact-fit|path-revision","CharacterFootSampleColumns.Schema"
"main","375","GroundPathLastLandingZ","character-foot-ik/main/ground-path-last-landing","Vector3","Z","GroundPath","Float32","Metres","","","1","ConstraintCommittedResult","ConstraintCommittedField","required:facts/75","penetration|contact-fit|path-revision","CharacterFootSampleColumns.Schema"
"main","376","GroundPathNextSwingLandingX","character-foot-ik/main/ground-path-next-swing-landing","Vector3","X","GroundPath","Float32","Metres","","","1","ConstraintCommittedResult","ConstraintCommittedField","required:facts/75","penetration|contact-fit|path-revision","CharacterFootSampleColumns.Schema"
"main","377","GroundPathNextSwingLandingY","character-foot-ik/main/ground-path-next-swing-landing","Vector3","Y","GroundPath","Float32","Metres","","","1","ConstraintCommittedResult","ConstraintCommittedField","required:facts/75","penetration|contact-fit|path-revision","CharacterFootSampleColumns.Schema"
"main","378","GroundPathNextSwingLandingZ","character-foot-ik/main/ground-path-next-swing-landing","Vector3","Z","GroundPath","Float32","Metres","","","1","ConstraintCommittedResult","ConstraintCommittedField","required:facts/75","penetration|contact-fit|path-revision","CharacterFootSampleColumns.Schema"
"main","379","GroundPathLastLandingNormalX","character-foot-ik/main/ground-path-last-landing-normal","Vector3","X","GroundPath","Float32","Direction","","","1","ConstraintCommittedResult","ConstraintCommittedField","required:facts/75","penetration|contact-fit|path-revision","CharacterFootSampleColumns.Schema"
"main","380","GroundPathLastLandingNormalY","character-foot-ik/main/ground-path-last-landing-normal","Vector3","Y","GroundPath","Float32","Direction","","","1","ConstraintCommittedResult","ConstraintCommittedField","required:facts/75","penetration|contact-fit|path-revision","CharacterFootSampleColumns.Schema"
"main","381","GroundPathLastLandingNormalZ","character-foot-ik/main/ground-path-last-landing-normal","Vector3","Z","GroundPath","Float32","Direction","","","1","ConstraintCommittedResult","ConstraintCommittedField","required:facts/75","penetration|contact-fit|path-revision","CharacterFootSampleColumns.Schema"
"main","382","GroundPathNextSwingLandingNormalX","character-foot-ik/main/ground-path-next-swing-landing-normal","Vector3","X","GroundPath","Float32","Direction","","","1","ConstraintCommittedResult","ConstraintCommittedField","required:facts/75","penetration|contact-fit|path-revision","CharacterFootSampleColumns.Schema"
"main","383","GroundPathNextSwingLandingNormalY","character-foot-ik/main/ground-path-next-swing-landing-normal","Vector3","Y","GroundPath","Float32","Direction","","","1","ConstraintCommittedResult","ConstraintCommittedField","required:facts/75","penetration|contact-fit|path-revision","CharacterFootSampleColumns.Schema"
"main","384","GroundPathNextSwingLandingNormalZ","character-foot-ik/main/ground-path-next-swing-landing-normal","Vector3","Z","GroundPath","Float32","Direction","","","1","ConstraintCommittedResult","ConstraintCommittedField","required:facts/75","penetration|contact-fit|path-revision","CharacterFootSampleColumns.Schema"
"main","385","GroundPathLastLandingSurfaceIdentity","character-foot-ik/main/ground-path-last-landing-surface-identity","Int32","","GroundPath","Int32","Identity","","","1","ConstraintCommittedResult","ConstraintCommittedField","required:facts/75","penetration|contact-fit|path-revision","CharacterFootSampleColumns.Schema"
"main","386","GroundPathNextSwingLandingSurfaceIdentity","character-foot-ik/main/ground-path-next-swing-landing-surface-identity","Int32","","GroundPath","Int32","Identity","","","1","ConstraintCommittedResult","ConstraintCommittedField","required:facts/75","penetration|contact-fit|path-revision","CharacterFootSampleColumns.Schema"
"main","387","GroundPathComponentUpX","character-foot-ik/main/ground-path-component-up","Vector3","X","GroundPath","Float32","Direction","","","1","ConstraintCommittedResult","ConstraintCommittedField","required:facts/75","penetration|contact-fit|path-revision","CharacterFootSampleColumns.Schema"
"main","388","GroundPathComponentUpY","character-foot-ik/main/ground-path-component-up","Vector3","Y","GroundPath","Float32","Direction","","","1","ConstraintCommittedResult","ConstraintCommittedField","required:facts/75","penetration|contact-fit|path-revision","CharacterFootSampleColumns.Schema"
"main","389","GroundPathComponentUpZ","character-foot-ik/main/ground-path-component-up","Vector3","Z","GroundPath","Float32","Direction","","","1","ConstraintCommittedResult","ConstraintCommittedField","required:facts/75","penetration|contact-fit|path-revision","CharacterFootSampleColumns.Schema"
"main","390","GroundPathAxisStartX","character-foot-ik/main/ground-path-axis-start","Vector3","X","GroundPath","Float32","Metres","","","1","ConstraintCommittedResult","ConstraintCommittedField","required:facts/75","penetration|contact-fit|path-revision","CharacterFootSampleColumns.Schema"
"main","391","GroundPathAxisStartY","character-foot-ik/main/ground-path-axis-start","Vector3","Y","GroundPath","Float32","Metres","","","1","ConstraintCommittedResult","ConstraintCommittedField","required:facts/75","penetration|contact-fit|path-revision","CharacterFootSampleColumns.Schema"
"main","392","GroundPathAxisStartZ","character-foot-ik/main/ground-path-axis-start","Vector3","Z","GroundPath","Float32","Metres","","","1","ConstraintCommittedResult","ConstraintCommittedField","required:facts/75","penetration|contact-fit|path-revision","CharacterFootSampleColumns.Schema"
"main","393","GroundPathAxisEndX","character-foot-ik/main/ground-path-axis-end","Vector3","X","GroundPath","Float32","Metres","","","1","ConstraintCommittedResult","ConstraintCommittedField","required:facts/75","penetration|contact-fit|path-revision","CharacterFootSampleColumns.Schema"
"main","394","GroundPathAxisEndY","character-foot-ik/main/ground-path-axis-end","Vector3","Y","GroundPath","Float32","Metres","","","1","ConstraintCommittedResult","ConstraintCommittedField","required:facts/75","penetration|contact-fit|path-revision","CharacterFootSampleColumns.Schema"
"main","395","GroundPathAxisEndZ","character-foot-ik/main/ground-path-axis-end","Vector3","Z","GroundPath","Float32","Metres","","","1","ConstraintCommittedResult","ConstraintCommittedField","required:facts/75","penetration|contact-fit|path-revision","CharacterFootSampleColumns.Schema"
"main","396","GroundPathRadius","character-foot-ik/main/ground-path-radius","Float32","","GroundPath","Float32","Metres","","","1","ConstraintCommittedResult","ConstraintCommittedField","required:facts/75","penetration|contact-fit|path-revision","CharacterFootSampleColumns.Schema"
"main","397","GroundPathMaximumAxisSegmentLength","character-foot-ik/main/ground-path-maximum-axis-segment-length","Float32","","GroundPath","Float32","Metres","","","1","ConstraintCommittedResult","ConstraintCommittedField","required:facts/75","penetration|contact-fit|path-revision","CharacterFootSampleColumns.Schema"
"main","398","GroundPathDirectionX","character-foot-ik/main/ground-path-direction","Vector3","X","GroundPath","Float32","Direction","","","1","ConstraintCommittedResult","ConstraintCommittedField","required:facts/75","penetration|contact-fit|path-revision","CharacterFootSampleColumns.Schema"
"main","399","GroundPathDirectionY","character-foot-ik/main/ground-path-direction","Vector3","Y","GroundPath","Float32","Direction","","","1","ConstraintCommittedResult","ConstraintCommittedField","required:facts/75","penetration|contact-fit|path-revision","CharacterFootSampleColumns.Schema"
"main","400","GroundPathDirectionZ","character-foot-ik/main/ground-path-direction","Vector3","Z","GroundPath","Float32","Direction","","","1","ConstraintCommittedResult","ConstraintCommittedField","required:facts/75","penetration|contact-fit|path-revision","CharacterFootSampleColumns.Schema"
"main","401","GroundPathMaximumDistance","character-foot-ik/main/ground-path-maximum-distance","Float32","","GroundPath","Float32","Metres","","","1","ConstraintCommittedResult","ConstraintCommittedField","required:facts/75","penetration|contact-fit|path-revision","CharacterFootSampleColumns.Schema"
"main","402","GroundPathLayerMask","character-foot-ik/main/ground-path-layer-mask","Int32","","GroundPath","Int32","Bitmask","","","1","ConstraintCommittedResult","ConstraintCommittedField","required:facts/75","penetration|contact-fit|path-revision","CharacterFootSampleColumns.Schema"
"main","403","GroundPathSegmentHitCapacity","character-foot-ik/main/ground-path-segment-hit-capacity","Int32","","GroundPath","Int32","Count","","","1","ConstraintCommittedResult","ConstraintCommittedField","required:facts/75","penetration|contact-fit|path-revision","CharacterFootSampleColumns.Schema"
"main","404","GroundPathContactCapacity","character-foot-ik/main/ground-path-contact-capacity","Int32","","GroundPath","Int32","Count","","","1","ConstraintCommittedResult","ConstraintCommittedField","required:facts/75","penetration|contact-fit|path-revision","CharacterFootSampleColumns.Schema"
"main","405","GroundPathSegmentCount","character-foot-ik/main/ground-path-segment-count","Int32","","GroundPath","Int32","Count","","","1","ConstraintCommittedResult","ConstraintCommittedField","required:facts/75","penetration|contact-fit|path-revision","CharacterFootSampleColumns.Schema"
"main","406","GroundPathContactCount","character-foot-ik/main/ground-path-contact-count","Int32","","GroundPath","Int32","Count","","","1","ConstraintCommittedResult","ConstraintCommittedField","required:facts/75","penetration|contact-fit|path-revision","CharacterFootSampleColumns.Schema"
"main","407","GroundSurfaceState","character-foot-ik/main/ground-surface-state","Int32","","GroundPath","Text","Category","","","1","ConstraintCommittedResult","ConstraintCommittedField+HostEnumFormatting","required:facts/75","penetration|contact-fit|path-revision","CharacterFootSampleColumns.Schema"
"main","408","GroundSurfaceWorldRevision","character-foot-ik/main/ground-surface-world-revision","UInt64","","GroundPath","UInt64","Identity","","","1","ConstraintCommittedResult","ConstraintCommittedField","required:facts/75","penetration|contact-fit|path-revision","CharacterFootSampleColumns.Schema"
"main","409","GroundSurfaceSegmentCount","character-foot-ik/main/ground-surface-segment-count","Int32","","GroundPath","Int32","Count","","","1","ConstraintCommittedResult","ConstraintCommittedField","required:facts/75","penetration|contact-fit|path-revision","CharacterFootSampleColumns.Schema"
"main","410","GroundPathEdgeCount","character-foot-ik/main/ground-path-edge-count","Int32","","GroundPath","Int32","Count","","","1","ConstraintCommittedResult","ConstraintCommittedField","required:facts/75","penetration|contact-fit|path-revision","CharacterFootSampleColumns.Schema"
"main","411","GroundPathHasInvalidSegment","character-foot-ik/main/ground-path-has-invalid-segment","Boolean","","GroundPath","Boolean","None","","","1","ConstraintCommittedResult","ConstraintCommittedField","required:facts/75","penetration|contact-fit|path-revision","CharacterFootSampleColumns.Schema"
"main","412","GroundPathFirstInvalidSegmentIndex","character-foot-ik/main/ground-path-first-invalid-segment-index","Int32","","GroundPath","Int32","Count","GroundPathHasInvalidSegment","character-foot-ik/main/ground-path-has-invalid-segment","1","ConstraintCommittedResult","ConstraintCommittedField","required:facts/75","penetration|contact-fit|path-revision","CharacterFootSampleColumns.Schema"
"main","413","GroundPathFirstInvalidSegmentIdentity","character-foot-ik/main/ground-path-first-invalid-segment-identity","UInt64","","GroundPath","UInt64","Identity","GroundPathHasInvalidSegment","character-foot-ik/main/ground-path-has-invalid-segment","1","ConstraintCommittedResult","ConstraintCommittedField","required:facts/75","penetration|contact-fit|path-revision","CharacterFootSampleColumns.Schema"
"main","414","GroundPathFirstInvalidSegmentBottomX","character-foot-ik/main/ground-path-first-invalid-segment-bottom","Vector3","X","GroundPath","Float32","Metres","GroundPathHasInvalidSegment","character-foot-ik/main/ground-path-has-invalid-segment","1","ConstraintCommittedResult","ConstraintCommittedField","required:facts/75","penetration|contact-fit|path-revision","CharacterFootSampleColumns.Schema"
"main","415","GroundPathFirstInvalidSegmentBottomY","character-foot-ik/main/ground-path-first-invalid-segment-bottom","Vector3","Y","GroundPath","Float32","Metres","GroundPathHasInvalidSegment","character-foot-ik/main/ground-path-has-invalid-segment","1","ConstraintCommittedResult","ConstraintCommittedField","required:facts/75","penetration|contact-fit|path-revision","CharacterFootSampleColumns.Schema"
"main","416","GroundPathFirstInvalidSegmentBottomZ","character-foot-ik/main/ground-path-first-invalid-segment-bottom","Vector3","Z","GroundPath","Float32","Metres","GroundPathHasInvalidSegment","character-foot-ik/main/ground-path-has-invalid-segment","1","ConstraintCommittedResult","ConstraintCommittedField","required:facts/75","penetration|contact-fit|path-revision","CharacterFootSampleColumns.Schema"
"main","417","GroundPathFirstInvalidSegmentTopX","character-foot-ik/main/ground-path-first-invalid-segment-top","Vector3","X","GroundPath","Float32","Metres","GroundPathHasInvalidSegment","character-foot-ik/main/ground-path-has-invalid-segment","1","ConstraintCommittedResult","ConstraintCommittedField","required:facts/75","penetration|contact-fit|path-revision","CharacterFootSampleColumns.Schema"
"main","418","GroundPathFirstInvalidSegmentTopY","character-foot-ik/main/ground-path-first-invalid-segment-top","Vector3","Y","GroundPath","Float32","Metres","GroundPathHasInvalidSegment","character-foot-ik/main/ground-path-has-invalid-segment","1","ConstraintCommittedResult","ConstraintCommittedField","required:facts/75","penetration|contact-fit|path-revision","CharacterFootSampleColumns.Schema"
"main","419","GroundPathFirstInvalidSegmentTopZ","character-foot-ik/main/ground-path-first-invalid-segment-top","Vector3","Z","GroundPath","Float32","Metres","GroundPathHasInvalidSegment","character-foot-ik/main/ground-path-has-invalid-segment","1","ConstraintCommittedResult","ConstraintCommittedField","required:facts/75","penetration|contact-fit|path-revision","CharacterFootSampleColumns.Schema"
"main","420","GroundPathFirstInvalidSegmentVerticalDistance","character-foot-ik/main/ground-path-first-invalid-segment-vertical-distance","Float32","","GroundPath","Float32","Metres","GroundPathHasInvalidSegment","character-foot-ik/main/ground-path-has-invalid-segment","1","ConstraintCommittedResult","ConstraintCommittedField","required:facts/75","penetration|contact-fit|path-revision","CharacterFootSampleColumns.Schema"
"main","421","GroundPathMaximumReachableVerticalEdge","character-foot-ik/main/ground-path-maximum-reachable-vertical-edge","Float32","","GroundPath","Float32","Metres","","","1","ConstraintCommittedResult","ConstraintCommittedField","required:facts/75","penetration|contact-fit|path-revision","CharacterFootSampleColumns.Schema"
"main","422","GroundEnvelopeVertexCount","character-foot-ik/main/ground-envelope-vertex-count","Int32","","GroundPath","Int32","Count","","","1","ConstraintCommittedResult","ConstraintCommittedField","required:facts/75","penetration|contact-fit|path-revision","CharacterFootSampleColumns.Schema"
"main","423","FootMotionState","character-foot-ik/main/foot-motion-state","Int32","","MotionCore","Text","Category","","","1","ConstraintCommittedResult","Derived+HostEnumFormatting","required:facts/75","stable-swing|path-revision|contact-transition","CharacterFootSampleColumns.Schema"
"main","424","FootMotionRejectReason","character-foot-ik/main/foot-motion-reject-reason","Int32","","MotionCore","Text","Category","","","1","ConstraintCommittedResult","Derived+HostEnumFormatting","required:facts/75","stable-swing|path-revision|contact-transition","CharacterFootSampleColumns.Schema"
"main","425","FootMotionLandingEventIdentity","character-foot-ik/main/foot-motion-landing-event-identity","UInt64","","MotionCore","UInt64","Identity","","","1","ConstraintCommittedResult","Derived","required:facts/75","stable-swing|path-revision|contact-transition","CharacterFootSampleColumns.Schema"
"main","426","FootMotionGroundPathInputIdentity","character-foot-ik/main/foot-motion-ground-path-input-identity","UInt64","","MotionCore","UInt64","Identity","","","1","ConstraintCommittedResult","Derived","required:facts/75","stable-swing|path-revision|contact-transition","CharacterFootSampleColumns.Schema"
"main","427","FootMotionDistance","character-foot-ik/main/foot-motion-distance","Float32","","MotionCore","Float32","Metres","","","1","ConstraintCommittedResult","Derived","required:facts/75","stable-swing|path-revision|contact-transition","CharacterFootSampleColumns.Schema"
"main","428","FootMotionProgress","character-foot-ik/main/foot-motion-progress","Float32","","MotionCore","Float32","Unitless","","","1","ConstraintCommittedResult","Derived","required:facts/75","stable-swing|path-revision|contact-transition","CharacterFootSampleColumns.Schema"
"main","429","FootMotionOriginalSoleX","character-foot-ik/main/foot-motion-original-sole","Vector3","X","MotionCore","Float32","Metres","","","1","ConstraintCommittedResult","Derived","required:facts/75","stable-swing|path-revision|contact-transition","CharacterFootSampleColumns.Schema"
"main","430","FootMotionOriginalSoleY","character-foot-ik/main/foot-motion-original-sole","Vector3","Y","MotionCore","Float32","Metres","","","1","ConstraintCommittedResult","Derived","required:facts/75","stable-swing|path-revision|contact-transition","CharacterFootSampleColumns.Schema"
"main","431","FootMotionOriginalSoleZ","character-foot-ik/main/foot-motion-original-sole","Vector3","Z","MotionCore","Float32","Metres","","","1","ConstraintCommittedResult","Derived","required:facts/75","stable-swing|path-revision|contact-transition","CharacterFootSampleColumns.Schema"
"main","432","FootMotionOriginalAnkleX","character-foot-ik/main/foot-motion-original-ankle","Vector3","X","MotionCore","Float32","Metres","","","1","ConstraintCommittedResult","Derived","required:facts/75","stable-swing|path-revision|contact-transition","CharacterFootSampleColumns.Schema"
"main","433","FootMotionOriginalAnkleY","character-foot-ik/main/foot-motion-original-ankle","Vector3","Y","MotionCore","Float32","Metres","","","1","ConstraintCommittedResult","Derived","required:facts/75","stable-swing|path-revision|contact-transition","CharacterFootSampleColumns.Schema"
"main","434","FootMotionOriginalAnkleZ","character-foot-ik/main/foot-motion-original-ankle","Vector3","Z","MotionCore","Float32","Metres","","","1","ConstraintCommittedResult","Derived","required:facts/75","stable-swing|path-revision|contact-transition","CharacterFootSampleColumns.Schema"
"main","435","FootMotionSourceAnkleRotationX","character-foot-ik/main/foot-motion-source-ankle-rotation","Quaternion","X","MotionCore","Float32","Unitless","","","1","ConstraintCommittedResult","Derived","required:facts/75","stable-swing|path-revision|contact-transition","CharacterFootSampleColumns.Schema"
"main","436","FootMotionSourceAnkleRotationY","character-foot-ik/main/foot-motion-source-ankle-rotation","Quaternion","Y","MotionCore","Float32","Unitless","","","1","ConstraintCommittedResult","Derived","required:facts/75","stable-swing|path-revision|contact-transition","CharacterFootSampleColumns.Schema"
"main","437","FootMotionSourceAnkleRotationZ","character-foot-ik/main/foot-motion-source-ankle-rotation","Quaternion","Z","MotionCore","Float32","Unitless","","","1","ConstraintCommittedResult","Derived","required:facts/75","stable-swing|path-revision|contact-transition","CharacterFootSampleColumns.Schema"
"main","438","FootMotionSourceAnkleRotationW","character-foot-ik/main/foot-motion-source-ankle-rotation","Quaternion","W","MotionCore","Float32","Unitless","","","1","ConstraintCommittedResult","Derived","required:facts/75","stable-swing|path-revision|contact-transition","CharacterFootSampleColumns.Schema"
"main","439","FootMotionSourceHeelX","character-foot-ik/main/foot-motion-source-heel","Vector3","X","MotionCore","Float32","Metres","","","1","ConstraintCommittedResult","Derived","required:facts/75","stable-swing|path-revision|contact-transition","CharacterFootSampleColumns.Schema"
"main","440","FootMotionSourceHeelY","character-foot-ik/main/foot-motion-source-heel","Vector3","Y","MotionCore","Float32","Metres","","","1","ConstraintCommittedResult","Derived","required:facts/75","stable-swing|path-revision|contact-transition","CharacterFootSampleColumns.Schema"
"main","441","FootMotionSourceHeelZ","character-foot-ik/main/foot-motion-source-heel","Vector3","Z","MotionCore","Float32","Metres","","","1","ConstraintCommittedResult","Derived","required:facts/75","stable-swing|path-revision|contact-transition","CharacterFootSampleColumns.Schema"
"main","442","FootMotionSourceToeX","character-foot-ik/main/foot-motion-source-toe","Vector3","X","MotionCore","Float32","Metres","","","1","ConstraintCommittedResult","Derived","required:facts/75","stable-swing|path-revision|contact-transition","CharacterFootSampleColumns.Schema"
"main","443","FootMotionSourceToeY","character-foot-ik/main/foot-motion-source-toe","Vector3","Y","MotionCore","Float32","Metres","","","1","ConstraintCommittedResult","Derived","required:facts/75","stable-swing|path-revision|contact-transition","CharacterFootSampleColumns.Schema"
"main","444","FootMotionSourceToeZ","character-foot-ik/main/foot-motion-source-toe","Vector3","Z","MotionCore","Float32","Metres","","","1","ConstraintCommittedResult","Derived","required:facts/75","stable-swing|path-revision|contact-transition","CharacterFootSampleColumns.Schema"
"main","445","FootMotionBaselineSampleX","character-foot-ik/main/foot-motion-baseline-sample","Vector3","X","MotionCore","Float32","Metres","","","1","ConstraintCommittedResult","Derived","required:facts/75","stable-swing|path-revision|contact-transition","CharacterFootSampleColumns.Schema"
"main","446","FootMotionBaselineSampleY","character-foot-ik/main/foot-motion-baseline-sample","Vector3","Y","MotionCore","Float32","Metres","","","1","ConstraintCommittedResult","Derived","required:facts/75","stable-swing|path-revision|contact-transition","CharacterFootSampleColumns.Schema"
"main","447","FootMotionBaselineSampleZ","character-foot-ik/main/foot-motion-baseline-sample","Vector3","Z","MotionCore","Float32","Metres","","","1","ConstraintCommittedResult","Derived","required:facts/75","stable-swing|path-revision|contact-transition","CharacterFootSampleColumns.Schema"
"main","448","FootMotionBaselineSampleAlongUp","character-foot-ik/main/foot-motion-baseline-sample-along-up","Float32","","MotionCore","Float32","Metres","","","1","ConstraintCommittedResult","Derived","required:facts/75","stable-swing|path-revision|contact-transition","CharacterFootSampleColumns.Schema"
"main","449","FootMotionEnvelopeSampleX","character-foot-ik/main/foot-motion-envelope-sample","Vector3","X","MotionCore","Float32","Metres","","","1","ConstraintCommittedResult","Derived","required:facts/75","stable-swing|path-revision|contact-transition","CharacterFootSampleColumns.Schema"
"main","450","FootMotionEnvelopeSampleY","character-foot-ik/main/foot-motion-envelope-sample","Vector3","Y","MotionCore","Float32","Metres","","","1","ConstraintCommittedResult","Derived","required:facts/75","stable-swing|path-revision|contact-transition","CharacterFootSampleColumns.Schema"
"main","451","FootMotionEnvelopeSampleZ","character-foot-ik/main/foot-motion-envelope-sample","Vector3","Z","MotionCore","Float32","Metres","","","1","ConstraintCommittedResult","Derived","required:facts/75","stable-swing|path-revision|contact-transition","CharacterFootSampleColumns.Schema"
"main","452","FootMotionEnvelopeSampleAlongUp","character-foot-ik/main/foot-motion-envelope-sample-along-up","Float32","","MotionCore","Float32","Metres","","","1","ConstraintCommittedResult","Derived","required:facts/75","stable-swing|path-revision|contact-transition","CharacterFootSampleColumns.Schema"
"main","453","FootMotionFormalFootHeight","character-foot-ik/main/foot-motion-formal-foot-height","Float32","","MotionCore","Float32","Metres","","","1","ConstraintCommittedResult","Derived","required:facts/75","stable-swing|path-revision|contact-transition","CharacterFootSampleColumns.Schema"
"main","454","FootMotionRawFormalTargetHeight","character-foot-ik/main/foot-motion-raw-formal-target-height","Float32","","MotionCore","Float32","Metres","","","1","ConstraintCommittedResult","Derived","required:facts/75","stable-swing|path-revision|contact-transition","CharacterFootSampleColumns.Schema"
"main","455","FootMotionEnvelopeMinimumCorrection","character-foot-ik/main/foot-motion-envelope-minimum-correction","Float32","","MotionCore","Float32","Metres","","","1","ConstraintCommittedResult","Derived","required:facts/75","stable-swing|path-revision|contact-transition","CharacterFootSampleColumns.Schema"
"main","456","FootMotionBuilderSelectedCorrection","character-foot-ik/main/foot-motion-builder-selected-correction","Float32","","MotionCore","Float32","Metres","","","1","ConstraintCommittedResult","Derived","required:facts/75","stable-swing|path-revision|contact-transition","CharacterFootSampleColumns.Schema"
"main","457","FootMotionBuilderSwingTargetAvailable","character-foot-ik/main/foot-motion-builder-swing-target-available","Boolean","","MotionCore","Boolean","None","","","1","ConstraintCommittedResult","Derived","required:facts/75","stable-swing|path-revision|contact-transition","CharacterFootSampleColumns.Schema"
"main","458","FootMotionBuilderSwingTargetCorrectionX","character-foot-ik/main/foot-motion-builder-swing-target-correction","Vector3","X","MotionCore","Float32","Metres","FootMotionBuilderSwingTargetAvailable","character-foot-ik/main/foot-motion-builder-swing-target-available","1","ConstraintCommittedResult","Derived","required:facts/75","stable-swing|path-revision|contact-transition","CharacterFootSampleColumns.Schema"
"main","459","FootMotionBuilderSwingTargetCorrectionY","character-foot-ik/main/foot-motion-builder-swing-target-correction","Vector3","Y","MotionCore","Float32","Metres","FootMotionBuilderSwingTargetAvailable","character-foot-ik/main/foot-motion-builder-swing-target-available","1","ConstraintCommittedResult","Derived","required:facts/75","stable-swing|path-revision|contact-transition","CharacterFootSampleColumns.Schema"
"main","460","FootMotionBuilderSwingTargetCorrectionZ","character-foot-ik/main/foot-motion-builder-swing-target-correction","Vector3","Z","MotionCore","Float32","Metres","FootMotionBuilderSwingTargetAvailable","character-foot-ik/main/foot-motion-builder-swing-target-available","1","ConstraintCommittedResult","Derived","required:facts/75","stable-swing|path-revision|contact-transition","CharacterFootSampleColumns.Schema"
"main","461","FootMotionSwingPathHorizontalAxisState","character-foot-ik/main/foot-motion-swing-path-horizontal-axis-state","Int32","","MotionCore","Text","Category","","","1","ConstraintCommittedResult","Derived+HostEnumFormatting","required:facts/75","stable-swing|path-revision|contact-transition","CharacterFootSampleColumns.Schema"
"main","462","FootMotionActualFootHorizontalDistanceMeters","character-foot-ik/main/foot-motion-actual-foot-horizontal-distance-meters","Float32","","MotionCore","Float32","Metres","","","1","ConstraintCommittedResult","Derived","required:facts/75","stable-swing|path-revision|contact-transition","CharacterFootSampleColumns.Schema"
"main","463","FootMotionBaselineHorizontalDistanceMeters","character-foot-ik/main/foot-motion-baseline-horizontal-distance-meters","Float32","","MotionCore","Float32","Metres","","","1","ConstraintCommittedResult","Derived","required:facts/75","stable-swing|path-revision|contact-transition","CharacterFootSampleColumns.Schema"
"main","464","FootMotionEnvelopeHorizontalDistanceMeters","character-foot-ik/main/foot-motion-envelope-horizontal-distance-meters","Float32","","MotionCore","Float32","Metres","","","1","ConstraintCommittedResult","Derived","required:facts/75","stable-swing|path-revision|contact-transition","CharacterFootSampleColumns.Schema"
"main","465","FootMotionActualMinusEnvelopeHorizontalDistanceMeters","character-foot-ik/main/foot-motion-actual-minus-envelope-horizontal-distance-meters","Float32","","MotionCore","Float32","Metres","","","1","ConstraintCommittedResult","Derived","required:facts/75","stable-swing|path-revision|contact-transition","CharacterFootSampleColumns.Schema"
"main","466","FootMotionActualFootAxisRegion","character-foot-ik/main/foot-motion-actual-foot-axis-region","Int32","","MotionCore","Text","Category","","","1","ConstraintCommittedResult","Derived+HostEnumFormatting","required:facts/75","stable-swing|path-revision|contact-transition","CharacterFootSampleColumns.Schema"
"main","467","FootMotionActualFootClosestPathParameter","character-foot-ik/main/foot-motion-actual-foot-closest-path-parameter","Float32","","MotionCore","Float32","Unitless","","","1","ConstraintCommittedResult","Derived","required:facts/75","stable-swing|path-revision|contact-transition","CharacterFootSampleColumns.Schema"
"main","468","FootMotionActualFootDistanceAlongAxisMeters","character-foot-ik/main/foot-motion-actual-foot-distance-along-axis-meters","Float32","","MotionCore","Float32","Metres","","","1","ConstraintCommittedResult","Derived","required:facts/75","stable-swing|path-revision|contact-transition","CharacterFootSampleColumns.Schema"
"main","469","FootMotionActualFootCrossTrackDistanceMeters","character-foot-ik/main/foot-motion-actual-foot-cross-track-distance-meters","Float32","","MotionCore","Float32","Metres","","","1","ConstraintCommittedResult","Derived","required:facts/75","stable-swing|path-revision|contact-transition","CharacterFootSampleColumns.Schema"
"main","470","FootMotionActualFootGroundPathCorridorRadiusMeters","character-foot-ik/main/foot-motion-actual-foot-ground-path-corridor-radius-meters","Float32","","MotionCore","Float32","Metres","","","1","ConstraintCommittedResult","Derived","required:facts/75","stable-swing|path-revision|contact-transition","CharacterFootSampleColumns.Schema"
"main","471","FootMotionActualFootWithinGroundPathCorridor","character-foot-ik/main/foot-motion-actual-foot-within-ground-path-corridor","Boolean","","MotionCore","Boolean","None","","","1","ConstraintCommittedResult","Derived","required:facts/75","stable-swing|path-revision|contact-transition","CharacterFootSampleColumns.Schema"
"main","472","FootMotionActualEnvelopeIntersectionState","character-foot-ik/main/foot-motion-actual-envelope-intersection-state","Int32","","MotionCore","Text","Category","","","1","ConstraintCommittedResult","Derived+HostEnumFormatting","required:facts/75","stable-swing|path-revision|contact-transition","CharacterFootSampleColumns.Schema"
"main","473","FootMotionActualEnvelopeCandidateCount","character-foot-ik/main/foot-motion-actual-envelope-candidate-count","Int32","","MotionCore","Int32","Count","","","1","ConstraintCommittedResult","Derived","required:facts/75","stable-swing|path-revision|contact-transition","CharacterFootSampleColumns.Schema"
"main","474","FootMotionActualEnvelopeMinimumHeightAlongUp","character-foot-ik/main/foot-motion-actual-envelope-minimum-height-along-up","Float32","","MotionCore","Float32","Metres","","","1","ConstraintCommittedResult","Derived","required:facts/75","stable-swing|path-revision|contact-transition","CharacterFootSampleColumns.Schema"
"main","475","FootMotionActualEnvelopeMaximumHeightAlongUp","character-foot-ik/main/foot-motion-actual-envelope-maximum-height-along-up","Float32","","MotionCore","Float32","Metres","","","1","ConstraintCommittedResult","Derived","required:facts/75","stable-swing|path-revision|contact-transition","CharacterFootSampleColumns.Schema"
"main","476","FootMotionActualEnvelopeHeightSpan","character-foot-ik/main/foot-motion-actual-envelope-height-span","Float32","","MotionCore","Float32","Metres","","","1","ConstraintCommittedResult","Derived","required:facts/75","stable-swing|path-revision|contact-transition","CharacterFootSampleColumns.Schema"
"main","477","FootMotionActualEnvelopeHasVerticalEdge","character-foot-ik/main/foot-motion-actual-envelope-has-vertical-edge","Boolean","","MotionCore","Boolean","None","","","1","ConstraintCommittedResult","Derived","required:facts/75","stable-swing|path-revision|contact-transition","CharacterFootSampleColumns.Schema"
"main","478","FootMotionActualEnvelopeHasMultipleHeights","character-foot-ik/main/foot-motion-actual-envelope-has-multiple-heights","Boolean","","MotionCore","Boolean","None","","","1","ConstraintCommittedResult","Derived","required:facts/75","stable-swing|path-revision|contact-transition","CharacterFootSampleColumns.Schema"
"main","479","FootMotionActualEnvelopeAmbiguous","character-foot-ik/main/foot-motion-actual-envelope-ambiguous","Boolean","","MotionCore","Boolean","None","","","1","ConstraintCommittedResult","Derived","required:facts/75","stable-swing|path-revision|contact-transition","CharacterFootSampleColumns.Schema"
"main","480","FootMotionActualEnvelopeCounterfactualState","character-foot-ik/main/foot-motion-actual-envelope-counterfactual-state","Int32","","MotionCore","Text","Category","","","1","ConstraintCommittedResult","Derived+HostEnumFormatting","required:facts/75","stable-swing|path-revision|contact-transition","CharacterFootSampleColumns.Schema"
"main","481","FootMotionActualProgressEnvelopeCorrectionAvailable","character-foot-ik/main/foot-motion-actual-progress-envelope-correction-available","Boolean","","MotionCore","Boolean","None","","","1","ConstraintCommittedResult","Derived","required:facts/75","stable-swing|path-revision|contact-transition","CharacterFootSampleColumns.Schema"
"main","482","FootMotionActualProgressEnvelopeMinimumCorrection","character-foot-ik/main/foot-motion-actual-progress-envelope-minimum-correction","Float32","","MotionCore","Float32","Unitless","FootMotionActualProgressEnvelopeCorrectionAvailable","character-foot-ik/main/foot-motion-actual-progress-envelope-correction-available","1","ConstraintCommittedResult","Derived","required:facts/75","stable-swing|path-revision|contact-transition","CharacterFootSampleColumns.Schema"
"main","483","FootMotionActualProgressEnvelopeAdvanceAboveBuilderTarget","character-foot-ik/main/foot-motion-actual-progress-envelope-advance-above-builder-target","Float32","","MotionCore","Float32","Unitless","FootMotionActualProgressEnvelopeCorrectionAvailable","character-foot-ik/main/foot-motion-actual-progress-envelope-correction-available","1","ConstraintCommittedResult","Derived","required:facts/75","stable-swing|path-revision|contact-transition","CharacterFootSampleColumns.Schema"
"main","484","FootMotionLandingPredictionError","character-foot-ik/main/foot-motion-landing-prediction-error","Float32","","MotionCore","Float32","Metres","","","1","ConstraintCommittedResult","Derived","required:facts/75","stable-swing|path-revision|contact-transition","CharacterFootSampleColumns.Schema"
"main","485","FootMotionCorrectedSoleX","character-foot-ik/main/foot-motion-corrected-sole","Vector3","X","MotionCore","Float32","Metres","","","1","ConstraintCommittedResult","Derived","required:facts/75","stable-swing|path-revision|contact-transition","CharacterFootSampleColumns.Schema"
"main","486","FootMotionCorrectedSoleY","character-foot-ik/main/foot-motion-corrected-sole","Vector3","Y","MotionCore","Float32","Metres","","","1","ConstraintCommittedResult","Derived","required:facts/75","stable-swing|path-revision|contact-transition","CharacterFootSampleColumns.Schema"
"main","487","FootMotionCorrectedSoleZ","character-foot-ik/main/foot-motion-corrected-sole","Vector3","Z","MotionCore","Float32","Metres","","","1","ConstraintCommittedResult","Derived","required:facts/75","stable-swing|path-revision|contact-transition","CharacterFootSampleColumns.Schema"
"main","488","FootMotionCorrectedAnkleX","character-foot-ik/main/foot-motion-corrected-ankle","Vector3","X","MotionCore","Float32","Metres","","","1","ConstraintCommittedResult","Derived","required:facts/75","stable-swing|path-revision|contact-transition","CharacterFootSampleColumns.Schema"
"main","489","FootMotionCorrectedAnkleY","character-foot-ik/main/foot-motion-corrected-ankle","Vector3","Y","MotionCore","Float32","Metres","","","1","ConstraintCommittedResult","Derived","required:facts/75","stable-swing|path-revision|contact-transition","CharacterFootSampleColumns.Schema"
"main","490","FootMotionCorrectedAnkleZ","character-foot-ik/main/foot-motion-corrected-ankle","Vector3","Z","MotionCore","Float32","Metres","","","1","ConstraintCommittedResult","Derived","required:facts/75","stable-swing|path-revision|contact-transition","CharacterFootSampleColumns.Schema"
"main","491","FootMotionPositionWeight","character-foot-ik/main/foot-motion-position-weight","Float32","","MotionCore","Float32","Unitless","","","1","ConstraintCommittedResult","Derived","required:facts/75","stable-swing|path-revision|contact-transition","CharacterFootSampleColumns.Schema"
"main","492","FootMotionRotationWeight","character-foot-ik/main/foot-motion-rotation-weight","Float32","","MotionCore","Float32","Unitless","","","1","ConstraintCommittedResult","Derived","required:facts/75","stable-swing|path-revision|contact-transition","CharacterFootSampleColumns.Schema"
"main","493","FootMotionConstraintState","character-foot-ik/main/foot-motion-constraint-state","Int32","","MotionCore","Text","Category","","","1","ConstraintCommittedResult","Derived+HostEnumFormatting","required:facts/75","stable-swing|path-revision|contact-transition","CharacterFootSampleColumns.Schema"
"main","494","FootMotionLockResponse","character-foot-ik/main/foot-motion-lock-response","Int32","","MotionCore","Text","Category","","","1","ConstraintCommittedResult","Derived+HostEnumFormatting","required:facts/75","stable-swing|path-revision|contact-transition","CharacterFootSampleColumns.Schema"
"main","495","FootMotionSupportHorizontalError","character-foot-ik/main/foot-motion-support-horizontal-error","Float32","","MotionCore","Float32","Metres","","","1","ConstraintCommittedResult","Derived","required:facts/75","stable-swing|path-revision|contact-transition","CharacterFootSampleColumns.Schema"
"main","496","FootMotionContactOwnership","character-foot-ik/main/foot-motion-contact-ownership","Float32","","MotionCore","Float32","Unitless","","","1","ConstraintCommittedResult","Derived","required:facts/75","stable-swing|path-revision|contact-transition","CharacterFootSampleColumns.Schema"
"main","497","FootMotionSupportWeight","character-foot-ik/main/foot-motion-support-weight","Float32","","MotionCore","Float32","Unitless","","","1","ConstraintCommittedResult","Derived","required:facts/75","stable-swing|path-revision|contact-transition","CharacterFootSampleColumns.Schema"
"main","498","FootMotionLandingReachEvaluated","character-foot-ik/main/foot-motion-landing-reach-evaluated","Boolean","","MotionCore","Boolean","None","","","1","ConstraintCommittedResult","Derived","required:facts/75","stable-swing|path-revision|contact-transition","CharacterFootSampleColumns.Schema"
"main","499","FootMotionLandingReachAvailable","character-foot-ik/main/foot-motion-landing-reach-available","Boolean","","MotionCore","Boolean","None","","","1","ConstraintCommittedResult","Derived","required:facts/75","stable-swing|path-revision|contact-transition","CharacterFootSampleColumns.Schema"
"main","500","FootMotionSupportContactAnchorX","character-foot-ik/main/foot-motion-support-contact-anchor","Vector3","X","MotionCore","Float32","Metres","","","1","ConstraintCommittedResult","Derived","required:facts/75","stable-swing|path-revision|contact-transition","CharacterFootSampleColumns.Schema"
"main","501","FootMotionSupportContactAnchorY","character-foot-ik/main/foot-motion-support-contact-anchor","Vector3","Y","MotionCore","Float32","Metres","","","1","ConstraintCommittedResult","Derived","required:facts/75","stable-swing|path-revision|contact-transition","CharacterFootSampleColumns.Schema"
"main","502","FootMotionSupportContactAnchorZ","character-foot-ik/main/foot-motion-support-contact-anchor","Vector3","Z","MotionCore","Float32","Metres","","","1","ConstraintCommittedResult","Derived","required:facts/75","stable-swing|path-revision|contact-transition","CharacterFootSampleColumns.Schema"
"main","503","FootMotionContactPlaneAvailable","character-foot-ik/main/foot-motion-contact-plane-available","Boolean","","MotionCore","Boolean","None","","","1","ConstraintCommittedResult","Derived","required:facts/75","stable-swing|path-revision|contact-transition","CharacterFootSampleColumns.Schema"
"main","504","FootMotionContactSurfaceIdentity","character-foot-ik/main/foot-motion-contact-surface-identity","Int32","","MotionCore","Int32","Identity","FootMotionContactPlaneAvailable","character-foot-ik/main/foot-motion-contact-plane-available","1","ConstraintCommittedResult","Derived","required:facts/75","stable-swing|path-revision|contact-transition","CharacterFootSampleColumns.Schema"
"main","505","FootMotionContactPlaneNormalX","character-foot-ik/main/foot-motion-contact-plane-normal","Vector3","X","MotionCore","Float32","Direction","FootMotionContactPlaneAvailable","character-foot-ik/main/foot-motion-contact-plane-available","1","ConstraintCommittedResult","Derived","required:facts/75","stable-swing|path-revision|contact-transition","CharacterFootSampleColumns.Schema"
"main","506","FootMotionContactPlaneNormalY","character-foot-ik/main/foot-motion-contact-plane-normal","Vector3","Y","MotionCore","Float32","Direction","FootMotionContactPlaneAvailable","character-foot-ik/main/foot-motion-contact-plane-available","1","ConstraintCommittedResult","Derived","required:facts/75","stable-swing|path-revision|contact-transition","CharacterFootSampleColumns.Schema"
"main","507","FootMotionContactPlaneNormalZ","character-foot-ik/main/foot-motion-contact-plane-normal","Vector3","Z","MotionCore","Float32","Direction","FootMotionContactPlaneAvailable","character-foot-ik/main/foot-motion-contact-plane-available","1","ConstraintCommittedResult","Derived","required:facts/75","stable-swing|path-revision|contact-transition","CharacterFootSampleColumns.Schema"
"main","508","FootContactPlanePenetrationAvailability","character-foot-ik/main/foot-contact-plane-penetration-availability","Int32","","MotionCore","Text","Category","","","1","ConstraintCommittedResult","Derived+HostEnumFormatting","required:facts/75","stable-swing|path-revision|contact-transition","CharacterFootSampleColumns.Schema"
"main","509","FootMotionDesiredCorrectionX","character-foot-ik/main/foot-motion-desired-correction","Vector3","X","MotionCore","Float32","Metres","","","1","ConstraintCommittedResult","Derived","required:facts/75","stable-swing|path-revision|contact-transition","CharacterFootSampleColumns.Schema"
"main","510","FootMotionDesiredCorrectionY","character-foot-ik/main/foot-motion-desired-correction","Vector3","Y","MotionCore","Float32","Metres","","","1","ConstraintCommittedResult","Derived","required:facts/75","stable-swing|path-revision|contact-transition","CharacterFootSampleColumns.Schema"
"main","511","FootMotionDesiredCorrectionZ","character-foot-ik/main/foot-motion-desired-correction","Vector3","Z","MotionCore","Float32","Metres","","","1","ConstraintCommittedResult","Derived","required:facts/75","stable-swing|path-revision|contact-transition","CharacterFootSampleColumns.Schema"
"main","512","FootMotionPathContinuityEvaluated","character-foot-ik/main/foot-motion-path-continuity-evaluated","Boolean","","PathContinuity","Boolean","None","","","1","ConstraintCommittedResult","ConstraintCommittedField","required:facts/75","stable-swing|path-revision","CharacterFootSampleColumns.Schema"
"main","513","FootMotionPathRevisionReason","character-foot-ik/main/foot-motion-path-revision-reason","Int32","","PathContinuity","Text","Category","","","1","ConstraintCommittedResult","ConstraintCommittedField+HostEnumFormatting","required:facts/75","stable-swing|path-revision","CharacterFootSampleColumns.Schema"
"main","514","FootMotionPathResidualRebuilt","character-foot-ik/main/foot-motion-path-residual-rebuilt","Boolean","","PathContinuity","Boolean","None","","","1","ConstraintCommittedResult","ConstraintCommittedField","required:facts/75","stable-swing|path-revision","CharacterFootSampleColumns.Schema"
"main","515","FootMotionTargetTrackingApplied","character-foot-ik/main/foot-motion-target-tracking-applied","Boolean","","PathContinuity","Boolean","None","","","1","ConstraintCommittedResult","ConstraintCommittedField","required:facts/75","stable-swing|path-revision","CharacterFootSampleColumns.Schema"
"main","516","FootMotionPathAvailableBefore","character-foot-ik/main/foot-motion-path-available-before","Boolean","","PathContinuity","Boolean","None","","","1","ConstraintCommittedResult","ConstraintCommittedField","required:facts/75","stable-swing|path-revision","CharacterFootSampleColumns.Schema"
"main","517","FootMotionPathAvailableAfter","character-foot-ik/main/foot-motion-path-available-after","Boolean","","PathContinuity","Boolean","None","","","1","ConstraintCommittedResult","ConstraintCommittedField","required:facts/75","stable-swing|path-revision","CharacterFootSampleColumns.Schema"
"main","518","FootMotionPathPreviousLandingEventIdentity","character-foot-ik/main/foot-motion-path-previous-landing-event-identity","UInt64","","PathContinuity","UInt64","Identity","","","1","ConstraintCommittedResult","ConstraintCommittedField","required:facts/75","stable-swing|path-revision","CharacterFootSampleColumns.Schema"
"main","519","FootMotionPathCurrentLandingEventIdentity","character-foot-ik/main/foot-motion-path-current-landing-event-identity","UInt64","","PathContinuity","UInt64","Identity","","","1","ConstraintCommittedResult","ConstraintCommittedField","required:facts/75","stable-swing|path-revision","CharacterFootSampleColumns.Schema"
"main","520","FootMotionPathPreviousTargetCorrectionX","character-foot-ik/main/foot-motion-path-previous-target-correction","Vector3","X","PathContinuity","Float32","Metres","FootMotionPathAvailableBefore","character-foot-ik/main/foot-motion-path-available-before","1","ConstraintCommittedResult","ConstraintCommittedField","required:facts/75","stable-swing|path-revision","CharacterFootSampleColumns.Schema"
"main","521","FootMotionPathPreviousTargetCorrectionY","character-foot-ik/main/foot-motion-path-previous-target-correction","Vector3","Y","PathContinuity","Float32","Metres","FootMotionPathAvailableBefore","character-foot-ik/main/foot-motion-path-available-before","1","ConstraintCommittedResult","ConstraintCommittedField","required:facts/75","stable-swing|path-revision","CharacterFootSampleColumns.Schema"
"main","522","FootMotionPathPreviousTargetCorrectionZ","character-foot-ik/main/foot-motion-path-previous-target-correction","Vector3","Z","PathContinuity","Float32","Metres","FootMotionPathAvailableBefore","character-foot-ik/main/foot-motion-path-available-before","1","ConstraintCommittedResult","ConstraintCommittedField","required:facts/75","stable-swing|path-revision","CharacterFootSampleColumns.Schema"
"main","523","FootMotionPathCurrentTargetCorrectionX","character-foot-ik/main/foot-motion-path-current-target-correction","Vector3","X","PathContinuity","Float32","Metres","FootMotionPathAvailableAfter","character-foot-ik/main/foot-motion-path-available-after","1","ConstraintCommittedResult","ConstraintCommittedField","required:facts/75","stable-swing|path-revision","CharacterFootSampleColumns.Schema"
"main","524","FootMotionPathCurrentTargetCorrectionY","character-foot-ik/main/foot-motion-path-current-target-correction","Vector3","Y","PathContinuity","Float32","Metres","FootMotionPathAvailableAfter","character-foot-ik/main/foot-motion-path-available-after","1","ConstraintCommittedResult","ConstraintCommittedField","required:facts/75","stable-swing|path-revision","CharacterFootSampleColumns.Schema"
"main","525","FootMotionPathCurrentTargetCorrectionZ","character-foot-ik/main/foot-motion-path-current-target-correction","Vector3","Z","PathContinuity","Float32","Metres","FootMotionPathAvailableAfter","character-foot-ik/main/foot-motion-path-available-after","1","ConstraintCommittedResult","ConstraintCommittedField","required:facts/75","stable-swing|path-revision","CharacterFootSampleColumns.Schema"
"main","526","FootMotionPathLandingPointDeltaMeters","character-foot-ik/main/foot-motion-path-landing-point-delta-meters","Float32","","PathContinuity","Float32","Metres","","","1","ConstraintCommittedResult","ConstraintCommittedField","required:facts/75","stable-swing|path-revision","CharacterFootSampleColumns.Schema"
"main","527","FootMotionPathTargetDeltaMeters","character-foot-ik/main/foot-motion-path-target-delta-meters","Float32","","PathContinuity","Float32","Metres","","","1","ConstraintCommittedResult","ConstraintCommittedField","required:facts/75","stable-swing|path-revision","CharacterFootSampleColumns.Schema"
"main","528","FootMotionSwingResidualBeforeRevisionX","character-foot-ik/main/foot-motion-swing-residual-before-revision","Vector3","X","PathContinuity","Float32","Metres","","","1","ConstraintCommittedResult","ConstraintCommittedField","required:facts/75","stable-swing|path-revision","CharacterFootSampleColumns.Schema"
"main","529","FootMotionSwingResidualBeforeRevisionY","character-foot-ik/main/foot-motion-swing-residual-before-revision","Vector3","Y","PathContinuity","Float32","Metres","","","1","ConstraintCommittedResult","ConstraintCommittedField","required:facts/75","stable-swing|path-revision","CharacterFootSampleColumns.Schema"
"main","530","FootMotionSwingResidualBeforeRevisionZ","character-foot-ik/main/foot-motion-swing-residual-before-revision","Vector3","Z","PathContinuity","Float32","Metres","","","1","ConstraintCommittedResult","ConstraintCommittedField","required:facts/75","stable-swing|path-revision","CharacterFootSampleColumns.Schema"
"main","531","FootMotionSwingResidualBeforeDecayX","character-foot-ik/main/foot-motion-swing-residual-before-decay","Vector3","X","PathContinuity","Float32","Metres","","","1","ConstraintCommittedResult","ConstraintCommittedField","required:facts/75","stable-swing|path-revision","CharacterFootSampleColumns.Schema"
"main","532","FootMotionSwingResidualBeforeDecayY","character-foot-ik/main/foot-motion-swing-residual-before-decay","Vector3","Y","PathContinuity","Float32","Metres","","","1","ConstraintCommittedResult","ConstraintCommittedField","required:facts/75","stable-swing|path-revision","CharacterFootSampleColumns.Schema"
"main","533","FootMotionSwingResidualBeforeDecayZ","character-foot-ik/main/foot-motion-swing-residual-before-decay","Vector3","Z","PathContinuity","Float32","Metres","","","1","ConstraintCommittedResult","ConstraintCommittedField","required:facts/75","stable-swing|path-revision","CharacterFootSampleColumns.Schema"
"main","534","FootMotionSwingResidualAfterDecayX","character-foot-ik/main/foot-motion-swing-residual-after-decay","Vector3","X","PathContinuity","Float32","Metres","","","1","ConstraintCommittedResult","ConstraintCommittedField","required:facts/75","stable-swing|path-revision","CharacterFootSampleColumns.Schema"
"main","535","FootMotionSwingResidualAfterDecayY","character-foot-ik/main/foot-motion-swing-residual-after-decay","Vector3","Y","PathContinuity","Float32","Metres","","","1","ConstraintCommittedResult","ConstraintCommittedField","required:facts/75","stable-swing|path-revision","CharacterFootSampleColumns.Schema"
"main","536","FootMotionSwingResidualAfterDecayZ","character-foot-ik/main/foot-motion-swing-residual-after-decay","Vector3","Z","PathContinuity","Float32","Metres","","","1","ConstraintCommittedResult","ConstraintCommittedField","required:facts/75","stable-swing|path-revision","CharacterFootSampleColumns.Schema"
"main","537","FootMotionResidualOutputCorrectionX","character-foot-ik/main/foot-motion-residual-output-correction","Vector3","X","PathContinuity","Float32","Metres","","","1","ConstraintCommittedResult","ConstraintCommittedField","required:facts/75","stable-swing|path-revision","CharacterFootSampleColumns.Schema"
"main","538","FootMotionResidualOutputCorrectionY","character-foot-ik/main/foot-motion-residual-output-correction","Vector3","Y","PathContinuity","Float32","Metres","","","1","ConstraintCommittedResult","ConstraintCommittedField","required:facts/75","stable-swing|path-revision","CharacterFootSampleColumns.Schema"
"main","539","FootMotionResidualOutputCorrectionZ","character-foot-ik/main/foot-motion-residual-output-correction","Vector3","Z","PathContinuity","Float32","Metres","","","1","ConstraintCommittedResult","ConstraintCommittedField","required:facts/75","stable-swing|path-revision","CharacterFootSampleColumns.Schema"
"main","540","FootMotionLandingAcceptanceDistance","character-foot-ik/main/foot-motion-landing-acceptance-distance","Float32","","PathContinuity","Float32","Metres","","","1","ConstraintCommittedResult","ConstraintCommittedField","required:facts/75","stable-swing|path-revision","CharacterFootSampleColumns.Schema"
"main","541","FootMotionPathRevisionDistance","character-foot-ik/main/foot-motion-path-revision-distance","Float32","","PathContinuity","Float32","Metres","","","1","ConstraintCommittedResult","ConstraintCommittedField","required:facts/75","stable-swing|path-revision","CharacterFootSampleColumns.Schema"
"main","542","FootMotionSwingResidualTolerance","character-foot-ik/main/foot-motion-swing-residual-tolerance","Float32","","PathContinuity","Float32","Metres","","","1","ConstraintCommittedResult","ConstraintCommittedField","required:facts/75","stable-swing|path-revision","CharacterFootSampleColumns.Schema"
"main","543","FootMotionResidualTimeToLandingSeconds","character-foot-ik/main/foot-motion-residual-time-to-landing-seconds","Float32","","PathContinuity","Float32","Seconds","","","1","ConstraintCommittedResult","ConstraintCommittedField","required:facts/75","stable-swing|path-revision","CharacterFootSampleColumns.Schema"
"main","544","FootMotionResidualBaseHalfLifeSeconds","character-foot-ik/main/foot-motion-residual-base-half-life-seconds","Float32","","PathContinuity","Float32","Seconds","","","1","ConstraintCommittedResult","ConstraintCommittedField","required:facts/75","stable-swing|path-revision","CharacterFootSampleColumns.Schema"
"main","545","FootMotionResidualDeadlineHalfLifeAvailable","character-foot-ik/main/foot-motion-residual-deadline-half-life-available","Boolean","","PathContinuity","Boolean","None","","","1","ConstraintCommittedResult","ConstraintCommittedField","required:facts/75","stable-swing|path-revision","CharacterFootSampleColumns.Schema"
"main","546","FootMotionResidualDeadlineHalfLifeSeconds","character-foot-ik/main/foot-motion-residual-deadline-half-life-seconds","Float32","","PathContinuity","Float32","Seconds","FootMotionResidualDeadlineHalfLifeAvailable","character-foot-ik/main/foot-motion-residual-deadline-half-life-available","1","ConstraintCommittedResult","ConstraintCommittedField","required:facts/75","stable-swing|path-revision","CharacterFootSampleColumns.Schema"
"main","547","FootMotionResidualAppliedHalfLifeSeconds","character-foot-ik/main/foot-motion-residual-applied-half-life-seconds","Float32","","PathContinuity","Float32","Seconds","","","1","ConstraintCommittedResult","ConstraintCommittedField","required:facts/75","stable-swing|path-revision","CharacterFootSampleColumns.Schema"
"main","548","FootMotionSwingTargetHeightAdoptionMode","character-foot-ik/main/foot-motion-swing-target-height-adoption-mode","Int32","","PathContinuity","Text","Category","","","1","ConstraintCommittedResult","ConstraintCommittedField+HostEnumFormatting","required:facts/75","stable-swing|path-revision","CharacterFootSampleColumns.Schema"
"main","549","FootMotionSwingRawTargetHeightAlongUp","character-foot-ik/main/foot-motion-swing-raw-target-height-along-up","Float32","","PathContinuity","Float32","Metres","","","1","ConstraintCommittedResult","ConstraintCommittedField","required:facts/75","stable-swing|path-revision","CharacterFootSampleColumns.Schema"
"main","550","FootMotionSwingFilteredTargetHeightBefore","character-foot-ik/main/foot-motion-swing-filtered-target-height-before","Float32","","PathContinuity","Float32","Metres","","","1","ConstraintCommittedResult","ConstraintCommittedField","required:facts/75","stable-swing|path-revision","CharacterFootSampleColumns.Schema"
"main","551","FootMotionSwingTargetHeightDelta","character-foot-ik/main/foot-motion-swing-target-height-delta","Float32","","PathContinuity","Float32","Metres","","","1","ConstraintCommittedResult","ConstraintCommittedField","required:facts/75","stable-swing|path-revision","CharacterFootSampleColumns.Schema"
"main","552","FootMotionSwingTargetHeightAppliedDelta","character-foot-ik/main/foot-motion-swing-target-height-applied-delta","Float32","","PathContinuity","Float32","Metres","","","1","ConstraintCommittedResult","ConstraintCommittedField","required:facts/75","stable-swing|path-revision","CharacterFootSampleColumns.Schema"
"main","553","FootMotionSwingTargetHeightUpdateHeld","character-foot-ik/main/foot-motion-swing-target-height-update-held","Boolean","","PathContinuity","Boolean","None","","","1","ConstraintCommittedResult","ConstraintCommittedField","required:facts/75","stable-swing|path-revision","CharacterFootSampleColumns.Schema"
"main","554","FootMotionSwingTargetHeightForceRefreshed","character-foot-ik/main/foot-motion-swing-target-height-force-refreshed","Boolean","","PathContinuity","Boolean","None","","","1","ConstraintCommittedResult","ConstraintCommittedField","required:facts/75","stable-swing|path-revision","CharacterFootSampleColumns.Schema"
"main","555","FootMotionSwingTargetHeightRateLimited","character-foot-ik/main/foot-motion-swing-target-height-rate-limited","Boolean","","PathContinuity","Boolean","None","","","1","ConstraintCommittedResult","ConstraintCommittedField","required:facts/75","stable-swing|path-revision","CharacterFootSampleColumns.Schema"
"main","556","FootMotionSwingTargetHeightClamped","character-foot-ik/main/foot-motion-swing-target-height-clamped","Boolean","","PathContinuity","Boolean","None","","","1","ConstraintCommittedResult","ConstraintCommittedField","required:facts/75","stable-swing|path-revision","CharacterFootSampleColumns.Schema"
"main","557","FootMotionSwingTargetHeightForceRefreshDistance","character-foot-ik/main/foot-motion-swing-target-height-force-refresh-distance","Float32","","PathContinuity","Float32","Metres","","","1","ConstraintCommittedResult","ConstraintCommittedField","required:facts/75","stable-swing|path-revision","CharacterFootSampleColumns.Schema"
"main","558","FootMotionSwingTargetMaximumVerticalSpeed","character-foot-ik/main/foot-motion-swing-target-maximum-vertical-speed","Float32","","PathContinuity","Float32","MetresPerSecond","","","1","ConstraintCommittedResult","ConstraintCommittedField","required:facts/75","stable-swing|path-revision","CharacterFootSampleColumns.Schema"
"main","559","FootMotionSwingFilteredTargetHeightAlongUp","character-foot-ik/main/foot-motion-swing-filtered-target-height-along-up","Float32","","PathContinuity","Float32","Metres","","","1","ConstraintCommittedResult","ConstraintCommittedField","required:facts/75","stable-swing|path-revision","CharacterFootSampleColumns.Schema"
"main","560","FootMotionTargetHeightComponentUpX","character-foot-ik/main/foot-motion-target-height-component-up","Vector3","X","PathContinuity","Float32","Direction","","","1","ConstraintCommittedResult","ConstraintCommittedField","required:facts/75","stable-swing|path-revision","CharacterFootSampleColumns.Schema"
"main","561","FootMotionTargetHeightComponentUpY","character-foot-ik/main/foot-motion-target-height-component-up","Vector3","Y","PathContinuity","Float32","Direction","","","1","ConstraintCommittedResult","ConstraintCommittedField","required:facts/75","stable-swing|path-revision","CharacterFootSampleColumns.Schema"
"main","562","FootMotionTargetHeightComponentUpZ","character-foot-ik/main/foot-motion-target-height-component-up","Vector3","Z","PathContinuity","Float32","Direction","","","1","ConstraintCommittedResult","ConstraintCommittedField","required:facts/75","stable-swing|path-revision","CharacterFootSampleColumns.Schema"
"main","563","FootMotionPreTransitionReason","character-foot-ik/main/foot-motion-pre-transition-reason","Int32","","Lifecycle","Text","Category","","","1","ConstraintCommittedResult","ConstraintCommittedField+HostEnumFormatting","required:facts/75","contact-fit|contact-transition|locked-horizontal","CharacterFootSampleColumns.Schema"
"main","564","FootMotionPreTransitionSource","character-foot-ik/main/foot-motion-pre-transition-source","Int32","","Lifecycle","Text","Category","","","1","ConstraintCommittedResult","ConstraintCommittedField+HostEnumFormatting","required:facts/75","contact-fit|contact-transition|locked-horizontal","CharacterFootSampleColumns.Schema"
"main","565","FootMotionPreTransitionTarget","character-foot-ik/main/foot-motion-pre-transition-target","Int32","","Lifecycle","Text","Category","","","1","ConstraintCommittedResult","ConstraintCommittedField+HostEnumFormatting","required:facts/75","contact-fit|contact-transition|locked-horizontal","CharacterFootSampleColumns.Schema"
"main","566","FootMotionPreTransitionAnchorCommand","character-foot-ik/main/foot-motion-pre-transition-anchor-command","Int32","","Lifecycle","Text","Category","","","1","ConstraintCommittedResult","ConstraintCommittedField+HostEnumFormatting","required:facts/75","contact-fit|contact-transition|locked-horizontal","CharacterFootSampleColumns.Schema"
"main","567","FootMotionPostTransitionReason","character-foot-ik/main/foot-motion-post-transition-reason","Int32","","Lifecycle","Text","Category","","","1","ConstraintCommittedResult","ConstraintCommittedField+HostEnumFormatting","required:facts/75","contact-fit|contact-transition|locked-horizontal","CharacterFootSampleColumns.Schema"
"main","568","FootMotionPostTransitionSource","character-foot-ik/main/foot-motion-post-transition-source","Int32","","Lifecycle","Text","Category","","","1","ConstraintCommittedResult","ConstraintCommittedField+HostEnumFormatting","required:facts/75","contact-fit|contact-transition|locked-horizontal","CharacterFootSampleColumns.Schema"
"main","569","FootMotionPostTransitionTarget","character-foot-ik/main/foot-motion-post-transition-target","Int32","","Lifecycle","Text","Category","","","1","ConstraintCommittedResult","ConstraintCommittedField+HostEnumFormatting","required:facts/75","contact-fit|contact-transition|locked-horizontal","CharacterFootSampleColumns.Schema"
"main","570","FootMotionPostTransitionAnchorCommand","character-foot-ik/main/foot-motion-post-transition-anchor-command","Int32","","Lifecycle","Text","Category","","","1","ConstraintCommittedResult","ConstraintCommittedField+HostEnumFormatting","required:facts/75","contact-fit|contact-transition|locked-horizontal","CharacterFootSampleColumns.Schema"
"main","571","FootMotionLifecycleTransitionEvaluated","character-foot-ik/main/foot-motion-lifecycle-transition-evaluated","Boolean","","Lifecycle","Boolean","None","","","1","ConstraintCommittedResult","ConstraintCommittedField","required:facts/75","contact-fit|contact-transition|locked-horizontal","CharacterFootSampleColumns.Schema"
"main","572","FootMotionPreviousLockRequestAvailable","character-foot-ik/main/foot-motion-previous-lock-request-available","Boolean","","Lifecycle","Boolean","None","","","1","ConstraintCommittedResult","ConstraintCommittedField","required:facts/75","contact-fit|contact-transition|locked-horizontal","CharacterFootSampleColumns.Schema"
"main","573","FootMotionPreviousLockRequested","character-foot-ik/main/foot-motion-previous-lock-requested","Boolean","","Lifecycle","Boolean","None","FootMotionPreviousLockRequestAvailable","character-foot-ik/main/foot-motion-previous-lock-request-available","1","ConstraintCommittedResult","ConstraintCommittedField","required:facts/75","contact-fit|contact-transition|locked-horizontal","CharacterFootSampleColumns.Schema"
"main","574","FootMotionPreviousLockRequestEventIdentity","character-foot-ik/main/foot-motion-previous-lock-request-event-identity","UInt64","","Lifecycle","UInt64","Identity","FootMotionPreviousLockRequestAvailable","character-foot-ik/main/foot-motion-previous-lock-request-available","1","ConstraintCommittedResult","ConstraintCommittedField","required:facts/75","contact-fit|contact-transition|locked-horizontal","CharacterFootSampleColumns.Schema"
"main","575","FootMotionPreviousLockRequestMode","character-foot-ik/main/foot-motion-previous-lock-request-mode","Int32","","Lifecycle","Text","Category","FootMotionPreviousLockRequestAvailable","character-foot-ik/main/foot-motion-previous-lock-request-available","1","ConstraintCommittedResult","ConstraintCommittedField+HostEnumFormatting","required:facts/75","contact-fit|contact-transition|locked-horizontal","CharacterFootSampleColumns.Schema"
"main","576","FootMotionPreviousLockRequestWeight","character-foot-ik/main/foot-motion-previous-lock-request-weight","Float32","","Lifecycle","Float32","Unitless","FootMotionPreviousLockRequestAvailable","character-foot-ik/main/foot-motion-previous-lock-request-available","1","ConstraintCommittedResult","ConstraintCommittedField","required:facts/75","contact-fit|contact-transition|locked-horizontal","CharacterFootSampleColumns.Schema"
"main","577","FootMotionPreviousContactEdgeSeconds","character-foot-ik/main/foot-motion-previous-contact-edge-seconds","Float32","","Lifecycle","Float32","Seconds","","","1","ConstraintCommittedResult","ConstraintCommittedField","required:facts/75","contact-fit|contact-transition|locked-horizontal","CharacterFootSampleColumns.Schema"
"main","578","FootMotionPreviousLatestContactEventIdentity","character-foot-ik/main/foot-motion-previous-latest-contact-event-identity","UInt64","","Lifecycle","UInt64","Identity","","","1","ConstraintCommittedResult","ConstraintCommittedField","required:facts/75","contact-fit|contact-transition|locked-horizontal","CharacterFootSampleColumns.Schema"
"main","579","FootMotionPreviousLatestReleasedContactEventIdentity","character-foot-ik/main/foot-motion-previous-latest-released-contact-event-identity","UInt64","","Lifecycle","UInt64","Identity","","","1","ConstraintCommittedResult","ConstraintCommittedField","required:facts/75","contact-fit|contact-transition|locked-horizontal","CharacterFootSampleColumns.Schema"
"main","580","FootMotionPreviousCompletedLockWeightEventIdentity","character-foot-ik/main/foot-motion-previous-completed-lock-weight-event-identity","UInt64","","Lifecycle","UInt64","Identity","","","1","ConstraintCommittedResult","ConstraintCommittedField","required:facts/75","contact-fit|contact-transition|locked-horizontal","CharacterFootSampleColumns.Schema"
"main","581","FootMotionPreviousContactAnchorAvailable","character-foot-ik/main/foot-motion-previous-contact-anchor-available","Boolean","","Lifecycle","Boolean","None","","","1","ConstraintCommittedResult","ConstraintCommittedField","required:facts/75","contact-fit|contact-transition|locked-horizontal","CharacterFootSampleColumns.Schema"
"main","582","FootMotionPreviousContactAnchorEventIdentity","character-foot-ik/main/foot-motion-previous-contact-anchor-event-identity","UInt64","","Lifecycle","UInt64","Identity","FootMotionPreviousContactAnchorAvailable","character-foot-ik/main/foot-motion-previous-contact-anchor-available","1","ConstraintCommittedResult","ConstraintCommittedField","required:facts/75","contact-fit|contact-transition|locked-horizontal","CharacterFootSampleColumns.Schema"
"main","583","FootMotionPreviousContactAnchorAcquiredFrameSequence","character-foot-ik/main/foot-motion-previous-contact-anchor-acquired-frame-sequence","UInt64","","Lifecycle","UInt64","Frame","FootMotionPreviousContactAnchorAvailable","character-foot-ik/main/foot-motion-previous-contact-anchor-available","1","ConstraintCommittedResult","ConstraintCommittedField","required:facts/75","contact-fit|contact-transition|locked-horizontal","CharacterFootSampleColumns.Schema"
"main","584","FootMotionPreviousContactAnchorAcquiredCompletionIdentity","character-foot-ik/main/foot-motion-previous-contact-anchor-acquired-completion-identity","UInt64","","Lifecycle","UInt64","Identity","FootMotionPreviousContactAnchorAvailable","character-foot-ik/main/foot-motion-previous-contact-anchor-available","1","ConstraintCommittedResult","ConstraintCommittedField","required:facts/75","contact-fit|contact-transition|locked-horizontal","CharacterFootSampleColumns.Schema"
"main","585","FootMotionPreviousContactAnchorWorldRevision","character-foot-ik/main/foot-motion-previous-contact-anchor-world-revision","UInt64","","Lifecycle","UInt64","Identity","FootMotionPreviousContactAnchorAvailable","character-foot-ik/main/foot-motion-previous-contact-anchor-available","1","ConstraintCommittedResult","ConstraintCommittedField","required:facts/75","contact-fit|contact-transition|locked-horizontal","CharacterFootSampleColumns.Schema"
"main","586","FootMotionPreviousContactAnchorSurfaceIdentity","character-foot-ik/main/foot-motion-previous-contact-anchor-surface-identity","Int32","","Lifecycle","Int32","Identity","FootMotionPreviousContactAnchorAvailable","character-foot-ik/main/foot-motion-previous-contact-anchor-available","1","ConstraintCommittedResult","ConstraintCommittedField","required:facts/75","contact-fit|contact-transition|locked-horizontal","CharacterFootSampleColumns.Schema"
"main","587","FootMotionPreviousContactAnchorPointX","character-foot-ik/main/foot-motion-previous-contact-anchor-point","Vector3","X","Lifecycle","Float32","Metres","FootMotionPreviousContactAnchorAvailable","character-foot-ik/main/foot-motion-previous-contact-anchor-available","1","ConstraintCommittedResult","ConstraintCommittedField","required:facts/75","contact-fit|contact-transition|locked-horizontal","CharacterFootSampleColumns.Schema"
"main","588","FootMotionPreviousContactAnchorPointY","character-foot-ik/main/foot-motion-previous-contact-anchor-point","Vector3","Y","Lifecycle","Float32","Metres","FootMotionPreviousContactAnchorAvailable","character-foot-ik/main/foot-motion-previous-contact-anchor-available","1","ConstraintCommittedResult","ConstraintCommittedField","required:facts/75","contact-fit|contact-transition|locked-horizontal","CharacterFootSampleColumns.Schema"
"main","589","FootMotionPreviousContactAnchorPointZ","character-foot-ik/main/foot-motion-previous-contact-anchor-point","Vector3","Z","Lifecycle","Float32","Metres","FootMotionPreviousContactAnchorAvailable","character-foot-ik/main/foot-motion-previous-contact-anchor-available","1","ConstraintCommittedResult","ConstraintCommittedField","required:facts/75","contact-fit|contact-transition|locked-horizontal","CharacterFootSampleColumns.Schema"
"main","590","FootMotionPreviousContactAnchorNormalX","character-foot-ik/main/foot-motion-previous-contact-anchor-normal","Vector3","X","Lifecycle","Float32","Direction","FootMotionPreviousContactAnchorAvailable","character-foot-ik/main/foot-motion-previous-contact-anchor-available","1","ConstraintCommittedResult","ConstraintCommittedField","required:facts/75","contact-fit|contact-transition|locked-horizontal","CharacterFootSampleColumns.Schema"
"main","591","FootMotionPreviousContactAnchorNormalY","character-foot-ik/main/foot-motion-previous-contact-anchor-normal","Vector3","Y","Lifecycle","Float32","Direction","FootMotionPreviousContactAnchorAvailable","character-foot-ik/main/foot-motion-previous-contact-anchor-available","1","ConstraintCommittedResult","ConstraintCommittedField","required:facts/75","contact-fit|contact-transition|locked-horizontal","CharacterFootSampleColumns.Schema"
"main","592","FootMotionPreviousContactAnchorNormalZ","character-foot-ik/main/foot-motion-previous-contact-anchor-normal","Vector3","Z","Lifecycle","Float32","Direction","FootMotionPreviousContactAnchorAvailable","character-foot-ik/main/foot-motion-previous-contact-anchor-available","1","ConstraintCommittedResult","ConstraintCommittedField","required:facts/75","contact-fit|contact-transition|locked-horizontal","CharacterFootSampleColumns.Schema"
"main","593","FootMotionCurrentLockRequested","character-foot-ik/main/foot-motion-current-lock-requested","Boolean","","Lifecycle","Boolean","None","","","1","ConstraintCommittedResult","ConstraintCommittedField","required:facts/75","contact-fit|contact-transition|locked-horizontal","CharacterFootSampleColumns.Schema"
"main","594","FootMotionCurrentLockRequestEventIdentity","character-foot-ik/main/foot-motion-current-lock-request-event-identity","UInt64","","Lifecycle","UInt64","Identity","","","1","ConstraintCommittedResult","ConstraintCommittedField","required:facts/75","contact-fit|contact-transition|locked-horizontal","CharacterFootSampleColumns.Schema"
"main","595","FootMotionCurrentLockRequestMode","character-foot-ik/main/foot-motion-current-lock-request-mode","Int32","","Lifecycle","Text","Category","","","1","ConstraintCommittedResult","ConstraintCommittedField+HostEnumFormatting","required:facts/75","contact-fit|contact-transition|locked-horizontal","CharacterFootSampleColumns.Schema"
"main","596","FootMotionCurrentLockRequestWeight","character-foot-ik/main/foot-motion-current-lock-request-weight","Float32","","Lifecycle","Float32","Unitless","","","1","ConstraintCommittedResult","ConstraintCommittedField","required:facts/75","contact-fit|contact-transition|locked-horizontal","CharacterFootSampleColumns.Schema"
"main","597","FootMotionCurrentLockRequestAvailability","character-foot-ik/main/foot-motion-current-lock-request-availability","Int32","","Lifecycle","Text","Category","","","1","ConstraintCommittedResult","ConstraintCommittedField+HostEnumFormatting","required:facts/75","contact-fit|contact-transition|locked-horizontal","CharacterFootSampleColumns.Schema"
"main","598","FootMotionContactEdge","character-foot-ik/main/foot-motion-contact-edge","Int32","","Lifecycle","Text","Category","","","1","ConstraintCommittedResult","ConstraintCommittedField+HostEnumFormatting","required:facts/75","contact-fit|contact-transition|locked-horizontal","CharacterFootSampleColumns.Schema"
"main","599","FootMotionCurrentContactEdgeSeconds","character-foot-ik/main/foot-motion-current-contact-edge-seconds","Float32","","Lifecycle","Float32","Seconds","","","1","ConstraintCommittedResult","ConstraintCommittedField","required:facts/75","contact-fit|contact-transition|locked-horizontal","CharacterFootSampleColumns.Schema"
"main","600","FootMotionCurrentLatestContactEventIdentity","character-foot-ik/main/foot-motion-current-latest-contact-event-identity","UInt64","","Lifecycle","UInt64","Identity","","","1","ConstraintCommittedResult","ConstraintCommittedField","required:facts/75","contact-fit|contact-transition|locked-horizontal","CharacterFootSampleColumns.Schema"
"main","601","FootMotionCurrentLatestReleasedContactEventIdentity","character-foot-ik/main/foot-motion-current-latest-released-contact-event-identity","UInt64","","Lifecycle","UInt64","Identity","","","1","ConstraintCommittedResult","ConstraintCommittedField","required:facts/75","contact-fit|contact-transition|locked-horizontal","CharacterFootSampleColumns.Schema"
"main","602","FootMotionCurrentCompletedLockWeightEventIdentity","character-foot-ik/main/foot-motion-current-completed-lock-weight-event-identity","UInt64","","Lifecycle","UInt64","Identity","","","1","ConstraintCommittedResult","ConstraintCommittedField","required:facts/75","contact-fit|contact-transition|locked-horizontal","CharacterFootSampleColumns.Schema"
"main","603","FootMotionCurrentContactAnchorAvailable","character-foot-ik/main/foot-motion-current-contact-anchor-available","Boolean","","Lifecycle","Boolean","None","","","1","ConstraintCommittedResult","ConstraintCommittedField","required:facts/75","contact-fit|contact-transition|locked-horizontal","CharacterFootSampleColumns.Schema"
"main","604","FootMotionCurrentContactAnchorEventIdentity","character-foot-ik/main/foot-motion-current-contact-anchor-event-identity","UInt64","","Lifecycle","UInt64","Identity","FootMotionCurrentContactAnchorAvailable","character-foot-ik/main/foot-motion-current-contact-anchor-available","1","ConstraintCommittedResult","ConstraintCommittedField","required:facts/75","contact-fit|contact-transition|locked-horizontal","CharacterFootSampleColumns.Schema"
"main","605","FootMotionCurrentContactAnchorAcquiredFrameSequence","character-foot-ik/main/foot-motion-current-contact-anchor-acquired-frame-sequence","UInt64","","Lifecycle","UInt64","Frame","FootMotionCurrentContactAnchorAvailable","character-foot-ik/main/foot-motion-current-contact-anchor-available","1","ConstraintCommittedResult","ConstraintCommittedField","required:facts/75","contact-fit|contact-transition|locked-horizontal","CharacterFootSampleColumns.Schema"
"main","606","FootMotionCurrentContactAnchorAcquiredCompletionIdentity","character-foot-ik/main/foot-motion-current-contact-anchor-acquired-completion-identity","UInt64","","Lifecycle","UInt64","Identity","FootMotionCurrentContactAnchorAvailable","character-foot-ik/main/foot-motion-current-contact-anchor-available","1","ConstraintCommittedResult","ConstraintCommittedField","required:facts/75","contact-fit|contact-transition|locked-horizontal","CharacterFootSampleColumns.Schema"
"main","607","FootMotionCurrentContactAnchorWorldRevision","character-foot-ik/main/foot-motion-current-contact-anchor-world-revision","UInt64","","Lifecycle","UInt64","Identity","FootMotionCurrentContactAnchorAvailable","character-foot-ik/main/foot-motion-current-contact-anchor-available","1","ConstraintCommittedResult","ConstraintCommittedField","required:facts/75","contact-fit|contact-transition|locked-horizontal","CharacterFootSampleColumns.Schema"
"main","608","FootMotionCurrentContactAnchorSurfaceIdentity","character-foot-ik/main/foot-motion-current-contact-anchor-surface-identity","Int32","","Lifecycle","Int32","Identity","FootMotionCurrentContactAnchorAvailable","character-foot-ik/main/foot-motion-current-contact-anchor-available","1","ConstraintCommittedResult","ConstraintCommittedField","required:facts/75","contact-fit|contact-transition|locked-horizontal","CharacterFootSampleColumns.Schema"
"main","609","FootMotionCurrentContactAnchorPointX","character-foot-ik/main/foot-motion-current-contact-anchor-point","Vector3","X","Lifecycle","Float32","Metres","FootMotionCurrentContactAnchorAvailable","character-foot-ik/main/foot-motion-current-contact-anchor-available","1","ConstraintCommittedResult","ConstraintCommittedField","required:facts/75","contact-fit|contact-transition|locked-horizontal","CharacterFootSampleColumns.Schema"
"main","610","FootMotionCurrentContactAnchorPointY","character-foot-ik/main/foot-motion-current-contact-anchor-point","Vector3","Y","Lifecycle","Float32","Metres","FootMotionCurrentContactAnchorAvailable","character-foot-ik/main/foot-motion-current-contact-anchor-available","1","ConstraintCommittedResult","ConstraintCommittedField","required:facts/75","contact-fit|contact-transition|locked-horizontal","CharacterFootSampleColumns.Schema"
"main","611","FootMotionCurrentContactAnchorPointZ","character-foot-ik/main/foot-motion-current-contact-anchor-point","Vector3","Z","Lifecycle","Float32","Metres","FootMotionCurrentContactAnchorAvailable","character-foot-ik/main/foot-motion-current-contact-anchor-available","1","ConstraintCommittedResult","ConstraintCommittedField","required:facts/75","contact-fit|contact-transition|locked-horizontal","CharacterFootSampleColumns.Schema"
"main","612","FootMotionCurrentContactAnchorNormalX","character-foot-ik/main/foot-motion-current-contact-anchor-normal","Vector3","X","Lifecycle","Float32","Direction","FootMotionCurrentContactAnchorAvailable","character-foot-ik/main/foot-motion-current-contact-anchor-available","1","ConstraintCommittedResult","ConstraintCommittedField","required:facts/75","contact-fit|contact-transition|locked-horizontal","CharacterFootSampleColumns.Schema"
"main","613","FootMotionCurrentContactAnchorNormalY","character-foot-ik/main/foot-motion-current-contact-anchor-normal","Vector3","Y","Lifecycle","Float32","Direction","FootMotionCurrentContactAnchorAvailable","character-foot-ik/main/foot-motion-current-contact-anchor-available","1","ConstraintCommittedResult","ConstraintCommittedField","required:facts/75","contact-fit|contact-transition|locked-horizontal","CharacterFootSampleColumns.Schema"
"main","614","FootMotionCurrentContactAnchorNormalZ","character-foot-ik/main/foot-motion-current-contact-anchor-normal","Vector3","Z","Lifecycle","Float32","Direction","FootMotionCurrentContactAnchorAvailable","character-foot-ik/main/foot-motion-current-contact-anchor-available","1","ConstraintCommittedResult","ConstraintCommittedField","required:facts/75","contact-fit|contact-transition|locked-horizontal","CharacterFootSampleColumns.Schema"
"main","615","FootMotionSameEventContactReentryRefreshed","character-foot-ik/main/foot-motion-same-event-contact-reentry-refreshed","Boolean","","Lifecycle","Boolean","None","","","1","ConstraintCommittedResult","ConstraintCommittedField","required:facts/75","contact-fit|contact-transition|locked-horizontal","CharacterFootSampleColumns.Schema"
"main","616","FootMotionSameEventContactReentryUnavailable","character-foot-ik/main/foot-motion-same-event-contact-reentry-unavailable","Boolean","","Lifecycle","Boolean","None","","","1","ConstraintCommittedResult","ConstraintCommittedField","required:facts/75","contact-fit|contact-transition|locked-horizontal","CharacterFootSampleColumns.Schema"
"main","617","FootMotionRetainedVerifiedAnchor","character-foot-ik/main/foot-motion-retained-verified-anchor","Boolean","","Lifecycle","Boolean","None","","","1","ConstraintCommittedResult","ConstraintCommittedField","required:facts/75","contact-fit|contact-transition|locked-horizontal","CharacterFootSampleColumns.Schema"
"main","618","FootMotionReentryInterpolationHistoryRetained","character-foot-ik/main/foot-motion-reentry-interpolation-history-retained","Boolean","","Lifecycle","Boolean","None","","","1","ConstraintCommittedResult","ConstraintCommittedField","required:facts/75","contact-fit|contact-transition|locked-horizontal","CharacterFootSampleColumns.Schema"
"main","619","FootMotionFormalFootPlacementWeight","character-foot-ik/main/foot-motion-formal-foot-placement-weight","Float32","","Lifecycle","Float32","Unitless","","","1","ConstraintCommittedResult","ConstraintCommittedField","required:facts/75","contact-fit|contact-transition|locked-horizontal","CharacterFootSampleColumns.Schema"
"main","620","FootMotionHardOwnershipLoss","character-foot-ik/main/foot-motion-hard-ownership-loss","Boolean","","Lifecycle","Boolean","None","","","1","ConstraintCommittedResult","ConstraintCommittedField","required:facts/75","contact-fit|contact-transition|locked-horizontal","CharacterFootSampleColumns.Schema"
"main","621","FootMotionHardOwnershipLossReason","character-foot-ik/main/foot-motion-hard-ownership-loss-reason","Int32","","Lifecycle","Text","Category","","","1","ConstraintCommittedResult","ConstraintCommittedField+HostEnumFormatting","required:facts/75","contact-fit|contact-transition|locked-horizontal","CharacterFootSampleColumns.Schema"
"main","622","FootMotionPreTransitionSuppressOutput","character-foot-ik/main/foot-motion-pre-transition-suppress-output","Boolean","","Lifecycle","Boolean","None","","","1","ConstraintCommittedResult","ConstraintCommittedField","required:facts/75","contact-fit|contact-transition|locked-horizontal","CharacterFootSampleColumns.Schema"
"main","623","FootMotionPreTransitionResetInterpolation","character-foot-ik/main/foot-motion-pre-transition-reset-interpolation","Boolean","","Lifecycle","Boolean","None","","","1","ConstraintCommittedResult","ConstraintCommittedField","required:facts/75","contact-fit|contact-transition|locked-horizontal","CharacterFootSampleColumns.Schema"
"main","624","FootMotionPostTransitionEvaluated","character-foot-ik/main/foot-motion-post-transition-evaluated","Boolean","","Lifecycle","Boolean","None","","","1","ConstraintCommittedResult","ConstraintCommittedField","required:facts/75","contact-fit|contact-transition|locked-horizontal","CharacterFootSampleColumns.Schema"
"main","625","FootMotionPostTransitionSuppressOutput","character-foot-ik/main/foot-motion-post-transition-suppress-output","Boolean","","Lifecycle","Boolean","None","","","1","ConstraintCommittedResult","ConstraintCommittedField","required:facts/75","contact-fit|contact-transition|locked-horizontal","CharacterFootSampleColumns.Schema"
"main","626","FootMotionPostTransitionResetInterpolation","character-foot-ik/main/foot-motion-post-transition-reset-interpolation","Boolean","","Lifecycle","Boolean","None","","","1","ConstraintCommittedResult","ConstraintCommittedField","required:facts/75","contact-fit|contact-transition|locked-horizontal","CharacterFootSampleColumns.Schema"
"main","627","FootMotionStateTargetCorrectionX","character-foot-ik/main/foot-motion-state-target-correction","Vector3","X","OutputStages","Float32","Metres","","","1","ConstraintCommittedResult","ConstraintCommittedField","required:facts/75","stable-swing|path-revision|contact-transition","CharacterFootSampleColumns.Schema"
"main","628","FootMotionStateTargetCorrectionY","character-foot-ik/main/foot-motion-state-target-correction","Vector3","Y","OutputStages","Float32","Metres","","","1","ConstraintCommittedResult","ConstraintCommittedField","required:facts/75","stable-swing|path-revision|contact-transition","CharacterFootSampleColumns.Schema"
"main","629","FootMotionStateTargetCorrectionZ","character-foot-ik/main/foot-motion-state-target-correction","Vector3","Z","OutputStages","Float32","Metres","","","1","ConstraintCommittedResult","ConstraintCommittedField","required:facts/75","stable-swing|path-revision|contact-transition","CharacterFootSampleColumns.Schema"
"main","630","FootMotionInterpolationPolicy","character-foot-ik/main/foot-motion-interpolation-policy","Int32","","OutputStages","Text","Category","","","1","ConstraintCommittedResult","ConstraintCommittedField+HostEnumFormatting","required:facts/75","stable-swing|path-revision|contact-transition","CharacterFootSampleColumns.Schema"
"main","631","FootMotionInterpolationOutputCorrectionX","character-foot-ik/main/foot-motion-interpolation-output-correction","Vector3","X","OutputStages","Float32","Metres","","","1","ConstraintCommittedResult","ConstraintCommittedField","required:facts/75","stable-swing|path-revision|contact-transition","CharacterFootSampleColumns.Schema"
"main","632","FootMotionInterpolationOutputCorrectionY","character-foot-ik/main/foot-motion-interpolation-output-correction","Vector3","Y","OutputStages","Float32","Metres","","","1","ConstraintCommittedResult","ConstraintCommittedField","required:facts/75","stable-swing|path-revision|contact-transition","CharacterFootSampleColumns.Schema"
"main","633","FootMotionInterpolationOutputCorrectionZ","character-foot-ik/main/foot-motion-interpolation-output-correction","Vector3","Z","OutputStages","Float32","Metres","","","1","ConstraintCommittedResult","ConstraintCommittedField","required:facts/75","stable-swing|path-revision|contact-transition","CharacterFootSampleColumns.Schema"
"main","634","FootMotionInterpolationCompleted","character-foot-ik/main/foot-motion-interpolation-completed","Boolean","","OutputStages","Boolean","None","","","1","ConstraintCommittedResult","ConstraintCommittedField","required:facts/75","stable-swing|path-revision|contact-transition","CharacterFootSampleColumns.Schema"
"main","635","FootMotionConstraintStateBefore","character-foot-ik/main/foot-motion-constraint-state-before","Int32","","OutputStages","Text","Category","","","1","ConstraintCommittedResult","ConstraintCommittedField+HostEnumFormatting","required:facts/75","stable-swing|path-revision|contact-transition","CharacterFootSampleColumns.Schema"
"main","636","FootMotionLockResponseBefore","character-foot-ik/main/foot-motion-lock-response-before","Int32","","OutputStages","Text","Category","","","1","ConstraintCommittedResult","ConstraintCommittedField+HostEnumFormatting","required:facts/75","stable-swing|path-revision|contact-transition","CharacterFootSampleColumns.Schema"
"main","637","FootMotionOutputStagesAvailable","character-foot-ik/main/foot-motion-output-stages-available","Boolean","","OutputStages","Boolean","None","","","1","ConstraintCommittedResult","ConstraintCommittedField","required:facts/75","stable-swing|path-revision|contact-transition","CharacterFootSampleColumns.Schema"
"main","638","FootMotionReleasingCompletedToSwing","character-foot-ik/main/foot-motion-releasing-completed-to-swing","Boolean","","OutputStages","Boolean","None","","","1","ConstraintCommittedResult","ConstraintCommittedField","required:facts/75","stable-swing|path-revision|contact-transition","CharacterFootSampleColumns.Schema"
"main","639","FootMotionSafetyFloorAvailable","character-foot-ik/main/foot-motion-safety-floor-available","Boolean","","OutputStages","Boolean","None","","","1","ConstraintCommittedResult","ConstraintCommittedField","required:facts/75","stable-swing|path-revision|contact-transition","CharacterFootSampleColumns.Schema"
"main","640","FootMotionSafetyFloorOwner","character-foot-ik/main/foot-motion-safety-floor-owner","Int32","","OutputStages","Text","Category","","","1","ConstraintCommittedResult","ConstraintCommittedField+HostEnumFormatting","required:facts/75","stable-swing|path-revision|contact-transition","CharacterFootSampleColumns.Schema"
"main","641","FootMotionSafetyFloorOwnerSurfaceIdentity","character-foot-ik/main/foot-motion-safety-floor-owner-surface-identity","Int32","","OutputStages","Int32","Identity","","","1","ConstraintCommittedResult","ConstraintCommittedField","required:facts/75","stable-swing|path-revision|contact-transition","CharacterFootSampleColumns.Schema"
"main","642","FootMotionSafetyFloorOwnerPathIdentity","character-foot-ik/main/foot-motion-safety-floor-owner-path-identity","UInt64","","OutputStages","UInt64","Identity","","","1","ConstraintCommittedResult","ConstraintCommittedField","required:facts/75","stable-swing|path-revision|contact-transition","CharacterFootSampleColumns.Schema"
"main","643","FootMotionCorrectionBeforeSafetyFloorX","character-foot-ik/main/foot-motion-correction-before-safety-floor","Vector3","X","OutputStages","Float32","Metres","","","1","ConstraintCommittedResult","ConstraintCommittedField","required:facts/75","stable-swing|path-revision|contact-transition","CharacterFootSampleColumns.Schema"
"main","644","FootMotionCorrectionBeforeSafetyFloorY","character-foot-ik/main/foot-motion-correction-before-safety-floor","Vector3","Y","OutputStages","Float32","Metres","","","1","ConstraintCommittedResult","ConstraintCommittedField","required:facts/75","stable-swing|path-revision|contact-transition","CharacterFootSampleColumns.Schema"
"main","645","FootMotionCorrectionBeforeSafetyFloorZ","character-foot-ik/main/foot-motion-correction-before-safety-floor","Vector3","Z","OutputStages","Float32","Metres","","","1","ConstraintCommittedResult","ConstraintCommittedField","required:facts/75","stable-swing|path-revision|contact-transition","CharacterFootSampleColumns.Schema"
"main","646","FootMotionSafetyFloorMinimumCorrectionX","character-foot-ik/main/foot-motion-safety-floor-minimum-correction","Vector3","X","OutputStages","Float32","Metres","FootMotionSafetyFloorAvailable","character-foot-ik/main/foot-motion-safety-floor-available","1","ConstraintCommittedResult","ConstraintCommittedField","required:facts/75","stable-swing|path-revision|contact-transition","CharacterFootSampleColumns.Schema"
"main","647","FootMotionSafetyFloorMinimumCorrectionY","character-foot-ik/main/foot-motion-safety-floor-minimum-correction","Vector3","Y","OutputStages","Float32","Metres","FootMotionSafetyFloorAvailable","character-foot-ik/main/foot-motion-safety-floor-available","1","ConstraintCommittedResult","ConstraintCommittedField","required:facts/75","stable-swing|path-revision|contact-transition","CharacterFootSampleColumns.Schema"
"main","648","FootMotionSafetyFloorMinimumCorrectionZ","character-foot-ik/main/foot-motion-safety-floor-minimum-correction","Vector3","Z","OutputStages","Float32","Metres","FootMotionSafetyFloorAvailable","character-foot-ik/main/foot-motion-safety-floor-available","1","ConstraintCommittedResult","ConstraintCommittedField","required:facts/75","stable-swing|path-revision|contact-transition","CharacterFootSampleColumns.Schema"
"main","649","FootMotionSafetyFloorOutputCorrectionX","character-foot-ik/main/foot-motion-safety-floor-output-correction","Vector3","X","OutputStages","Float32","Metres","FootMotionSafetyFloorAvailable","character-foot-ik/main/foot-motion-safety-floor-available","1","ConstraintCommittedResult","ConstraintCommittedField","required:facts/75","stable-swing|path-revision|contact-transition","CharacterFootSampleColumns.Schema"
"main","650","FootMotionSafetyFloorOutputCorrectionY","character-foot-ik/main/foot-motion-safety-floor-output-correction","Vector3","Y","OutputStages","Float32","Metres","FootMotionSafetyFloorAvailable","character-foot-ik/main/foot-motion-safety-floor-available","1","ConstraintCommittedResult","ConstraintCommittedField","required:facts/75","stable-swing|path-revision|contact-transition","CharacterFootSampleColumns.Schema"
"main","651","FootMotionSafetyFloorOutputCorrectionZ","character-foot-ik/main/foot-motion-safety-floor-output-correction","Vector3","Z","OutputStages","Float32","Metres","FootMotionSafetyFloorAvailable","character-foot-ik/main/foot-motion-safety-floor-available","1","ConstraintCommittedResult","ConstraintCommittedField","required:facts/75","stable-swing|path-revision|contact-transition","CharacterFootSampleColumns.Schema"
"main","652","FootMotionFinalEffectiveCorrectionX","character-foot-ik/main/foot-motion-final-effective-correction","Vector3","X","OutputStages","Float32","Metres","","","1","ConstraintCommittedResult","ConstraintCommittedField","required:facts/75","stable-swing|path-revision|contact-transition","CharacterFootSampleColumns.Schema"
"main","653","FootMotionFinalEffectiveCorrectionY","character-foot-ik/main/foot-motion-final-effective-correction","Vector3","Y","OutputStages","Float32","Metres","","","1","ConstraintCommittedResult","ConstraintCommittedField","required:facts/75","stable-swing|path-revision|contact-transition","CharacterFootSampleColumns.Schema"
"main","654","FootMotionFinalEffectiveCorrectionZ","character-foot-ik/main/foot-motion-final-effective-correction","Vector3","Z","OutputStages","Float32","Metres","","","1","ConstraintCommittedResult","ConstraintCommittedField","required:facts/75","stable-swing|path-revision|contact-transition","CharacterFootSampleColumns.Schema"
"main","655","FootMotionSafetyFloorClamped","character-foot-ik/main/foot-motion-safety-floor-clamped","Boolean","","OutputStages","Boolean","None","","","1","ConstraintCommittedResult","ConstraintCommittedField","required:facts/75","stable-swing|path-revision|contact-transition","CharacterFootSampleColumns.Schema"
"main","656","FootMotionSafetyFloorClampMeters","character-foot-ik/main/foot-motion-safety-floor-clamp-meters","Float32","","OutputStages","Float32","Metres","","","1","ConstraintCommittedResult","ConstraintCommittedField","required:facts/75","stable-swing|path-revision|contact-transition","CharacterFootSampleColumns.Schema"
"main","657","FootMotionSafetyFloorClearanceBeforeMeters","character-foot-ik/main/foot-motion-safety-floor-clearance-before-meters","Float32","","OutputStages","Float32","Metres","","","1","ConstraintCommittedResult","ConstraintCommittedField","required:facts/75","stable-swing|path-revision|contact-transition","CharacterFootSampleColumns.Schema"
"main","658","FootMotionSafetyFloorClearanceAfterMeters","character-foot-ik/main/foot-motion-safety-floor-clearance-after-meters","Float32","","OutputStages","Float32","Metres","","","1","ConstraintCommittedResult","ConstraintCommittedField","required:facts/75","stable-swing|path-revision|contact-transition","CharacterFootSampleColumns.Schema"
"main","659","FootMotionPlantInterpolationEvaluated","character-foot-ik/main/foot-motion-plant-interpolation-evaluated","Boolean","","OutputStages","Boolean","None","","","1","ConstraintCommittedResult","ConstraintCommittedField","required:facts/75","stable-swing|path-revision|contact-transition","CharacterFootSampleColumns.Schema"
"main","660","FootMotionPlantTargetEventIdentity","character-foot-ik/main/foot-motion-plant-target-event-identity","UInt64","","OutputStages","UInt64","Identity","","","1","ConstraintCommittedResult","ConstraintCommittedField","required:facts/75","stable-swing|path-revision|contact-transition","CharacterFootSampleColumns.Schema"
"main","661","FootMotionPlantTargetVerified","character-foot-ik/main/foot-motion-plant-target-verified","Boolean","","OutputStages","Boolean","None","","","1","ConstraintCommittedResult","ConstraintCommittedField","required:facts/75","stable-swing|path-revision|contact-transition","CharacterFootSampleColumns.Schema"
"main","662","FootMotionPlantTargetKind","character-foot-ik/main/foot-motion-plant-target-kind","Int32","","OutputStages","Text","Category","","","1","ConstraintCommittedResult","ConstraintCommittedField+HostEnumFormatting","required:facts/75","stable-swing|path-revision|contact-transition","CharacterFootSampleColumns.Schema"
"main","663","FootMotionPlantLockResponse","character-foot-ik/main/foot-motion-plant-lock-response","Int32","","OutputStages","Text","Category","","","1","ConstraintCommittedResult","ConstraintCommittedField+HostEnumFormatting","required:facts/75","stable-swing|path-revision|contact-transition","CharacterFootSampleColumns.Schema"
"main","664","FootMotionPlantLockWeightCompleted","character-foot-ik/main/foot-motion-plant-lock-weight-completed","Boolean","","OutputStages","Boolean","None","","","1","ConstraintCommittedResult","ConstraintCommittedField","required:facts/75","stable-swing|path-revision|contact-transition","CharacterFootSampleColumns.Schema"
"main","665","FootMotionPlantDesiredPointX","character-foot-ik/main/foot-motion-plant-desired-point","Vector3","X","OutputStages","Float32","Metres","","","1","ConstraintCommittedResult","ConstraintCommittedField","required:facts/75","stable-swing|path-revision|contact-transition","CharacterFootSampleColumns.Schema"
"main","666","FootMotionPlantDesiredPointY","character-foot-ik/main/foot-motion-plant-desired-point","Vector3","Y","OutputStages","Float32","Metres","","","1","ConstraintCommittedResult","ConstraintCommittedField","required:facts/75","stable-swing|path-revision|contact-transition","CharacterFootSampleColumns.Schema"
"main","667","FootMotionPlantDesiredPointZ","character-foot-ik/main/foot-motion-plant-desired-point","Vector3","Z","OutputStages","Float32","Metres","","","1","ConstraintCommittedResult","ConstraintCommittedField","required:facts/75","stable-swing|path-revision|contact-transition","CharacterFootSampleColumns.Schema"
"main","668","FootMotionPlantFilteredPointX","character-foot-ik/main/foot-motion-plant-filtered-point","Vector3","X","OutputStages","Float32","Metres","","","1","ConstraintCommittedResult","ConstraintCommittedField","required:facts/75","stable-swing|path-revision|contact-transition","CharacterFootSampleColumns.Schema"
"main","669","FootMotionPlantFilteredPointY","character-foot-ik/main/foot-motion-plant-filtered-point","Vector3","Y","OutputStages","Float32","Metres","","","1","ConstraintCommittedResult","ConstraintCommittedField","required:facts/75","stable-swing|path-revision|contact-transition","CharacterFootSampleColumns.Schema"
"main","670","FootMotionPlantFilteredPointZ","character-foot-ik/main/foot-motion-plant-filtered-point","Vector3","Z","OutputStages","Float32","Metres","","","1","ConstraintCommittedResult","ConstraintCommittedField","required:facts/75","stable-swing|path-revision|contact-transition","CharacterFootSampleColumns.Schema"
"main","671","FootMotionSelectedSupportTargetAvailable","character-foot-ik/main/foot-motion-selected-support-target-available","Boolean","","FootMotionSelectedSupportTarget","Boolean","None","","","1","ConstraintCommittedResult","ConstraintCommittedField","required:facts/75","contact-fit|contact-transition|leg-pose","CharacterFootSampleColumns.Schema"
"main","672","FootMotionSelectedSupportTargetFrameSequence","character-foot-ik/main/foot-motion-selected-support-target-frame-sequence","UInt64","","FootMotionSelectedSupportTarget","UInt64","Frame","","","1","ConstraintCommittedResult","ConstraintCommittedField","required:facts/75","contact-fit|contact-transition|leg-pose","CharacterFootSampleColumns.Schema"
"main","673","FootMotionSelectedSupportTargetCompletionIdentity","character-foot-ik/main/foot-motion-selected-support-target-completion-identity","UInt64","","FootMotionSelectedSupportTarget","UInt64","Identity","","","1","ConstraintCommittedResult","ConstraintCommittedField","required:facts/75","contact-fit|contact-transition|leg-pose","CharacterFootSampleColumns.Schema"
"main","674","FootMotionSelectedSupportTargetSide","character-foot-ik/main/foot-motion-selected-support-target-side","Int32","","FootMotionSelectedSupportTarget","Text","Category","","","1","ConstraintCommittedResult","ConstraintCommittedField+HostEnumFormatting","required:facts/75","contact-fit|contact-transition|leg-pose","CharacterFootSampleColumns.Schema"
"main","675","FootMotionSelectedSupportTargetPositionX","character-foot-ik/main/foot-motion-selected-support-target-position","Vector3","X","FootMotionSelectedSupportTarget","Float32","Metres","FootMotionSelectedSupportTargetAvailable","character-foot-ik/main/foot-motion-selected-support-target-available","1","ConstraintCommittedResult","ConstraintCommittedField","required:facts/75","contact-fit|contact-transition|leg-pose","CharacterFootSampleColumns.Schema"
"main","676","FootMotionSelectedSupportTargetPositionY","character-foot-ik/main/foot-motion-selected-support-target-position","Vector3","Y","FootMotionSelectedSupportTarget","Float32","Metres","FootMotionSelectedSupportTargetAvailable","character-foot-ik/main/foot-motion-selected-support-target-available","1","ConstraintCommittedResult","ConstraintCommittedField","required:facts/75","contact-fit|contact-transition|leg-pose","CharacterFootSampleColumns.Schema"
"main","677","FootMotionSelectedSupportTargetPositionZ","character-foot-ik/main/foot-motion-selected-support-target-position","Vector3","Z","FootMotionSelectedSupportTarget","Float32","Metres","FootMotionSelectedSupportTargetAvailable","character-foot-ik/main/foot-motion-selected-support-target-available","1","ConstraintCommittedResult","ConstraintCommittedField","required:facts/75","contact-fit|contact-transition|leg-pose","CharacterFootSampleColumns.Schema"
"main","678","FootMotionSelectedSupportTargetNormalX","character-foot-ik/main/foot-motion-selected-support-target-normal","Vector3","X","FootMotionSelectedSupportTarget","Float32","Direction","FootMotionSelectedSupportTargetAvailable","character-foot-ik/main/foot-motion-selected-support-target-available","1","ConstraintCommittedResult","ConstraintCommittedField","required:facts/75","contact-fit|contact-transition|leg-pose","CharacterFootSampleColumns.Schema"
"main","679","FootMotionSelectedSupportTargetNormalY","character-foot-ik/main/foot-motion-selected-support-target-normal","Vector3","Y","FootMotionSelectedSupportTarget","Float32","Direction","FootMotionSelectedSupportTargetAvailable","character-foot-ik/main/foot-motion-selected-support-target-available","1","ConstraintCommittedResult","ConstraintCommittedField","required:facts/75","contact-fit|contact-transition|leg-pose","CharacterFootSampleColumns.Schema"
"main","680","FootMotionSelectedSupportTargetNormalZ","character-foot-ik/main/foot-motion-selected-support-target-normal","Vector3","Z","FootMotionSelectedSupportTarget","Float32","Direction","FootMotionSelectedSupportTargetAvailable","character-foot-ik/main/foot-motion-selected-support-target-available","1","ConstraintCommittedResult","ConstraintCommittedField","required:facts/75","contact-fit|contact-transition|leg-pose","CharacterFootSampleColumns.Schema"
"main","681","FootMotionSelectedSupportTargetSurfaceIdentity","character-foot-ik/main/foot-motion-selected-support-target-surface-identity","Int32","","FootMotionSelectedSupportTarget","Int32","Identity","FootMotionSelectedSupportTargetAvailable","character-foot-ik/main/foot-motion-selected-support-target-available","1","ConstraintCommittedResult","ConstraintCommittedField","required:facts/75","contact-fit|contact-transition|leg-pose","CharacterFootSampleColumns.Schema"
"main","682","FootMotionSelectedSupportTargetWorldRevision","character-foot-ik/main/foot-motion-selected-support-target-world-revision","UInt64","","FootMotionSelectedSupportTarget","UInt64","Identity","FootMotionSelectedSupportTargetAvailable","character-foot-ik/main/foot-motion-selected-support-target-available","1","ConstraintCommittedResult","ConstraintCommittedField","required:facts/75","contact-fit|contact-transition|leg-pose","CharacterFootSampleColumns.Schema"
"main","683","FootMotionSelectedSupportTargetKind","character-foot-ik/main/foot-motion-selected-support-target-kind","Int32","","FootMotionSelectedSupportTarget","Text","Category","FootMotionSelectedSupportTargetAvailable","character-foot-ik/main/foot-motion-selected-support-target-available","1","ConstraintCommittedResult","ConstraintCommittedField+HostEnumFormatting","required:facts/75","contact-fit|contact-transition|leg-pose","CharacterFootSampleColumns.Schema"
"main","684","FootMotionSelectedSupportTargetPositionSource","character-foot-ik/main/foot-motion-selected-support-target-position-source","Int32","","FootMotionSelectedSupportTarget","Text","Category","FootMotionSelectedSupportTargetAvailable","character-foot-ik/main/foot-motion-selected-support-target-available","1","ConstraintCommittedResult","ConstraintCommittedField+HostEnumFormatting","required:facts/75","contact-fit|contact-transition|leg-pose","CharacterFootSampleColumns.Schema"
"main","685","FootMotionSelectedSupportTargetPositionFrameSequence","character-foot-ik/main/foot-motion-selected-support-target-position-frame-sequence","UInt64","","FootMotionSelectedSupportTarget","UInt64","Frame","FootMotionSelectedSupportTargetAvailable","character-foot-ik/main/foot-motion-selected-support-target-available","1","ConstraintCommittedResult","ConstraintCommittedField","required:facts/75","contact-fit|contact-transition|leg-pose","CharacterFootSampleColumns.Schema"
"main","686","FootMotionSelectedSupportTargetPositionCompletionIdentity","character-foot-ik/main/foot-motion-selected-support-target-position-completion-identity","UInt64","","FootMotionSelectedSupportTarget","UInt64","Identity","FootMotionSelectedSupportTargetAvailable","character-foot-ik/main/foot-motion-selected-support-target-available","1","ConstraintCommittedResult","ConstraintCommittedField","required:facts/75","contact-fit|contact-transition|leg-pose","CharacterFootSampleColumns.Schema"
"main","687","FootMotionSelectedSupportTargetPositionEventIdentity","character-foot-ik/main/foot-motion-selected-support-target-position-event-identity","UInt64","","FootMotionSelectedSupportTarget","UInt64","Identity","FootMotionSelectedSupportTargetAvailable","character-foot-ik/main/foot-motion-selected-support-target-available","1","ConstraintCommittedResult","ConstraintCommittedField","required:facts/75","contact-fit|contact-transition|leg-pose","CharacterFootSampleColumns.Schema"
"main","688","FootMotionSelectedSupportTargetPositionPathIdentity","character-foot-ik/main/foot-motion-selected-support-target-position-path-identity","UInt64","","FootMotionSelectedSupportTarget","UInt64","Identity","FootMotionSelectedSupportTargetAvailable","character-foot-ik/main/foot-motion-selected-support-target-available","1","ConstraintCommittedResult","ConstraintCommittedField","required:facts/75","contact-fit|contact-transition|leg-pose","CharacterFootSampleColumns.Schema"
"main","689","FootMotionSelectedSupportTargetNormalSource","character-foot-ik/main/foot-motion-selected-support-target-normal-source","Int32","","FootMotionSelectedSupportTarget","Text","Category","FootMotionSelectedSupportTargetAvailable","character-foot-ik/main/foot-motion-selected-support-target-available","1","ConstraintCommittedResult","ConstraintCommittedField+HostEnumFormatting","required:facts/75","contact-fit|contact-transition|leg-pose","CharacterFootSampleColumns.Schema"
"main","690","FootMotionSelectedSupportTargetNormalFrameSequence","character-foot-ik/main/foot-motion-selected-support-target-normal-frame-sequence","UInt64","","FootMotionSelectedSupportTarget","UInt64","Frame","FootMotionSelectedSupportTargetAvailable","character-foot-ik/main/foot-motion-selected-support-target-available","1","ConstraintCommittedResult","ConstraintCommittedField","required:facts/75","contact-fit|contact-transition|leg-pose","CharacterFootSampleColumns.Schema"
"main","691","FootMotionSelectedSupportTargetNormalCompletionIdentity","character-foot-ik/main/foot-motion-selected-support-target-normal-completion-identity","UInt64","","FootMotionSelectedSupportTarget","UInt64","Identity","FootMotionSelectedSupportTargetAvailable","character-foot-ik/main/foot-motion-selected-support-target-available","1","ConstraintCommittedResult","ConstraintCommittedField","required:facts/75","contact-fit|contact-transition|leg-pose","CharacterFootSampleColumns.Schema"
"main","692","FootMotionSelectedSupportTargetNormalEventIdentity","character-foot-ik/main/foot-motion-selected-support-target-normal-event-identity","UInt64","","FootMotionSelectedSupportTarget","UInt64","Identity","FootMotionSelectedSupportTargetAvailable","character-foot-ik/main/foot-motion-selected-support-target-available","1","ConstraintCommittedResult","ConstraintCommittedField","required:facts/75","contact-fit|contact-transition|leg-pose","CharacterFootSampleColumns.Schema"
"main","693","FootMotionPlantTargetHeightAdoptionMode","character-foot-ik/main/foot-motion-plant-target-height-adoption-mode","Int32","","ResponseContact","Text","Category","","","1","ConstraintCommittedResult","ConstraintCommittedField+HostEnumFormatting","required:facts/75","stable-swing|path-revision|contact-transition","CharacterFootSampleColumns.Schema"
"main","694","FootMotionPlantTargetMaximumVerticalSpeed","character-foot-ik/main/foot-motion-plant-target-maximum-vertical-speed","Float32","","ResponseContact","Float32","MetresPerSecond","","","1","ConstraintCommittedResult","ConstraintCommittedField","required:facts/75","stable-swing|path-revision|contact-transition","CharacterFootSampleColumns.Schema"
"main","695","FootMotionPlantTargetHeightBefore","character-foot-ik/main/foot-motion-plant-target-height-before","Float32","","ResponseContact","Float32","Metres","","","1","ConstraintCommittedResult","ConstraintCommittedField","required:facts/75","stable-swing|path-revision|contact-transition","CharacterFootSampleColumns.Schema"
"main","696","FootMotionPlantTargetHeightTarget","character-foot-ik/main/foot-motion-plant-target-height-target","Float32","","ResponseContact","Float32","Metres","","","1","ConstraintCommittedResult","ConstraintCommittedField","required:facts/75","stable-swing|path-revision|contact-transition","CharacterFootSampleColumns.Schema"
"main","697","FootMotionPlantTargetVerticalDelta","character-foot-ik/main/foot-motion-plant-target-vertical-delta","Float32","","ResponseContact","Float32","Metres","","","1","ConstraintCommittedResult","ConstraintCommittedField","required:facts/75","stable-swing|path-revision|contact-transition","CharacterFootSampleColumns.Schema"
"main","698","FootMotionPlantTargetAppliedVerticalDelta","character-foot-ik/main/foot-motion-plant-target-applied-vertical-delta","Float32","","ResponseContact","Float32","Metres","","","1","ConstraintCommittedResult","ConstraintCommittedField","required:facts/75","stable-swing|path-revision|contact-transition","CharacterFootSampleColumns.Schema"
"main","699","FootMotionPlantTargetHeightAfter","character-foot-ik/main/foot-motion-plant-target-height-after","Float32","","ResponseContact","Float32","Metres","","","1","ConstraintCommittedResult","ConstraintCommittedField","required:facts/75","stable-swing|path-revision|contact-transition","CharacterFootSampleColumns.Schema"
"main","700","FootMotionPlantTargetHeightEventIdentity","character-foot-ik/main/foot-motion-plant-target-height-event-identity","UInt64","","ResponseContact","UInt64","Identity","","","1","ConstraintCommittedResult","ConstraintCommittedField","required:facts/75","stable-swing|path-revision|contact-transition","CharacterFootSampleColumns.Schema"
"main","701","FootMotionPlantTargetHeightUpdateReason","character-foot-ik/main/foot-motion-plant-target-height-update-reason","Int32","","ResponseContact","Text","Category","","","1","ConstraintCommittedResult","ConstraintCommittedField+HostEnumFormatting","required:facts/75","stable-swing|path-revision|contact-transition","CharacterFootSampleColumns.Schema"
"main","702","FootMotionPlantTargetForceRefreshed","character-foot-ik/main/foot-motion-plant-target-force-refreshed","Boolean","","ResponseContact","Boolean","None","","","1","ConstraintCommittedResult","ConstraintCommittedField","required:facts/75","stable-swing|path-revision|contact-transition","CharacterFootSampleColumns.Schema"
"main","703","FootMotionPlantTargetForceRefreshDistance","character-foot-ik/main/foot-motion-plant-target-force-refresh-distance","Float32","","ResponseContact","Float32","Metres","","","1","ConstraintCommittedResult","ConstraintCommittedField","required:facts/75","stable-swing|path-revision|contact-transition","CharacterFootSampleColumns.Schema"
"main","704","FootMotionPlantTargetVerticalClamped","character-foot-ik/main/foot-motion-plant-target-vertical-clamped","Boolean","","ResponseContact","Boolean","None","","","1","ConstraintCommittedResult","ConstraintCommittedField","required:facts/75","stable-swing|path-revision|contact-transition","CharacterFootSampleColumns.Schema"
"main","705","FootMotionPlantPreviousSelectedWorldTargetX","character-foot-ik/main/foot-motion-plant-previous-selected-world-target","Vector3","X","ResponseContact","Float32","Metres","","","1","ConstraintCommittedResult","ConstraintCommittedField","required:facts/75","stable-swing|path-revision|contact-transition","CharacterFootSampleColumns.Schema"
"main","706","FootMotionPlantPreviousSelectedWorldTargetY","character-foot-ik/main/foot-motion-plant-previous-selected-world-target","Vector3","Y","ResponseContact","Float32","Metres","","","1","ConstraintCommittedResult","ConstraintCommittedField","required:facts/75","stable-swing|path-revision|contact-transition","CharacterFootSampleColumns.Schema"
"main","707","FootMotionPlantPreviousSelectedWorldTargetZ","character-foot-ik/main/foot-motion-plant-previous-selected-world-target","Vector3","Z","ResponseContact","Float32","Metres","","","1","ConstraintCommittedResult","ConstraintCommittedField","required:facts/75","stable-swing|path-revision|contact-transition","CharacterFootSampleColumns.Schema"
"main","708","FootMotionPlantSelectedWorldTargetX","character-foot-ik/main/foot-motion-plant-selected-world-target","Vector3","X","ResponseContact","Float32","Metres","","","1","ConstraintCommittedResult","ConstraintCommittedField","required:facts/75","stable-swing|path-revision|contact-transition","CharacterFootSampleColumns.Schema"
"main","709","FootMotionPlantSelectedWorldTargetY","character-foot-ik/main/foot-motion-plant-selected-world-target","Vector3","Y","ResponseContact","Float32","Metres","","","1","ConstraintCommittedResult","ConstraintCommittedField","required:facts/75","stable-swing|path-revision|contact-transition","CharacterFootSampleColumns.Schema"
"main","710","FootMotionPlantSelectedWorldTargetZ","character-foot-ik/main/foot-motion-plant-selected-world-target","Vector3","Z","ResponseContact","Float32","Metres","","","1","ConstraintCommittedResult","ConstraintCommittedField","required:facts/75","stable-swing|path-revision|contact-transition","CharacterFootSampleColumns.Schema"
"main","711","FootMotionPreviousResponseOutputAvailable","character-foot-ik/main/foot-motion-previous-response-output-available","Boolean","","ResponseContact","Boolean","None","","","1","ConstraintCommittedResult","ConstraintCommittedField","required:facts/75","stable-swing|path-revision|contact-transition","CharacterFootSampleColumns.Schema"
"main","712","FootMotionPreviousResponseOutputPointX","character-foot-ik/main/foot-motion-previous-response-output-point","Vector3","X","ResponseContact","Float32","Metres","FootMotionPreviousResponseOutputAvailable","character-foot-ik/main/foot-motion-previous-response-output-available","1","ConstraintCommittedResult","ConstraintCommittedField","required:facts/75","stable-swing|path-revision|contact-transition","CharacterFootSampleColumns.Schema"
"main","713","FootMotionPreviousResponseOutputPointY","character-foot-ik/main/foot-motion-previous-response-output-point","Vector3","Y","ResponseContact","Float32","Metres","FootMotionPreviousResponseOutputAvailable","character-foot-ik/main/foot-motion-previous-response-output-available","1","ConstraintCommittedResult","ConstraintCommittedField","required:facts/75","stable-swing|path-revision|contact-transition","CharacterFootSampleColumns.Schema"
"main","714","FootMotionPreviousResponseOutputPointZ","character-foot-ik/main/foot-motion-previous-response-output-point","Vector3","Z","ResponseContact","Float32","Metres","FootMotionPreviousResponseOutputAvailable","character-foot-ik/main/foot-motion-previous-response-output-available","1","ConstraintCommittedResult","ConstraintCommittedField","required:facts/75","stable-swing|path-revision|contact-transition","CharacterFootSampleColumns.Schema"
"main","715","FootMotionDesiredOutputPointX","character-foot-ik/main/foot-motion-desired-output-point","Vector3","X","ResponseContact","Float32","Metres","","","1","ConstraintCommittedResult","ConstraintCommittedField","required:facts/75","stable-swing|path-revision|contact-transition","CharacterFootSampleColumns.Schema"
"main","716","FootMotionDesiredOutputPointY","character-foot-ik/main/foot-motion-desired-output-point","Vector3","Y","ResponseContact","Float32","Metres","","","1","ConstraintCommittedResult","ConstraintCommittedField","required:facts/75","stable-swing|path-revision|contact-transition","CharacterFootSampleColumns.Schema"
"main","717","FootMotionDesiredOutputPointZ","character-foot-ik/main/foot-motion-desired-output-point","Vector3","Z","ResponseContact","Float32","Metres","","","1","ConstraintCommittedResult","ConstraintCommittedField","required:facts/75","stable-swing|path-revision|contact-transition","CharacterFootSampleColumns.Schema"
"main","718","FootMotionResponseOutputPointX","character-foot-ik/main/foot-motion-response-output-point","Vector3","X","ResponseContact","Float32","Metres","","","1","ConstraintCommittedResult","ConstraintCommittedField","required:facts/75","stable-swing|path-revision|contact-transition","CharacterFootSampleColumns.Schema"
"main","719","FootMotionResponseOutputPointY","character-foot-ik/main/foot-motion-response-output-point","Vector3","Y","ResponseContact","Float32","Metres","","","1","ConstraintCommittedResult","ConstraintCommittedField","required:facts/75","stable-swing|path-revision|contact-transition","CharacterFootSampleColumns.Schema"
"main","720","FootMotionResponseOutputPointZ","character-foot-ik/main/foot-motion-response-output-point","Vector3","Z","ResponseContact","Float32","Metres","","","1","ConstraintCommittedResult","ConstraintCommittedField","required:facts/75","stable-swing|path-revision|contact-transition","CharacterFootSampleColumns.Schema"
"main","721","FootMotionPlantResidualCaptureReason","character-foot-ik/main/foot-motion-plant-residual-capture-reason","Int32","","ResponseContact","Text","Category","","","1","ConstraintCommittedResult","ConstraintCommittedField+HostEnumFormatting","required:facts/75","stable-swing|path-revision|contact-transition","CharacterFootSampleColumns.Schema"
"main","722","FootMotionPlantWorldResidualBeforeCaptureX","character-foot-ik/main/foot-motion-plant-world-residual-before-capture","Vector3","X","ResponseContact","Float32","Metres","","","1","ConstraintCommittedResult","ConstraintCommittedField","required:facts/75","stable-swing|path-revision|contact-transition","CharacterFootSampleColumns.Schema"
"main","723","FootMotionPlantWorldResidualBeforeCaptureY","character-foot-ik/main/foot-motion-plant-world-residual-before-capture","Vector3","Y","ResponseContact","Float32","Metres","","","1","ConstraintCommittedResult","ConstraintCommittedField","required:facts/75","stable-swing|path-revision|contact-transition","CharacterFootSampleColumns.Schema"
"main","724","FootMotionPlantWorldResidualBeforeCaptureZ","character-foot-ik/main/foot-motion-plant-world-residual-before-capture","Vector3","Z","ResponseContact","Float32","Metres","","","1","ConstraintCommittedResult","ConstraintCommittedField","required:facts/75","stable-swing|path-revision|contact-transition","CharacterFootSampleColumns.Schema"
"main","725","FootMotionPlantWorldResidualCapturedBeforeDecayX","character-foot-ik/main/foot-motion-plant-world-residual-captured-before-decay","Vector3","X","ResponseContact","Float32","Metres","","","1","ConstraintCommittedResult","ConstraintCommittedField","required:facts/75","stable-swing|path-revision|contact-transition","CharacterFootSampleColumns.Schema"
"main","726","FootMotionPlantWorldResidualCapturedBeforeDecayY","character-foot-ik/main/foot-motion-plant-world-residual-captured-before-decay","Vector3","Y","ResponseContact","Float32","Metres","","","1","ConstraintCommittedResult","ConstraintCommittedField","required:facts/75","stable-swing|path-revision|contact-transition","CharacterFootSampleColumns.Schema"
"main","727","FootMotionPlantWorldResidualCapturedBeforeDecayZ","character-foot-ik/main/foot-motion-plant-world-residual-captured-before-decay","Vector3","Z","ResponseContact","Float32","Metres","","","1","ConstraintCommittedResult","ConstraintCommittedField","required:facts/75","stable-swing|path-revision|contact-transition","CharacterFootSampleColumns.Schema"
"main","728","FootMotionPlantWorldResidualDecayApplied","character-foot-ik/main/foot-motion-plant-world-residual-decay-applied","Boolean","","ResponseContact","Boolean","None","","","1","ConstraintCommittedResult","ConstraintCommittedField","required:facts/75","stable-swing|path-revision|contact-transition","CharacterFootSampleColumns.Schema"
"main","729","FootMotionPlantWorldResidualBaseHalfLifeSeconds","character-foot-ik/main/foot-motion-plant-world-residual-base-half-life-seconds","Float32","","ResponseContact","Float32","Seconds","","","1","ConstraintCommittedResult","ConstraintCommittedField","required:facts/75","stable-swing|path-revision|contact-transition","CharacterFootSampleColumns.Schema"
"main","730","FootMotionPlantWorldResidualDeadlineHalfLifeAvailable","character-foot-ik/main/foot-motion-plant-world-residual-deadline-half-life-available","Boolean","","ResponseContact","Boolean","None","","","1","ConstraintCommittedResult","ConstraintCommittedField","required:facts/75","stable-swing|path-revision|contact-transition","CharacterFootSampleColumns.Schema"
"main","731","FootMotionPlantWorldResidualDeadlineHalfLifeSeconds","character-foot-ik/main/foot-motion-plant-world-residual-deadline-half-life-seconds","Float32","","ResponseContact","Float32","Seconds","FootMotionPlantWorldResidualDeadlineHalfLifeAvailable","character-foot-ik/main/foot-motion-plant-world-residual-deadline-half-life-available","1","ConstraintCommittedResult","ConstraintCommittedField","required:facts/75","stable-swing|path-revision|contact-transition","CharacterFootSampleColumns.Schema"
"main","732","FootMotionPlantWorldResidualAppliedHalfLifeSeconds","character-foot-ik/main/foot-motion-plant-world-residual-applied-half-life-seconds","Float32","","ResponseContact","Float32","Seconds","","","1","ConstraintCommittedResult","ConstraintCommittedField","required:facts/75","stable-swing|path-revision|contact-transition","CharacterFootSampleColumns.Schema"
"main","733","FootMotionPlantWorldResidualAfterDecayX","character-foot-ik/main/foot-motion-plant-world-residual-after-decay","Vector3","X","ResponseContact","Float32","Metres","","","1","ConstraintCommittedResult","ConstraintCommittedField","required:facts/75","stable-swing|path-revision|contact-transition","CharacterFootSampleColumns.Schema"
"main","734","FootMotionPlantWorldResidualAfterDecayY","character-foot-ik/main/foot-motion-plant-world-residual-after-decay","Vector3","Y","ResponseContact","Float32","Metres","","","1","ConstraintCommittedResult","ConstraintCommittedField","required:facts/75","stable-swing|path-revision|contact-transition","CharacterFootSampleColumns.Schema"
"main","735","FootMotionPlantWorldResidualAfterDecayZ","character-foot-ik/main/foot-motion-plant-world-residual-after-decay","Vector3","Z","ResponseContact","Float32","Metres","","","1","ConstraintCommittedResult","ConstraintCommittedField","required:facts/75","stable-swing|path-revision|contact-transition","CharacterFootSampleColumns.Schema"
"main","736","FootMotionPlantWorldResidualCompletionTolerance","character-foot-ik/main/foot-motion-plant-world-residual-completion-tolerance","Float32","","ResponseContact","Float32","Metres","","","1","ConstraintCommittedResult","ConstraintCommittedField","required:facts/75","stable-swing|path-revision|contact-transition","CharacterFootSampleColumns.Schema"
"main","737","FootMotionPlantWorldResidualClearedAtCompletionTolerance","character-foot-ik/main/foot-motion-plant-world-residual-cleared-at-completion-tolerance","Boolean","","ResponseContact","Boolean","None","","","1","ConstraintCommittedResult","ConstraintCommittedField","required:facts/75","stable-swing|path-revision|contact-transition","CharacterFootSampleColumns.Schema"
"main","738","FootMotionCorrectionResponseDomain","character-foot-ik/main/foot-motion-correction-response-domain","Int32","","ResponseContact","Text","Category","","","1","ConstraintCommittedResult","ConstraintCommittedField+HostEnumFormatting","required:facts/75","stable-swing|path-revision|contact-transition","CharacterFootSampleColumns.Schema"
"main","739","FootMotionCorrectionResponsePreviousDomain","character-foot-ik/main/foot-motion-correction-response-previous-domain","Int32","","ResponseContact","Text","Category","","","1","ConstraintCommittedResult","ConstraintCommittedField+HostEnumFormatting","required:facts/75","stable-swing|path-revision|contact-transition","CharacterFootSampleColumns.Schema"
"main","740","FootMotionCorrectionResponseDomainTransferred","character-foot-ik/main/foot-motion-correction-response-domain-transferred","Boolean","","ResponseContact","Boolean","None","","","1","ConstraintCommittedResult","ConstraintCommittedField","required:facts/75","stable-swing|path-revision|contact-transition","CharacterFootSampleColumns.Schema"
"main","741","FootMotionCorrectionResponseEvaluated","character-foot-ik/main/foot-motion-correction-response-evaluated","Boolean","","ResponseContact","Boolean","None","","","1","ConstraintCommittedResult","ConstraintCommittedField","required:facts/75","stable-swing|path-revision|contact-transition","CharacterFootSampleColumns.Schema"
"main","742","FootMotionCorrectionResponseInitializedBefore","character-foot-ik/main/foot-motion-correction-response-initialized-before","Boolean","","ResponseContact","Boolean","None","","","1","ConstraintCommittedResult","ConstraintCommittedField","required:facts/75","stable-swing|path-revision|contact-transition","CharacterFootSampleColumns.Schema"
"main","743","FootMotionCorrectionResponseInitializedThisFrame","character-foot-ik/main/foot-motion-correction-response-initialized-this-frame","Boolean","","ResponseContact","Boolean","None","","","1","ConstraintCommittedResult","ConstraintCommittedField","required:facts/75","stable-swing|path-revision|contact-transition","CharacterFootSampleColumns.Schema"
"main","744","FootMotionCorrectionResponseInitializationReason","character-foot-ik/main/foot-motion-correction-response-initialization-reason","Int32","","ResponseContact","Text","Category","","","1","ConstraintCommittedResult","ConstraintCommittedField+HostEnumFormatting","required:facts/75","stable-swing|path-revision|contact-transition","CharacterFootSampleColumns.Schema"
"main","745","FootMotionCorrectionResponseDesired","character-foot-ik/main/foot-motion-correction-response-desired","Float32","","ResponseContact","Float32","Metres","","","1","ConstraintCommittedResult","ConstraintCommittedField","required:facts/75","stable-swing|path-revision|contact-transition","CharacterFootSampleColumns.Schema"
"main","746","FootMotionCorrectionResponseRequestedDirectionX","character-foot-ik/main/foot-motion-correction-response-requested-direction","Vector3","X","ResponseContact","Float32","Direction","","","1","ConstraintCommittedResult","ConstraintCommittedField","required:facts/75","stable-swing|path-revision|contact-transition","CharacterFootSampleColumns.Schema"
"main","747","FootMotionCorrectionResponseRequestedDirectionY","character-foot-ik/main/foot-motion-correction-response-requested-direction","Vector3","Y","ResponseContact","Float32","Direction","","","1","ConstraintCommittedResult","ConstraintCommittedField","required:facts/75","stable-swing|path-revision|contact-transition","CharacterFootSampleColumns.Schema"
"main","748","FootMotionCorrectionResponseRequestedDirectionZ","character-foot-ik/main/foot-motion-correction-response-requested-direction","Vector3","Z","ResponseContact","Float32","Direction","","","1","ConstraintCommittedResult","ConstraintCommittedField","required:facts/75","stable-swing|path-revision|contact-transition","CharacterFootSampleColumns.Schema"
"main","749","FootMotionCorrectionResponsePreviousDirectionX","character-foot-ik/main/foot-motion-correction-response-previous-direction","Vector3","X","ResponseContact","Float32","Direction","","","1","ConstraintCommittedResult","ConstraintCommittedField","required:facts/75","stable-swing|path-revision|contact-transition","CharacterFootSampleColumns.Schema"
"main","750","FootMotionCorrectionResponsePreviousDirectionY","character-foot-ik/main/foot-motion-correction-response-previous-direction","Vector3","Y","ResponseContact","Float32","Direction","","","1","ConstraintCommittedResult","ConstraintCommittedField","required:facts/75","stable-swing|path-revision|contact-transition","CharacterFootSampleColumns.Schema"
"main","751","FootMotionCorrectionResponsePreviousDirectionZ","character-foot-ik/main/foot-motion-correction-response-previous-direction","Vector3","Z","ResponseContact","Float32","Direction","","","1","ConstraintCommittedResult","ConstraintCommittedField","required:facts/75","stable-swing|path-revision|contact-transition","CharacterFootSampleColumns.Schema"
"main","752","FootMotionCorrectionResponseDirectionLimited","character-foot-ik/main/foot-motion-correction-response-direction-limited","Boolean","","ResponseContact","Boolean","None","","","1","ConstraintCommittedResult","ConstraintCommittedField","required:facts/75","stable-swing|path-revision|contact-transition","CharacterFootSampleColumns.Schema"
"main","753","FootMotionCorrectionResponseMaximumDirectionChangeDegrees","character-foot-ik/main/foot-motion-correction-response-maximum-direction-change-degrees","Float32","","ResponseContact","Float32","Degrees","","","1","ConstraintCommittedResult","ConstraintCommittedField","required:facts/75","stable-swing|path-revision|contact-transition","CharacterFootSampleColumns.Schema"
"main","754","FootMotionCorrectionResponseAppliedDirectionChangeDegrees","character-foot-ik/main/foot-motion-correction-response-applied-direction-change-degrees","Float32","","ResponseContact","Float32","Degrees","","","1","ConstraintCommittedResult","ConstraintCommittedField","required:facts/75","stable-swing|path-revision|contact-transition","CharacterFootSampleColumns.Schema"
"main","755","FootMotionCorrectionResponseVisibleOutputTransferred","character-foot-ik/main/foot-motion-correction-response-visible-output-transferred","Boolean","","ResponseContact","Boolean","None","","","1","ConstraintCommittedResult","ConstraintCommittedField","required:facts/75","stable-swing|path-revision|contact-transition","CharacterFootSampleColumns.Schema"
"main","756","FootMotionCorrectionResponseBeforeRebase","character-foot-ik/main/foot-motion-correction-response-before-rebase","Float32","","ResponseContact","Float32","Metres","","","1","ConstraintCommittedResult","ConstraintCommittedField","required:facts/75","stable-swing|path-revision|contact-transition","CharacterFootSampleColumns.Schema"
"main","757","FootMotionCorrectionResponsePrevious","character-foot-ik/main/foot-motion-correction-response-previous","Float32","","ResponseContact","Float32","Metres","","","1","ConstraintCommittedResult","ConstraintCommittedField","required:facts/75","stable-swing|path-revision|contact-transition","CharacterFootSampleColumns.Schema"
"main","758","FootMotionCorrectionResponseCurrent","character-foot-ik/main/foot-motion-correction-response-current","Float32","","ResponseContact","Float32","Metres","","","1","ConstraintCommittedResult","ConstraintCommittedField","required:facts/75","stable-swing|path-revision|contact-transition","CharacterFootSampleColumns.Schema"
"main","759","FootMotionCorrectionResponseDirectionX","character-foot-ik/main/foot-motion-correction-response-direction","Vector3","X","ResponseContact","Float32","Direction","","","1","ConstraintCommittedResult","ConstraintCommittedField","required:facts/75","stable-swing|path-revision|contact-transition","CharacterFootSampleColumns.Schema"
"main","760","FootMotionCorrectionResponseDirectionY","character-foot-ik/main/foot-motion-correction-response-direction","Vector3","Y","ResponseContact","Float32","Direction","","","1","ConstraintCommittedResult","ConstraintCommittedField","required:facts/75","stable-swing|path-revision|contact-transition","CharacterFootSampleColumns.Schema"
"main","761","FootMotionCorrectionResponseDirectionZ","character-foot-ik/main/foot-motion-correction-response-direction","Vector3","Z","ResponseContact","Float32","Direction","","","1","ConstraintCommittedResult","ConstraintCommittedField","required:facts/75","stable-swing|path-revision|contact-transition","CharacterFootSampleColumns.Schema"
"main","762","FootMotionCorrectionResponseDeltaDirection","character-foot-ik/main/foot-motion-correction-response-delta-direction","Int32","","ResponseContact","Text","Category","","","1","ConstraintCommittedResult","ConstraintCommittedField+HostEnumFormatting","required:facts/75","stable-swing|path-revision|contact-transition","CharacterFootSampleColumns.Schema"
"main","763","FootMotionCorrectionResponseSelectedSpeed","character-foot-ik/main/foot-motion-correction-response-selected-speed","Float32","","ResponseContact","Float32","MetresPerSecond","","","1","ConstraintCommittedResult","ConstraintCommittedField","required:facts/75","stable-swing|path-revision|contact-transition","CharacterFootSampleColumns.Schema"
"main","764","FootMotionCorrectionResponseAppliedDelta","character-foot-ik/main/foot-motion-correction-response-applied-delta","Float32","","ResponseContact","Float32","Metres","","","1","ConstraintCommittedResult","ConstraintCommittedField","required:facts/75","stable-swing|path-revision|contact-transition","CharacterFootSampleColumns.Schema"
"main","765","FootMotionPlantVerticalContinuityOwners","character-foot-ik/main/foot-motion-plant-vertical-continuity-owners","Int32","","ResponseContact","Text","Category","","","1","ConstraintCommittedResult","ConstraintCommittedField+HostEnumFormatting","required:facts/75","stable-swing|path-revision|contact-transition","CharacterFootSampleColumns.Schema"
"main","766","FootMotionPlantEffectiveCorrectionBeforeX","character-foot-ik/main/foot-motion-plant-effective-correction-before","Vector3","X","ResponseContact","Float32","Metres","","","1","ConstraintCommittedResult","ConstraintCommittedField","required:facts/75","stable-swing|path-revision|contact-transition","CharacterFootSampleColumns.Schema"
"main","767","FootMotionPlantEffectiveCorrectionBeforeY","character-foot-ik/main/foot-motion-plant-effective-correction-before","Vector3","Y","ResponseContact","Float32","Metres","","","1","ConstraintCommittedResult","ConstraintCommittedField","required:facts/75","stable-swing|path-revision|contact-transition","CharacterFootSampleColumns.Schema"
"main","768","FootMotionPlantEffectiveCorrectionBeforeZ","character-foot-ik/main/foot-motion-plant-effective-correction-before","Vector3","Z","ResponseContact","Float32","Metres","","","1","ConstraintCommittedResult","ConstraintCommittedField","required:facts/75","stable-swing|path-revision|contact-transition","CharacterFootSampleColumns.Schema"
"main","769","FootMotionPlantEffectiveCorrectionAfterX","character-foot-ik/main/foot-motion-plant-effective-correction-after","Vector3","X","ResponseContact","Float32","Metres","","","1","ConstraintCommittedResult","ConstraintCommittedField","required:facts/75","stable-swing|path-revision|contact-transition","CharacterFootSampleColumns.Schema"
"main","770","FootMotionPlantEffectiveCorrectionAfterY","character-foot-ik/main/foot-motion-plant-effective-correction-after","Vector3","Y","ResponseContact","Float32","Metres","","","1","ConstraintCommittedResult","ConstraintCommittedField","required:facts/75","stable-swing|path-revision|contact-transition","CharacterFootSampleColumns.Schema"
"main","771","FootMotionPlantEffectiveCorrectionAfterZ","character-foot-ik/main/foot-motion-plant-effective-correction-after","Vector3","Z","ResponseContact","Float32","Metres","","","1","ConstraintCommittedResult","ConstraintCommittedField","required:facts/75","stable-swing|path-revision|contact-transition","CharacterFootSampleColumns.Schema"
"main","772","FootMotionPlantOutputDistance","character-foot-ik/main/foot-motion-plant-output-distance","Float32","","ResponseContact","Float32","Metres","","","1","ConstraintCommittedResult","ConstraintCommittedField","required:facts/75","stable-swing|path-revision|contact-transition","CharacterFootSampleColumns.Schema"
"main","773","FootMotionPlantPenetrationDepth","character-foot-ik/main/foot-motion-plant-penetration-depth","Float32","","ResponseContact","Float32","Metres","","","1","ConstraintCommittedResult","ConstraintCommittedField","required:facts/75","stable-swing|path-revision|contact-transition","CharacterFootSampleColumns.Schema"
"main","774","CurrentSupportFrameSequence","character-foot-ik/main/current-support-frame-sequence","UInt64","","CurrentSupport","UInt64","Frame","","","1","ConstraintCommittedResult","ConstraintCommittedField","required:facts/75","penetration|contact-fit|contact-transition|locked-horizontal","CharacterFootSampleColumns.Schema"
"main","775","CurrentSupportCompletionIdentity","character-foot-ik/main/current-support-completion-identity","UInt64","","CurrentSupport","UInt64","Identity","","","1","ConstraintCommittedResult","ConstraintCommittedField","required:facts/75","penetration|contact-fit|contact-transition|locked-horizontal","CharacterFootSampleColumns.Schema"
"main","776","CurrentSupportWorldRevision","character-foot-ik/main/current-support-world-revision","UInt64","","CurrentSupport","UInt64","Identity","","","1","ConstraintCommittedResult","ConstraintCommittedField","required:facts/75","penetration|contact-fit|contact-transition|locked-horizontal","CharacterFootSampleColumns.Schema"
"main","777","CurrentSupportIsSpecified","character-foot-ik/main/current-support-is-specified","Boolean","","CurrentSupport","Boolean","None","","","1","ConstraintCommittedResult","ConstraintCommittedField","required:facts/75","penetration|contact-fit|contact-transition|locked-horizontal","CharacterFootSampleColumns.Schema"
"main","778","CurrentSupportAvailable","character-foot-ik/main/current-support-available","Boolean","","CurrentSupport","Boolean","None","","","1","ConstraintCommittedResult","ConstraintCommittedField","required:facts/75","penetration|contact-fit|contact-transition|locked-horizontal","CharacterFootSampleColumns.Schema"
"main","779","CurrentSupportRejectReason","character-foot-ik/main/current-support-reject-reason","Int32","","CurrentSupport","Text","Category","","","1","ConstraintCommittedResult","ConstraintCommittedField+HostEnumFormatting","required:facts/75","penetration|contact-fit|contact-transition|locked-horizontal","CharacterFootSampleColumns.Schema"
"main","780","CurrentSupportHeelPurpose","character-foot-ik/main/current-support-heel-purpose","Int32","","CurrentSupport","Text","Category","","","1","ConstraintCommittedResult","ConstraintCommittedField+HostEnumFormatting","required:facts/75","penetration|contact-fit|contact-transition|locked-horizontal","CharacterFootSampleColumns.Schema"
"main","781","CurrentSupportHeelKind","character-foot-ik/main/current-support-heel-kind","Int32","","CurrentSupport","Text","Category","","","1","ConstraintCommittedResult","ConstraintCommittedField+HostEnumFormatting","required:facts/75","penetration|contact-fit|contact-transition|locked-horizontal","CharacterFootSampleColumns.Schema"
"main","782","CurrentSupportHeelState","character-foot-ik/main/current-support-heel-state","Int32","","CurrentSupport","Text","Category","","","1","ConstraintCommittedResult","ConstraintCommittedField+HostEnumFormatting","required:facts/75","penetration|contact-fit|contact-transition|locked-horizontal","CharacterFootSampleColumns.Schema"
"main","783","CurrentSupportHeelRejectReason","character-foot-ik/main/current-support-heel-reject-reason","Int32","","CurrentSupport","Text","Category","","","1","ConstraintCommittedResult","ConstraintCommittedField+HostEnumFormatting","required:facts/75","penetration|contact-fit|contact-transition|locked-horizontal","CharacterFootSampleColumns.Schema"
"main","784","CurrentSupportHeelProbePositionX","character-foot-ik/main/current-support-heel-probe-position","Vector3","X","CurrentSupport","Float32","Metres","","","1","ConstraintCommittedResult","ConstraintCommittedField","required:facts/75","penetration|contact-fit|contact-transition|locked-horizontal","CharacterFootSampleColumns.Schema"
"main","785","CurrentSupportHeelProbePositionY","character-foot-ik/main/current-support-heel-probe-position","Vector3","Y","CurrentSupport","Float32","Metres","","","1","ConstraintCommittedResult","ConstraintCommittedField","required:facts/75","penetration|contact-fit|contact-transition|locked-horizontal","CharacterFootSampleColumns.Schema"
"main","786","CurrentSupportHeelProbePositionZ","character-foot-ik/main/current-support-heel-probe-position","Vector3","Z","CurrentSupport","Float32","Metres","","","1","ConstraintCommittedResult","ConstraintCommittedField","required:facts/75","penetration|contact-fit|contact-transition|locked-horizontal","CharacterFootSampleColumns.Schema"
"main","787","CurrentSupportHeelComponentUpX","character-foot-ik/main/current-support-heel-component-up","Vector3","X","CurrentSupport","Float32","Direction","","","1","ConstraintCommittedResult","ConstraintCommittedField","required:facts/75","penetration|contact-fit|contact-transition|locked-horizontal","CharacterFootSampleColumns.Schema"
"main","788","CurrentSupportHeelComponentUpY","character-foot-ik/main/current-support-heel-component-up","Vector3","Y","CurrentSupport","Float32","Direction","","","1","ConstraintCommittedResult","ConstraintCommittedField","required:facts/75","penetration|contact-fit|contact-transition|locked-horizontal","CharacterFootSampleColumns.Schema"
"main","789","CurrentSupportHeelComponentUpZ","character-foot-ik/main/current-support-heel-component-up","Vector3","Z","CurrentSupport","Float32","Direction","","","1","ConstraintCommittedResult","ConstraintCommittedField","required:facts/75","penetration|contact-fit|contact-transition|locked-horizontal","CharacterFootSampleColumns.Schema"
"main","790","CurrentSupportHeelOriginX","character-foot-ik/main/current-support-heel-origin","Vector3","X","CurrentSupport","Float32","Metres","","","1","ConstraintCommittedResult","ConstraintCommittedField","required:facts/75","penetration|contact-fit|contact-transition|locked-horizontal","CharacterFootSampleColumns.Schema"
"main","791","CurrentSupportHeelOriginY","character-foot-ik/main/current-support-heel-origin","Vector3","Y","CurrentSupport","Float32","Metres","","","1","ConstraintCommittedResult","ConstraintCommittedField","required:facts/75","penetration|contact-fit|contact-transition|locked-horizontal","CharacterFootSampleColumns.Schema"
"main","792","CurrentSupportHeelOriginZ","character-foot-ik/main/current-support-heel-origin","Vector3","Z","CurrentSupport","Float32","Metres","","","1","ConstraintCommittedResult","ConstraintCommittedField","required:facts/75","penetration|contact-fit|contact-transition|locked-horizontal","CharacterFootSampleColumns.Schema"
"main","793","CurrentSupportHeelDirectionX","character-foot-ik/main/current-support-heel-direction","Vector3","X","CurrentSupport","Float32","Direction","","","1","ConstraintCommittedResult","ConstraintCommittedField","required:facts/75","penetration|contact-fit|contact-transition|locked-horizontal","CharacterFootSampleColumns.Schema"
"main","794","CurrentSupportHeelDirectionY","character-foot-ik/main/current-support-heel-direction","Vector3","Y","CurrentSupport","Float32","Direction","","","1","ConstraintCommittedResult","ConstraintCommittedField","required:facts/75","penetration|contact-fit|contact-transition|locked-horizontal","CharacterFootSampleColumns.Schema"
"main","795","CurrentSupportHeelDirectionZ","character-foot-ik/main/current-support-heel-direction","Vector3","Z","CurrentSupport","Float32","Direction","","","1","ConstraintCommittedResult","ConstraintCommittedField","required:facts/75","penetration|contact-fit|contact-transition|locked-horizontal","CharacterFootSampleColumns.Schema"
"main","796","CurrentSupportHeelMaximumDistance","character-foot-ik/main/current-support-heel-maximum-distance","Float32","","CurrentSupport","Float32","Metres","","","1","ConstraintCommittedResult","ConstraintCommittedField","required:facts/75","penetration|contact-fit|contact-transition|locked-horizontal","CharacterFootSampleColumns.Schema"
"main","797","CurrentSupportHeelRadius","character-foot-ik/main/current-support-heel-radius","Float32","","CurrentSupport","Float32","Metres","","","1","ConstraintCommittedResult","ConstraintCommittedField","required:facts/75","penetration|contact-fit|contact-transition|locked-horizontal","CharacterFootSampleColumns.Schema"
"main","798","CurrentSupportHeelLayerMask","character-foot-ik/main/current-support-heel-layer-mask","Int32","","CurrentSupport","Int32","Bitmask","","","1","ConstraintCommittedResult","ConstraintCommittedField","required:facts/75","penetration|contact-fit|contact-transition|locked-horizontal","CharacterFootSampleColumns.Schema"
"main","799","CurrentSupportHeelMinimumGroundNormalDot","character-foot-ik/main/current-support-heel-minimum-ground-normal-dot","Float32","","CurrentSupport","Float32","Unitless","","","1","ConstraintCommittedResult","ConstraintCommittedField","required:facts/75","penetration|contact-fit|contact-transition|locked-horizontal","CharacterFootSampleColumns.Schema"
"main","800","CurrentSupportHeelHitCapacity","character-foot-ik/main/current-support-heel-hit-capacity","Int32","","CurrentSupport","Int32","Count","","","1","ConstraintCommittedResult","ConstraintCommittedField","required:facts/75","penetration|contact-fit|contact-transition|locked-horizontal","CharacterFootSampleColumns.Schema"
"main","801","CurrentSupportHeelCandidateCount","character-foot-ik/main/current-support-heel-candidate-count","Int32","","CurrentSupport","Int32","Count","","","1","ConstraintCommittedResult","ConstraintCommittedField","required:facts/75","penetration|contact-fit|contact-transition|locked-horizontal","CharacterFootSampleColumns.Schema"
"main","802","CurrentSupportHeelSurfaceIdentity","character-foot-ik/main/current-support-heel-surface-identity","Int32","","CurrentSupport","Int32","Identity","CurrentSupportHeelAccepted","character-foot-ik/main/current-support-heel-accepted","1","ConstraintCommittedResult","ConstraintCommittedField","required:facts/75","penetration|contact-fit|contact-transition|locked-horizontal","CharacterFootSampleColumns.Schema"
"main","803","CurrentSupportHeelPointX","character-foot-ik/main/current-support-heel-point","Vector3","X","CurrentSupport","Float32","Metres","CurrentSupportHeelAccepted","character-foot-ik/main/current-support-heel-accepted","1","ConstraintCommittedResult","ConstraintCommittedField","required:facts/75","penetration|contact-fit|contact-transition|locked-horizontal","CharacterFootSampleColumns.Schema"
"main","804","CurrentSupportHeelPointY","character-foot-ik/main/current-support-heel-point","Vector3","Y","CurrentSupport","Float32","Metres","CurrentSupportHeelAccepted","character-foot-ik/main/current-support-heel-accepted","1","ConstraintCommittedResult","ConstraintCommittedField","required:facts/75","penetration|contact-fit|contact-transition|locked-horizontal","CharacterFootSampleColumns.Schema"
"main","805","CurrentSupportHeelPointZ","character-foot-ik/main/current-support-heel-point","Vector3","Z","CurrentSupport","Float32","Metres","CurrentSupportHeelAccepted","character-foot-ik/main/current-support-heel-accepted","1","ConstraintCommittedResult","ConstraintCommittedField","required:facts/75","penetration|contact-fit|contact-transition|locked-horizontal","CharacterFootSampleColumns.Schema"
"main","806","CurrentSupportHeelNormalX","character-foot-ik/main/current-support-heel-normal","Vector3","X","CurrentSupport","Float32","Direction","CurrentSupportHeelAccepted","character-foot-ik/main/current-support-heel-accepted","1","ConstraintCommittedResult","ConstraintCommittedField","required:facts/75","penetration|contact-fit|contact-transition|locked-horizontal","CharacterFootSampleColumns.Schema"
"main","807","CurrentSupportHeelNormalY","character-foot-ik/main/current-support-heel-normal","Vector3","Y","CurrentSupport","Float32","Direction","CurrentSupportHeelAccepted","character-foot-ik/main/current-support-heel-accepted","1","ConstraintCommittedResult","ConstraintCommittedField","required:facts/75","penetration|contact-fit|contact-transition|locked-horizontal","CharacterFootSampleColumns.Schema"
"main","808","CurrentSupportHeelNormalZ","character-foot-ik/main/current-support-heel-normal","Vector3","Z","CurrentSupport","Float32","Direction","CurrentSupportHeelAccepted","character-foot-ik/main/current-support-heel-accepted","1","ConstraintCommittedResult","ConstraintCommittedField","required:facts/75","penetration|contact-fit|contact-transition|locked-horizontal","CharacterFootSampleColumns.Schema"
"main","809","CurrentSupportHeelDistance","character-foot-ik/main/current-support-heel-distance","Float32","","CurrentSupport","Float32","Metres","CurrentSupportHeelAccepted","character-foot-ik/main/current-support-heel-accepted","1","ConstraintCommittedResult","ConstraintCommittedField","required:facts/75","penetration|contact-fit|contact-transition|locked-horizontal","CharacterFootSampleColumns.Schema"
"main","810","CurrentSupportHeelWorldRevision","character-foot-ik/main/current-support-heel-world-revision","UInt64","","CurrentSupport","UInt64","Identity","","","1","ConstraintCommittedResult","ConstraintCommittedField","required:facts/75","penetration|contact-fit|contact-transition|locked-horizontal","CharacterFootSampleColumns.Schema"
"main","811","CurrentSupportHeelSphereCastExecuted","character-foot-ik/main/current-support-heel-sphere-cast-executed","Boolean","","CurrentSupport","Boolean","None","","","1","ConstraintCommittedResult","ConstraintCommittedField","required:facts/75","penetration|contact-fit|contact-transition|locked-horizontal","CharacterFootSampleColumns.Schema"
"main","812","CurrentSupportHeelAccepted","character-foot-ik/main/current-support-heel-accepted","Boolean","","CurrentSupport","Boolean","None","","","1","ConstraintCommittedResult","ConstraintCommittedField","required:facts/75","penetration|contact-fit|contact-transition|locked-horizontal","CharacterFootSampleColumns.Schema"
"main","813","CurrentSupportToePurpose","character-foot-ik/main/current-support-toe-purpose","Int32","","CurrentSupport","Text","Category","","","1","ConstraintCommittedResult","ConstraintCommittedField+HostEnumFormatting","required:facts/75","penetration|contact-fit|contact-transition|locked-horizontal","CharacterFootSampleColumns.Schema"
"main","814","CurrentSupportToeKind","character-foot-ik/main/current-support-toe-kind","Int32","","CurrentSupport","Text","Category","","","1","ConstraintCommittedResult","ConstraintCommittedField+HostEnumFormatting","required:facts/75","penetration|contact-fit|contact-transition|locked-horizontal","CharacterFootSampleColumns.Schema"
"main","815","CurrentSupportToeState","character-foot-ik/main/current-support-toe-state","Int32","","CurrentSupport","Text","Category","","","1","ConstraintCommittedResult","ConstraintCommittedField+HostEnumFormatting","required:facts/75","penetration|contact-fit|contact-transition|locked-horizontal","CharacterFootSampleColumns.Schema"
"main","816","CurrentSupportToeRejectReason","character-foot-ik/main/current-support-toe-reject-reason","Int32","","CurrentSupport","Text","Category","","","1","ConstraintCommittedResult","ConstraintCommittedField+HostEnumFormatting","required:facts/75","penetration|contact-fit|contact-transition|locked-horizontal","CharacterFootSampleColumns.Schema"
"main","817","CurrentSupportToeProbePositionX","character-foot-ik/main/current-support-toe-probe-position","Vector3","X","CurrentSupport","Float32","Metres","","","1","ConstraintCommittedResult","ConstraintCommittedField","required:facts/75","penetration|contact-fit|contact-transition|locked-horizontal","CharacterFootSampleColumns.Schema"
"main","818","CurrentSupportToeProbePositionY","character-foot-ik/main/current-support-toe-probe-position","Vector3","Y","CurrentSupport","Float32","Metres","","","1","ConstraintCommittedResult","ConstraintCommittedField","required:facts/75","penetration|contact-fit|contact-transition|locked-horizontal","CharacterFootSampleColumns.Schema"
"main","819","CurrentSupportToeProbePositionZ","character-foot-ik/main/current-support-toe-probe-position","Vector3","Z","CurrentSupport","Float32","Metres","","","1","ConstraintCommittedResult","ConstraintCommittedField","required:facts/75","penetration|contact-fit|contact-transition|locked-horizontal","CharacterFootSampleColumns.Schema"
"main","820","CurrentSupportToeComponentUpX","character-foot-ik/main/current-support-toe-component-up","Vector3","X","CurrentSupport","Float32","Direction","","","1","ConstraintCommittedResult","ConstraintCommittedField","required:facts/75","penetration|contact-fit|contact-transition|locked-horizontal","CharacterFootSampleColumns.Schema"
"main","821","CurrentSupportToeComponentUpY","character-foot-ik/main/current-support-toe-component-up","Vector3","Y","CurrentSupport","Float32","Direction","","","1","ConstraintCommittedResult","ConstraintCommittedField","required:facts/75","penetration|contact-fit|contact-transition|locked-horizontal","CharacterFootSampleColumns.Schema"
"main","822","CurrentSupportToeComponentUpZ","character-foot-ik/main/current-support-toe-component-up","Vector3","Z","CurrentSupport","Float32","Direction","","","1","ConstraintCommittedResult","ConstraintCommittedField","required:facts/75","penetration|contact-fit|contact-transition|locked-horizontal","CharacterFootSampleColumns.Schema"
"main","823","CurrentSupportToeOriginX","character-foot-ik/main/current-support-toe-origin","Vector3","X","CurrentSupport","Float32","Metres","","","1","ConstraintCommittedResult","ConstraintCommittedField","required:facts/75","penetration|contact-fit|contact-transition|locked-horizontal","CharacterFootSampleColumns.Schema"
"main","824","CurrentSupportToeOriginY","character-foot-ik/main/current-support-toe-origin","Vector3","Y","CurrentSupport","Float32","Metres","","","1","ConstraintCommittedResult","ConstraintCommittedField","required:facts/75","penetration|contact-fit|contact-transition|locked-horizontal","CharacterFootSampleColumns.Schema"
"main","825","CurrentSupportToeOriginZ","character-foot-ik/main/current-support-toe-origin","Vector3","Z","CurrentSupport","Float32","Metres","","","1","ConstraintCommittedResult","ConstraintCommittedField","required:facts/75","penetration|contact-fit|contact-transition|locked-horizontal","CharacterFootSampleColumns.Schema"
"main","826","CurrentSupportToeDirectionX","character-foot-ik/main/current-support-toe-direction","Vector3","X","CurrentSupport","Float32","Direction","","","1","ConstraintCommittedResult","ConstraintCommittedField","required:facts/75","penetration|contact-fit|contact-transition|locked-horizontal","CharacterFootSampleColumns.Schema"
"main","827","CurrentSupportToeDirectionY","character-foot-ik/main/current-support-toe-direction","Vector3","Y","CurrentSupport","Float32","Direction","","","1","ConstraintCommittedResult","ConstraintCommittedField","required:facts/75","penetration|contact-fit|contact-transition|locked-horizontal","CharacterFootSampleColumns.Schema"
"main","828","CurrentSupportToeDirectionZ","character-foot-ik/main/current-support-toe-direction","Vector3","Z","CurrentSupport","Float32","Direction","","","1","ConstraintCommittedResult","ConstraintCommittedField","required:facts/75","penetration|contact-fit|contact-transition|locked-horizontal","CharacterFootSampleColumns.Schema"
"main","829","CurrentSupportToeMaximumDistance","character-foot-ik/main/current-support-toe-maximum-distance","Float32","","CurrentSupport","Float32","Metres","","","1","ConstraintCommittedResult","ConstraintCommittedField","required:facts/75","penetration|contact-fit|contact-transition|locked-horizontal","CharacterFootSampleColumns.Schema"
"main","830","CurrentSupportToeRadius","character-foot-ik/main/current-support-toe-radius","Float32","","CurrentSupport","Float32","Metres","","","1","ConstraintCommittedResult","ConstraintCommittedField","required:facts/75","penetration|contact-fit|contact-transition|locked-horizontal","CharacterFootSampleColumns.Schema"
"main","831","CurrentSupportToeLayerMask","character-foot-ik/main/current-support-toe-layer-mask","Int32","","CurrentSupport","Int32","Bitmask","","","1","ConstraintCommittedResult","ConstraintCommittedField","required:facts/75","penetration|contact-fit|contact-transition|locked-horizontal","CharacterFootSampleColumns.Schema"
"main","832","CurrentSupportToeMinimumGroundNormalDot","character-foot-ik/main/current-support-toe-minimum-ground-normal-dot","Float32","","CurrentSupport","Float32","Unitless","","","1","ConstraintCommittedResult","ConstraintCommittedField","required:facts/75","penetration|contact-fit|contact-transition|locked-horizontal","CharacterFootSampleColumns.Schema"
"main","833","CurrentSupportToeHitCapacity","character-foot-ik/main/current-support-toe-hit-capacity","Int32","","CurrentSupport","Int32","Count","","","1","ConstraintCommittedResult","ConstraintCommittedField","required:facts/75","penetration|contact-fit|contact-transition|locked-horizontal","CharacterFootSampleColumns.Schema"
"main","834","CurrentSupportToeCandidateCount","character-foot-ik/main/current-support-toe-candidate-count","Int32","","CurrentSupport","Int32","Count","","","1","ConstraintCommittedResult","ConstraintCommittedField","required:facts/75","penetration|contact-fit|contact-transition|locked-horizontal","CharacterFootSampleColumns.Schema"
"main","835","CurrentSupportToeSurfaceIdentity","character-foot-ik/main/current-support-toe-surface-identity","Int32","","CurrentSupport","Int32","Identity","CurrentSupportToeAccepted","character-foot-ik/main/current-support-toe-accepted","1","ConstraintCommittedResult","ConstraintCommittedField","required:facts/75","penetration|contact-fit|contact-transition|locked-horizontal","CharacterFootSampleColumns.Schema"
"main","836","CurrentSupportToePointX","character-foot-ik/main/current-support-toe-point","Vector3","X","CurrentSupport","Float32","Metres","CurrentSupportToeAccepted","character-foot-ik/main/current-support-toe-accepted","1","ConstraintCommittedResult","ConstraintCommittedField","required:facts/75","penetration|contact-fit|contact-transition|locked-horizontal","CharacterFootSampleColumns.Schema"
"main","837","CurrentSupportToePointY","character-foot-ik/main/current-support-toe-point","Vector3","Y","CurrentSupport","Float32","Metres","CurrentSupportToeAccepted","character-foot-ik/main/current-support-toe-accepted","1","ConstraintCommittedResult","ConstraintCommittedField","required:facts/75","penetration|contact-fit|contact-transition|locked-horizontal","CharacterFootSampleColumns.Schema"
"main","838","CurrentSupportToePointZ","character-foot-ik/main/current-support-toe-point","Vector3","Z","CurrentSupport","Float32","Metres","CurrentSupportToeAccepted","character-foot-ik/main/current-support-toe-accepted","1","ConstraintCommittedResult","ConstraintCommittedField","required:facts/75","penetration|contact-fit|contact-transition|locked-horizontal","CharacterFootSampleColumns.Schema"
"main","839","CurrentSupportToeNormalX","character-foot-ik/main/current-support-toe-normal","Vector3","X","CurrentSupport","Float32","Direction","CurrentSupportToeAccepted","character-foot-ik/main/current-support-toe-accepted","1","ConstraintCommittedResult","ConstraintCommittedField","required:facts/75","penetration|contact-fit|contact-transition|locked-horizontal","CharacterFootSampleColumns.Schema"
"main","840","CurrentSupportToeNormalY","character-foot-ik/main/current-support-toe-normal","Vector3","Y","CurrentSupport","Float32","Direction","CurrentSupportToeAccepted","character-foot-ik/main/current-support-toe-accepted","1","ConstraintCommittedResult","ConstraintCommittedField","required:facts/75","penetration|contact-fit|contact-transition|locked-horizontal","CharacterFootSampleColumns.Schema"
"main","841","CurrentSupportToeNormalZ","character-foot-ik/main/current-support-toe-normal","Vector3","Z","CurrentSupport","Float32","Direction","CurrentSupportToeAccepted","character-foot-ik/main/current-support-toe-accepted","1","ConstraintCommittedResult","ConstraintCommittedField","required:facts/75","penetration|contact-fit|contact-transition|locked-horizontal","CharacterFootSampleColumns.Schema"
"main","842","CurrentSupportToeDistance","character-foot-ik/main/current-support-toe-distance","Float32","","CurrentSupport","Float32","Metres","CurrentSupportToeAccepted","character-foot-ik/main/current-support-toe-accepted","1","ConstraintCommittedResult","ConstraintCommittedField","required:facts/75","penetration|contact-fit|contact-transition|locked-horizontal","CharacterFootSampleColumns.Schema"
"main","843","CurrentSupportToeWorldRevision","character-foot-ik/main/current-support-toe-world-revision","UInt64","","CurrentSupport","UInt64","Identity","","","1","ConstraintCommittedResult","ConstraintCommittedField","required:facts/75","penetration|contact-fit|contact-transition|locked-horizontal","CharacterFootSampleColumns.Schema"
"main","844","CurrentSupportToeSphereCastExecuted","character-foot-ik/main/current-support-toe-sphere-cast-executed","Boolean","","CurrentSupport","Boolean","None","","","1","ConstraintCommittedResult","ConstraintCommittedField","required:facts/75","penetration|contact-fit|contact-transition|locked-horizontal","CharacterFootSampleColumns.Schema"
"main","845","CurrentSupportToeAccepted","character-foot-ik/main/current-support-toe-accepted","Boolean","","CurrentSupport","Boolean","None","","","1","ConstraintCommittedResult","ConstraintCommittedField","required:facts/75","penetration|contact-fit|contact-transition|locked-horizontal","CharacterFootSampleColumns.Schema"
"main","846","CurrentSupportHeelRequiredDisplacement","character-foot-ik/main/current-support-heel-required-displacement","Float32","","CurrentSupport","Float32","Metres","","","1","ConstraintCommittedResult","ConstraintCommittedField","required:facts/75","penetration|contact-fit|contact-transition|locked-horizontal","CharacterFootSampleColumns.Schema"
"main","847","CurrentSupportToeRequiredDisplacement","character-foot-ik/main/current-support-toe-required-displacement","Float32","","CurrentSupport","Float32","Metres","","","1","ConstraintCommittedResult","ConstraintCommittedField","required:facts/75","penetration|contact-fit|contact-transition|locked-horizontal","CharacterFootSampleColumns.Schema"
"main","848","CurrentSupportSelectedProbe","character-foot-ik/main/current-support-selected-probe","Int32","","CurrentSupport","Text","Category","","","1","ConstraintCommittedResult","ConstraintCommittedField+HostEnumFormatting","required:facts/75","penetration|contact-fit|contact-transition|locked-horizontal","CharacterFootSampleColumns.Schema"
"main","849","CurrentSupportSelectionReason","character-foot-ik/main/current-support-selection-reason","Int32","","CurrentSupport","Text","Category","","","1","ConstraintCommittedResult","ConstraintCommittedField+HostEnumFormatting","required:facts/75","penetration|contact-fit|contact-transition|locked-horizontal","CharacterFootSampleColumns.Schema"
"main","850","CurrentSupportSelectionEpsilon","character-foot-ik/main/current-support-selection-epsilon","Float32","","CurrentSupport","Float32","Metres","","","1","ConstraintCommittedResult","ConstraintCommittedField","required:facts/75","penetration|contact-fit|contact-transition|locked-horizontal","CharacterFootSampleColumns.Schema"
"main","851","CurrentSupportSelectedSupportNormalBeforeNormalizationX","character-foot-ik/main/current-support-selected-support-normal-before-normalization","Vector3","X","CurrentSupport","Float32","Direction","","","1","ConstraintCommittedResult","ConstraintCommittedField","required:facts/75","penetration|contact-fit|contact-transition|locked-horizontal","CharacterFootSampleColumns.Schema"
"main","852","CurrentSupportSelectedSupportNormalBeforeNormalizationY","character-foot-ik/main/current-support-selected-support-normal-before-normalization","Vector3","Y","CurrentSupport","Float32","Direction","","","1","ConstraintCommittedResult","ConstraintCommittedField","required:facts/75","penetration|contact-fit|contact-transition|locked-horizontal","CharacterFootSampleColumns.Schema"
"main","853","CurrentSupportSelectedSupportNormalBeforeNormalizationZ","character-foot-ik/main/current-support-selected-support-normal-before-normalization","Vector3","Z","CurrentSupport","Float32","Direction","","","1","ConstraintCommittedResult","ConstraintCommittedField","required:facts/75","penetration|contact-fit|contact-transition|locked-horizontal","CharacterFootSampleColumns.Schema"
"main","854","CurrentSupportTargetAvailable","character-foot-ik/main/current-support-target-available","Boolean","","CurrentSupport","Boolean","None","","","1","ConstraintCommittedResult","ConstraintCommittedField","required:facts/75","penetration|contact-fit|contact-transition|locked-horizontal","CharacterFootSampleColumns.Schema"
"main","855","CurrentSupportTargetFrameSequence","character-foot-ik/main/current-support-target-frame-sequence","UInt64","","CurrentSupport","UInt64","Frame","","","1","ConstraintCommittedResult","ConstraintCommittedField","required:facts/75","penetration|contact-fit|contact-transition|locked-horizontal","CharacterFootSampleColumns.Schema"
"main","856","CurrentSupportTargetCompletionIdentity","character-foot-ik/main/current-support-target-completion-identity","UInt64","","CurrentSupport","UInt64","Identity","","","1","ConstraintCommittedResult","ConstraintCommittedField","required:facts/75","penetration|contact-fit|contact-transition|locked-horizontal","CharacterFootSampleColumns.Schema"
"main","857","CurrentSupportTargetSide","character-foot-ik/main/current-support-target-side","Int32","","CurrentSupport","Text","Category","","","1","ConstraintCommittedResult","ConstraintCommittedField+HostEnumFormatting","required:facts/75","penetration|contact-fit|contact-transition|locked-horizontal","CharacterFootSampleColumns.Schema"
"main","858","CurrentSupportTargetPositionX","character-foot-ik/main/current-support-target-position","Vector3","X","CurrentSupport","Float32","Metres","CurrentSupportTargetAvailable","character-foot-ik/main/current-support-target-available","1","ConstraintCommittedResult","ConstraintCommittedField","required:facts/75","penetration|contact-fit|contact-transition|locked-horizontal","CharacterFootSampleColumns.Schema"
"main","859","CurrentSupportTargetPositionY","character-foot-ik/main/current-support-target-position","Vector3","Y","CurrentSupport","Float32","Metres","CurrentSupportTargetAvailable","character-foot-ik/main/current-support-target-available","1","ConstraintCommittedResult","ConstraintCommittedField","required:facts/75","penetration|contact-fit|contact-transition|locked-horizontal","CharacterFootSampleColumns.Schema"
"main","860","CurrentSupportTargetPositionZ","character-foot-ik/main/current-support-target-position","Vector3","Z","CurrentSupport","Float32","Metres","CurrentSupportTargetAvailable","character-foot-ik/main/current-support-target-available","1","ConstraintCommittedResult","ConstraintCommittedField","required:facts/75","penetration|contact-fit|contact-transition|locked-horizontal","CharacterFootSampleColumns.Schema"
"main","861","CurrentSupportTargetNormalX","character-foot-ik/main/current-support-target-normal","Vector3","X","CurrentSupport","Float32","Direction","CurrentSupportTargetAvailable","character-foot-ik/main/current-support-target-available","1","ConstraintCommittedResult","ConstraintCommittedField","required:facts/75","penetration|contact-fit|contact-transition|locked-horizontal","CharacterFootSampleColumns.Schema"
"main","862","CurrentSupportTargetNormalY","character-foot-ik/main/current-support-target-normal","Vector3","Y","CurrentSupport","Float32","Direction","CurrentSupportTargetAvailable","character-foot-ik/main/current-support-target-available","1","ConstraintCommittedResult","ConstraintCommittedField","required:facts/75","penetration|contact-fit|contact-transition|locked-horizontal","CharacterFootSampleColumns.Schema"
"main","863","CurrentSupportTargetNormalZ","character-foot-ik/main/current-support-target-normal","Vector3","Z","CurrentSupport","Float32","Direction","CurrentSupportTargetAvailable","character-foot-ik/main/current-support-target-available","1","ConstraintCommittedResult","ConstraintCommittedField","required:facts/75","penetration|contact-fit|contact-transition|locked-horizontal","CharacterFootSampleColumns.Schema"
"main","864","CurrentSupportTargetSurfaceIdentity","character-foot-ik/main/current-support-target-surface-identity","Int32","","CurrentSupport","Int32","Identity","CurrentSupportTargetAvailable","character-foot-ik/main/current-support-target-available","1","ConstraintCommittedResult","ConstraintCommittedField","required:facts/75","penetration|contact-fit|contact-transition|locked-horizontal","CharacterFootSampleColumns.Schema"
"main","865","CurrentSupportTargetWorldRevision","character-foot-ik/main/current-support-target-world-revision","UInt64","","CurrentSupport","UInt64","Identity","CurrentSupportTargetAvailable","character-foot-ik/main/current-support-target-available","1","ConstraintCommittedResult","ConstraintCommittedField","required:facts/75","penetration|contact-fit|contact-transition|locked-horizontal","CharacterFootSampleColumns.Schema"
"main","866","CurrentSupportTargetKind","character-foot-ik/main/current-support-target-kind","Int32","","CurrentSupport","Text","Category","CurrentSupportTargetAvailable","character-foot-ik/main/current-support-target-available","1","ConstraintCommittedResult","ConstraintCommittedField+HostEnumFormatting","required:facts/75","penetration|contact-fit|contact-transition|locked-horizontal","CharacterFootSampleColumns.Schema"
"main","867","CurrentSupportTargetPositionSource","character-foot-ik/main/current-support-target-position-source","Int32","","CurrentSupport","Text","Category","CurrentSupportTargetAvailable","character-foot-ik/main/current-support-target-available","1","ConstraintCommittedResult","ConstraintCommittedField+HostEnumFormatting","required:facts/75","penetration|contact-fit|contact-transition|locked-horizontal","CharacterFootSampleColumns.Schema"
"main","868","CurrentSupportTargetPositionFrameSequence","character-foot-ik/main/current-support-target-position-frame-sequence","UInt64","","CurrentSupport","UInt64","Frame","CurrentSupportTargetAvailable","character-foot-ik/main/current-support-target-available","1","ConstraintCommittedResult","ConstraintCommittedField","required:facts/75","penetration|contact-fit|contact-transition|locked-horizontal","CharacterFootSampleColumns.Schema"
"main","869","CurrentSupportTargetPositionCompletionIdentity","character-foot-ik/main/current-support-target-position-completion-identity","UInt64","","CurrentSupport","UInt64","Identity","CurrentSupportTargetAvailable","character-foot-ik/main/current-support-target-available","1","ConstraintCommittedResult","ConstraintCommittedField","required:facts/75","penetration|contact-fit|contact-transition|locked-horizontal","CharacterFootSampleColumns.Schema"
"main","870","CurrentSupportTargetPositionEventIdentity","character-foot-ik/main/current-support-target-position-event-identity","UInt64","","CurrentSupport","UInt64","Identity","CurrentSupportTargetAvailable","character-foot-ik/main/current-support-target-available","1","ConstraintCommittedResult","ConstraintCommittedField","required:facts/75","penetration|contact-fit|contact-transition|locked-horizontal","CharacterFootSampleColumns.Schema"
"main","871","CurrentSupportTargetPositionPathIdentity","character-foot-ik/main/current-support-target-position-path-identity","UInt64","","CurrentSupport","UInt64","Identity","CurrentSupportTargetAvailable","character-foot-ik/main/current-support-target-available","1","ConstraintCommittedResult","ConstraintCommittedField","required:facts/75","penetration|contact-fit|contact-transition|locked-horizontal","CharacterFootSampleColumns.Schema"
"main","872","CurrentSupportTargetNormalSource","character-foot-ik/main/current-support-target-normal-source","Int32","","CurrentSupport","Text","Category","CurrentSupportTargetAvailable","character-foot-ik/main/current-support-target-available","1","ConstraintCommittedResult","ConstraintCommittedField+HostEnumFormatting","required:facts/75","penetration|contact-fit|contact-transition|locked-horizontal","CharacterFootSampleColumns.Schema"
"main","873","CurrentSupportTargetNormalFrameSequence","character-foot-ik/main/current-support-target-normal-frame-sequence","UInt64","","CurrentSupport","UInt64","Frame","CurrentSupportTargetAvailable","character-foot-ik/main/current-support-target-available","1","ConstraintCommittedResult","ConstraintCommittedField","required:facts/75","penetration|contact-fit|contact-transition|locked-horizontal","CharacterFootSampleColumns.Schema"
"main","874","CurrentSupportTargetNormalCompletionIdentity","character-foot-ik/main/current-support-target-normal-completion-identity","UInt64","","CurrentSupport","UInt64","Identity","CurrentSupportTargetAvailable","character-foot-ik/main/current-support-target-available","1","ConstraintCommittedResult","ConstraintCommittedField","required:facts/75","penetration|contact-fit|contact-transition|locked-horizontal","CharacterFootSampleColumns.Schema"
"main","875","CurrentSupportTargetNormalEventIdentity","character-foot-ik/main/current-support-target-normal-event-identity","UInt64","","CurrentSupport","UInt64","Identity","CurrentSupportTargetAvailable","character-foot-ik/main/current-support-target-available","1","ConstraintCommittedResult","ConstraintCommittedField","required:facts/75","penetration|contact-fit|contact-transition|locked-horizontal","CharacterFootSampleColumns.Schema"
"main","876","ResolvedFrameSequence","character-foot-ik/main/resolved-frame-sequence","UInt64","","ResolvedFoot","UInt64","Frame","","","1","ConstraintCommittedResult","ConstraintCommittedField","required:facts/75","penetration|contact-fit|contact-transition|locked-horizontal|leg-pose","CharacterFootSampleColumns.Schema"
"main","877","ResolvedCompletionIdentity","character-foot-ik/main/resolved-completion-identity","UInt64","","ResolvedFoot","UInt64","Identity","","","1","ConstraintCommittedResult","ConstraintCommittedField","required:facts/75","penetration|contact-fit|contact-transition|locked-horizontal|leg-pose","CharacterFootSampleColumns.Schema"
"main","878","ResolvedRigId","character-foot-ik/main/resolved-rig-id","Identity","","ResolvedFoot","Text","Identity","","","1","ConstraintCommittedResult","ConstraintCommittedField","required:facts/75","penetration|contact-fit|contact-transition|locked-horizontal|leg-pose","CharacterFootSampleColumns.Schema"
"main","879","ResolvedRigRevision","character-foot-ik/main/resolved-rig-revision","Identity","","ResolvedFoot","Text","Identity","","","1","ConstraintCommittedResult","ConstraintCommittedField","required:facts/75","penetration|contact-fit|contact-transition|locked-horizontal|leg-pose","CharacterFootSampleColumns.Schema"
"main","880","ResolvedSide","character-foot-ik/main/resolved-side","Int32","","ResolvedFoot","Text","Category","","","1","ConstraintCommittedResult","ConstraintCommittedField+HostEnumFormatting","required:facts/75","penetration|contact-fit|contact-transition|locked-horizontal|leg-pose","CharacterFootSampleColumns.Schema"
"main","881","ResolvedOutcome","character-foot-ik/main/resolved-outcome","Int32","","ResolvedFoot","Text","Category","","","1","ConstraintCommittedResult","ConstraintCommittedField+HostEnumFormatting","required:facts/75","penetration|contact-fit|contact-transition|locked-horizontal|leg-pose","CharacterFootSampleColumns.Schema"
"main","882","ResolvedFinalSoleX","character-foot-ik/main/resolved-final-sole","Vector3","X","ResolvedFoot","Float32","Metres","","","1","ConstraintCommittedResult","ConstraintCommittedField","required:facts/75","penetration|contact-fit|contact-transition|locked-horizontal|leg-pose","CharacterFootSampleColumns.Schema"
"main","883","ResolvedFinalSoleY","character-foot-ik/main/resolved-final-sole","Vector3","Y","ResolvedFoot","Float32","Metres","","","1","ConstraintCommittedResult","ConstraintCommittedField","required:facts/75","penetration|contact-fit|contact-transition|locked-horizontal|leg-pose","CharacterFootSampleColumns.Schema"
"main","884","ResolvedFinalSoleZ","character-foot-ik/main/resolved-final-sole","Vector3","Z","ResolvedFoot","Float32","Metres","","","1","ConstraintCommittedResult","ConstraintCommittedField","required:facts/75","penetration|contact-fit|contact-transition|locked-horizontal|leg-pose","CharacterFootSampleColumns.Schema"
"main","885","ResolvedEffectiveSoleX","character-foot-ik/main/resolved-effective-sole","Vector3","X","ResolvedFoot","Float32","Metres","","","1","ConstraintCommittedResult","ConstraintCommittedField","required:facts/75","penetration|contact-fit|contact-transition|locked-horizontal|leg-pose","CharacterFootSampleColumns.Schema"
"main","886","ResolvedEffectiveSoleY","character-foot-ik/main/resolved-effective-sole","Vector3","Y","ResolvedFoot","Float32","Metres","","","1","ConstraintCommittedResult","ConstraintCommittedField","required:facts/75","penetration|contact-fit|contact-transition|locked-horizontal|leg-pose","CharacterFootSampleColumns.Schema"
"main","887","ResolvedEffectiveSoleZ","character-foot-ik/main/resolved-effective-sole","Vector3","Z","ResolvedFoot","Float32","Metres","","","1","ConstraintCommittedResult","ConstraintCommittedField","required:facts/75","penetration|contact-fit|contact-transition|locked-horizontal|leg-pose","CharacterFootSampleColumns.Schema"
"main","888","ResolvedGoalTargetAnkleX","character-foot-ik/main/resolved-goal-target-ankle","Vector3","X","ResolvedFoot","Float32","Metres","","","1","ConstraintCommittedResult","ConstraintCommittedField","required:facts/75","penetration|contact-fit|contact-transition|locked-horizontal|leg-pose","CharacterFootSampleColumns.Schema"
"main","889","ResolvedGoalTargetAnkleY","character-foot-ik/main/resolved-goal-target-ankle","Vector3","Y","ResolvedFoot","Float32","Metres","","","1","ConstraintCommittedResult","ConstraintCommittedField","required:facts/75","penetration|contact-fit|contact-transition|locked-horizontal|leg-pose","CharacterFootSampleColumns.Schema"
"main","890","ResolvedGoalTargetAnkleZ","character-foot-ik/main/resolved-goal-target-ankle","Vector3","Z","ResolvedFoot","Float32","Metres","","","1","ConstraintCommittedResult","ConstraintCommittedField","required:facts/75","penetration|contact-fit|contact-transition|locked-horizontal|leg-pose","CharacterFootSampleColumns.Schema"
"main","891","ResolvedGoalTargetRotationX","character-foot-ik/main/resolved-goal-target-rotation","Quaternion","X","ResolvedFoot","Float32","Unitless","","","1","ConstraintCommittedResult","ConstraintCommittedField","required:facts/75","penetration|contact-fit|contact-transition|locked-horizontal|leg-pose","CharacterFootSampleColumns.Schema"
"main","892","ResolvedGoalTargetRotationY","character-foot-ik/main/resolved-goal-target-rotation","Quaternion","Y","ResolvedFoot","Float32","Unitless","","","1","ConstraintCommittedResult","ConstraintCommittedField","required:facts/75","penetration|contact-fit|contact-transition|locked-horizontal|leg-pose","CharacterFootSampleColumns.Schema"
"main","893","ResolvedGoalTargetRotationZ","character-foot-ik/main/resolved-goal-target-rotation","Quaternion","Z","ResolvedFoot","Float32","Unitless","","","1","ConstraintCommittedResult","ConstraintCommittedField","required:facts/75","penetration|contact-fit|contact-transition|locked-horizontal|leg-pose","CharacterFootSampleColumns.Schema"
"main","894","ResolvedGoalTargetRotationW","character-foot-ik/main/resolved-goal-target-rotation","Quaternion","W","ResolvedFoot","Float32","Unitless","","","1","ConstraintCommittedResult","ConstraintCommittedField","required:facts/75","penetration|contact-fit|contact-transition|locked-horizontal|leg-pose","CharacterFootSampleColumns.Schema"
"main","895","ResolvedEffectiveAnkleX","character-foot-ik/main/resolved-effective-ankle","Vector3","X","ResolvedFoot","Float32","Metres","","","1","ConstraintCommittedResult","ConstraintCommittedField","required:facts/75","penetration|contact-fit|contact-transition|locked-horizontal|leg-pose","CharacterFootSampleColumns.Schema"
"main","896","ResolvedEffectiveAnkleY","character-foot-ik/main/resolved-effective-ankle","Vector3","Y","ResolvedFoot","Float32","Metres","","","1","ConstraintCommittedResult","ConstraintCommittedField","required:facts/75","penetration|contact-fit|contact-transition|locked-horizontal|leg-pose","CharacterFootSampleColumns.Schema"
"main","897","ResolvedEffectiveAnkleZ","character-foot-ik/main/resolved-effective-ankle","Vector3","Z","ResolvedFoot","Float32","Metres","","","1","ConstraintCommittedResult","ConstraintCommittedField","required:facts/75","penetration|contact-fit|contact-transition|locked-horizontal|leg-pose","CharacterFootSampleColumns.Schema"
"main","898","ResolvedEffectiveRotationX","character-foot-ik/main/resolved-effective-rotation","Quaternion","X","ResolvedFoot","Float32","Unitless","","","1","ConstraintCommittedResult","ConstraintCommittedField","required:facts/75","penetration|contact-fit|contact-transition|locked-horizontal|leg-pose","CharacterFootSampleColumns.Schema"
"main","899","ResolvedEffectiveRotationY","character-foot-ik/main/resolved-effective-rotation","Quaternion","Y","ResolvedFoot","Float32","Unitless","","","1","ConstraintCommittedResult","ConstraintCommittedField","required:facts/75","penetration|contact-fit|contact-transition|locked-horizontal|leg-pose","CharacterFootSampleColumns.Schema"
"main","900","ResolvedEffectiveRotationZ","character-foot-ik/main/resolved-effective-rotation","Quaternion","Z","ResolvedFoot","Float32","Unitless","","","1","ConstraintCommittedResult","ConstraintCommittedField","required:facts/75","penetration|contact-fit|contact-transition|locked-horizontal|leg-pose","CharacterFootSampleColumns.Schema"
"main","901","ResolvedEffectiveRotationW","character-foot-ik/main/resolved-effective-rotation","Quaternion","W","ResolvedFoot","Float32","Unitless","","","1","ConstraintCommittedResult","ConstraintCommittedField","required:facts/75","penetration|contact-fit|contact-transition|locked-horizontal|leg-pose","CharacterFootSampleColumns.Schema"
"main","902","ResolvedEffectiveHeelX","character-foot-ik/main/resolved-effective-heel","Vector3","X","ResolvedFoot","Float32","Metres","","","1","ConstraintCommittedResult","ConstraintCommittedField","required:facts/75","penetration|contact-fit|contact-transition|locked-horizontal|leg-pose","CharacterFootSampleColumns.Schema"
"main","903","ResolvedEffectiveHeelY","character-foot-ik/main/resolved-effective-heel","Vector3","Y","ResolvedFoot","Float32","Metres","","","1","ConstraintCommittedResult","ConstraintCommittedField","required:facts/75","penetration|contact-fit|contact-transition|locked-horizontal|leg-pose","CharacterFootSampleColumns.Schema"
"main","904","ResolvedEffectiveHeelZ","character-foot-ik/main/resolved-effective-heel","Vector3","Z","ResolvedFoot","Float32","Metres","","","1","ConstraintCommittedResult","ConstraintCommittedField","required:facts/75","penetration|contact-fit|contact-transition|locked-horizontal|leg-pose","CharacterFootSampleColumns.Schema"
"main","905","ResolvedEffectiveToeX","character-foot-ik/main/resolved-effective-toe","Vector3","X","ResolvedFoot","Float32","Metres","","","1","ConstraintCommittedResult","ConstraintCommittedField","required:facts/75","penetration|contact-fit|contact-transition|locked-horizontal|leg-pose","CharacterFootSampleColumns.Schema"
"main","906","ResolvedEffectiveToeY","character-foot-ik/main/resolved-effective-toe","Vector3","Y","ResolvedFoot","Float32","Metres","","","1","ConstraintCommittedResult","ConstraintCommittedField","required:facts/75","penetration|contact-fit|contact-transition|locked-horizontal|leg-pose","CharacterFootSampleColumns.Schema"
"main","907","ResolvedEffectiveToeZ","character-foot-ik/main/resolved-effective-toe","Vector3","Z","ResolvedFoot","Float32","Metres","","","1","ConstraintCommittedResult","ConstraintCommittedField","required:facts/75","penetration|contact-fit|contact-transition|locked-horizontal|leg-pose","CharacterFootSampleColumns.Schema"
"main","908","ResolvedEffectiveSoleFromContactsX","character-foot-ik/main/resolved-effective-sole-from-contacts","Vector3","X","ResolvedFoot","Float32","Metres","","","1","ConstraintCommittedResult","ConstraintCommittedField","required:facts/75","penetration|contact-fit|contact-transition|locked-horizontal|leg-pose","CharacterFootSampleColumns.Schema"
"main","909","ResolvedEffectiveSoleFromContactsY","character-foot-ik/main/resolved-effective-sole-from-contacts","Vector3","Y","ResolvedFoot","Float32","Metres","","","1","ConstraintCommittedResult","ConstraintCommittedField","required:facts/75","penetration|contact-fit|contact-transition|locked-horizontal|leg-pose","CharacterFootSampleColumns.Schema"
"main","910","ResolvedEffectiveSoleFromContactsZ","character-foot-ik/main/resolved-effective-sole-from-contacts","Vector3","Z","ResolvedFoot","Float32","Metres","","","1","ConstraintCommittedResult","ConstraintCommittedField","required:facts/75","penetration|contact-fit|contact-transition|locked-horizontal|leg-pose","CharacterFootSampleColumns.Schema"
"main","911","ResolvedSourceSoleForwardX","character-foot-ik/main/resolved-source-sole-forward","Vector3","X","ResolvedFoot","Float32","Direction","","","1","ConstraintCommittedResult","ConstraintCommittedField","required:facts/75","penetration|contact-fit|contact-transition|locked-horizontal|leg-pose","CharacterFootSampleColumns.Schema"
"main","912","ResolvedSourceSoleForwardY","character-foot-ik/main/resolved-source-sole-forward","Vector3","Y","ResolvedFoot","Float32","Direction","","","1","ConstraintCommittedResult","ConstraintCommittedField","required:facts/75","penetration|contact-fit|contact-transition|locked-horizontal|leg-pose","CharacterFootSampleColumns.Schema"
"main","913","ResolvedSourceSoleForwardZ","character-foot-ik/main/resolved-source-sole-forward","Vector3","Z","ResolvedFoot","Float32","Direction","","","1","ConstraintCommittedResult","ConstraintCommittedField","required:facts/75","penetration|contact-fit|contact-transition|locked-horizontal|leg-pose","CharacterFootSampleColumns.Schema"
"main","914","ResolvedSourceSoleFrameLocalRotationX","character-foot-ik/main/resolved-source-sole-frame-local-rotation","Quaternion","X","ResolvedFoot","Float32","Unitless","","","1","ConstraintCommittedResult","ConstraintCommittedField","required:facts/75","penetration|contact-fit|contact-transition|locked-horizontal|leg-pose","CharacterFootSampleColumns.Schema"
"main","915","ResolvedSourceSoleFrameLocalRotationY","character-foot-ik/main/resolved-source-sole-frame-local-rotation","Quaternion","Y","ResolvedFoot","Float32","Unitless","","","1","ConstraintCommittedResult","ConstraintCommittedField","required:facts/75","penetration|contact-fit|contact-transition|locked-horizontal|leg-pose","CharacterFootSampleColumns.Schema"
"main","916","ResolvedSourceSoleFrameLocalRotationZ","character-foot-ik/main/resolved-source-sole-frame-local-rotation","Quaternion","Z","ResolvedFoot","Float32","Unitless","","","1","ConstraintCommittedResult","ConstraintCommittedField","required:facts/75","penetration|contact-fit|contact-transition|locked-horizontal|leg-pose","CharacterFootSampleColumns.Schema"
"main","917","ResolvedSourceSoleFrameLocalRotationW","character-foot-ik/main/resolved-source-sole-frame-local-rotation","Quaternion","W","ResolvedFoot","Float32","Unitless","","","1","ConstraintCommittedResult","ConstraintCommittedField","required:facts/75","penetration|contact-fit|contact-transition|locked-horizontal|leg-pose","CharacterFootSampleColumns.Schema"
"main","918","ResolvedGoalTargetCorrectionX","character-foot-ik/main/resolved-goal-target-correction","Vector3","X","ResolvedFoot","Float32","Metres","","","1","ConstraintCommittedResult","ConstraintCommittedField","required:facts/75","penetration|contact-fit|contact-transition|locked-horizontal|leg-pose","CharacterFootSampleColumns.Schema"
"main","919","ResolvedGoalTargetCorrectionY","character-foot-ik/main/resolved-goal-target-correction","Vector3","Y","ResolvedFoot","Float32","Metres","","","1","ConstraintCommittedResult","ConstraintCommittedField","required:facts/75","penetration|contact-fit|contact-transition|locked-horizontal|leg-pose","CharacterFootSampleColumns.Schema"
"main","920","ResolvedGoalTargetCorrectionZ","character-foot-ik/main/resolved-goal-target-correction","Vector3","Z","ResolvedFoot","Float32","Metres","","","1","ConstraintCommittedResult","ConstraintCommittedField","required:facts/75","penetration|contact-fit|contact-transition|locked-horizontal|leg-pose","CharacterFootSampleColumns.Schema"
"main","921","ResolvedEffectiveSoleCorrectionX","character-foot-ik/main/resolved-effective-sole-correction","Vector3","X","ResolvedFoot","Float32","Metres","","","1","ConstraintCommittedResult","ConstraintCommittedField","required:facts/75","penetration|contact-fit|contact-transition|locked-horizontal|leg-pose","CharacterFootSampleColumns.Schema"
"main","922","ResolvedEffectiveSoleCorrectionY","character-foot-ik/main/resolved-effective-sole-correction","Vector3","Y","ResolvedFoot","Float32","Metres","","","1","ConstraintCommittedResult","ConstraintCommittedField","required:facts/75","penetration|contact-fit|contact-transition|locked-horizontal|leg-pose","CharacterFootSampleColumns.Schema"
"main","923","ResolvedEffectiveSoleCorrectionZ","character-foot-ik/main/resolved-effective-sole-correction","Vector3","Z","ResolvedFoot","Float32","Metres","","","1","ConstraintCommittedResult","ConstraintCommittedField","required:facts/75","penetration|contact-fit|contact-transition|locked-horizontal|leg-pose","CharacterFootSampleColumns.Schema"
"main","924","ResolvedPositionWeight","character-foot-ik/main/resolved-position-weight","Float32","","ResolvedFoot","Float32","Unitless","","","1","ConstraintCommittedResult","ConstraintCommittedField","required:facts/75","penetration|contact-fit|contact-transition|locked-horizontal|leg-pose","CharacterFootSampleColumns.Schema"
"main","925","ResolvedRotationWeight","character-foot-ik/main/resolved-rotation-weight","Float32","","ResolvedFoot","Float32","Unitless","","","1","ConstraintCommittedResult","ConstraintCommittedField","required:facts/75","penetration|contact-fit|contact-transition|locked-horizontal|leg-pose","CharacterFootSampleColumns.Schema"
"main","926","ResolvedSupportTargetAvailable","character-foot-ik/main/resolved-support-target-available","Boolean","","ResolvedFoot","Boolean","None","","","1","ConstraintCommittedResult","ConstraintCommittedField","required:facts/75","penetration|contact-fit|contact-transition|locked-horizontal|leg-pose","CharacterFootSampleColumns.Schema"
"main","927","ResolvedSupportTargetFrameSequence","character-foot-ik/main/resolved-support-target-frame-sequence","UInt64","","ResolvedFoot","UInt64","Frame","","","1","ConstraintCommittedResult","ConstraintCommittedField","required:facts/75","penetration|contact-fit|contact-transition|locked-horizontal|leg-pose","CharacterFootSampleColumns.Schema"
"main","928","ResolvedSupportTargetCompletionIdentity","character-foot-ik/main/resolved-support-target-completion-identity","UInt64","","ResolvedFoot","UInt64","Identity","","","1","ConstraintCommittedResult","ConstraintCommittedField","required:facts/75","penetration|contact-fit|contact-transition|locked-horizontal|leg-pose","CharacterFootSampleColumns.Schema"
"main","929","ResolvedSupportTargetSide","character-foot-ik/main/resolved-support-target-side","Int32","","ResolvedFoot","Text","Category","","","1","ConstraintCommittedResult","ConstraintCommittedField+HostEnumFormatting","required:facts/75","penetration|contact-fit|contact-transition|locked-horizontal|leg-pose","CharacterFootSampleColumns.Schema"
"main","930","ResolvedSupportTargetPositionX","character-foot-ik/main/resolved-support-target-position","Vector3","X","ResolvedFoot","Float32","Metres","ResolvedSupportTargetAvailable","character-foot-ik/main/resolved-support-target-available","1","ConstraintCommittedResult","ConstraintCommittedField","required:facts/75","penetration|contact-fit|contact-transition|locked-horizontal|leg-pose","CharacterFootSampleColumns.Schema"
"main","931","ResolvedSupportTargetPositionY","character-foot-ik/main/resolved-support-target-position","Vector3","Y","ResolvedFoot","Float32","Metres","ResolvedSupportTargetAvailable","character-foot-ik/main/resolved-support-target-available","1","ConstraintCommittedResult","ConstraintCommittedField","required:facts/75","penetration|contact-fit|contact-transition|locked-horizontal|leg-pose","CharacterFootSampleColumns.Schema"
"main","932","ResolvedSupportTargetPositionZ","character-foot-ik/main/resolved-support-target-position","Vector3","Z","ResolvedFoot","Float32","Metres","ResolvedSupportTargetAvailable","character-foot-ik/main/resolved-support-target-available","1","ConstraintCommittedResult","ConstraintCommittedField","required:facts/75","penetration|contact-fit|contact-transition|locked-horizontal|leg-pose","CharacterFootSampleColumns.Schema"
"main","933","ResolvedSupportTargetNormalX","character-foot-ik/main/resolved-support-target-normal","Vector3","X","ResolvedFoot","Float32","Direction","ResolvedSupportTargetAvailable","character-foot-ik/main/resolved-support-target-available","1","ConstraintCommittedResult","ConstraintCommittedField","required:facts/75","penetration|contact-fit|contact-transition|locked-horizontal|leg-pose","CharacterFootSampleColumns.Schema"
"main","934","ResolvedSupportTargetNormalY","character-foot-ik/main/resolved-support-target-normal","Vector3","Y","ResolvedFoot","Float32","Direction","ResolvedSupportTargetAvailable","character-foot-ik/main/resolved-support-target-available","1","ConstraintCommittedResult","ConstraintCommittedField","required:facts/75","penetration|contact-fit|contact-transition|locked-horizontal|leg-pose","CharacterFootSampleColumns.Schema"
"main","935","ResolvedSupportTargetNormalZ","character-foot-ik/main/resolved-support-target-normal","Vector3","Z","ResolvedFoot","Float32","Direction","ResolvedSupportTargetAvailable","character-foot-ik/main/resolved-support-target-available","1","ConstraintCommittedResult","ConstraintCommittedField","required:facts/75","penetration|contact-fit|contact-transition|locked-horizontal|leg-pose","CharacterFootSampleColumns.Schema"
"main","936","ResolvedSupportTargetSurfaceIdentity","character-foot-ik/main/resolved-support-target-surface-identity","Int32","","ResolvedFoot","Int32","Identity","ResolvedSupportTargetAvailable","character-foot-ik/main/resolved-support-target-available","1","ConstraintCommittedResult","ConstraintCommittedField","required:facts/75","penetration|contact-fit|contact-transition|locked-horizontal|leg-pose","CharacterFootSampleColumns.Schema"
"main","937","ResolvedSupportTargetWorldRevision","character-foot-ik/main/resolved-support-target-world-revision","UInt64","","ResolvedFoot","UInt64","Identity","ResolvedSupportTargetAvailable","character-foot-ik/main/resolved-support-target-available","1","ConstraintCommittedResult","ConstraintCommittedField","required:facts/75","penetration|contact-fit|contact-transition|locked-horizontal|leg-pose","CharacterFootSampleColumns.Schema"
"main","938","ResolvedSupportTargetKind","character-foot-ik/main/resolved-support-target-kind","Int32","","ResolvedFoot","Text","Category","ResolvedSupportTargetAvailable","character-foot-ik/main/resolved-support-target-available","1","ConstraintCommittedResult","ConstraintCommittedField+HostEnumFormatting","required:facts/75","penetration|contact-fit|contact-transition|locked-horizontal|leg-pose","CharacterFootSampleColumns.Schema"
"main","939","ResolvedSupportTargetPositionSource","character-foot-ik/main/resolved-support-target-position-source","Int32","","ResolvedFoot","Text","Category","ResolvedSupportTargetAvailable","character-foot-ik/main/resolved-support-target-available","1","ConstraintCommittedResult","ConstraintCommittedField+HostEnumFormatting","required:facts/75","penetration|contact-fit|contact-transition|locked-horizontal|leg-pose","CharacterFootSampleColumns.Schema"
"main","940","ResolvedSupportTargetPositionFrameSequence","character-foot-ik/main/resolved-support-target-position-frame-sequence","UInt64","","ResolvedFoot","UInt64","Frame","ResolvedSupportTargetAvailable","character-foot-ik/main/resolved-support-target-available","1","ConstraintCommittedResult","ConstraintCommittedField","required:facts/75","penetration|contact-fit|contact-transition|locked-horizontal|leg-pose","CharacterFootSampleColumns.Schema"
"main","941","ResolvedSupportTargetPositionCompletionIdentity","character-foot-ik/main/resolved-support-target-position-completion-identity","UInt64","","ResolvedFoot","UInt64","Identity","ResolvedSupportTargetAvailable","character-foot-ik/main/resolved-support-target-available","1","ConstraintCommittedResult","ConstraintCommittedField","required:facts/75","penetration|contact-fit|contact-transition|locked-horizontal|leg-pose","CharacterFootSampleColumns.Schema"
"main","942","ResolvedSupportTargetPositionEventIdentity","character-foot-ik/main/resolved-support-target-position-event-identity","UInt64","","ResolvedFoot","UInt64","Identity","ResolvedSupportTargetAvailable","character-foot-ik/main/resolved-support-target-available","1","ConstraintCommittedResult","ConstraintCommittedField","required:facts/75","penetration|contact-fit|contact-transition|locked-horizontal|leg-pose","CharacterFootSampleColumns.Schema"
"main","943","ResolvedSupportTargetPositionPathIdentity","character-foot-ik/main/resolved-support-target-position-path-identity","UInt64","","ResolvedFoot","UInt64","Identity","ResolvedSupportTargetAvailable","character-foot-ik/main/resolved-support-target-available","1","ConstraintCommittedResult","ConstraintCommittedField","required:facts/75","penetration|contact-fit|contact-transition|locked-horizontal|leg-pose","CharacterFootSampleColumns.Schema"
"main","944","ResolvedSupportTargetNormalSource","character-foot-ik/main/resolved-support-target-normal-source","Int32","","ResolvedFoot","Text","Category","ResolvedSupportTargetAvailable","character-foot-ik/main/resolved-support-target-available","1","ConstraintCommittedResult","ConstraintCommittedField+HostEnumFormatting","required:facts/75","penetration|contact-fit|contact-transition|locked-horizontal|leg-pose","CharacterFootSampleColumns.Schema"
"main","945","ResolvedSupportTargetNormalFrameSequence","character-foot-ik/main/resolved-support-target-normal-frame-sequence","UInt64","","ResolvedFoot","UInt64","Frame","ResolvedSupportTargetAvailable","character-foot-ik/main/resolved-support-target-available","1","ConstraintCommittedResult","ConstraintCommittedField","required:facts/75","penetration|contact-fit|contact-transition|locked-horizontal|leg-pose","CharacterFootSampleColumns.Schema"
"main","946","ResolvedSupportTargetNormalCompletionIdentity","character-foot-ik/main/resolved-support-target-normal-completion-identity","UInt64","","ResolvedFoot","UInt64","Identity","ResolvedSupportTargetAvailable","character-foot-ik/main/resolved-support-target-available","1","ConstraintCommittedResult","ConstraintCommittedField","required:facts/75","penetration|contact-fit|contact-transition|locked-horizontal|leg-pose","CharacterFootSampleColumns.Schema"
"main","947","ResolvedSupportTargetNormalEventIdentity","character-foot-ik/main/resolved-support-target-normal-event-identity","UInt64","","ResolvedFoot","UInt64","Identity","ResolvedSupportTargetAvailable","character-foot-ik/main/resolved-support-target-available","1","ConstraintCommittedResult","ConstraintCommittedField","required:facts/75","penetration|contact-fit|contact-transition|locked-horizontal|leg-pose","CharacterFootSampleColumns.Schema"
"main","948","ResolvedContactAvailable","character-foot-ik/main/resolved-contact-available","Boolean","","ResolvedFoot","Boolean","None","","","1","ConstraintCommittedResult","ConstraintCommittedField","required:facts/75","penetration|contact-fit|contact-transition|locked-horizontal|leg-pose","CharacterFootSampleColumns.Schema"
"main","949","ResolvedContactEventIdentity","character-foot-ik/main/resolved-contact-event-identity","UInt64","","ResolvedFoot","UInt64","Identity","","","1","ConstraintCommittedResult","ConstraintCommittedField","required:facts/75","penetration|contact-fit|contact-transition|locked-horizontal|leg-pose","CharacterFootSampleColumns.Schema"
"main","950","ResolvedContactPointX","character-foot-ik/main/resolved-contact-point","Vector3","X","ResolvedFoot","Float32","Metres","ResolvedContactAvailable","character-foot-ik/main/resolved-contact-available","1","ConstraintCommittedResult","ConstraintCommittedField","required:facts/75","penetration|contact-fit|contact-transition|locked-horizontal|leg-pose","CharacterFootSampleColumns.Schema"
"main","951","ResolvedContactPointY","character-foot-ik/main/resolved-contact-point","Vector3","Y","ResolvedFoot","Float32","Metres","ResolvedContactAvailable","character-foot-ik/main/resolved-contact-available","1","ConstraintCommittedResult","ConstraintCommittedField","required:facts/75","penetration|contact-fit|contact-transition|locked-horizontal|leg-pose","CharacterFootSampleColumns.Schema"
"main","952","ResolvedContactPointZ","character-foot-ik/main/resolved-contact-point","Vector3","Z","ResolvedFoot","Float32","Metres","ResolvedContactAvailable","character-foot-ik/main/resolved-contact-available","1","ConstraintCommittedResult","ConstraintCommittedField","required:facts/75","penetration|contact-fit|contact-transition|locked-horizontal|leg-pose","CharacterFootSampleColumns.Schema"
"main","953","ResolvedContactOwnership","character-foot-ik/main/resolved-contact-ownership","Float32","","ResolvedFoot","Float32","Unitless","","","1","ConstraintCommittedResult","ConstraintCommittedField","required:facts/75","penetration|contact-fit|contact-transition|locked-horizontal|leg-pose","CharacterFootSampleColumns.Schema"
"main","954","ResolvedSupportEligibility","character-foot-ik/main/resolved-support-eligibility","Int32","","ResolvedFoot","Text","Category","","","1","ConstraintCommittedResult","ConstraintCommittedField+HostEnumFormatting","required:facts/75","penetration|contact-fit|contact-transition|locked-horizontal|leg-pose","CharacterFootSampleColumns.Schema"
"main","955","ResolvedSupportWeight","character-foot-ik/main/resolved-support-weight","Float32","","ResolvedFoot","Float32","Unitless","","","1","ConstraintCommittedResult","ConstraintCommittedField","required:facts/75","penetration|contact-fit|contact-transition|locked-horizontal|leg-pose","CharacterFootSampleColumns.Schema"
"main","956","ResolvedSupportIntentWeight","character-foot-ik/main/resolved-support-intent-weight","Float32","","ResolvedFoot","Float32","Unitless","","","1","ConstraintCommittedResult","ConstraintCommittedField","required:facts/75","penetration|contact-fit|contact-transition|locked-horizontal|leg-pose","CharacterFootSampleColumns.Schema"
"main","957","ResolvedSupportHorizontalError","character-foot-ik/main/resolved-support-horizontal-error","Float32","","ResolvedFoot","Float32","Metres","","","1","ConstraintCommittedResult","ConstraintCommittedField","required:facts/75","penetration|contact-fit|contact-transition|locked-horizontal|leg-pose","CharacterFootSampleColumns.Schema"
"main","958","ResolvedSupportEventIdentity","character-foot-ik/main/resolved-support-event-identity","UInt64","","ResolvedFoot","UInt64","Identity","","","1","ConstraintCommittedResult","ConstraintCommittedField","required:facts/75","penetration|contact-fit|contact-transition|locked-horizontal|leg-pose","CharacterFootSampleColumns.Schema"
"main","959","ResolvedPelvisReachAvailable","character-foot-ik/main/resolved-pelvis-reach-available","Boolean","","ResolvedFoot","Boolean","None","","","1","ConstraintCommittedResult","ConstraintCommittedField","required:facts/75","penetration|contact-fit|contact-transition|locked-horizontal|leg-pose","CharacterFootSampleColumns.Schema"
"main","960","ResolvedPelvisReachEventIdentity","character-foot-ik/main/resolved-pelvis-reach-event-identity","UInt64","","ResolvedFoot","UInt64","Identity","","","1","ConstraintCommittedResult","ConstraintCommittedField","required:facts/75","penetration|contact-fit|contact-transition|locked-horizontal|leg-pose","CharacterFootSampleColumns.Schema"
"main","961","ResolvedPelvisReachPointX","character-foot-ik/main/resolved-pelvis-reach-point","Vector3","X","ResolvedFoot","Float32","Metres","ResolvedPelvisReachAvailable","character-foot-ik/main/resolved-pelvis-reach-available","1","ConstraintCommittedResult","ConstraintCommittedField","required:facts/75","penetration|contact-fit|contact-transition|locked-horizontal|leg-pose","CharacterFootSampleColumns.Schema"
"main","962","ResolvedPelvisReachPointY","character-foot-ik/main/resolved-pelvis-reach-point","Vector3","Y","ResolvedFoot","Float32","Metres","ResolvedPelvisReachAvailable","character-foot-ik/main/resolved-pelvis-reach-available","1","ConstraintCommittedResult","ConstraintCommittedField","required:facts/75","penetration|contact-fit|contact-transition|locked-horizontal|leg-pose","CharacterFootSampleColumns.Schema"
"main","963","ResolvedPelvisReachPointZ","character-foot-ik/main/resolved-pelvis-reach-point","Vector3","Z","ResolvedFoot","Float32","Metres","ResolvedPelvisReachAvailable","character-foot-ik/main/resolved-pelvis-reach-available","1","ConstraintCommittedResult","ConstraintCommittedField","required:facts/75","penetration|contact-fit|contact-transition|locked-horizontal|leg-pose","CharacterFootSampleColumns.Schema"
"main","964","ResolvedLandingReachAvailable","character-foot-ik/main/resolved-landing-reach-available","Boolean","","ResolvedFoot","Boolean","None","","","1","ConstraintCommittedResult","ConstraintCommittedField","required:facts/75","penetration|contact-fit|contact-transition|locked-horizontal|leg-pose","CharacterFootSampleColumns.Schema"
"main","965","ResolvedLandingReachEventIdentity","character-foot-ik/main/resolved-landing-reach-event-identity","UInt64","","ResolvedFoot","UInt64","Identity","","","1","ConstraintCommittedResult","ConstraintCommittedField","required:facts/75","penetration|contact-fit|contact-transition|locked-horizontal|leg-pose","CharacterFootSampleColumns.Schema"
"main","966","ResolvedLandingReachHipX","character-foot-ik/main/resolved-landing-reach-hip","Vector3","X","ResolvedFoot","Float32","Metres","ResolvedLandingReachAvailable","character-foot-ik/main/resolved-landing-reach-available","1","ConstraintCommittedResult","ConstraintCommittedField","required:facts/75","penetration|contact-fit|contact-transition|locked-horizontal|leg-pose","CharacterFootSampleColumns.Schema"
"main","967","ResolvedLandingReachHipY","character-foot-ik/main/resolved-landing-reach-hip","Vector3","Y","ResolvedFoot","Float32","Metres","ResolvedLandingReachAvailable","character-foot-ik/main/resolved-landing-reach-available","1","ConstraintCommittedResult","ConstraintCommittedField","required:facts/75","penetration|contact-fit|contact-transition|locked-horizontal|leg-pose","CharacterFootSampleColumns.Schema"
"main","968","ResolvedLandingReachHipZ","character-foot-ik/main/resolved-landing-reach-hip","Vector3","Z","ResolvedFoot","Float32","Metres","ResolvedLandingReachAvailable","character-foot-ik/main/resolved-landing-reach-available","1","ConstraintCommittedResult","ConstraintCommittedField","required:facts/75","penetration|contact-fit|contact-transition|locked-horizontal|leg-pose","CharacterFootSampleColumns.Schema"
"main","969","ResolvedLandingReachTargetAnkleX","character-foot-ik/main/resolved-landing-reach-target-ankle","Vector3","X","ResolvedFoot","Float32","Metres","ResolvedLandingReachAvailable","character-foot-ik/main/resolved-landing-reach-available","1","ConstraintCommittedResult","ConstraintCommittedField","required:facts/75","penetration|contact-fit|contact-transition|locked-horizontal|leg-pose","CharacterFootSampleColumns.Schema"
"main","970","ResolvedLandingReachTargetAnkleY","character-foot-ik/main/resolved-landing-reach-target-ankle","Vector3","Y","ResolvedFoot","Float32","Metres","ResolvedLandingReachAvailable","character-foot-ik/main/resolved-landing-reach-available","1","ConstraintCommittedResult","ConstraintCommittedField","required:facts/75","penetration|contact-fit|contact-transition|locked-horizontal|leg-pose","CharacterFootSampleColumns.Schema"
"main","971","ResolvedLandingReachTargetAnkleZ","character-foot-ik/main/resolved-landing-reach-target-ankle","Vector3","Z","ResolvedFoot","Float32","Metres","ResolvedLandingReachAvailable","character-foot-ik/main/resolved-landing-reach-available","1","ConstraintCommittedResult","ConstraintCommittedField","required:facts/75","penetration|contact-fit|contact-transition|locked-horizontal|leg-pose","CharacterFootSampleColumns.Schema"
"main","972","ResolvedLandingReachLegLength","character-foot-ik/main/resolved-landing-reach-leg-length","Float32","","ResolvedFoot","Float32","Metres","ResolvedLandingReachAvailable","character-foot-ik/main/resolved-landing-reach-available","1","ConstraintCommittedResult","ConstraintCommittedField","required:facts/75","penetration|contact-fit|contact-transition|locked-horizontal|leg-pose","CharacterFootSampleColumns.Schema"
"main","973","ResolvedLandingReachMinimumCompressionReserve","character-foot-ik/main/resolved-landing-reach-minimum-compression-reserve","Float32","","ResolvedFoot","Float32","Metres","ResolvedLandingReachAvailable","character-foot-ik/main/resolved-landing-reach-available","1","ConstraintCommittedResult","ConstraintCommittedField","required:facts/75","penetration|contact-fit|contact-transition|locked-horizontal|leg-pose","CharacterFootSampleColumns.Schema"
"main","974","FootMotionEncodedGoalAvailable","character-foot-ik/main/foot-motion-encoded-goal-available","Boolean","","Goal","Boolean","None","","","1","ConstraintCommittedResult","MixedRuntimeAndDerived","required:facts/75","contact-transition|leg-pose","CharacterFootSampleColumns.Schema"
"main","975","FootMotionEncodedGoalCorrectionX","character-foot-ik/main/foot-motion-encoded-goal-correction","Vector3","X","Goal","Float32","Metres","FootMotionEncodedGoalAvailable","character-foot-ik/main/foot-motion-encoded-goal-available","1","ConstraintCommittedResult","MixedRuntimeAndDerived","required:facts/75","contact-transition|leg-pose","CharacterFootSampleColumns.Schema"
"main","976","FootMotionEncodedGoalCorrectionY","character-foot-ik/main/foot-motion-encoded-goal-correction","Vector3","Y","Goal","Float32","Metres","FootMotionEncodedGoalAvailable","character-foot-ik/main/foot-motion-encoded-goal-available","1","ConstraintCommittedResult","MixedRuntimeAndDerived","required:facts/75","contact-transition|leg-pose","CharacterFootSampleColumns.Schema"
"main","977","FootMotionEncodedGoalCorrectionZ","character-foot-ik/main/foot-motion-encoded-goal-correction","Vector3","Z","Goal","Float32","Metres","FootMotionEncodedGoalAvailable","character-foot-ik/main/foot-motion-encoded-goal-available","1","ConstraintCommittedResult","MixedRuntimeAndDerived","required:facts/75","contact-transition|leg-pose","CharacterFootSampleColumns.Schema"
"main","978","FinalGoalPositionX","character-foot-ik/main/final-goal-position","Vector3","X","Goal","Float32","Metres","","","1","ConstraintCommittedResult","MixedRuntimeAndDerived","required:facts/75","contact-transition|leg-pose","CharacterFootSampleColumns.Schema"
"main","979","FinalGoalPositionY","character-foot-ik/main/final-goal-position","Vector3","Y","Goal","Float32","Metres","","","1","ConstraintCommittedResult","MixedRuntimeAndDerived","required:facts/75","contact-transition|leg-pose","CharacterFootSampleColumns.Schema"
"main","980","FinalGoalPositionZ","character-foot-ik/main/final-goal-position","Vector3","Z","Goal","Float32","Metres","","","1","ConstraintCommittedResult","MixedRuntimeAndDerived","required:facts/75","contact-transition|leg-pose","CharacterFootSampleColumns.Schema"
"main","981","FinalGoalRotationX","character-foot-ik/main/final-goal-rotation","Quaternion","X","Goal","Float32","Unitless","","","1","ConstraintCommittedResult","MixedRuntimeAndDerived","required:facts/75","contact-transition|leg-pose","CharacterFootSampleColumns.Schema"
"main","982","FinalGoalRotationY","character-foot-ik/main/final-goal-rotation","Quaternion","Y","Goal","Float32","Unitless","","","1","ConstraintCommittedResult","MixedRuntimeAndDerived","required:facts/75","contact-transition|leg-pose","CharacterFootSampleColumns.Schema"
"main","983","FinalGoalRotationZ","character-foot-ik/main/final-goal-rotation","Quaternion","Z","Goal","Float32","Unitless","","","1","ConstraintCommittedResult","MixedRuntimeAndDerived","required:facts/75","contact-transition|leg-pose","CharacterFootSampleColumns.Schema"
"main","984","FinalGoalRotationW","character-foot-ik/main/final-goal-rotation","Quaternion","W","Goal","Float32","Unitless","","","1","ConstraintCommittedResult","MixedRuntimeAndDerived","required:facts/75","contact-transition|leg-pose","CharacterFootSampleColumns.Schema"
"main","985","FinalGoalPositionWeight","character-foot-ik/main/final-goal-position-weight","Float32","","Goal","Float32","Unitless","","","1","ConstraintCommittedResult","MixedRuntimeAndDerived","required:facts/75","contact-transition|leg-pose","CharacterFootSampleColumns.Schema"
"main","986","FinalGoalRotationWeight","character-foot-ik/main/final-goal-rotation-weight","Float32","","Goal","Float32","Unitless","","","1","ConstraintCommittedResult","MixedRuntimeAndDerived","required:facts/75","contact-transition|leg-pose","CharacterFootSampleColumns.Schema"
"main","987","PelvisPositionWeight","character-foot-ik/main/pelvis-position-weight","Float32","","Goal","Float32","Unitless","","","1","ConstraintCommittedResult","MixedRuntimeAndDerived","required:facts/75","contact-transition|leg-pose","CharacterFootSampleColumns.Schema"
"main","988","PelvisRotationWeight","character-foot-ik/main/pelvis-rotation-weight","Float32","","Goal","Float32","Unitless","","","1","ConstraintCommittedResult","MixedRuntimeAndDerived","required:facts/75","contact-transition|leg-pose","CharacterFootSampleColumns.Schema"
"main","989","StrideState","character-foot-ik/main/stride-state","Int32","","Pelvis","Text","Category","","","1","ConstraintCommittedResult+FinalPublicationCommittedResult","MixedRuntimeAndDerived+HostEnumFormatting","required:facts/75","leg-pose","CharacterFootSampleColumns.Schema"
"main","990","StrideRejectReason","character-foot-ik/main/stride-reject-reason","Int32","","Pelvis","Text","Category","","","1","ConstraintCommittedResult+FinalPublicationCommittedResult","MixedRuntimeAndDerived+HostEnumFormatting","required:facts/75","leg-pose","CharacterFootSampleColumns.Schema"
"main","991","StrideSupportSide","character-foot-ik/main/stride-support-side","Int32","","Pelvis","Text","Category","","","1","ConstraintCommittedResult+FinalPublicationCommittedResult","MixedRuntimeAndDerived+HostEnumFormatting","required:facts/75","leg-pose","CharacterFootSampleColumns.Schema"
"main","992","StrideSwingSide","character-foot-ik/main/stride-swing-side","Int32","","Pelvis","Text","Category","","","1","ConstraintCommittedResult+FinalPublicationCommittedResult","MixedRuntimeAndDerived+HostEnumFormatting","required:facts/75","leg-pose","CharacterFootSampleColumns.Schema"
"main","993","StrideProgress","character-foot-ik/main/stride-progress","Float32","","Pelvis","Float32","Unitless","","","1","ConstraintCommittedResult+FinalPublicationCommittedResult","MixedRuntimeAndDerived","required:facts/75","leg-pose","CharacterFootSampleColumns.Schema"
"main","994","StrideSlope","character-foot-ik/main/stride-slope","Int32","","Pelvis","Text","Category","","","1","ConstraintCommittedResult+FinalPublicationCommittedResult","MixedRuntimeAndDerived+HostEnumFormatting","required:facts/75","leg-pose","CharacterFootSampleColumns.Schema"
"main","995","StrideStartX","character-foot-ik/main/stride-start","Vector3","X","Pelvis","Float32","Metres","","","1","ConstraintCommittedResult+FinalPublicationCommittedResult","MixedRuntimeAndDerived","required:facts/75","leg-pose","CharacterFootSampleColumns.Schema"
"main","996","StrideStartY","character-foot-ik/main/stride-start","Vector3","Y","Pelvis","Float32","Metres","","","1","ConstraintCommittedResult+FinalPublicationCommittedResult","MixedRuntimeAndDerived","required:facts/75","leg-pose","CharacterFootSampleColumns.Schema"
"main","997","StrideStartZ","character-foot-ik/main/stride-start","Vector3","Z","Pelvis","Float32","Metres","","","1","ConstraintCommittedResult+FinalPublicationCommittedResult","MixedRuntimeAndDerived","required:facts/75","leg-pose","CharacterFootSampleColumns.Schema"
"main","998","StrideEndX","character-foot-ik/main/stride-end","Vector3","X","Pelvis","Float32","Metres","","","1","ConstraintCommittedResult+FinalPublicationCommittedResult","MixedRuntimeAndDerived","required:facts/75","leg-pose","CharacterFootSampleColumns.Schema"
"main","999","StrideEndY","character-foot-ik/main/stride-end","Vector3","Y","Pelvis","Float32","Metres","","","1","ConstraintCommittedResult+FinalPublicationCommittedResult","MixedRuntimeAndDerived","required:facts/75","leg-pose","CharacterFootSampleColumns.Schema"
"main","1000","StrideEndZ","character-foot-ik/main/stride-end","Vector3","Z","Pelvis","Float32","Metres","","","1","ConstraintCommittedResult+FinalPublicationCommittedResult","MixedRuntimeAndDerived","required:facts/75","leg-pose","CharacterFootSampleColumns.Schema"
"main","1001","StrideSampledGroundX","character-foot-ik/main/stride-sampled-ground","Vector3","X","Pelvis","Float32","Metres","","","1","ConstraintCommittedResult+FinalPublicationCommittedResult","MixedRuntimeAndDerived","required:facts/75","leg-pose","CharacterFootSampleColumns.Schema"
"main","1002","StrideSampledGroundY","character-foot-ik/main/stride-sampled-ground","Vector3","Y","Pelvis","Float32","Metres","","","1","ConstraintCommittedResult+FinalPublicationCommittedResult","MixedRuntimeAndDerived","required:facts/75","leg-pose","CharacterFootSampleColumns.Schema"
"main","1003","StrideSampledGroundZ","character-foot-ik/main/stride-sampled-ground","Vector3","Z","Pelvis","Float32","Metres","","","1","ConstraintCommittedResult+FinalPublicationCommittedResult","MixedRuntimeAndDerived","required:facts/75","leg-pose","CharacterFootSampleColumns.Schema"
"main","1004","PelvisPoseInputAvailable","character-foot-ik/main/pelvis-pose-input-available","Boolean","","Pelvis","Boolean","None","","","1","ConstraintCommittedResult+FinalPublicationCommittedResult","MixedRuntimeAndDerived","required:facts/75","leg-pose","CharacterFootSampleColumns.Schema"
"main","1005","StridePoseRootPositionX","character-foot-ik/main/stride-pose-root-position","Vector3","X","Pelvis","Float32","Metres","","","1","ConstraintCommittedResult+FinalPublicationCommittedResult","MixedRuntimeAndDerived","required:facts/75","leg-pose","CharacterFootSampleColumns.Schema"
"main","1006","StridePoseRootPositionY","character-foot-ik/main/stride-pose-root-position","Vector3","Y","Pelvis","Float32","Metres","","","1","ConstraintCommittedResult+FinalPublicationCommittedResult","MixedRuntimeAndDerived","required:facts/75","leg-pose","CharacterFootSampleColumns.Schema"
"main","1007","StridePoseRootPositionZ","character-foot-ik/main/stride-pose-root-position","Vector3","Z","Pelvis","Float32","Metres","","","1","ConstraintCommittedResult+FinalPublicationCommittedResult","MixedRuntimeAndDerived","required:facts/75","leg-pose","CharacterFootSampleColumns.Schema"
"main","1008","StrideAnimatedPelvisX","character-foot-ik/main/stride-animated-pelvis","Vector3","X","Pelvis","Float32","Metres","","","1","ConstraintCommittedResult+FinalPublicationCommittedResult","MixedRuntimeAndDerived","required:facts/75","leg-pose","CharacterFootSampleColumns.Schema"
"main","1009","StrideAnimatedPelvisY","character-foot-ik/main/stride-animated-pelvis","Vector3","Y","Pelvis","Float32","Metres","","","1","ConstraintCommittedResult+FinalPublicationCommittedResult","MixedRuntimeAndDerived","required:facts/75","leg-pose","CharacterFootSampleColumns.Schema"
"main","1010","StrideAnimatedPelvisZ","character-foot-ik/main/stride-animated-pelvis","Vector3","Z","Pelvis","Float32","Metres","","","1","ConstraintCommittedResult+FinalPublicationCommittedResult","MixedRuntimeAndDerived","required:facts/75","leg-pose","CharacterFootSampleColumns.Schema"
"main","1011","StrideAnimatedPelvisComponentPositionX","character-foot-ik/main/stride-animated-pelvis-component-position","Vector3","X","Pelvis","Float32","Metres","","","1","ConstraintCommittedResult+FinalPublicationCommittedResult","MixedRuntimeAndDerived","required:facts/75","leg-pose","CharacterFootSampleColumns.Schema"
"main","1012","StrideAnimatedPelvisComponentPositionY","character-foot-ik/main/stride-animated-pelvis-component-position","Vector3","Y","Pelvis","Float32","Metres","","","1","ConstraintCommittedResult+FinalPublicationCommittedResult","MixedRuntimeAndDerived","required:facts/75","leg-pose","CharacterFootSampleColumns.Schema"
"main","1013","StrideAnimatedPelvisComponentPositionZ","character-foot-ik/main/stride-animated-pelvis-component-position","Vector3","Z","Pelvis","Float32","Metres","","","1","ConstraintCommittedResult+FinalPublicationCommittedResult","MixedRuntimeAndDerived","required:facts/75","leg-pose","CharacterFootSampleColumns.Schema"
"main","1014","PelvisHeightTargetAvailable","character-foot-ik/main/pelvis-height-target-available","Boolean","","Pelvis","Boolean","None","","","1","ConstraintCommittedResult+FinalPublicationCommittedResult","MixedRuntimeAndDerived","required:facts/75","leg-pose","CharacterFootSampleColumns.Schema"
"main","1015","PelvisHeightTargetComponentUpX","character-foot-ik/main/pelvis-height-target-component-up","Vector3","X","Pelvis","Float32","Direction","","","1","ConstraintCommittedResult+FinalPublicationCommittedResult","MixedRuntimeAndDerived","required:facts/75","leg-pose","CharacterFootSampleColumns.Schema"
"main","1016","PelvisHeightTargetComponentUpY","character-foot-ik/main/pelvis-height-target-component-up","Vector3","Y","Pelvis","Float32","Direction","","","1","ConstraintCommittedResult+FinalPublicationCommittedResult","MixedRuntimeAndDerived","required:facts/75","leg-pose","CharacterFootSampleColumns.Schema"
"main","1017","PelvisHeightTargetComponentUpZ","character-foot-ik/main/pelvis-height-target-component-up","Vector3","Z","Pelvis","Float32","Direction","","","1","ConstraintCommittedResult+FinalPublicationCommittedResult","MixedRuntimeAndDerived","required:facts/75","leg-pose","CharacterFootSampleColumns.Schema"
"main","1018","PelvisHeightTargetLeftAnimatedSoleX","character-foot-ik/main/pelvis-height-target-left-animated-sole","Vector3","X","Pelvis","Float32","Metres","","","1","ConstraintCommittedResult+FinalPublicationCommittedResult","MixedRuntimeAndDerived","required:facts/75","leg-pose","CharacterFootSampleColumns.Schema"
"main","1019","PelvisHeightTargetLeftAnimatedSoleY","character-foot-ik/main/pelvis-height-target-left-animated-sole","Vector3","Y","Pelvis","Float32","Metres","","","1","ConstraintCommittedResult+FinalPublicationCommittedResult","MixedRuntimeAndDerived","required:facts/75","leg-pose","CharacterFootSampleColumns.Schema"
"main","1020","PelvisHeightTargetLeftAnimatedSoleZ","character-foot-ik/main/pelvis-height-target-left-animated-sole","Vector3","Z","Pelvis","Float32","Metres","","","1","ConstraintCommittedResult+FinalPublicationCommittedResult","MixedRuntimeAndDerived","required:facts/75","leg-pose","CharacterFootSampleColumns.Schema"
"main","1021","PelvisHeightTargetRightAnimatedSoleX","character-foot-ik/main/pelvis-height-target-right-animated-sole","Vector3","X","Pelvis","Float32","Metres","","","1","ConstraintCommittedResult+FinalPublicationCommittedResult","MixedRuntimeAndDerived","required:facts/75","leg-pose","CharacterFootSampleColumns.Schema"
"main","1022","PelvisHeightTargetRightAnimatedSoleY","character-foot-ik/main/pelvis-height-target-right-animated-sole","Vector3","Y","Pelvis","Float32","Metres","","","1","ConstraintCommittedResult+FinalPublicationCommittedResult","MixedRuntimeAndDerived","required:facts/75","leg-pose","CharacterFootSampleColumns.Schema"
"main","1023","PelvisHeightTargetRightAnimatedSoleZ","character-foot-ik/main/pelvis-height-target-right-animated-sole","Vector3","Z","Pelvis","Float32","Metres","","","1","ConstraintCommittedResult+FinalPublicationCommittedResult","MixedRuntimeAndDerived","required:facts/75","leg-pose","CharacterFootSampleColumns.Schema"
"main","1024","PelvisHeightTargetLeftTargetSoleX","character-foot-ik/main/pelvis-height-target-left-target-sole","Vector3","X","Pelvis","Float32","Metres","","","1","ConstraintCommittedResult+FinalPublicationCommittedResult","MixedRuntimeAndDerived","required:facts/75","leg-pose","CharacterFootSampleColumns.Schema"
"main","1025","PelvisHeightTargetLeftTargetSoleY","character-foot-ik/main/pelvis-height-target-left-target-sole","Vector3","Y","Pelvis","Float32","Metres","","","1","ConstraintCommittedResult+FinalPublicationCommittedResult","MixedRuntimeAndDerived","required:facts/75","leg-pose","CharacterFootSampleColumns.Schema"
"main","1026","PelvisHeightTargetLeftTargetSoleZ","character-foot-ik/main/pelvis-height-target-left-target-sole","Vector3","Z","Pelvis","Float32","Metres","","","1","ConstraintCommittedResult+FinalPublicationCommittedResult","MixedRuntimeAndDerived","required:facts/75","leg-pose","CharacterFootSampleColumns.Schema"
"main","1027","PelvisHeightTargetRightTargetSoleX","character-foot-ik/main/pelvis-height-target-right-target-sole","Vector3","X","Pelvis","Float32","Metres","","","1","ConstraintCommittedResult+FinalPublicationCommittedResult","MixedRuntimeAndDerived","required:facts/75","leg-pose","CharacterFootSampleColumns.Schema"
"main","1028","PelvisHeightTargetRightTargetSoleY","character-foot-ik/main/pelvis-height-target-right-target-sole","Vector3","Y","Pelvis","Float32","Metres","","","1","ConstraintCommittedResult+FinalPublicationCommittedResult","MixedRuntimeAndDerived","required:facts/75","leg-pose","CharacterFootSampleColumns.Schema"
"main","1029","PelvisHeightTargetRightTargetSoleZ","character-foot-ik/main/pelvis-height-target-right-target-sole","Vector3","Z","Pelvis","Float32","Metres","","","1","ConstraintCommittedResult+FinalPublicationCommittedResult","MixedRuntimeAndDerived","required:facts/75","leg-pose","CharacterFootSampleColumns.Schema"
"main","1030","PelvisHeightTargetAnimatedMinimumAlongUp","character-foot-ik/main/pelvis-height-target-animated-minimum-along-up","Float32","","Pelvis","Float32","Metres","","","1","ConstraintCommittedResult+FinalPublicationCommittedResult","MixedRuntimeAndDerived","required:facts/75","leg-pose","CharacterFootSampleColumns.Schema"
"main","1031","PelvisHeightTargetMinimumAlongUp","character-foot-ik/main/pelvis-height-target-minimum-along-up","Float32","","Pelvis","Float32","Metres","","","1","ConstraintCommittedResult+FinalPublicationCommittedResult","MixedRuntimeAndDerived","required:facts/75","leg-pose","CharacterFootSampleColumns.Schema"
"main","1032","PelvisRequestedOffsetAlongUp","character-foot-ik/main/pelvis-requested-offset-along-up","Float32","","Pelvis","Float32","Metres","","","1","ConstraintCommittedResult+FinalPublicationCommittedResult","MixedRuntimeAndDerived","required:facts/75","leg-pose","CharacterFootSampleColumns.Schema"
"main","1033","StrideHadPreviousState","character-foot-ik/main/stride-had-previous-state","Boolean","","Pelvis","Boolean","None","","","1","ConstraintCommittedResult+FinalPublicationCommittedResult","MixedRuntimeAndDerived","required:facts/75","leg-pose","CharacterFootSampleColumns.Schema"
"main","1034","StrideSupportChanged","character-foot-ik/main/stride-support-changed","Boolean","","Pelvis","Boolean","None","","","1","ConstraintCommittedResult+FinalPublicationCommittedResult","MixedRuntimeAndDerived","required:facts/75","leg-pose","CharacterFootSampleColumns.Schema"
"main","1035","StridePreviousSlope","character-foot-ik/main/stride-previous-slope","Int32","","Pelvis","Text","Category","","","1","ConstraintCommittedResult+FinalPublicationCommittedResult","MixedRuntimeAndDerived+HostEnumFormatting","required:facts/75","leg-pose","CharacterFootSampleColumns.Schema"
"main","1036","StrideSpringHandoffReason","character-foot-ik/main/stride-spring-handoff-reason","Int32","","Pelvis","Text","Category","","","1","ConstraintCommittedResult+FinalPublicationCommittedResult","MixedRuntimeAndDerived+HostEnumFormatting","required:facts/75","leg-pose","CharacterFootSampleColumns.Schema"
"main","1037","StrideSpringVelocityReset","character-foot-ik/main/stride-spring-velocity-reset","Boolean","","Pelvis","Boolean","None","","","1","ConstraintCommittedResult+FinalPublicationCommittedResult","MixedRuntimeAndDerived","required:facts/75","leg-pose","CharacterFootSampleColumns.Schema"
"main","1038","StridePreviousSpringTarget","character-foot-ik/main/stride-previous-spring-target","Float32","","Pelvis","Float32","Metres","","","1","ConstraintCommittedResult+FinalPublicationCommittedResult","MixedRuntimeAndDerived","required:facts/75","leg-pose","CharacterFootSampleColumns.Schema"
"main","1039","StridePreviousSpringOutput","character-foot-ik/main/stride-previous-spring-output","Float32","","Pelvis","Float32","Metres","","","1","ConstraintCommittedResult+FinalPublicationCommittedResult","MixedRuntimeAndDerived","required:facts/75","leg-pose","CharacterFootSampleColumns.Schema"
"main","1040","StridePreviousSpringVelocity","character-foot-ik/main/stride-previous-spring-velocity","Float32","","Pelvis","Float32","MetresPerSecond","","","1","ConstraintCommittedResult+FinalPublicationCommittedResult","MixedRuntimeAndDerived","required:facts/75","leg-pose","CharacterFootSampleColumns.Schema"
"main","1041","StrideSpringInput","character-foot-ik/main/stride-spring-input","Float32","","Pelvis","Float32","Metres","","","1","ConstraintCommittedResult+FinalPublicationCommittedResult","MixedRuntimeAndDerived","required:facts/75","leg-pose","CharacterFootSampleColumns.Schema"
"main","1042","StrideSpringInputVelocity","character-foot-ik/main/stride-spring-input-velocity","Float32","","Pelvis","Float32","MetresPerSecond","","","1","ConstraintCommittedResult+FinalPublicationCommittedResult","MixedRuntimeAndDerived","required:facts/75","leg-pose","CharacterFootSampleColumns.Schema"
"main","1043","StrideSpringFrequency","character-foot-ik/main/stride-spring-frequency","Float32","","Pelvis","Float32","Hertz","","","1","ConstraintCommittedResult+FinalPublicationCommittedResult","MixedRuntimeAndDerived","required:facts/75","leg-pose","CharacterFootSampleColumns.Schema"
"main","1044","PelvisPosturePreferenceEvaluated","character-foot-ik/main/pelvis-posture-preference-evaluated","Boolean","","Pelvis","Boolean","None","","","1","ConstraintCommittedResult+FinalPublicationCommittedResult","MixedRuntimeAndDerived","required:facts/75","leg-pose","CharacterFootSampleColumns.Schema"
"main","1045","PelvisPosturePreferenceAvailable","character-foot-ik/main/pelvis-posture-preference-available","Boolean","","Pelvis","Boolean","None","","","1","ConstraintCommittedResult+FinalPublicationCommittedResult","MixedRuntimeAndDerived","required:facts/75","leg-pose","CharacterFootSampleColumns.Schema"
"main","1046","PelvisPosturePreferenceHipX","character-foot-ik/main/pelvis-posture-preference-hip","Vector3","X","Pelvis","Float32","Metres","","","1","ConstraintCommittedResult+FinalPublicationCommittedResult","MixedRuntimeAndDerived","required:facts/75","leg-pose","CharacterFootSampleColumns.Schema"
"main","1047","PelvisPosturePreferenceHipY","character-foot-ik/main/pelvis-posture-preference-hip","Vector3","Y","Pelvis","Float32","Metres","","","1","ConstraintCommittedResult+FinalPublicationCommittedResult","MixedRuntimeAndDerived","required:facts/75","leg-pose","CharacterFootSampleColumns.Schema"
"main","1048","PelvisPosturePreferenceHipZ","character-foot-ik/main/pelvis-posture-preference-hip","Vector3","Z","Pelvis","Float32","Metres","","","1","ConstraintCommittedResult+FinalPublicationCommittedResult","MixedRuntimeAndDerived","required:facts/75","leg-pose","CharacterFootSampleColumns.Schema"
"main","1049","PelvisPosturePreferenceAnimatedAnkleX","character-foot-ik/main/pelvis-posture-preference-animated-ankle","Vector3","X","Pelvis","Float32","Metres","","","1","ConstraintCommittedResult+FinalPublicationCommittedResult","MixedRuntimeAndDerived","required:facts/75","leg-pose","CharacterFootSampleColumns.Schema"
"main","1050","PelvisPosturePreferenceAnimatedAnkleY","character-foot-ik/main/pelvis-posture-preference-animated-ankle","Vector3","Y","Pelvis","Float32","Metres","","","1","ConstraintCommittedResult+FinalPublicationCommittedResult","MixedRuntimeAndDerived","required:facts/75","leg-pose","CharacterFootSampleColumns.Schema"
"main","1051","PelvisPosturePreferenceAnimatedAnkleZ","character-foot-ik/main/pelvis-posture-preference-animated-ankle","Vector3","Z","Pelvis","Float32","Metres","","","1","ConstraintCommittedResult+FinalPublicationCommittedResult","MixedRuntimeAndDerived","required:facts/75","leg-pose","CharacterFootSampleColumns.Schema"
"main","1052","PelvisPosturePreferenceTargetAnkleX","character-foot-ik/main/pelvis-posture-preference-target-ankle","Vector3","X","Pelvis","Float32","Metres","","","1","ConstraintCommittedResult+FinalPublicationCommittedResult","MixedRuntimeAndDerived","required:facts/75","leg-pose","CharacterFootSampleColumns.Schema"
"main","1053","PelvisPosturePreferenceTargetAnkleY","character-foot-ik/main/pelvis-posture-preference-target-ankle","Vector3","Y","Pelvis","Float32","Metres","","","1","ConstraintCommittedResult+FinalPublicationCommittedResult","MixedRuntimeAndDerived","required:facts/75","leg-pose","CharacterFootSampleColumns.Schema"
"main","1054","PelvisPosturePreferenceTargetAnkleZ","character-foot-ik/main/pelvis-posture-preference-target-ankle","Vector3","Z","Pelvis","Float32","Metres","","","1","ConstraintCommittedResult+FinalPublicationCommittedResult","MixedRuntimeAndDerived","required:facts/75","leg-pose","CharacterFootSampleColumns.Schema"
"main","1055","PelvisPosturePreferenceLegLength","character-foot-ik/main/pelvis-posture-preference-leg-length","Float32","","Pelvis","Float32","Metres","","","1","ConstraintCommittedResult+FinalPublicationCommittedResult","MixedRuntimeAndDerived","required:facts/75","leg-pose","CharacterFootSampleColumns.Schema"
"main","1056","PelvisPosturePreferenceCompressionReserve","character-foot-ik/main/pelvis-posture-preference-compression-reserve","Float32","","Pelvis","Float32","Metres","","","1","ConstraintCommittedResult+FinalPublicationCommittedResult","MixedRuntimeAndDerived","required:facts/75","leg-pose","CharacterFootSampleColumns.Schema"
"main","1057","PelvisPosturePreferenceUsableLegLength","character-foot-ik/main/pelvis-posture-preference-usable-leg-length","Float32","","Pelvis","Float32","Metres","","","1","ConstraintCommittedResult+FinalPublicationCommittedResult","MixedRuntimeAndDerived","required:facts/75","leg-pose","CharacterFootSampleColumns.Schema"
"main","1058","PelvisPosturePreferenceMinimumAlongUp","character-foot-ik/main/pelvis-posture-preference-minimum-along-up","Float32","","Pelvis","Float32","Metres","","","1","ConstraintCommittedResult+FinalPublicationCommittedResult","MixedRuntimeAndDerived","required:facts/75","leg-pose","CharacterFootSampleColumns.Schema"
"main","1059","PelvisPosturePreferenceMaximumAlongUp","character-foot-ik/main/pelvis-posture-preference-maximum-along-up","Float32","","Pelvis","Float32","Metres","","","1","ConstraintCommittedResult+FinalPublicationCommittedResult","MixedRuntimeAndDerived","required:facts/75","leg-pose","CharacterFootSampleColumns.Schema"
"main","1060","PelvisPosturePreferenceOffsetAlongUp","character-foot-ik/main/pelvis-posture-preference-offset-along-up","Float32","","Pelvis","Float32","Metres","","","1","ConstraintCommittedResult+FinalPublicationCommittedResult","MixedRuntimeAndDerived","required:facts/75","leg-pose","CharacterFootSampleColumns.Schema"
"main","1061","PelvisPosturePreferenceTargetAdjusted","character-foot-ik/main/pelvis-posture-preference-target-adjusted","Boolean","","Pelvis","Boolean","None","","","1","ConstraintCommittedResult+FinalPublicationCommittedResult","MixedRuntimeAndDerived","required:facts/75","leg-pose","CharacterFootSampleColumns.Schema"
"main","1062","PelvisReachComponentUpX","character-foot-ik/main/pelvis-reach-component-up","Vector3","X","Pelvis","Float32","Direction","","","1","ConstraintCommittedResult+FinalPublicationCommittedResult","MixedRuntimeAndDerived","required:facts/75","leg-pose","CharacterFootSampleColumns.Schema"
"main","1063","PelvisReachComponentUpY","character-foot-ik/main/pelvis-reach-component-up","Vector3","Y","Pelvis","Float32","Direction","","","1","ConstraintCommittedResult+FinalPublicationCommittedResult","MixedRuntimeAndDerived","required:facts/75","leg-pose","CharacterFootSampleColumns.Schema"
"main","1064","PelvisReachComponentUpZ","character-foot-ik/main/pelvis-reach-component-up","Vector3","Z","Pelvis","Float32","Direction","","","1","ConstraintCommittedResult+FinalPublicationCommittedResult","MixedRuntimeAndDerived","required:facts/75","leg-pose","CharacterFootSampleColumns.Schema"
"main","1065","PelvisReachStatus","character-foot-ik/main/pelvis-reach-status","Int32","","Pelvis","Text","Category","","","1","ConstraintCommittedResult+FinalPublicationCommittedResult","MixedRuntimeAndDerived+HostEnumFormatting","required:facts/75","leg-pose","CharacterFootSampleColumns.Schema"
"main","1066","PelvisReachIntersectionEvaluated","character-foot-ik/main/pelvis-reach-intersection-evaluated","Boolean","","Pelvis","Boolean","None","","","1","ConstraintCommittedResult+FinalPublicationCommittedResult","MixedRuntimeAndDerived","required:facts/75","leg-pose","CharacterFootSampleColumns.Schema"
"main","1067","PelvisReachIntersectionMinimumAlongUp","character-foot-ik/main/pelvis-reach-intersection-minimum-along-up","Float32","","Pelvis","Float32","Metres","","","1","ConstraintCommittedResult+FinalPublicationCommittedResult","MixedRuntimeAndDerived","required:facts/75","leg-pose","CharacterFootSampleColumns.Schema"
"main","1068","PelvisReachIntersectionMaximumAlongUp","character-foot-ik/main/pelvis-reach-intersection-maximum-along-up","Float32","","Pelvis","Float32","Metres","","","1","ConstraintCommittedResult+FinalPublicationCommittedResult","MixedRuntimeAndDerived","required:facts/75","leg-pose","CharacterFootSampleColumns.Schema"
"main","1069","PelvisReachLeftRole","character-foot-ik/main/pelvis-reach-left-role","Int32","","Pelvis","Text","Category","","","1","ConstraintCommittedResult+FinalPublicationCommittedResult","MixedRuntimeAndDerived+HostEnumFormatting","required:facts/75","leg-pose","CharacterFootSampleColumns.Schema"
"main","1070","PelvisReachLeftStatus","character-foot-ik/main/pelvis-reach-left-status","Int32","","Pelvis","Text","Category","","","1","ConstraintCommittedResult+FinalPublicationCommittedResult","MixedRuntimeAndDerived+HostEnumFormatting","required:facts/75","leg-pose","CharacterFootSampleColumns.Schema"
"main","1071","PelvisReachLeftEventIdentity","character-foot-ik/main/pelvis-reach-left-event-identity","UInt64","","Pelvis","UInt64","Identity","","","1","ConstraintCommittedResult+FinalPublicationCommittedResult","MixedRuntimeAndDerived","required:facts/75","leg-pose","CharacterFootSampleColumns.Schema"
"main","1072","PelvisReachLeftHipX","character-foot-ik/main/pelvis-reach-left-hip","Vector3","X","Pelvis","Float32","Metres","","","1","ConstraintCommittedResult+FinalPublicationCommittedResult","MixedRuntimeAndDerived","required:facts/75","leg-pose","CharacterFootSampleColumns.Schema"
"main","1073","PelvisReachLeftHipY","character-foot-ik/main/pelvis-reach-left-hip","Vector3","Y","Pelvis","Float32","Metres","","","1","ConstraintCommittedResult+FinalPublicationCommittedResult","MixedRuntimeAndDerived","required:facts/75","leg-pose","CharacterFootSampleColumns.Schema"
"main","1074","PelvisReachLeftHipZ","character-foot-ik/main/pelvis-reach-left-hip","Vector3","Z","Pelvis","Float32","Metres","","","1","ConstraintCommittedResult+FinalPublicationCommittedResult","MixedRuntimeAndDerived","required:facts/75","leg-pose","CharacterFootSampleColumns.Schema"
"main","1075","PelvisReachLeftTargetAnkleX","character-foot-ik/main/pelvis-reach-left-target-ankle","Vector3","X","Pelvis","Float32","Metres","","","1","ConstraintCommittedResult+FinalPublicationCommittedResult","MixedRuntimeAndDerived","required:facts/75","leg-pose","CharacterFootSampleColumns.Schema"
"main","1076","PelvisReachLeftTargetAnkleY","character-foot-ik/main/pelvis-reach-left-target-ankle","Vector3","Y","Pelvis","Float32","Metres","","","1","ConstraintCommittedResult+FinalPublicationCommittedResult","MixedRuntimeAndDerived","required:facts/75","leg-pose","CharacterFootSampleColumns.Schema"
"main","1077","PelvisReachLeftTargetAnkleZ","character-foot-ik/main/pelvis-reach-left-target-ankle","Vector3","Z","Pelvis","Float32","Metres","","","1","ConstraintCommittedResult+FinalPublicationCommittedResult","MixedRuntimeAndDerived","required:facts/75","leg-pose","CharacterFootSampleColumns.Schema"
"main","1078","PelvisReachLeftLegLength","character-foot-ik/main/pelvis-reach-left-leg-length","Float32","","Pelvis","Float32","Metres","","","1","ConstraintCommittedResult+FinalPublicationCommittedResult","MixedRuntimeAndDerived","required:facts/75","leg-pose","CharacterFootSampleColumns.Schema"
"main","1079","PelvisReachLeftMinimumCompressionReserve","character-foot-ik/main/pelvis-reach-left-minimum-compression-reserve","Float32","","Pelvis","Float32","Metres","","","1","ConstraintCommittedResult+FinalPublicationCommittedResult","MixedRuntimeAndDerived","required:facts/75","leg-pose","CharacterFootSampleColumns.Schema"
"main","1080","PelvisReachLeftUsableLegLength","character-foot-ik/main/pelvis-reach-left-usable-leg-length","Float32","","Pelvis","Float32","Metres","","","1","ConstraintCommittedResult+FinalPublicationCommittedResult","MixedRuntimeAndDerived","required:facts/75","leg-pose","CharacterFootSampleColumns.Schema"
"main","1081","PelvisReachLeftMinimumAlongUp","character-foot-ik/main/pelvis-reach-left-minimum-along-up","Float32","","Pelvis","Float32","Metres","","","1","ConstraintCommittedResult+FinalPublicationCommittedResult","MixedRuntimeAndDerived","required:facts/75","leg-pose","CharacterFootSampleColumns.Schema"
"main","1082","PelvisReachLeftMaximumAlongUp","character-foot-ik/main/pelvis-reach-left-maximum-along-up","Float32","","Pelvis","Float32","Metres","","","1","ConstraintCommittedResult+FinalPublicationCommittedResult","MixedRuntimeAndDerived","required:facts/75","leg-pose","CharacterFootSampleColumns.Schema"
"main","1083","PelvisReachLeftRequested","character-foot-ik/main/pelvis-reach-left-requested","Boolean","","Pelvis","Boolean","None","","","1","ConstraintCommittedResult+FinalPublicationCommittedResult","MixedRuntimeAndDerived","required:facts/75","leg-pose","CharacterFootSampleColumns.Schema"
"main","1084","PelvisReachLeftAvailable","character-foot-ik/main/pelvis-reach-left-available","Boolean","","Pelvis","Boolean","None","","","1","ConstraintCommittedResult+FinalPublicationCommittedResult","MixedRuntimeAndDerived","required:facts/75","leg-pose","CharacterFootSampleColumns.Schema"
"main","1085","PelvisReachRightRole","character-foot-ik/main/pelvis-reach-right-role","Int32","","Pelvis","Text","Category","","","1","ConstraintCommittedResult+FinalPublicationCommittedResult","MixedRuntimeAndDerived+HostEnumFormatting","required:facts/75","leg-pose","CharacterFootSampleColumns.Schema"
"main","1086","PelvisReachRightStatus","character-foot-ik/main/pelvis-reach-right-status","Int32","","Pelvis","Text","Category","","","1","ConstraintCommittedResult+FinalPublicationCommittedResult","MixedRuntimeAndDerived+HostEnumFormatting","required:facts/75","leg-pose","CharacterFootSampleColumns.Schema"
"main","1087","PelvisReachRightEventIdentity","character-foot-ik/main/pelvis-reach-right-event-identity","UInt64","","Pelvis","UInt64","Identity","","","1","ConstraintCommittedResult+FinalPublicationCommittedResult","MixedRuntimeAndDerived","required:facts/75","leg-pose","CharacterFootSampleColumns.Schema"
"main","1088","PelvisReachRightHipX","character-foot-ik/main/pelvis-reach-right-hip","Vector3","X","Pelvis","Float32","Metres","","","1","ConstraintCommittedResult+FinalPublicationCommittedResult","MixedRuntimeAndDerived","required:facts/75","leg-pose","CharacterFootSampleColumns.Schema"
"main","1089","PelvisReachRightHipY","character-foot-ik/main/pelvis-reach-right-hip","Vector3","Y","Pelvis","Float32","Metres","","","1","ConstraintCommittedResult+FinalPublicationCommittedResult","MixedRuntimeAndDerived","required:facts/75","leg-pose","CharacterFootSampleColumns.Schema"
"main","1090","PelvisReachRightHipZ","character-foot-ik/main/pelvis-reach-right-hip","Vector3","Z","Pelvis","Float32","Metres","","","1","ConstraintCommittedResult+FinalPublicationCommittedResult","MixedRuntimeAndDerived","required:facts/75","leg-pose","CharacterFootSampleColumns.Schema"
"main","1091","PelvisReachRightTargetAnkleX","character-foot-ik/main/pelvis-reach-right-target-ankle","Vector3","X","Pelvis","Float32","Metres","","","1","ConstraintCommittedResult+FinalPublicationCommittedResult","MixedRuntimeAndDerived","required:facts/75","leg-pose","CharacterFootSampleColumns.Schema"
"main","1092","PelvisReachRightTargetAnkleY","character-foot-ik/main/pelvis-reach-right-target-ankle","Vector3","Y","Pelvis","Float32","Metres","","","1","ConstraintCommittedResult+FinalPublicationCommittedResult","MixedRuntimeAndDerived","required:facts/75","leg-pose","CharacterFootSampleColumns.Schema"
"main","1093","PelvisReachRightTargetAnkleZ","character-foot-ik/main/pelvis-reach-right-target-ankle","Vector3","Z","Pelvis","Float32","Metres","","","1","ConstraintCommittedResult+FinalPublicationCommittedResult","MixedRuntimeAndDerived","required:facts/75","leg-pose","CharacterFootSampleColumns.Schema"
"main","1094","PelvisReachRightLegLength","character-foot-ik/main/pelvis-reach-right-leg-length","Float32","","Pelvis","Float32","Metres","","","1","ConstraintCommittedResult+FinalPublicationCommittedResult","MixedRuntimeAndDerived","required:facts/75","leg-pose","CharacterFootSampleColumns.Schema"
"main","1095","PelvisReachRightMinimumCompressionReserve","character-foot-ik/main/pelvis-reach-right-minimum-compression-reserve","Float32","","Pelvis","Float32","Metres","","","1","ConstraintCommittedResult+FinalPublicationCommittedResult","MixedRuntimeAndDerived","required:facts/75","leg-pose","CharacterFootSampleColumns.Schema"
"main","1096","PelvisReachRightUsableLegLength","character-foot-ik/main/pelvis-reach-right-usable-leg-length","Float32","","Pelvis","Float32","Metres","","","1","ConstraintCommittedResult+FinalPublicationCommittedResult","MixedRuntimeAndDerived","required:facts/75","leg-pose","CharacterFootSampleColumns.Schema"
"main","1097","PelvisReachRightMinimumAlongUp","character-foot-ik/main/pelvis-reach-right-minimum-along-up","Float32","","Pelvis","Float32","Metres","","","1","ConstraintCommittedResult+FinalPublicationCommittedResult","MixedRuntimeAndDerived","required:facts/75","leg-pose","CharacterFootSampleColumns.Schema"
"main","1098","PelvisReachRightMaximumAlongUp","character-foot-ik/main/pelvis-reach-right-maximum-along-up","Float32","","Pelvis","Float32","Metres","","","1","ConstraintCommittedResult+FinalPublicationCommittedResult","MixedRuntimeAndDerived","required:facts/75","leg-pose","CharacterFootSampleColumns.Schema"
"main","1099","PelvisReachRightRequested","character-foot-ik/main/pelvis-reach-right-requested","Boolean","","Pelvis","Boolean","None","","","1","ConstraintCommittedResult+FinalPublicationCommittedResult","MixedRuntimeAndDerived","required:facts/75","leg-pose","CharacterFootSampleColumns.Schema"
"main","1100","PelvisReachRightAvailable","character-foot-ik/main/pelvis-reach-right-available","Boolean","","Pelvis","Boolean","None","","","1","ConstraintCommittedResult+FinalPublicationCommittedResult","MixedRuntimeAndDerived","required:facts/75","leg-pose","CharacterFootSampleColumns.Schema"
"main","1101","PelvisResponseEvaluated","character-foot-ik/main/pelvis-response-evaluated","Boolean","","Pelvis","Boolean","None","","","1","ConstraintCommittedResult+FinalPublicationCommittedResult","MixedRuntimeAndDerived","required:facts/75","leg-pose","CharacterFootSampleColumns.Schema"
"main","1102","PelvisSameLevelWorldDownLimitEvaluated","character-foot-ik/main/pelvis-same-level-world-down-limit-evaluated","Boolean","","Pelvis","Boolean","None","","","1","ConstraintCommittedResult+FinalPublicationCommittedResult","MixedRuntimeAndDerived","required:facts/75","leg-pose","CharacterFootSampleColumns.Schema"
"main","1103","PelvisSameLevelWorldDownLimitApplied","character-foot-ik/main/pelvis-same-level-world-down-limit-applied","Boolean","","Pelvis","Boolean","None","","","1","ConstraintCommittedResult+FinalPublicationCommittedResult","MixedRuntimeAndDerived","required:facts/75","leg-pose","CharacterFootSampleColumns.Schema"
"main","1104","PelvisSameLevelPairTargetHeightSpread","character-foot-ik/main/pelvis-same-level-pair-target-height-spread","Float32","","Pelvis","Float32","Metres","","","1","ConstraintCommittedResult+FinalPublicationCommittedResult","MixedRuntimeAndDerived","required:facts/75","leg-pose","CharacterFootSampleColumns.Schema"
"main","1105","PelvisSameLevelPreviousGoalWorldAlongUp","character-foot-ik/main/pelvis-same-level-previous-goal-world-along-up","Float32","","Pelvis","Float32","Metres","","","1","ConstraintCommittedResult+FinalPublicationCommittedResult","MixedRuntimeAndDerived","required:facts/75","leg-pose","CharacterFootSampleColumns.Schema"
"main","1106","PelvisSameLevelRequestedGoalWorldAlongUp","character-foot-ik/main/pelvis-same-level-requested-goal-world-along-up","Float32","","Pelvis","Float32","Metres","","","1","ConstraintCommittedResult+FinalPublicationCommittedResult","MixedRuntimeAndDerived","required:facts/75","leg-pose","CharacterFootSampleColumns.Schema"
"main","1107","PelvisSameLevelLimitedGoalWorldAlongUp","character-foot-ik/main/pelvis-same-level-limited-goal-world-along-up","Float32","","Pelvis","Float32","Metres","","","1","ConstraintCommittedResult+FinalPublicationCommittedResult","MixedRuntimeAndDerived","required:facts/75","leg-pose","CharacterFootSampleColumns.Schema"
"main","1108","PelvisSameLevelMaximumDownVelocity","character-foot-ik/main/pelvis-same-level-maximum-down-velocity","Float32","","Pelvis","Float32","MetresPerSecond","","","1","ConstraintCommittedResult+FinalPublicationCommittedResult","MixedRuntimeAndDerived","required:facts/75","leg-pose","CharacterFootSampleColumns.Schema"
"main","1109","PelvisSpringCompleted","character-foot-ik/main/pelvis-spring-completed","Boolean","","Pelvis","Boolean","None","","","1","ConstraintCommittedResult+FinalPublicationCommittedResult","MixedRuntimeAndDerived","required:facts/75","leg-pose","CharacterFootSampleColumns.Schema"
"main","1110","PelvisSpringIntegratedOutput","character-foot-ik/main/pelvis-spring-integrated-output","Float32","","Pelvis","Float32","Metres","","","1","ConstraintCommittedResult+FinalPublicationCommittedResult","MixedRuntimeAndDerived","required:facts/75","leg-pose","CharacterFootSampleColumns.Schema"
"main","1111","StrideSpringTarget","character-foot-ik/main/stride-spring-target","Float32","","Pelvis","Float32","Metres","","","1","ConstraintCommittedResult+FinalPublicationCommittedResult","MixedRuntimeAndDerived","required:facts/75","leg-pose","CharacterFootSampleColumns.Schema"
"main","1112","StrideSpringOutput","character-foot-ik/main/stride-spring-output","Float32","","Pelvis","Float32","Metres","","","1","ConstraintCommittedResult+FinalPublicationCommittedResult","MixedRuntimeAndDerived","required:facts/75","leg-pose","CharacterFootSampleColumns.Schema"
"main","1113","StrideSpringVelocity","character-foot-ik/main/stride-spring-velocity","Float32","","Pelvis","Float32","MetresPerSecond","","","1","ConstraintCommittedResult+FinalPublicationCommittedResult","MixedRuntimeAndDerived","required:facts/75","leg-pose","CharacterFootSampleColumns.Schema"
"main","1114","StridePelvisDeltaX","character-foot-ik/main/stride-pelvis-delta","Vector3","X","Pelvis","Float32","Metres","","","1","ConstraintCommittedResult+FinalPublicationCommittedResult","MixedRuntimeAndDerived","required:facts/75","leg-pose","CharacterFootSampleColumns.Schema"
"main","1115","StridePelvisDeltaY","character-foot-ik/main/stride-pelvis-delta","Vector3","Y","Pelvis","Float32","Metres","","","1","ConstraintCommittedResult+FinalPublicationCommittedResult","MixedRuntimeAndDerived","required:facts/75","leg-pose","CharacterFootSampleColumns.Schema"
"main","1116","StridePelvisDeltaZ","character-foot-ik/main/stride-pelvis-delta","Vector3","Z","Pelvis","Float32","Metres","","","1","ConstraintCommittedResult+FinalPublicationCommittedResult","MixedRuntimeAndDerived","required:facts/75","leg-pose","CharacterFootSampleColumns.Schema"
"main","1117","StridePositionWeight","character-foot-ik/main/stride-position-weight","Float32","","Pelvis","Float32","Unitless","","","1","ConstraintCommittedResult+FinalPublicationCommittedResult","MixedRuntimeAndDerived","required:facts/75","leg-pose","CharacterFootSampleColumns.Schema"
"main","1118","FinalPelvisGoalX","character-foot-ik/main/final-pelvis-goal","Vector3","X","Pelvis","Float32","Metres","","","1","ConstraintCommittedResult+FinalPublicationCommittedResult","MixedRuntimeAndDerived","required:facts/75","leg-pose","CharacterFootSampleColumns.Schema"
"main","1119","FinalPelvisGoalY","character-foot-ik/main/final-pelvis-goal","Vector3","Y","Pelvis","Float32","Metres","","","1","ConstraintCommittedResult+FinalPublicationCommittedResult","MixedRuntimeAndDerived","required:facts/75","leg-pose","CharacterFootSampleColumns.Schema"
"main","1120","FinalPelvisGoalZ","character-foot-ik/main/final-pelvis-goal","Vector3","Z","Pelvis","Float32","Metres","","","1","ConstraintCommittedResult+FinalPublicationCommittedResult","MixedRuntimeAndDerived","required:facts/75","leg-pose","CharacterFootSampleColumns.Schema"
"main","1121","FinalPhysicalPelvisComponentPositionX","character-foot-ik/main/final-physical-pelvis-component-position","Vector3","X","Pelvis","Float32","Metres","","","1","ConstraintCommittedResult+FinalPublicationCommittedResult","MixedRuntimeAndDerived","required:facts/75","leg-pose","CharacterFootSampleColumns.Schema"
"main","1122","FinalPhysicalPelvisComponentPositionY","character-foot-ik/main/final-physical-pelvis-component-position","Vector3","Y","Pelvis","Float32","Metres","","","1","ConstraintCommittedResult+FinalPublicationCommittedResult","MixedRuntimeAndDerived","required:facts/75","leg-pose","CharacterFootSampleColumns.Schema"
"main","1123","FinalPhysicalPelvisComponentPositionZ","character-foot-ik/main/final-physical-pelvis-component-position","Vector3","Z","Pelvis","Float32","Metres","","","1","ConstraintCommittedResult+FinalPublicationCommittedResult","MixedRuntimeAndDerived","required:facts/75","leg-pose","CharacterFootSampleColumns.Schema"
"main","1124","FinalPhysicalPelvisWorldPositionX","character-foot-ik/main/final-physical-pelvis-world-position","Vector3","X","Pelvis","Float32","Metres","","","1","ConstraintCommittedResult+FinalPublicationCommittedResult","MixedRuntimeAndDerived","required:facts/75","leg-pose","CharacterFootSampleColumns.Schema"
"main","1125","FinalPhysicalPelvisWorldPositionY","character-foot-ik/main/final-physical-pelvis-world-position","Vector3","Y","Pelvis","Float32","Metres","","","1","ConstraintCommittedResult+FinalPublicationCommittedResult","MixedRuntimeAndDerived","required:facts/75","leg-pose","CharacterFootSampleColumns.Schema"
"main","1126","FinalPhysicalPelvisWorldPositionZ","character-foot-ik/main/final-physical-pelvis-world-position","Vector3","Z","Pelvis","Float32","Metres","","","1","ConstraintCommittedResult+FinalPublicationCommittedResult","MixedRuntimeAndDerived","required:facts/75","leg-pose","CharacterFootSampleColumns.Schema"
"main","1127","FinalPhysicalPelvisGoalResidualAvailable","character-foot-ik/main/final-physical-pelvis-goal-residual-available","Boolean","","Pelvis","Boolean","None","","","1","ConstraintCommittedResult+FinalPublicationCommittedResult","MixedRuntimeAndDerived","required:facts/75","leg-pose","CharacterFootSampleColumns.Schema"
"main","1128","FinalPhysicalPelvisGoalResidual","character-foot-ik/main/final-physical-pelvis-goal-residual","Float32","","Pelvis","Float32","Metres","","","1","ConstraintCommittedResult+FinalPublicationCommittedResult","MixedRuntimeAndDerived","required:facts/75","leg-pose","CharacterFootSampleColumns.Schema"
"main","1129","FinalIkSolverAvailable","character-foot-ik/main/final-ik-solver-available","Boolean","","SolverPhysical","Boolean","None","","","1","ConstraintCommittedResult+FinalPublicationCommittedResult+LegacySceneTransform","MixedRuntimeDerivedAndLegacyTransform","required:facts/75","penetration|contact-fit|stable-swing|leg-pose|locked-horizontal","CharacterFootSampleColumns.Schema"
"main","1130","FinalIkSucceeded","character-foot-ik/main/final-ik-succeeded","Boolean","","SolverPhysical","Boolean","None","","","1","ConstraintCommittedResult+FinalPublicationCommittedResult+LegacySceneTransform","MixedRuntimeDerivedAndLegacyTransform","required:facts/75","penetration|contact-fit|stable-swing|leg-pose|locked-horizontal","CharacterFootSampleColumns.Schema"
"main","1131","FinalIkFrameSequence","character-foot-ik/main/final-ik-frame-sequence","UInt64","","SolverPhysical","UInt64","Frame","","","1","ConstraintCommittedResult+FinalPublicationCommittedResult+LegacySceneTransform","MixedRuntimeDerivedAndLegacyTransform","required:facts/75","penetration|contact-fit|stable-swing|leg-pose|locked-horizontal","CharacterFootSampleColumns.Schema"
"main","1132","FinalIkInputCompletionIdentity","character-foot-ik/main/final-ik-input-completion-identity","UInt64","","SolverPhysical","UInt64","Identity","","","1","ConstraintCommittedResult+FinalPublicationCommittedResult+LegacySceneTransform","MixedRuntimeDerivedAndLegacyTransform","required:facts/75","penetration|contact-fit|stable-swing|leg-pose|locked-horizontal","CharacterFootSampleColumns.Schema"
"main","1133","FinalIkOutputCompletionIdentity","character-foot-ik/main/final-ik-output-completion-identity","UInt64","","SolverPhysical","UInt64","Identity","","","1","ConstraintCommittedResult+FinalPublicationCommittedResult+LegacySceneTransform","MixedRuntimeDerivedAndLegacyTransform","required:facts/75","penetration|contact-fit|stable-swing|leg-pose|locked-horizontal","CharacterFootSampleColumns.Schema"
"main","1134","FinalIkBackendIdentity","character-foot-ik/main/final-ik-backend-identity","Identity","","SolverPhysical","Text","Identity","","","1","ConstraintCommittedResult+FinalPublicationCommittedResult+LegacySceneTransform","MixedRuntimeDerivedAndLegacyTransform","required:facts/75","penetration|contact-fit|stable-swing|leg-pose|locked-horizontal","CharacterFootSampleColumns.Schema"
"main","1135","FinalIkRigId","character-foot-ik/main/final-ik-rig-id","Identity","","SolverPhysical","Text","Identity","","","1","ConstraintCommittedResult+FinalPublicationCommittedResult+LegacySceneTransform","MixedRuntimeDerivedAndLegacyTransform","required:facts/75","penetration|contact-fit|stable-swing|leg-pose|locked-horizontal","CharacterFootSampleColumns.Schema"
"main","1136","FinalIkRigRevision","character-foot-ik/main/final-ik-rig-revision","Identity","","SolverPhysical","Text","Identity","","","1","ConstraintCommittedResult+FinalPublicationCommittedResult+LegacySceneTransform","MixedRuntimeDerivedAndLegacyTransform","required:facts/75","penetration|contact-fit|stable-swing|leg-pose|locked-horizontal","CharacterFootSampleColumns.Schema"
"main","1137","FinalIkProfileId","character-foot-ik/main/final-ik-profile-id","Identity","","SolverPhysical","Text","Identity","","","1","ConstraintCommittedResult+FinalPublicationCommittedResult+LegacySceneTransform","MixedRuntimeDerivedAndLegacyTransform","required:facts/75","penetration|contact-fit|stable-swing|leg-pose|locked-horizontal","CharacterFootSampleColumns.Schema"
"main","1138","FinalIkProfileRevision","character-foot-ik/main/final-ik-profile-revision","Identity","","SolverPhysical","Text","Identity","","","1","ConstraintCommittedResult+FinalPublicationCommittedResult+LegacySceneTransform","MixedRuntimeDerivedAndLegacyTransform","required:facts/75","penetration|contact-fit|stable-swing|leg-pose|locked-horizontal","CharacterFootSampleColumns.Schema"
"main","1139","FinalIkFailure","character-foot-ik/main/final-ik-failure","Int32","","SolverPhysical","Text","Category","","","1","ConstraintCommittedResult+FinalPublicationCommittedResult+LegacySceneTransform","MixedRuntimeDerivedAndLegacyTransform","required:facts/75","penetration|contact-fit|stable-swing|leg-pose|locked-horizontal","CharacterFootSampleColumns.Schema"
"main","1140","FinalIkAppliedGoalCount","character-foot-ik/main/final-ik-applied-goal-count","Int32","","SolverPhysical","Int32","Count","","","1","ConstraintCommittedResult+FinalPublicationCommittedResult+LegacySceneTransform","MixedRuntimeDerivedAndLegacyTransform","required:facts/75","penetration|contact-fit|stable-swing|leg-pose|locked-horizontal","CharacterFootSampleColumns.Schema"
"main","1141","FinalIkEffectorAvailable","character-foot-ik/main/final-ik-effector-available","Boolean","","SolverPhysical","Boolean","None","","","1","ConstraintCommittedResult+FinalPublicationCommittedResult+LegacySceneTransform","MixedRuntimeDerivedAndLegacyTransform","required:facts/75","penetration|contact-fit|stable-swing|leg-pose|locked-horizontal","CharacterFootSampleColumns.Schema"
"main","1142","FinalIkEffectorSlot","character-foot-ik/main/final-ik-effector-slot","Int32","","SolverPhysical","Text","Category","","","1","ConstraintCommittedResult+FinalPublicationCommittedResult+LegacySceneTransform","MixedRuntimeDerivedAndLegacyTransform","required:facts/75","penetration|contact-fit|stable-swing|leg-pose|locked-horizontal","CharacterFootSampleColumns.Schema"
"main","1143","FinalIkTargetPositionX","character-foot-ik/main/final-ik-target-position","Vector3","X","SolverPhysical","Float32","Metres","","","1","ConstraintCommittedResult+FinalPublicationCommittedResult+LegacySceneTransform","MixedRuntimeDerivedAndLegacyTransform","required:facts/75","penetration|contact-fit|stable-swing|leg-pose|locked-horizontal","CharacterFootSampleColumns.Schema"
"main","1144","FinalIkTargetPositionY","character-foot-ik/main/final-ik-target-position","Vector3","Y","SolverPhysical","Float32","Metres","","","1","ConstraintCommittedResult+FinalPublicationCommittedResult+LegacySceneTransform","MixedRuntimeDerivedAndLegacyTransform","required:facts/75","penetration|contact-fit|stable-swing|leg-pose|locked-horizontal","CharacterFootSampleColumns.Schema"
"main","1145","FinalIkTargetPositionZ","character-foot-ik/main/final-ik-target-position","Vector3","Z","SolverPhysical","Float32","Metres","","","1","ConstraintCommittedResult+FinalPublicationCommittedResult+LegacySceneTransform","MixedRuntimeDerivedAndLegacyTransform","required:facts/75","penetration|contact-fit|stable-swing|leg-pose|locked-horizontal","CharacterFootSampleColumns.Schema"
"main","1146","FinalIkSolvedPositionX","character-foot-ik/main/final-ik-solved-position","Vector3","X","SolverPhysical","Float32","Metres","","","1","ConstraintCommittedResult+FinalPublicationCommittedResult+LegacySceneTransform","MixedRuntimeDerivedAndLegacyTransform","required:facts/75","penetration|contact-fit|stable-swing|leg-pose|locked-horizontal","CharacterFootSampleColumns.Schema"
"main","1147","FinalIkSolvedPositionY","character-foot-ik/main/final-ik-solved-position","Vector3","Y","SolverPhysical","Float32","Metres","","","1","ConstraintCommittedResult+FinalPublicationCommittedResult+LegacySceneTransform","MixedRuntimeDerivedAndLegacyTransform","required:facts/75","penetration|contact-fit|stable-swing|leg-pose|locked-horizontal","CharacterFootSampleColumns.Schema"
"main","1148","FinalIkSolvedPositionZ","character-foot-ik/main/final-ik-solved-position","Vector3","Z","SolverPhysical","Float32","Metres","","","1","ConstraintCommittedResult+FinalPublicationCommittedResult+LegacySceneTransform","MixedRuntimeDerivedAndLegacyTransform","required:facts/75","penetration|contact-fit|stable-swing|leg-pose|locked-horizontal","CharacterFootSampleColumns.Schema"
"main","1149","FinalIkPositionResidual","character-foot-ik/main/final-ik-position-residual","Float32","","SolverPhysical","Float32","Metres","","","1","ConstraintCommittedResult+FinalPublicationCommittedResult+LegacySceneTransform","MixedRuntimeDerivedAndLegacyTransform","required:facts/75","penetration|contact-fit|stable-swing|leg-pose|locked-horizontal","CharacterFootSampleColumns.Schema"
"main","1150","FinalIkRotationResidualDegrees","character-foot-ik/main/final-ik-rotation-residual-degrees","Float32","","SolverPhysical","Float32","Degrees","","","1","ConstraintCommittedResult+FinalPublicationCommittedResult+LegacySceneTransform","MixedRuntimeDerivedAndLegacyTransform","required:facts/75","penetration|contact-fit|stable-swing|leg-pose|locked-horizontal","CharacterFootSampleColumns.Schema"
"main","1151","FinalIkLegAvailable","character-foot-ik/main/final-ik-leg-available","Boolean","","SolverPhysical","Boolean","None","","","1","ConstraintCommittedResult+FinalPublicationCommittedResult+LegacySceneTransform","MixedRuntimeDerivedAndLegacyTransform","required:facts/75","penetration|contact-fit|stable-swing|leg-pose|locked-horizontal","CharacterFootSampleColumns.Schema"
"main","1152","FinalIkLegSlot","character-foot-ik/main/final-ik-leg-slot","Int32","","SolverPhysical","Text","Category","","","1","ConstraintCommittedResult+FinalPublicationCommittedResult+LegacySceneTransform","MixedRuntimeDerivedAndLegacyTransform","required:facts/75","penetration|contact-fit|stable-swing|leg-pose|locked-horizontal","CharacterFootSampleColumns.Schema"
"main","1153","FinalIkLegBendWeight","character-foot-ik/main/final-ik-leg-bend-weight","Float32","","SolverPhysical","Float32","Unitless","","","1","ConstraintCommittedResult+FinalPublicationCommittedResult+LegacySceneTransform","MixedRuntimeDerivedAndLegacyTransform","required:facts/75","penetration|contact-fit|stable-swing|leg-pose|locked-horizontal","CharacterFootSampleColumns.Schema"
"main","1154","FinalIkLegStabilizationWeight","character-foot-ik/main/final-ik-leg-stabilization-weight","Float32","","SolverPhysical","Float32","Unitless","","","1","ConstraintCommittedResult+FinalPublicationCommittedResult+LegacySceneTransform","MixedRuntimeDerivedAndLegacyTransform","required:facts/75","penetration|contact-fit|stable-swing|leg-pose|locked-horizontal","CharacterFootSampleColumns.Schema"
"main","1155","FinalIkLegRetainedPreviousBendDirection","character-foot-ik/main/final-ik-leg-retained-previous-bend-direction","Boolean","","SolverPhysical","Boolean","None","","","1","ConstraintCommittedResult+FinalPublicationCommittedResult+LegacySceneTransform","MixedRuntimeDerivedAndLegacyTransform","required:facts/75","penetration|contact-fit|stable-swing|leg-pose|locked-horizontal","CharacterFootSampleColumns.Schema"
"main","1156","FinalIkLegOriginalHipX","character-foot-ik/main/final-ik-leg-original-hip","Vector3","X","SolverPhysical","Float32","Metres","","","1","ConstraintCommittedResult+FinalPublicationCommittedResult+LegacySceneTransform","MixedRuntimeDerivedAndLegacyTransform","required:facts/75","penetration|contact-fit|stable-swing|leg-pose|locked-horizontal","CharacterFootSampleColumns.Schema"
"main","1157","FinalIkLegOriginalHipY","character-foot-ik/main/final-ik-leg-original-hip","Vector3","Y","SolverPhysical","Float32","Metres","","","1","ConstraintCommittedResult+FinalPublicationCommittedResult+LegacySceneTransform","MixedRuntimeDerivedAndLegacyTransform","required:facts/75","penetration|contact-fit|stable-swing|leg-pose|locked-horizontal","CharacterFootSampleColumns.Schema"
"main","1158","FinalIkLegOriginalHipZ","character-foot-ik/main/final-ik-leg-original-hip","Vector3","Z","SolverPhysical","Float32","Metres","","","1","ConstraintCommittedResult+FinalPublicationCommittedResult+LegacySceneTransform","MixedRuntimeDerivedAndLegacyTransform","required:facts/75","penetration|contact-fit|stable-swing|leg-pose|locked-horizontal","CharacterFootSampleColumns.Schema"
"main","1159","FinalIkLegOriginalKneeX","character-foot-ik/main/final-ik-leg-original-knee","Vector3","X","SolverPhysical","Float32","Metres","","","1","ConstraintCommittedResult+FinalPublicationCommittedResult+LegacySceneTransform","MixedRuntimeDerivedAndLegacyTransform","required:facts/75","penetration|contact-fit|stable-swing|leg-pose|locked-horizontal","CharacterFootSampleColumns.Schema"
"main","1160","FinalIkLegOriginalKneeY","character-foot-ik/main/final-ik-leg-original-knee","Vector3","Y","SolverPhysical","Float32","Metres","","","1","ConstraintCommittedResult+FinalPublicationCommittedResult+LegacySceneTransform","MixedRuntimeDerivedAndLegacyTransform","required:facts/75","penetration|contact-fit|stable-swing|leg-pose|locked-horizontal","CharacterFootSampleColumns.Schema"
"main","1161","FinalIkLegOriginalKneeZ","character-foot-ik/main/final-ik-leg-original-knee","Vector3","Z","SolverPhysical","Float32","Metres","","","1","ConstraintCommittedResult+FinalPublicationCommittedResult+LegacySceneTransform","MixedRuntimeDerivedAndLegacyTransform","required:facts/75","penetration|contact-fit|stable-swing|leg-pose|locked-horizontal","CharacterFootSampleColumns.Schema"
"main","1162","FinalIkLegOriginalAnkleX","character-foot-ik/main/final-ik-leg-original-ankle","Vector3","X","SolverPhysical","Float32","Metres","","","1","ConstraintCommittedResult+FinalPublicationCommittedResult+LegacySceneTransform","MixedRuntimeDerivedAndLegacyTransform","required:facts/75","penetration|contact-fit|stable-swing|leg-pose|locked-horizontal","CharacterFootSampleColumns.Schema"
"main","1163","FinalIkLegOriginalAnkleY","character-foot-ik/main/final-ik-leg-original-ankle","Vector3","Y","SolverPhysical","Float32","Metres","","","1","ConstraintCommittedResult+FinalPublicationCommittedResult+LegacySceneTransform","MixedRuntimeDerivedAndLegacyTransform","required:facts/75","penetration|contact-fit|stable-swing|leg-pose|locked-horizontal","CharacterFootSampleColumns.Schema"
"main","1164","FinalIkLegOriginalAnkleZ","character-foot-ik/main/final-ik-leg-original-ankle","Vector3","Z","SolverPhysical","Float32","Metres","","","1","ConstraintCommittedResult+FinalPublicationCommittedResult+LegacySceneTransform","MixedRuntimeDerivedAndLegacyTransform","required:facts/75","penetration|contact-fit|stable-swing|leg-pose|locked-horizontal","CharacterFootSampleColumns.Schema"
"main","1165","FinalIkLegTargetAnkleX","character-foot-ik/main/final-ik-leg-target-ankle","Vector3","X","SolverPhysical","Float32","Metres","","","1","ConstraintCommittedResult+FinalPublicationCommittedResult+LegacySceneTransform","MixedRuntimeDerivedAndLegacyTransform","required:facts/75","penetration|contact-fit|stable-swing|leg-pose|locked-horizontal","CharacterFootSampleColumns.Schema"
"main","1166","FinalIkLegTargetAnkleY","character-foot-ik/main/final-ik-leg-target-ankle","Vector3","Y","SolverPhysical","Float32","Metres","","","1","ConstraintCommittedResult+FinalPublicationCommittedResult+LegacySceneTransform","MixedRuntimeDerivedAndLegacyTransform","required:facts/75","penetration|contact-fit|stable-swing|leg-pose|locked-horizontal","CharacterFootSampleColumns.Schema"
"main","1167","FinalIkLegTargetAnkleZ","character-foot-ik/main/final-ik-leg-target-ankle","Vector3","Z","SolverPhysical","Float32","Metres","","","1","ConstraintCommittedResult+FinalPublicationCommittedResult+LegacySceneTransform","MixedRuntimeDerivedAndLegacyTransform","required:facts/75","penetration|contact-fit|stable-swing|leg-pose|locked-horizontal","CharacterFootSampleColumns.Schema"
"main","1168","FinalIkLegSolvedHipX","character-foot-ik/main/final-ik-leg-solved-hip","Vector3","X","SolverPhysical","Float32","Metres","","","1","ConstraintCommittedResult+FinalPublicationCommittedResult+LegacySceneTransform","MixedRuntimeDerivedAndLegacyTransform","required:facts/75","penetration|contact-fit|stable-swing|leg-pose|locked-horizontal","CharacterFootSampleColumns.Schema"
"main","1169","FinalIkLegSolvedHipY","character-foot-ik/main/final-ik-leg-solved-hip","Vector3","Y","SolverPhysical","Float32","Metres","","","1","ConstraintCommittedResult+FinalPublicationCommittedResult+LegacySceneTransform","MixedRuntimeDerivedAndLegacyTransform","required:facts/75","penetration|contact-fit|stable-swing|leg-pose|locked-horizontal","CharacterFootSampleColumns.Schema"
"main","1170","FinalIkLegSolvedHipZ","character-foot-ik/main/final-ik-leg-solved-hip","Vector3","Z","SolverPhysical","Float32","Metres","","","1","ConstraintCommittedResult+FinalPublicationCommittedResult+LegacySceneTransform","MixedRuntimeDerivedAndLegacyTransform","required:facts/75","penetration|contact-fit|stable-swing|leg-pose|locked-horizontal","CharacterFootSampleColumns.Schema"
"main","1171","FinalIkLegSolvedKneeX","character-foot-ik/main/final-ik-leg-solved-knee","Vector3","X","SolverPhysical","Float32","Metres","","","1","ConstraintCommittedResult+FinalPublicationCommittedResult+LegacySceneTransform","MixedRuntimeDerivedAndLegacyTransform","required:facts/75","penetration|contact-fit|stable-swing|leg-pose|locked-horizontal","CharacterFootSampleColumns.Schema"
"main","1172","FinalIkLegSolvedKneeY","character-foot-ik/main/final-ik-leg-solved-knee","Vector3","Y","SolverPhysical","Float32","Metres","","","1","ConstraintCommittedResult+FinalPublicationCommittedResult+LegacySceneTransform","MixedRuntimeDerivedAndLegacyTransform","required:facts/75","penetration|contact-fit|stable-swing|leg-pose|locked-horizontal","CharacterFootSampleColumns.Schema"
"main","1173","FinalIkLegSolvedKneeZ","character-foot-ik/main/final-ik-leg-solved-knee","Vector3","Z","SolverPhysical","Float32","Metres","","","1","ConstraintCommittedResult+FinalPublicationCommittedResult+LegacySceneTransform","MixedRuntimeDerivedAndLegacyTransform","required:facts/75","penetration|contact-fit|stable-swing|leg-pose|locked-horizontal","CharacterFootSampleColumns.Schema"
"main","1174","FinalIkLegSolvedAnkleX","character-foot-ik/main/final-ik-leg-solved-ankle","Vector3","X","SolverPhysical","Float32","Metres","","","1","ConstraintCommittedResult+FinalPublicationCommittedResult+LegacySceneTransform","MixedRuntimeDerivedAndLegacyTransform","required:facts/75","penetration|contact-fit|stable-swing|leg-pose|locked-horizontal","CharacterFootSampleColumns.Schema"
"main","1175","FinalIkLegSolvedAnkleY","character-foot-ik/main/final-ik-leg-solved-ankle","Vector3","Y","SolverPhysical","Float32","Metres","","","1","ConstraintCommittedResult+FinalPublicationCommittedResult+LegacySceneTransform","MixedRuntimeDerivedAndLegacyTransform","required:facts/75","penetration|contact-fit|stable-swing|leg-pose|locked-horizontal","CharacterFootSampleColumns.Schema"
"main","1176","FinalIkLegSolvedAnkleZ","character-foot-ik/main/final-ik-leg-solved-ankle","Vector3","Z","SolverPhysical","Float32","Metres","","","1","ConstraintCommittedResult+FinalPublicationCommittedResult+LegacySceneTransform","MixedRuntimeDerivedAndLegacyTransform","required:facts/75","penetration|contact-fit|stable-swing|leg-pose|locked-horizontal","CharacterFootSampleColumns.Schema"
"main","1177","FinalIkLegOriginalBendDegrees","character-foot-ik/main/final-ik-leg-original-bend-degrees","Float32","","SolverPhysical","Float32","Degrees","","","1","ConstraintCommittedResult+FinalPublicationCommittedResult+LegacySceneTransform","MixedRuntimeDerivedAndLegacyTransform","required:facts/75","penetration|contact-fit|stable-swing|leg-pose|locked-horizontal","CharacterFootSampleColumns.Schema"
"main","1178","FinalIkLegSolvedBendDegrees","character-foot-ik/main/final-ik-leg-solved-bend-degrees","Float32","","SolverPhysical","Float32","Degrees","","","1","ConstraintCommittedResult+FinalPublicationCommittedResult+LegacySceneTransform","MixedRuntimeDerivedAndLegacyTransform","required:facts/75","penetration|contact-fit|stable-swing|leg-pose|locked-horizontal","CharacterFootSampleColumns.Schema"
"main","1179","FinalIkLegOriginalExtensionRatio","character-foot-ik/main/final-ik-leg-original-extension-ratio","Float32","","SolverPhysical","Float32","Unitless","","","1","ConstraintCommittedResult+FinalPublicationCommittedResult+LegacySceneTransform","MixedRuntimeDerivedAndLegacyTransform","required:facts/75","penetration|contact-fit|stable-swing|leg-pose|locked-horizontal","CharacterFootSampleColumns.Schema"
"main","1180","FinalIkLegTargetExtensionRatio","character-foot-ik/main/final-ik-leg-target-extension-ratio","Float32","","SolverPhysical","Float32","Unitless","","","1","ConstraintCommittedResult+FinalPublicationCommittedResult+LegacySceneTransform","MixedRuntimeDerivedAndLegacyTransform","required:facts/75","penetration|contact-fit|stable-swing|leg-pose|locked-horizontal","CharacterFootSampleColumns.Schema"
"main","1181","FinalIkLegSolvedExtensionRatio","character-foot-ik/main/final-ik-leg-solved-extension-ratio","Float32","","SolverPhysical","Float32","Unitless","","","1","ConstraintCommittedResult+FinalPublicationCommittedResult+LegacySceneTransform","MixedRuntimeDerivedAndLegacyTransform","required:facts/75","penetration|contact-fit|stable-swing|leg-pose|locked-horizontal","CharacterFootSampleColumns.Schema"
"main","1182","FinalIkLegOriginalCompressionReserve","character-foot-ik/main/final-ik-leg-original-compression-reserve","Float32","","SolverPhysical","Float32","Metres","","","1","ConstraintCommittedResult+FinalPublicationCommittedResult+LegacySceneTransform","MixedRuntimeDerivedAndLegacyTransform","required:facts/75","penetration|contact-fit|stable-swing|leg-pose|locked-horizontal","CharacterFootSampleColumns.Schema"
"main","1183","FinalIkLegTargetCompressionReserve","character-foot-ik/main/final-ik-leg-target-compression-reserve","Float32","","SolverPhysical","Float32","Metres","","","1","ConstraintCommittedResult+FinalPublicationCommittedResult+LegacySceneTransform","MixedRuntimeDerivedAndLegacyTransform","required:facts/75","penetration|contact-fit|stable-swing|leg-pose|locked-horizontal","CharacterFootSampleColumns.Schema"
"main","1184","FinalIkLegSolvedCompressionReserve","character-foot-ik/main/final-ik-leg-solved-compression-reserve","Float32","","SolverPhysical","Float32","Metres","","","1","ConstraintCommittedResult+FinalPublicationCommittedResult+LegacySceneTransform","MixedRuntimeDerivedAndLegacyTransform","required:facts/75","penetration|contact-fit|stable-swing|leg-pose|locked-horizontal","CharacterFootSampleColumns.Schema"
"main","1185","FinalIkLegEffectiveBendDirectionX","character-foot-ik/main/final-ik-leg-effective-bend-direction","Vector3","X","SolverPhysical","Float32","Direction","","","1","ConstraintCommittedResult+FinalPublicationCommittedResult+LegacySceneTransform","MixedRuntimeDerivedAndLegacyTransform","required:facts/75","penetration|contact-fit|stable-swing|leg-pose|locked-horizontal","CharacterFootSampleColumns.Schema"
"main","1186","FinalIkLegEffectiveBendDirectionY","character-foot-ik/main/final-ik-leg-effective-bend-direction","Vector3","Y","SolverPhysical","Float32","Direction","","","1","ConstraintCommittedResult+FinalPublicationCommittedResult+LegacySceneTransform","MixedRuntimeDerivedAndLegacyTransform","required:facts/75","penetration|contact-fit|stable-swing|leg-pose|locked-horizontal","CharacterFootSampleColumns.Schema"
"main","1187","FinalIkLegEffectiveBendDirectionZ","character-foot-ik/main/final-ik-leg-effective-bend-direction","Vector3","Z","SolverPhysical","Float32","Direction","","","1","ConstraintCommittedResult+FinalPublicationCommittedResult+LegacySceneTransform","MixedRuntimeDerivedAndLegacyTransform","required:facts/75","penetration|contact-fit|stable-swing|leg-pose|locked-horizontal","CharacterFootSampleColumns.Schema"
"main","1188","FinalIkLegAnimatedBendDirectionPreviousDot","character-foot-ik/main/final-ik-leg-animated-bend-direction-previous-dot","Float32","","SolverPhysical","Float32","Unitless","","","1","ConstraintCommittedResult+FinalPublicationCommittedResult+LegacySceneTransform","MixedRuntimeDerivedAndLegacyTransform","required:facts/75","penetration|contact-fit|stable-swing|leg-pose|locked-horizontal","CharacterFootSampleColumns.Schema"
"main","1189","FinalIkLegEffectiveBendDirectionPreviousDot","character-foot-ik/main/final-ik-leg-effective-bend-direction-previous-dot","Float32","","SolverPhysical","Float32","Unitless","","","1","ConstraintCommittedResult+FinalPublicationCommittedResult+LegacySceneTransform","MixedRuntimeDerivedAndLegacyTransform","required:facts/75","penetration|contact-fit|stable-swing|leg-pose|locked-horizontal","CharacterFootSampleColumns.Schema"
"main","1190","FinalIkPelvisAvailable","character-foot-ik/main/final-ik-pelvis-available","Boolean","","SolverPhysical","Boolean","None","","","1","ConstraintCommittedResult+FinalPublicationCommittedResult+LegacySceneTransform","MixedRuntimeDerivedAndLegacyTransform","required:facts/75","penetration|contact-fit|stable-swing|leg-pose|locked-horizontal","CharacterFootSampleColumns.Schema"
"main","1191","FinalIkPelvisTargetPositionX","character-foot-ik/main/final-ik-pelvis-target-position","Vector3","X","SolverPhysical","Float32","Metres","","","1","ConstraintCommittedResult+FinalPublicationCommittedResult+LegacySceneTransform","MixedRuntimeDerivedAndLegacyTransform","required:facts/75","penetration|contact-fit|stable-swing|leg-pose|locked-horizontal","CharacterFootSampleColumns.Schema"
"main","1192","FinalIkPelvisTargetPositionY","character-foot-ik/main/final-ik-pelvis-target-position","Vector3","Y","SolverPhysical","Float32","Metres","","","1","ConstraintCommittedResult+FinalPublicationCommittedResult+LegacySceneTransform","MixedRuntimeDerivedAndLegacyTransform","required:facts/75","penetration|contact-fit|stable-swing|leg-pose|locked-horizontal","CharacterFootSampleColumns.Schema"
"main","1193","FinalIkPelvisTargetPositionZ","character-foot-ik/main/final-ik-pelvis-target-position","Vector3","Z","SolverPhysical","Float32","Metres","","","1","ConstraintCommittedResult+FinalPublicationCommittedResult+LegacySceneTransform","MixedRuntimeDerivedAndLegacyTransform","required:facts/75","penetration|contact-fit|stable-swing|leg-pose|locked-horizontal","CharacterFootSampleColumns.Schema"
"main","1194","FinalIkPelvisSolvedPositionX","character-foot-ik/main/final-ik-pelvis-solved-position","Vector3","X","SolverPhysical","Float32","Metres","","","1","ConstraintCommittedResult+FinalPublicationCommittedResult+LegacySceneTransform","MixedRuntimeDerivedAndLegacyTransform","required:facts/75","penetration|contact-fit|stable-swing|leg-pose|locked-horizontal","CharacterFootSampleColumns.Schema"
"main","1195","FinalIkPelvisSolvedPositionY","character-foot-ik/main/final-ik-pelvis-solved-position","Vector3","Y","SolverPhysical","Float32","Metres","","","1","ConstraintCommittedResult+FinalPublicationCommittedResult+LegacySceneTransform","MixedRuntimeDerivedAndLegacyTransform","required:facts/75","penetration|contact-fit|stable-swing|leg-pose|locked-horizontal","CharacterFootSampleColumns.Schema"
"main","1196","FinalIkPelvisSolvedPositionZ","character-foot-ik/main/final-ik-pelvis-solved-position","Vector3","Z","SolverPhysical","Float32","Metres","","","1","ConstraintCommittedResult+FinalPublicationCommittedResult+LegacySceneTransform","MixedRuntimeDerivedAndLegacyTransform","required:facts/75","penetration|contact-fit|stable-swing|leg-pose|locked-horizontal","CharacterFootSampleColumns.Schema"
"main","1197","FinalIkPelvisPositionResidual","character-foot-ik/main/final-ik-pelvis-position-residual","Float32","","SolverPhysical","Float32","Metres","","","1","ConstraintCommittedResult+FinalPublicationCommittedResult+LegacySceneTransform","MixedRuntimeDerivedAndLegacyTransform","required:facts/75","penetration|contact-fit|stable-swing|leg-pose|locked-horizontal","CharacterFootSampleColumns.Schema"
"main","1198","FinalIkPelvisRotationResidualDegrees","character-foot-ik/main/final-ik-pelvis-rotation-residual-degrees","Float32","","SolverPhysical","Float32","Degrees","","","1","ConstraintCommittedResult+FinalPublicationCommittedResult+LegacySceneTransform","MixedRuntimeDerivedAndLegacyTransform","required:facts/75","penetration|contact-fit|stable-swing|leg-pose|locked-horizontal","CharacterFootSampleColumns.Schema"
"main","1199","FinalPhysicalWriteAvailable","character-foot-ik/main/final-physical-write-available","Boolean","","SolverPhysical","Boolean","None","","","1","ConstraintCommittedResult+FinalPublicationCommittedResult+LegacySceneTransform","MixedRuntimeDerivedAndLegacyTransform","required:facts/75","penetration|contact-fit|stable-swing|leg-pose|locked-horizontal","CharacterFootSampleColumns.Schema"
"main","1200","FinalPhysicalWriteCompletionIdentity","character-foot-ik/main/final-physical-write-completion-identity","UInt64","","SolverPhysical","UInt64","Identity","","","1","ConstraintCommittedResult+FinalPublicationCommittedResult+LegacySceneTransform","MixedRuntimeDerivedAndLegacyTransform","required:facts/75","penetration|contact-fit|stable-swing|leg-pose|locked-horizontal","CharacterFootSampleColumns.Schema"
"main","1201","FinalPhysicalAnkleComponentPositionX","character-foot-ik/main/final-physical-ankle-component-position","Vector3","X","SolverPhysical","Float32","Metres","","","1","ConstraintCommittedResult+FinalPublicationCommittedResult+LegacySceneTransform","MixedRuntimeDerivedAndLegacyTransform","required:facts/75","penetration|contact-fit|stable-swing|leg-pose|locked-horizontal","CharacterFootSampleColumns.Schema"
"main","1202","FinalPhysicalAnkleComponentPositionY","character-foot-ik/main/final-physical-ankle-component-position","Vector3","Y","SolverPhysical","Float32","Metres","","","1","ConstraintCommittedResult+FinalPublicationCommittedResult+LegacySceneTransform","MixedRuntimeDerivedAndLegacyTransform","required:facts/75","penetration|contact-fit|stable-swing|leg-pose|locked-horizontal","CharacterFootSampleColumns.Schema"
"main","1203","FinalPhysicalAnkleComponentPositionZ","character-foot-ik/main/final-physical-ankle-component-position","Vector3","Z","SolverPhysical","Float32","Metres","","","1","ConstraintCommittedResult+FinalPublicationCommittedResult+LegacySceneTransform","MixedRuntimeDerivedAndLegacyTransform","required:facts/75","penetration|contact-fit|stable-swing|leg-pose|locked-horizontal","CharacterFootSampleColumns.Schema"
"main","1204","FinalPhysicalAnkleComponentRotationX","character-foot-ik/main/final-physical-ankle-component-rotation","Quaternion","X","SolverPhysical","Float32","Unitless","","","1","ConstraintCommittedResult+FinalPublicationCommittedResult+LegacySceneTransform","MixedRuntimeDerivedAndLegacyTransform","required:facts/75","penetration|contact-fit|stable-swing|leg-pose|locked-horizontal","CharacterFootSampleColumns.Schema"
"main","1205","FinalPhysicalAnkleComponentRotationY","character-foot-ik/main/final-physical-ankle-component-rotation","Quaternion","Y","SolverPhysical","Float32","Unitless","","","1","ConstraintCommittedResult+FinalPublicationCommittedResult+LegacySceneTransform","MixedRuntimeDerivedAndLegacyTransform","required:facts/75","penetration|contact-fit|stable-swing|leg-pose|locked-horizontal","CharacterFootSampleColumns.Schema"
"main","1206","FinalPhysicalAnkleComponentRotationZ","character-foot-ik/main/final-physical-ankle-component-rotation","Quaternion","Z","SolverPhysical","Float32","Unitless","","","1","ConstraintCommittedResult+FinalPublicationCommittedResult+LegacySceneTransform","MixedRuntimeDerivedAndLegacyTransform","required:facts/75","penetration|contact-fit|stable-swing|leg-pose|locked-horizontal","CharacterFootSampleColumns.Schema"
"main","1207","FinalPhysicalAnkleComponentRotationW","character-foot-ik/main/final-physical-ankle-component-rotation","Quaternion","W","SolverPhysical","Float32","Unitless","","","1","ConstraintCommittedResult+FinalPublicationCommittedResult+LegacySceneTransform","MixedRuntimeDerivedAndLegacyTransform","required:facts/75","penetration|contact-fit|stable-swing|leg-pose|locked-horizontal","CharacterFootSampleColumns.Schema"
"main","1208","FinalPhysicalAnkleWorldPositionX","character-foot-ik/main/final-physical-ankle-world-position","Vector3","X","SolverPhysical","Float32","Metres","","","1","ConstraintCommittedResult+FinalPublicationCommittedResult+LegacySceneTransform","MixedRuntimeDerivedAndLegacyTransform","required:facts/75","penetration|contact-fit|stable-swing|leg-pose|locked-horizontal","CharacterFootSampleColumns.Schema"
"main","1209","FinalPhysicalAnkleWorldPositionY","character-foot-ik/main/final-physical-ankle-world-position","Vector3","Y","SolverPhysical","Float32","Metres","","","1","ConstraintCommittedResult+FinalPublicationCommittedResult+LegacySceneTransform","MixedRuntimeDerivedAndLegacyTransform","required:facts/75","penetration|contact-fit|stable-swing|leg-pose|locked-horizontal","CharacterFootSampleColumns.Schema"
"main","1210","FinalPhysicalAnkleWorldPositionZ","character-foot-ik/main/final-physical-ankle-world-position","Vector3","Z","SolverPhysical","Float32","Metres","","","1","ConstraintCommittedResult+FinalPublicationCommittedResult+LegacySceneTransform","MixedRuntimeDerivedAndLegacyTransform","required:facts/75","penetration|contact-fit|stable-swing|leg-pose|locked-horizontal","CharacterFootSampleColumns.Schema"
"main","1211","FinalPhysicalAnkleWorldRotationX","character-foot-ik/main/final-physical-ankle-world-rotation","Quaternion","X","SolverPhysical","Float32","Unitless","","","1","ConstraintCommittedResult+FinalPublicationCommittedResult+LegacySceneTransform","MixedRuntimeDerivedAndLegacyTransform","required:facts/75","penetration|contact-fit|stable-swing|leg-pose|locked-horizontal","CharacterFootSampleColumns.Schema"
"main","1212","FinalPhysicalAnkleWorldRotationY","character-foot-ik/main/final-physical-ankle-world-rotation","Quaternion","Y","SolverPhysical","Float32","Unitless","","","1","ConstraintCommittedResult+FinalPublicationCommittedResult+LegacySceneTransform","MixedRuntimeDerivedAndLegacyTransform","required:facts/75","penetration|contact-fit|stable-swing|leg-pose|locked-horizontal","CharacterFootSampleColumns.Schema"
"main","1213","FinalPhysicalAnkleWorldRotationZ","character-foot-ik/main/final-physical-ankle-world-rotation","Quaternion","Z","SolverPhysical","Float32","Unitless","","","1","ConstraintCommittedResult+FinalPublicationCommittedResult+LegacySceneTransform","MixedRuntimeDerivedAndLegacyTransform","required:facts/75","penetration|contact-fit|stable-swing|leg-pose|locked-horizontal","CharacterFootSampleColumns.Schema"
"main","1214","FinalPhysicalAnkleWorldRotationW","character-foot-ik/main/final-physical-ankle-world-rotation","Quaternion","W","SolverPhysical","Float32","Unitless","","","1","ConstraintCommittedResult+FinalPublicationCommittedResult+LegacySceneTransform","MixedRuntimeDerivedAndLegacyTransform","required:facts/75","penetration|contact-fit|stable-swing|leg-pose|locked-horizontal","CharacterFootSampleColumns.Schema"
"main","1215","FinalPhysicalHeelWorldX","character-foot-ik/main/final-physical-heel-world","Vector3","X","SolverPhysical","Float32","Metres","","","1","ConstraintCommittedResult+FinalPublicationCommittedResult+LegacySceneTransform","MixedRuntimeDerivedAndLegacyTransform","required:facts/75","penetration|contact-fit|stable-swing|leg-pose|locked-horizontal","CharacterFootSampleColumns.Schema"
"main","1216","FinalPhysicalHeelWorldY","character-foot-ik/main/final-physical-heel-world","Vector3","Y","SolverPhysical","Float32","Metres","","","1","ConstraintCommittedResult+FinalPublicationCommittedResult+LegacySceneTransform","MixedRuntimeDerivedAndLegacyTransform","required:facts/75","penetration|contact-fit|stable-swing|leg-pose|locked-horizontal","CharacterFootSampleColumns.Schema"
"main","1217","FinalPhysicalHeelWorldZ","character-foot-ik/main/final-physical-heel-world","Vector3","Z","SolverPhysical","Float32","Metres","","","1","ConstraintCommittedResult+FinalPublicationCommittedResult+LegacySceneTransform","MixedRuntimeDerivedAndLegacyTransform","required:facts/75","penetration|contact-fit|stable-swing|leg-pose|locked-horizontal","CharacterFootSampleColumns.Schema"
"main","1218","FinalPhysicalToeWorldX","character-foot-ik/main/final-physical-toe-world","Vector3","X","SolverPhysical","Float32","Metres","","","1","ConstraintCommittedResult+FinalPublicationCommittedResult+LegacySceneTransform","MixedRuntimeDerivedAndLegacyTransform","required:facts/75","penetration|contact-fit|stable-swing|leg-pose|locked-horizontal","CharacterFootSampleColumns.Schema"
"main","1219","FinalPhysicalToeWorldY","character-foot-ik/main/final-physical-toe-world","Vector3","Y","SolverPhysical","Float32","Metres","","","1","ConstraintCommittedResult+FinalPublicationCommittedResult+LegacySceneTransform","MixedRuntimeDerivedAndLegacyTransform","required:facts/75","penetration|contact-fit|stable-swing|leg-pose|locked-horizontal","CharacterFootSampleColumns.Schema"
"main","1220","FinalPhysicalToeWorldZ","character-foot-ik/main/final-physical-toe-world","Vector3","Z","SolverPhysical","Float32","Metres","","","1","ConstraintCommittedResult+FinalPublicationCommittedResult+LegacySceneTransform","MixedRuntimeDerivedAndLegacyTransform","required:facts/75","penetration|contact-fit|stable-swing|leg-pose|locked-horizontal","CharacterFootSampleColumns.Schema"
"main","1221","FinalPhysicalAnkleGoalResidual","character-foot-ik/main/final-physical-ankle-goal-residual","Float32","","SolverPhysical","Float32","Metres","","","1","ConstraintCommittedResult+FinalPublicationCommittedResult+LegacySceneTransform","MixedRuntimeDerivedAndLegacyTransform","required:facts/75","penetration|contact-fit|stable-swing|leg-pose|locked-horizontal","CharacterFootSampleColumns.Schema"
"ground-geometry","0","SampleIdentity","character-foot-ik/ground-geometry/sample-identity","Identity","","GroundGeometry","Identity","Identity","","","1","ConstraintCommittedResult","FixedTableProjection","required:facts/75","penetration|contact-fit|path-revision","CharacterFootLandingPredictionSampler.GeometryHeader"
"ground-geometry","1","FrameSequence","character-foot-ik/ground-geometry/frame-sequence","Int32","","GroundGeometry","Int32","Frame","","","1","ConstraintCommittedResult","FixedTableProjection","required:facts/75","penetration|contact-fit|path-revision","CharacterFootLandingPredictionSampler.GeometryHeader"
"ground-geometry","2","CompletionIdentity","character-foot-ik/ground-geometry/completion-identity","UInt64","","GroundGeometry","UInt64","Identity","","","1","ConstraintCommittedResult","FixedTableProjection","required:facts/75","penetration|contact-fit|path-revision","CharacterFootLandingPredictionSampler.GeometryHeader"
"ground-geometry","3","Side","character-foot-ik/ground-geometry/side","Identity","","GroundGeometry","Identity","Category","","","1","ConstraintCommittedResult","FixedTableProjection","required:facts/75","penetration|contact-fit|path-revision","CharacterFootLandingPredictionSampler.GeometryHeader"
"ground-geometry","4","GroundPathInputIdentity","character-foot-ik/ground-geometry/ground-path-input-identity","UInt64","","GroundGeometry","UInt64","Identity","","","1","ConstraintCommittedResult","FixedTableProjection","required:facts/75","penetration|contact-fit|path-revision","CharacterFootLandingPredictionSampler.GeometryHeader"
"ground-geometry","5","GroundContactIndex","character-foot-ik/ground-geometry/ground-contact-index","Int32","","GroundGeometry","Int32","Count","","","1","ConstraintCommittedResult","FixedTableProjection","required:facts/75","penetration|contact-fit|path-revision","CharacterFootLandingPredictionSampler.GeometryHeader"
"ground-geometry","6","GroundContactSegmentIndex","character-foot-ik/ground-geometry/ground-contact-segment-index","Int32","","GroundGeometry","Int32","Count","","","1","ConstraintCommittedResult","FixedTableProjection","required:facts/75","penetration|contact-fit|path-revision","CharacterFootLandingPredictionSampler.GeometryHeader"
"ground-geometry","7","GroundContactSurfaceIdentity","character-foot-ik/ground-geometry/ground-contact-surface-identity","UInt64","","GroundGeometry","UInt64","Identity","","","1","ConstraintCommittedResult","FixedTableProjection","required:facts/75","penetration|contact-fit|path-revision","CharacterFootLandingPredictionSampler.GeometryHeader"
"ground-geometry","8","GroundContactCandidateIdentity","character-foot-ik/ground-geometry/ground-contact-candidate-identity","UInt64","","GroundGeometry","UInt64","Identity","","","1","ConstraintCommittedResult","FixedTableProjection","required:facts/75","penetration|contact-fit|path-revision","CharacterFootLandingPredictionSampler.GeometryHeader"
"ground-geometry","9","GroundContactPositionX","character-foot-ik/ground-geometry/ground-contact-position","Vector3","X","GroundGeometry","Float32","Metres","","","1","ConstraintCommittedResult","FixedTableProjection","required:facts/75","penetration|contact-fit|path-revision","CharacterFootLandingPredictionSampler.GeometryHeader"
"ground-geometry","10","GroundContactPositionY","character-foot-ik/ground-geometry/ground-contact-position","Vector3","Y","GroundGeometry","Float32","Metres","","","1","ConstraintCommittedResult","FixedTableProjection","required:facts/75","penetration|contact-fit|path-revision","CharacterFootLandingPredictionSampler.GeometryHeader"
"ground-geometry","11","GroundContactPositionZ","character-foot-ik/ground-geometry/ground-contact-position","Vector3","Z","GroundGeometry","Float32","Metres","","","1","ConstraintCommittedResult","FixedTableProjection","required:facts/75","penetration|contact-fit|path-revision","CharacterFootLandingPredictionSampler.GeometryHeader"
"ground-geometry","12","GroundContactNormalX","character-foot-ik/ground-geometry/ground-contact-normal","Vector3","X","GroundGeometry","Float32","Direction","","","1","ConstraintCommittedResult","FixedTableProjection","required:facts/75","penetration|contact-fit|path-revision","CharacterFootLandingPredictionSampler.GeometryHeader"
"ground-geometry","13","GroundContactNormalY","character-foot-ik/ground-geometry/ground-contact-normal","Vector3","Y","GroundGeometry","Float32","Direction","","","1","ConstraintCommittedResult","FixedTableProjection","required:facts/75","penetration|contact-fit|path-revision","CharacterFootLandingPredictionSampler.GeometryHeader"
"ground-geometry","14","GroundContactNormalZ","character-foot-ik/ground-geometry/ground-contact-normal","Vector3","Z","GroundGeometry","Float32","Direction","","","1","ConstraintCommittedResult","FixedTableProjection","required:facts/75","penetration|contact-fit|path-revision","CharacterFootLandingPredictionSampler.GeometryHeader"
"ground-geometry","15","GroundContactQueryDistance","character-foot-ik/ground-geometry/ground-contact-query-distance","Float32","","GroundGeometry","Float32","Metres","","","1","ConstraintCommittedResult","FixedTableProjection","required:facts/75","penetration|contact-fit|path-revision","CharacterFootLandingPredictionSampler.GeometryHeader"
"ground-geometry","16","GroundEnvelopeVertexIndex","character-foot-ik/ground-geometry/ground-envelope-vertex-index","Int32","","GroundGeometry","Int32","Count","","","1","ConstraintCommittedResult","FixedTableProjection","required:facts/75","penetration|contact-fit|path-revision","CharacterFootLandingPredictionSampler.GeometryHeader"
"ground-geometry","17","GroundEnvelopeVertexX","character-foot-ik/ground-geometry/ground-envelope-vertex","Vector3","X","GroundGeometry","Int32","Count","","","1","ConstraintCommittedResult","FixedTableProjection","required:facts/75","penetration|contact-fit|path-revision","CharacterFootLandingPredictionSampler.GeometryHeader"
"ground-geometry","18","GroundEnvelopeVertexY","character-foot-ik/ground-geometry/ground-envelope-vertex","Vector3","Y","GroundGeometry","Int32","Count","","","1","ConstraintCommittedResult","FixedTableProjection","required:facts/75","penetration|contact-fit|path-revision","CharacterFootLandingPredictionSampler.GeometryHeader"
"ground-geometry","19","GroundEnvelopeVertexZ","character-foot-ik/ground-geometry/ground-envelope-vertex","Vector3","Z","GroundGeometry","Int32","Count","","","1","ConstraintCommittedResult","FixedTableProjection","required:facts/75","penetration|contact-fit|path-revision","CharacterFootLandingPredictionSampler.GeometryHeader"
"ground-geometry","20","GroundSurfaceSegmentIndex","character-foot-ik/ground-geometry/ground-surface-segment-index","Int32","","GroundGeometry","Int32","Count","","","1","ConstraintCommittedResult","FixedTableProjection","required:facts/75","penetration|contact-fit|path-revision","CharacterFootLandingPredictionSampler.GeometryHeader"
"ground-geometry","21","GroundSurfaceIdentity","character-foot-ik/ground-geometry/ground-surface-identity","UInt64","","GroundGeometry","UInt64","Identity","","","1","ConstraintCommittedResult","FixedTableProjection","required:facts/75","penetration|contact-fit|path-revision","CharacterFootLandingPredictionSampler.GeometryHeader"
"ground-geometry","22","GroundSurfaceFaceIndex","character-foot-ik/ground-geometry/ground-surface-face-index","Int32","","GroundGeometry","Int32","Count","","","1","ConstraintCommittedResult","FixedTableProjection","required:facts/75","penetration|contact-fit|path-revision","CharacterFootLandingPredictionSampler.GeometryHeader"
"ground-geometry","23","GroundSurfaceStartDistance","character-foot-ik/ground-geometry/ground-surface-start-distance","Float32","","GroundGeometry","Float32","Metres","","","1","ConstraintCommittedResult","FixedTableProjection","required:facts/75","penetration|contact-fit|path-revision","CharacterFootLandingPredictionSampler.GeometryHeader"
"ground-geometry","24","GroundSurfaceStartHeight","character-foot-ik/ground-geometry/ground-surface-start-height","Float32","","GroundGeometry","Float32","Metres","","","1","ConstraintCommittedResult","FixedTableProjection","required:facts/75","penetration|contact-fit|path-revision","CharacterFootLandingPredictionSampler.GeometryHeader"
"ground-geometry","25","GroundSurfaceEndDistance","character-foot-ik/ground-geometry/ground-surface-end-distance","Float32","","GroundGeometry","Float32","Metres","","","1","ConstraintCommittedResult","FixedTableProjection","required:facts/75","penetration|contact-fit|path-revision","CharacterFootLandingPredictionSampler.GeometryHeader"
"ground-geometry","26","GroundSurfaceEndHeight","character-foot-ik/ground-geometry/ground-surface-end-height","Float32","","GroundGeometry","Float32","Metres","","","1","ConstraintCommittedResult","FixedTableProjection","required:facts/75","penetration|contact-fit|path-revision","CharacterFootLandingPredictionSampler.GeometryHeader"
