presentation_position,trace_sequence,frame_sequence,reset_sequence,grounding_completion,modifier_completion,solver_completion,has_modifier,solver_backend,solver_failure,node_executed,body_grounded,placement_alpha,lyra_source_identity,spring_identity,rig_id,rig_revision,profile_id,profile_revision,pose_plan_hash,calibration_id,calibration_revision,physics_scene_identity,self_filter_identity,pelvis_lyra_target,pelvis_resolved_target,pelvis_current,pelvis_spring_velocity,pelvis_previous_target,pelvis_spring_initialized,pelvis_translation_x,pelvis_translation_y,pelvis_translation_z,pelvis_goal_weight,pelvis_goal_application,pelvis_goal_source,modifier_selected_side,baseline_producer_operation,baseline_producer_call_site,baseline_goal_offset,baseline_goal_count,baseline_rig_id,baseline_rig_revision,left_hit,left_surface,left_query_shape,left_query_purpose,left_query_foot_index,left_query_origin_x,left_query_origin_y,left_query_origin_z,left_query_capsule_end_x,left_query_capsule_end_y,left_query_capsule_end_z,left_query_direction_x,left_query_direction_y,left_query_direction_z,left_query_radius,left_query_maximum_distance,left_query_layer_mask,left_query_minimum_ground_normal_dot,left_hit_location_x,left_hit_location_y,left_hit_location_z,left_impact_point_x,left_impact_point_y,left_impact_point_z,left_hit_normal_x,left_hit_normal_y,left_hit_normal_z,left_hit_distance,left_contact,left_transition,left_has_anchor,left_anchor_local_x,left_anchor_local_y,left_anchor_local_z,left_anchor_local_rotation_x,left_anchor_local_rotation_y,left_anchor_local_rotation_z,left_anchor_local_rotation_w,left_anchor_world_x,left_anchor_world_y,left_anchor_world_z,left_anchor_world_rotation_x,left_anchor_world_rotation_y,left_anchor_world_rotation_z,left_anchor_world_rotation_w,left_anchor_blend,left_swing_eligible,left_selected_for_rewrite,left_rewritten,left_prediction_reject,left_future_surface,left_future_point_x,left_future_point_y,left_future_point_z,left_future_normal_x,left_future_normal_y,left_future_normal_z,left_ground_envelope_count,left_ground_envelope_reject,left_predictive_query_count,left_predictive_rejected_query_count,left_prediction_horizon,left_swing_clearance,left_baseline_application,left_final_source,left_solver_result_available,left_plant_confidence,left_plant_contact,left_sole_height,left_placement_weight,left_animation_foot_speed,left_surface_distance,left_sole_support_surface,left_sole_support_point_x,left_sole_support_point_y,left_sole_support_point_z,left_sole_support_normal_x,left_sole_support_normal_y,left_sole_support_normal_z,left_sole_clearance_target,left_sole_clearance_target_x,left_sole_clearance_target_y,left_sole_clearance_target_z,left_sole_ankle_x,left_sole_ankle_y,left_sole_ankle_z,left_sole_heel_x,left_sole_heel_y,left_sole_heel_z,left_sole_toe_x,left_sole_toe_y,left_sole_toe_z,left_sole_heel_plane_distance,left_sole_toe_plane_distance,left_residual_sole_penetration,left_baseline_position_weight,left_baseline_rotation_weight,left_final_position_weight,left_final_rotation_weight,left_target_offset,left_offset_target,left_unconstrained_offset,left_sole_constraint_offset,left_current_offset,left_offset_spring_velocity,left_previous_offset_target,left_offset_spring_initialized,left_target_normal_x,left_target_normal_y,left_target_normal_z,left_current_normal_x,left_current_normal_y,left_current_normal_z,left_normal_spring_velocity_x,left_normal_spring_velocity_y,left_normal_spring_velocity_z,left_previous_normal_target_x,left_previous_normal_target_y,left_previous_normal_target_z,left_normal_spring_initialized,left_current_grounding_x,left_current_grounding_y,left_current_grounding_z,left_baseline_x,left_baseline_y,left_baseline_z,left_final_x,left_final_y,left_final_z,left_solved_x,left_solved_y,left_solved_z,left_position_residual,left_rotation_residual_degrees,right_hit,right_surface,right_query_shape,right_query_purpose,right_query_foot_index,right_query_origin_x,right_query_origin_y,right_query_origin_z,right_query_capsule_end_x,right_query_capsule_end_y,right_query_capsule_end_z,right_query_direction_x,right_query_direction_y,right_query_direction_z,right_query_radius,right_query_maximum_distance,right_query_layer_mask,right_query_minimum_ground_normal_dot,right_hit_location_x,right_hit_location_y,right_hit_location_z,right_impact_point_x,right_impact_point_y,right_impact_point_z,right_hit_normal_x,right_hit_normal_y,right_hit_normal_z,right_hit_distance,right_contact,right_transition,right_has_anchor,right_anchor_local_x,right_anchor_local_y,right_anchor_local_z,right_anchor_local_rotation_x,right_anchor_local_rotation_y,right_anchor_local_rotation_z,right_anchor_local_rotation_w,right_anchor_world_x,right_anchor_world_y,right_anchor_world_z,right_anchor_world_rotation_x,right_anchor_world_rotation_y,right_anchor_world_rotation_z,right_anchor_world_rotation_w,right_anchor_blend,right_swing_eligible,right_selected_for_rewrite,right_rewritten,right_prediction_reject,right_future_surface,right_future_point_x,right_future_point_y,right_future_point_z,right_future_normal_x,right_future_normal_y,right_future_normal_z,right_ground_envelope_count,right_ground_envelope_reject,right_predictive_query_count,right_predictive_rejected_query_count,right_prediction_horizon,right_swing_clearance,right_baseline_application,right_final_source,right_solver_result_available,right_plant_confidence,right_plant_contact,right_sole_height,right_placement_weight,right_animation_foot_speed,right_surface_distance,right_sole_support_surface,right_sole_support_point_x,right_sole_support_point_y,right_sole_support_point_z,right_sole_support_normal_x,right_sole_support_normal_y,right_sole_support_normal_z,right_sole_clearance_target,right_sole_clearance_target_x,right_sole_clearance_target_y,right_sole_clearance_target_z,right_sole_ankle_x,right_sole_ankle_y,right_sole_ankle_z,right_sole_heel_x,right_sole_heel_y,right_sole_heel_z,right_sole_toe_x,right_sole_toe_y,right_sole_toe_z,right_sole_heel_plane_distance,right_sole_toe_plane_distance,right_residual_sole_penetration,right_baseline_position_weight,right_baseline_rotation_weight,right_final_position_weight,right_final_rotation_weight,right_target_offset,right_offset_target,right_unconstrained_offset,right_sole_constraint_offset,right_current_offset,right_offset_spring_velocity,right_previous_offset_target,right_offset_spring_initialized,right_target_normal_x,right_target_normal_y,right_target_normal_z,right_current_normal_x,right_current_normal_y,right_current_normal_z,right_normal_spring_velocity_x,right_normal_spring_velocity_y,right_normal_spring_velocity_z,right_previous_normal_target_x,right_previous_normal_target_y,right_previous_normal_target_z,right_normal_spring_initialized,right_current_grounding_x,right_current_grounding_y,right_current_grounding_z,right_baseline_x,right_baseline_y,right_baseline_z,right_final_x,right_final_y,right_final_z,right_solved_x,right_solved_y,right_solved_z,right_position_residual,right_rotation_residual_degrees
706,407,706,1,707,0,707,false,rootmotion.finalik.full-body-biped-ik/indexed-pose-backend,None,true,true,1,lyra-5.7/ABP_Mannequin_Base/CR_Mannequin_FootPlant,unreal-engine-5.7/SpringInterpV2/FMath.SpringDamper,corin.animation-rig,87731f0d0ca14844bbf861368b9847b3,corin.foot-placement,6d6118d2f41a5948ddd18dc6d88083c8c5bf77a4682a4ec3fce5d2ec6af01624,c7fd2c730a70465e6baa0d7496f46c9d49c4cc944fadbd61ecba1116729d5817,Corin.FootPlacementRig,2997edf1c34f13f7e2a3033372226eb399379f30c4303fddfe3e97ec1e4bf38d,0,-288406,0.07049811,0.0635578,0.07049724,1.265595E-05,0.07049811,true,0,0.0635578,0,1,PelvisPreSolveTranslation,FootGrounding,ModifierNotCompiled,-1,-1,-1,0,,,true,-98108,Sphere,CurrentGrounding,0,0.02968264,2.431226,3.823956,0,0,0,0,-1,0,0.05,1,4608,0.5735765,0.02968264,1.92,3.823956,0.02968264,1.92,3.823956,0,1,0,0.4612265,Anchored,None,true,-0.004282296,0.5493245,-0.1977631,-0.3931756,-0.3823089,0.5955287,0.5870252,-0.01370335,2.014703,3.809141,-0.3931756,-0.3823089,0.5955287,0.5870252,1,false,false,false,ModifierNotCompiled,0,0,0,0,0,0,0,0,ModifierNotCompiled,0,0,0,0,FootPlacementEffectorTarget,FootGrounding,true,1,true,-0.0007337171,1,0.007431855,0.001577258,-98108,-0.01370335,1.92,3.809141,0,1,0,0.0007716417,0,0.0007716417,0,-0.01370335,2.014703,3.809141,-0.01352248,1.933479,3.810759,-0.04261161,1.932157,3.743867,0.01347852,0.01215696,0,1,1,1,1,0.07049811,0.000772506,0.001080201,0,0.001080201,-0.003196387,0.000772506,true,0,1,0,-1.401298E-45,1,-1.777542E-29,3.222986E-44,1.386084E-06,8.804728E-28,0,1,0,true,-0.2794242,0.1533021,0.1151401,-0.2350708,0.1652011,0.1267426,-0.2350708,0.1652011,0.1267426,-0.2350708,0.165201,0.1267426,5.575504E-08,0,true,-98108,Sphere,CurrentGrounding,1,-0.4188857,2.430274,3.856481,0,0,0,0,-1,0,0.05,1,4608,0.5735765,-0.4188857,1.92,3.856481,-0.4188857,1.92,3.856481,0,1,0,0.4602745,Anchored,None,true,-0.1271383,0.5445805,-0.2578109,-0.5760555,-0.5907266,0.399672,0.39933,-0.4068427,2.005594,3.778516,-0.5760555,-0.5907266,0.399672,0.39933,1,false,false,false,ModifierNotCompiled,0,0,0,0,0,0,0,0,ModifierNotCompiled,0,0,0,0,FootPlacementEffectorTarget,FootGrounding,true,1,true,-0.001137987,1,0.02313779,0.0003950596,-98108,-0.4068427,1.92,3.778516,0,1,0,0.0007522106,0,0.0007522106,0,-0.4068427,2.005594,3.778516,-0.4047209,1.924493,3.776309,-0.3772888,1.926602,3.701381,0.004492879,0.00660193,0,1,1,1,1,0.07049811,0.0007530749,0.000782147,0,0.000782147,-0.001503599,0.0007530749,true,0,1,0,3.277959E-22,1,-5.691702E-17,-1.606566E-20,1.386084E-06,2.789217E-15,0,1,0,true,0.1655642,0.1520518,0.04989543,0.1592555,0.1560925,0.1285322,0.1592555,0.1560925,0.1285322,0.1592555,0.1560925,0.1285322,2.980232E-08,0
707,408,707,1,708,0,708,false,rootmotion.finalik.full-body-biped-ik/indexed-pose-backend,None,true,true,1,lyra-5.7/ABP_Mannequin_Base/CR_Mannequin_FootPlant,unreal-engine-5.7/SpringInterpV2/FMath.SpringDamper,corin.animation-rig,87731f0d0ca14844bbf861368b9847b3,corin.foot-placement,6d6118d2f41a5948ddd18dc6d88083c8c5bf77a4682a4ec3fce5d2ec6af01624,c7fd2c730a70465e6baa0d7496f46c9d49c4cc944fadbd61ecba1116729d5817,Corin.FootPlacementRig,2997edf1c34f13f7e2a3033372226eb399379f30c4303fddfe3e97ec1e4bf38d,0,-288406,0.07049811,0.0632965,0.07049732,1.159918E-05,0.07049811,true,0,0.0632965,0,1,PelvisPreSolveTranslation,FootGrounding,ModifierNotCompiled,-1,-1,-1,0,,,true,-98108,Sphere,CurrentGrounding,0,0.02963114,2.431268,3.823907,0,0,0,0,-1,0,0.05,1,4608,0.5735765,0.02963114,1.92,3.823907,0.02963114,1.92,3.823907,0,1,0,0.4612684,Anchored,None,true,-0.004282296,0.5493245,-0.1977631,-0.3931756,-0.3823089,0.5955287,0.5870252,-0.01370335,2.014703,3.809141,-0.3931756,-0.3823089,0.5955287,0.5870252,1,false,false,false,ModifierNotCompiled,0,0,0,0,0,0,0,0,ModifierNotCompiled,0,0,0,0,FootPlacementEffectorTarget,FootGrounding,true,1,true,-0.0007300797,1,0.01761168,0.00159955,-98108,-0.01370335,1.92,3.809141,0,1,0,0.0007311106,0,0.0007311106,0,-0.01370335,2.014703,3.809141,-0.01352258,1.933479,3.810759,-0.04261193,1.932157,3.743868,0.01347864,0.01215708,0,1,1,1,1,0.07049811,0.0007319003,0.001060539,0,0.001060539,-0.003335892,0.0007319003,true,0,1,0,-1.401298E-45,1,-1.323039E-29,3.222986E-44,1.384822E-06,6.553853E-28,0,1,0,true,-0.2793692,0.1533242,0.1151848,-0.2350708,0.1652011,0.1267426,-0.2350708,0.1652011,0.1267426,-0.2350708,0.165201,0.1267426,1.043081E-07,0,true,-98108,Sphere,CurrentGrounding,1,-0.4189835,2.430265,3.856481,0,0,0,0,-1,0,0.05,1,4608,0.5735765,-0.4189835,1.92,3.856481,-0.4189835,1.92,3.856481,0,1,0,0.4602651,Anchored,None,true,-0.1271383,0.5445805,-0.2578109,-0.5760555,-0.5907266,0.399672,0.39933,-0.4068427,2.005594,3.778516,-0.5760555,-0.5907266,0.399672,0.39933,1,false,false,false,ModifierNotCompiled,0,0,0,0,0,0,0,0,ModifierNotCompiled,0,0,0,0,FootPlacementEffectorTarget,FootGrounding,true,1,true,-0.001125091,1,0.02486604,0.0003790855,-98108,-0.4068427,1.92,3.778516,0,1,0,0.0008261204,0,0.0008261204,0,-0.4068427,2.005594,3.778516,-0.4047209,1.924493,3.776309,-0.377288,1.926603,3.70138,0.004492879,0.00660336,0,1,1,1,1,0.07049811,0.0008269101,0.0007755788,5.149841E-05,0.0008270773,0,0.0008269101,true,0,1,0,2.447374E-22,1,-4.249667E-17,-1.199715E-20,1.384822E-06,2.082948E-15,0,1,0,true,0.1656617,0.1520876,0.04988828,0.1592555,0.1560925,0.1285322,0.1592555,0.1560925,0.1285322,0.1592555,0.1560924,0.1285322,9.541399E-08,0
708,409,708,1,709,0,709,false,rootmotion.finalik.full-body-biped-ik/indexed-pose-backend,None,true,true,1,lyra-5.7/ABP_Mannequin_Base/CR_Mannequin_FootPlant,unreal-engine-5.7/SpringInterpV2/FMath.SpringDamper,corin.animation-rig,87731f0d0ca14844bbf861368b9847b3,corin.foot-placement,6d6118d2f41a5948ddd18dc6d88083c8c5bf77a4682a4ec3fce5d2ec6af01624,c7fd2c730a70465e6baa0d7496f46c9d49c4cc944fadbd61ecba1116729d5817,Corin.FootPlacementRig,2997edf1c34f13f7e2a3033372226eb399379f30c4303fddfe3e97ec1e4bf38d,0,-288406,0.07049811,0.06301546,0.07049739,1.057888E-05,0.07049811,true,0,0.06301546,0,1,PelvisPreSolveTranslation,FootGrounding,ModifierNotCompiled,-1,-1,-1,0,,,true,-98108,Sphere,CurrentGrounding,0,0.02953815,2.431324,3.823802,0,0,0,0,-1,0,0.05,1,4608,0.5735765,0.02953815,1.92,3.823802,0.02953815,1.92,3.823802,0,1,0,0.461324,Anchored,None,true,-0.004282296,0.5493245,-0.1977631,-0.3931756,-0.3823089,0.5955287,0.5870252,-0.01370335,2.014703,3.809141,-0.3931756,-0.3823089,0.5955287,0.5870252,1,false,false,false,ModifierNotCompiled,0,0,0,0,0,0,0,0,ModifierNotCompiled,0,0,0,0,FootPlacementEffectorTarget,FootGrounding,true,1,true,-0.0006253337,1,0.02748042,0.001633167,-98108,-0.01370335,1.92,3.809141,0,1,0,0.0006725788,0,0.0006725788,0,-0.01370335,2.014703,3.809141,-0.01352224,1.933479,3.810758,-0.04261195,1.932157,3.743867,0.01347864,0.01215708,0,1,1,1,1,0.07049811,0.0006733015,0.001038536,0,0.001038536,-0.00360059,0.0006733015,true,0,1,0,-1.401298E-45,1,-9.695705E-30,3.222986E-44,1.381084E-06,4.803222E-28,0,1,0,true,-0.2792688,0.1533579,0.1152827,-0.2350708,0.1652011,0.1267426,-0.2350708,0.1652011,0.1267426,-0.2350708,0.1652012,0.1267428,2.138719E-07,0,true,-98108,Sphere,CurrentGrounding,1,-0.4191055,2.430264,3.85646,0,0,0,0,-1,0,0.05,1,4608,0.5735765,-0.4191055,1.92,3.85646,-0.4191055,1.92,3.85646,0,1,0,0.4602635,Anchored,None,true,-0.1271383,0.5445805,-0.2578109,-0.5760555,-0.5907266,0.399672,0.39933,-0.4068427,2.005594,3.778516,-0.5760555,-0.5907266,0.399672,0.39933,1,false,false,false,ModifierNotCompiled,0,0,0,0,0,0,0,0,ModifierNotCompiled,0,0,0,0,FootPlacementEffectorTarget,FootGrounding,true,1,true,-0.001111516,1,0.02554437,0.0004304647,-98108,-0.4068427,1.92,3.778516,0,1,0,0.0008924007,0,0.0008924007,0,-0.4068427,2.005594,3.778516,-0.4047208,1.924493,3.776309,-0.3772872,1.926605,3.70138,0.004492879,0.00660491,0,1,1,1,1,0.07049811,0.0008931234,0.0008287028,6.437302E-05,0.0008930758,0.0004695116,0.0008931234,true,0,1,0,1.799305E-22,1,-3.124467E-17,-8.822017E-21,1.381084E-06,1.531742E-15,0,1,0,true,0.165785,0.1521519,0.04990028,0.1592555,0.1560925,0.1285322,0.1592555,0.1560925,0.1285322,0.1592554,0.1560926,0.1285323,1.692447E-07,0
709,410,709,1,710,0,710,false,rootmotion.finalik.full-body-biped-ik/indexed-pose-backend,None,true,true,1,lyra-5.7/ABP_Mannequin_Base/CR_Mannequin_FootPlant,unreal-engine-5.7/SpringInterpV2/FMath.SpringDamper,corin.animation-rig,87731f0d0ca14844bbf861368b9847b3,corin.foot-placement,6d6118d2f41a5948ddd18dc6d88083c8c5bf77a4682a4ec3fce5d2ec6af01624,c7fd2c730a70465e6baa0d7496f46c9d49c4cc944fadbd61ecba1116729d5817,Corin.FootPlacementRig,2997edf1c34f13f7e2a3033372226eb399379f30c4303fddfe3e97ec1e4bf38d,0,-288406,0.07049811,0.06288064,0.07049742,1.01284E-05,0.07049811,true,0,0.06288064,0,1,PelvisPreSolveTranslation,FootGrounding,ModifierNotCompiled,-1,-1,-1,0,,,true,-98108,Sphere,CurrentGrounding,0,0.02948117,2.431354,3.823734,0,0,0,0,-1,0,0.05,1,4608,0.5735765,0.02948117,1.92,3.823734,0.02948117,1.92,3.823734,0,1,0,0.4613541,Anchored,None,true,-0.004282296,0.5493245,-0.1977631,-0.3931756,-0.3823089,0.5955287,0.5870252,-0.01370335,2.014703,3.809141,-0.3931756,-0.3823089,0.5955287,0.5870252,1,false,false,false,ModifierNotCompiled,0,0,0,0,0,0,0,0,ModifierNotCompiled,0,0,0,0,FootPlacementEffectorTarget,FootGrounding,true,1,true,-0.0005744912,1,0.0321974,0.001652241,-98108,-0.01370335,1.92,3.809141,0,1,0,0.0006394386,0,0.0006394386,0,-0.01370335,2.014703,3.809141,-0.01352251,1.933479,3.810759,-0.04261236,1.932157,3.743867,0.01347864,0.01215708,0,1,1,1,1,0.07049811,0.0006401315,0.001027442,0,0.001027442,-0.003752781,0.0006401315,true,0,1,0,-1.401298E-45,1,-8.366143E-30,3.363116E-44,1.396866E-06,4.144691E-28,0,1,0,true,-0.279207,0.1533769,0.115347,-0.2350708,0.1652011,0.1267426,-0.2350708,0.1652011,0.1267426,-0.2350708,0.1652011,0.1267426,1.490116E-08,0,true,-98108,Sphere,CurrentGrounding,1,-0.4191689,2.430265,3.856443,0,0,0,0,-1,0,0.05,1,4608,0.5735765,-0.4191689,1.92,3.856443,-0.4191689,1.92,3.856443,0,1,0,0.4602651,Anchored,None,true,-0.1271383,0.5445805,-0.2578109,-0.5760555,-0.5907266,0.399672,0.39933,-0.4068427,2.005594,3.778516,-0.5760555,-0.5907266,0.399672,0.39933,1,false,false,false,ModifierNotCompiled,0,0,0,0,0,0,0,0,ModifierNotCompiled,0,0,0,0,FootPlacementEffectorTarget,FootGrounding,true,1,true,-0.001105089,1,0.02626849,0.0004980564,-98108,-0.4068427,1.92,3.778516,0,1,0,0.000919342,0,0.000919342,0,-0.4068427,2.005594,3.778516,-0.4047211,1.924493,3.776308,-0.3772868,1.926606,3.701379,0.004492879,0.006605744,0,1,1,1,1,0.07049811,0.0009200349,0.0008947406,2.551079E-05,0.0009202514,0.0006072774,0.0009200349,true,0,1,0,1.554914E-22,1,-2.700134E-17,-7.624469E-21,1.396866E-06,1.32384E-15,0,1,0,true,0.1658495,0.1521808,0.04991276,0.1592555,0.1560925,0.1285322,0.1592555,0.1560925,0.1285322,0.1592555,0.1560926,0.1285322,1.043081E-07,0
710,411,710,1,711,0,711,false,rootmotion.finalik.full-body-biped-ik/indexed-pose-backend,None,true,true,1,lyra-5.7/ABP_Mannequin_Base/CR_Mannequin_FootPlant,unreal-engine-5.7/SpringInterpV2/FMath.SpringDamper,corin.animation-rig,87731f0d0ca14844bbf861368b9847b3,corin.foot-placement,6d6118d2f41a5948ddd18dc6d88083c8c5bf77a4682a4ec3fce5d2ec6af01624,c7fd2c730a70465e6baa0d7496f46c9d49c4cc944fadbd61ecba1116729d5817,Corin.FootPlacementRig,2997edf1c34f13f7e2a3033372226eb399379f30c4303fddfe3e97ec1e4bf38d,0,-288406,0.07049811,0.06275409,0.07049745,9.726909E-06,0.07049811,true,0,0.06275409,0,1,PelvisPreSolveTranslation,FootGrounding,ModifierNotCompiled,-1,-1,-1,0,,,true,-98108,Sphere,CurrentGrounding,0,0.02942085,2.431384,3.823659,0,0,0,0,-1,0,0.05,1,4608,0.5735765,0.02942085,1.92,3.823659,0.02942085,1.92,3.823659,0,1,0,0.4613841,Anchored,None,true,-0.004282296,0.5493245,-0.1977631,-0.3931756,-0.3823089,0.5955287,0.5870252,-0.01370335,2.014703,3.809141,-0.3931756,-0.3823089,0.5955287,0.5870252,1,false,false,false,ModifierNotCompiled,0,0,0,0,0,0,0,0,ModifierNotCompiled,0,0,0,0,FootPlacementEffectorTarget,FootGrounding,true,1,true,-0.0005271659,1,0.03661097,0.001671433,-98108,-0.01370335,1.92,3.809141,0,1,0,0.0006055832,0,0.0006055832,0,-0.01370335,2.014703,3.809141,-0.01352263,1.933479,3.810759,-0.0426124,1.932157,3.743867,0.01347864,0.01215708,0,1,1,1,1,0.07049811,0.0006062463,0.001016664,0,0.001016664,-0.003915291,0.0006062463,true,0,1,0,-1.401298E-45,1,-7.292638E-30,3.363116E-44,1.408654E-06,3.612969E-28,0,1,0,true,-0.2791414,0.1533962,0.1154167,-0.2350708,0.1652011,0.1267426,-0.2350708,0.1652011,0.1267426,-0.2350708,0.1652011,0.1267427,4.712161E-08,0,true,-98108,Sphere,CurrentGrounding,1,-0.4192312,2.430268,3.856421,0,0,0,0,-1,0,0.05,1,4608,0.5735765,-0.4192312,1.92,3.856421,-0.4192312,1.92,3.856421,0,1,0,0.460268,Anchored,None,true,-0.1271383,0.5445805,-0.2578109,-0.5760555,-0.5907266,0.399672,0.39933,-0.4068427,2.005594,3.778516,-0.5760555,-0.5907266,0.399672,0.39933,1,false,false,false,ModifierNotCompiled,0,0,0,0,0,0,0,0,ModifierNotCompiled,0,0,0,0,FootPlacementEffectorTarget,FootGrounding,true,1,true,-0.001099106,1,0.0271672,0.0005283356,-98108,-0.4068427,1.92,3.778516,0,1,0,0.0009423494,0,0.0009423494,0,-0.4068427,2.005594,3.778516,-0.404721,1.924493,3.776308,-0.3772866,1.926606,3.701379,0.004492879,0.00660634,0,1,1,1,1,0.07049811,0.0009430125,0.0009221279,2.098083E-05,0.0009431087,0.0007091322,0.0009430125,true,0,1,0,1.35729E-22,1,-2.356996E-17,-6.655995E-21,1.408654E-06,1.155704E-15,0,1,0,true,0.1659131,0.1522065,0.04993008,0.1592555,0.1560925,0.1285322,0.1592555,0.1560925,0.1285322,0.1592555,0.1560926,0.1285322,9.185693E-08,0
711,412,711,1,712,0,712,false,rootmotion.finalik.full-body-biped-ik/indexed-pose-backend,None,true,true,1,lyra-5.7/ABP_Mannequin_Base/CR_Mannequin_FootPlant,unreal-engine-5.7/SpringInterpV2/FMath.SpringDamper,corin.animation-rig,87731f0d0ca14844bbf861368b9847b3,corin.foot-placement,6d6118d2f41a5948ddd18dc6d88083c8c5bf77a4682a4ec3fce5d2ec6af01624,c7fd2c730a70465e6baa0d7496f46c9d49c4cc944fadbd61ecba1116729d5817,Corin.FootPlacementRig,2997edf1c34f13f7e2a3033372226eb399379f30c4303fddfe3e97ec1e4bf38d,0,-288406,0.07049811,0.06262952,0.07049747,9.347603E-06,0.07049811,true,0,0.06262952,0,1,PelvisPreSolveTranslation,FootGrounding,ModifierNotCompiled,-1,-1,-1,0,,,true,-98108,Sphere,CurrentGrounding,0,0.02935505,2.431416,3.823577,0,0,0,0,-1,0,0.05,1,4608,0.5735765,0.02935505,1.92,3.823577,0.02935505,1.92,3.823577,0,1,0,0.4614155,Anchored,None,true,-0.004282296,0.5493245,-0.1977631,-0.3931756,-0.3823089,0.5955287,0.5870252,-0.01370335,2.014703,3.809141,-0.3931756,-0.3823089,0.5955287,0.5870252,1,false,false,false,ModifierNotCompiled,0,0,0,0,0,0,0,0,ModifierNotCompiled,0,0,0,0,FootPlacementEffectorTarget,FootGrounding,true,1,true,-0.000480814,1,0.04094811,0.001691699,-98108,-0.01370335,1.92,3.809141,0,1,0,0.000569582,0,0.000569582,0,-0.01370335,2.014703,3.809141,-0.01352232,1.933479,3.810759,-0.04261241,1.932157,3.743867,0.01347864,0.01215708,0,1,1,1,1,0.07049811,0.0005702227,0.001005632,0,0.001005632,-0.004094473,0.0005702227,true,0,1,0,-1.401298E-45,1,-6.374788E-30,3.363116E-44,1.417575E-06,3.158332E-28,0,1,0,true,-0.2790698,0.1534165,0.1154937,-0.2350708,0.1652011,0.1267426,-0.2350708,0.1652011,0.1267426,-0.2350707,0.1652012,0.1267428,2.004746E-07,0,true,-98108,Sphere,CurrentGrounding,1,-0.4192944,2.430272,3.856395,0,0,0,0,-1,0,0.05,1,4608,0.5735765,-0.4192944,1.92,3.856395,-0.4192944,1.92,3.856395,0,1,0,0.4602721,Anchored,None,true,-0.1271383,0.5445805,-0.2578109,-0.5760555,-0.5907266,0.399672,0.39933,-0.4068427,2.005594,3.778516,-0.5760555,-0.5907266,0.399672,0.39933,1,false,false,false,ModifierNotCompiled,0,0,0,0,0,0,0,0,ModifierNotCompiled,0,0,0,0,FootPlacementEffectorTarget,FootGrounding,true,1,true,-0.001093246,1,0.02823712,0.0005553961,-98108,-0.4068427,1.92,3.778516,0,1,0,0.0009627342,0,0.0009627342,0,-0.4068427,2.005594,3.778516,-0.404721,1.924493,3.776308,-0.3772861,1.926607,3.701379,0.00449276,0.006607056,0,1,1,1,1,0.07049811,0.000963375,0.0009451836,1.811981E-05,0.0009633034,0.0007860767,0.000963375,true,0,1,0,1.188079E-22,1,-2.063185E-17,-5.826683E-21,1.417575E-06,1.011724E-15,0,1,0,true,0.165978,0.1522309,0.04995114,0.1592555,0.1560925,0.1285322,0.1592555,0.1560925,0.1285322,0.1592556,0.1560925,0.1285322,1.095007E-07,0
712,413,712,1,713,0,713,false,rootmotion.finalik.full-body-biped-ik/indexed-pose-backend,None,true,true,1,lyra-5.7/ABP_Mannequin_Base/CR_Mannequin_FootPlant,unreal-engine-5.7/SpringInterpV2/FMath.SpringDamper,corin.animation-rig,87731f0d0ca14844bbf861368b9847b3,corin.foot-placement,6d6118d2f41a5948ddd18dc6d88083c8c5bf77a4682a4ec3fce5d2ec6af01624,c7fd2c730a70465e6baa0d7496f46c9d49c4cc944fadbd61ecba1116729d5817,Corin.FootPlacementRig,2997edf1c34f13f7e2a3033372226eb399379f30c4303fddfe3e97ec1e4bf38d,0,-288406,0.07049811,0.06250703,0.07049749,8.992826E-06,0.07049811,true,0,0.06250703,0,1,PelvisPreSolveTranslation,FootGrounding,ModifierNotCompiled,-1,-1,-1,0,,,true,-98108,Sphere,CurrentGrounding,0,0.02928424,2.431448,3.823489,0,0,0,0,-1,0,0.05,1,4608,0.5735765,0.02928424,1.92,3.823489,0.02928424,1.92,3.823489,0,1,0,0.4614475,Anchored,None,true,-0.004282296,0.5493245,-0.1977631,-0.3931756,-0.3823089,0.5955287,0.5870252,-0.01370335,2.014703,3.809141,-0.3931756,-0.3823089,0.5955287,0.5870252,1,false,false,false,ModifierNotCompiled,0,0,0,0,0,0,0,0,ModifierNotCompiled,0,0,0,0,FootPlacementEffectorTarget,FootGrounding,true,1,true,-0.0004354422,1,0.04520332,0.001712322,-98108,-0.01370335,1.92,3.809141,0,1,0,0.0005325079,0,0.0005325079,0,-0.01370335,2.014703,3.809141,-0.01352226,1.933479,3.810759,-0.0426124,1.932157,3.743866,0.01347864,0.01215708,0,1,1,1,1,0.07049811,0.0005331263,0.0009943342,0,0.0009943342,-0.004282994,0.0005331263,true,0,1,0,-1.401298E-45,1,-5.588243E-30,3.363116E-44,1.424422E-06,2.768722E-28,0,1,0,true,-0.2789927,0.1534373,0.115577,-0.2350708,0.1652011,0.1267426,-0.2350708,0.1652011,0.1267426,-0.2350707,0.165201,0.1267426,9.657056E-08,0,true,-98108,Sphere,CurrentGrounding,1,-0.4193585,2.430277,3.856365,0,0,0,0,-1,0,0.05,1,4608,0.5735765,-0.4193585,1.92,3.856365,-0.4193585,1.92,3.856365,0,1,0,0.4602766,Anchored,None,true,-0.1271383,0.5445805,-0.2578109,-0.5760555,-0.5907266,0.399672,0.39933,-0.4068427,2.005594,3.778516,-0.5760555,-0.5907266,0.399672,0.39933,1,false,false,false,ModifierNotCompiled,0,0,0,0,0,0,0,0,ModifierNotCompiled,0,0,0,0,FootPlacementEffectorTarget,FootGrounding,true,1,true,-0.00108751,1,0.02930106,0.0005805492,-98108,-0.4068427,1.92,3.778516,0,1,0,0.0009806156,0,0.0009806156,0,-0.4068427,2.005594,3.778516,-0.4047209,1.924493,3.776308,-0.3772858,1.926608,3.701378,0.004492998,0.006607771,0,1,1,1,1,0.07049811,0.000981234,0.0009655047,1.573563E-05,0.0009812403,0.0008412875,0.000981234,true,0,1,0,1.042871E-22,1,-1.81105E-17,-5.114954E-21,1.424422E-06,8.881569E-16,0,1,0,true,0.1660442,0.1522535,0.04997689,0.1592555,0.1560925,0.1285322,0.1592555,0.1560925,0.1285322,0.1592555,0.1560926,0.1285321,1.639128E-07,0
713,414,713,1,714,0,714,false,rootmotion.finalik.full-body-biped-ik/indexed-pose-backend,None,true,true,1,lyra-5.7/ABP_Mannequin_Base/CR_Mannequin_FootPlant,unreal-engine-5.7/SpringInterpV2/FMath.SpringDamper,corin.animation-rig,87731f0d0ca14844bbf861368b9847b3,corin.foot-placement,6d6118d2f41a5948ddd18dc6d88083c8c5bf77a4682a4ec3fce5d2ec6af01624,c7fd2c730a70465e6baa0d7496f46c9d49c4cc944fadbd61ecba1116729d5817,Corin.FootPlacementRig,2997edf1c34f13f7e2a3033372226eb399379f30c4303fddfe3e97ec1e4bf38d,0,-288406,0.07049811,0.06228971,0.07049753,8.401323E-06,0.07049811,true,0,0.06228971,0,1,PelvisPreSolveTranslation,FootGrounding,ModifierNotCompiled,-1,-1,-1,0,,,true,-98108,Sphere,CurrentGrounding,0,0.02914524,2.431508,3.82331,0,0,0,0,-1,0,0.05,1,4608,0.5735765,0.02914524,1.92,3.82331,0.02914524,1.92,3.82331,0,1,0,0.4615083,Anchored,None,true,-0.004282296,0.5493245,-0.1977631,-0.3931756,-0.3823089,0.5955287,0.5870252,-0.01370335,2.014703,3.809141,-0.3931756,-0.3823089,0.5955287,0.5870252,1,false,false,false,ModifierNotCompiled,0,0,0,0,0,0,0,0,ModifierNotCompiled,0,0,0,0,FootPlacementEffectorTarget,FootGrounding,true,1,true,-0.0003552569,1,0.05274,0.001751661,-98108,-0.01370335,1.92,3.809141,0,1,0,0.0004606247,0,0.0004606247,0,-0.01370335,2.014703,3.809141,-0.01352238,1.933479,3.810759,-0.04261293,1.932157,3.743866,0.01347864,0.01215708,0,1,1,1,1,0.07049811,0.0004612058,0.0009730334,0,0.0009730334,-0.00467727,0.0004612058,true,0,1,0,-1.401298E-45,1,-4.429866E-30,3.363116E-44,1.417913E-06,2.194906E-28,0,1,0,true,-0.278841,0.1534768,0.1157447,-0.2350708,0.1652011,0.1267426,-0.2350708,0.1652011,0.1267426,-0.2350709,0.1652011,0.1267425,2.075492E-07,0,true,-98108,Sphere,CurrentGrounding,1,-0.419476,2.430287,3.856299,0,0,0,0,-1,0,0.05,1,4608,0.5735765,-0.419476,1.92,3.856299,-0.419476,1.92,3.856299,0,1,0,0.4602868,Anchored,None,true,-0.1271383,0.5445805,-0.2578109,-0.5760555,-0.5907266,0.399672,0.39933,-0.4068427,2.005594,3.778516,-0.5760555,-0.5907266,0.399672,0.39933,1,false,false,false,ModifierNotCompiled,0,0,0,0,0,0,0,0,ModifierNotCompiled,0,0,0,0,FootPlacementEffectorTarget,FootGrounding,true,1,true,-0.001077374,1,0.03057052,0.0006103516,-98108,-0.4068427,1.92,3.778516,0,1,0,0.001008034,0,0.001008034,0,-0.4068427,2.005594,3.778516,-0.4047208,1.924493,3.776308,-0.3772853,1.926609,3.701378,0.00449276,0.006608844,0,1,1,1,1,0.07049811,0.001008615,0.000985409,2.31266E-05,0.001008536,0.0009129946,0.001008615,true,0,1,0,8.286219E-23,1,-1.439024E-17,-4.064703E-21,1.417913E-06,7.058123E-16,0,1,0,true,0.1661663,0.1522909,0.05003392,0.1592555,0.1560925,0.1285322,0.1592555,0.1560925,0.1285322,0.1592555,0.1560926,0.1285322,4.470348E-08,0
714,415,714,1,715,0,715,false,rootmotion.finalik.full-body-biped-ik/indexed-pose-backend,None,true,true,1,lyra-5.7/ABP_Mannequin_Base/CR_Mannequin_FootPlant,unreal-engine-5.7/SpringInterpV2/FMath.SpringDamper,corin.animation-rig,87731f0d0ca14844bbf861368b9847b3,corin.foot-placement,6d6118d2f41a5948ddd18dc6d88083c8c5bf77a4682a4ec3fce5d2ec6af01624,c7fd2c730a70465e6baa0d7496f46c9d49c4cc944fadbd61ecba1116729d5817,Corin.FootPlacementRig,2997edf1c34f13f7e2a3033372226eb399379f30c4303fddfe3e97ec1e4bf38d,0,-288406,0.07049811,0.0620721,0.07049756,7.853694E-06,0.07049811,true,0,0.0620721,0,1,PelvisPreSolveTranslation,FootGrounding,ModifierNotCompiled,-1,-1,-1,0,,,true,-98108,Sphere,CurrentGrounding,0,0.02898884,2.431573,3.823107,0,0,0,0,-1,0,0.05,1,4608,0.5735765,0.02898884,1.92,3.823107,0.02898884,1.92,3.823107,0,1,0,0.4615731,Anchored,None,true,-0.004282296,0.5493245,-0.1977631,-0.3931756,-0.3823089,0.5955287,0.5870252,-0.01370335,2.014703,3.809141,-0.3931756,-0.3823089,0.5955287,0.5870252,1,false,false,false,ModifierNotCompiled,0,0,0,0,0,0,0,0,ModifierNotCompiled,0,0,0,0,FootPlacementEffectorTarget,FootGrounding,true,1,true,-0.0002752672,1,0.06027251,0.001793265,-98108,-0.01370335,1.92,3.809141,0,1,0,0.0003830194,0,0.0003830194,0,-0.01370335,2.014703,3.809141,-0.01352234,1.933479,3.810759,-0.04261309,1.932157,3.743866,0.01347864,0.01215708,0,1,1,1,1,0.07049811,0.0003835633,0.0009498206,0,0.0009498206,-0.005110554,0.0003835633,true,0,1,0,-1.401298E-45,1,-3.513556E-30,3.363116E-44,1.414077E-06,1.740978E-28,0,1,0,true,-0.2786701,0.1535186,0.1159358,-0.2350708,0.1652011,0.1267426,-0.2350708,0.1652011,0.1267426,-0.2350708,0.1652011,0.1267425,1.584015E-07,0,true,-98108,Sphere,CurrentGrounding,1,-0.4195974,2.430299,3.856217,0,0,0,0,-1,0,0.05,1,4608,0.5735765,-0.4195974,1.92,3.856217,-0.4195974,1.92,3.856217,0,1,0,0.4602987,Anchored,None,true,-0.1271383,0.5445805,-0.2578109,-0.5760555,-0.5907266,0.399672,0.39933,-0.4068427,2.005594,3.778516,-0.5760555,-0.5907266,0.399672,0.39933,1,false,false,false,ModifierNotCompiled,0,0,0,0,0,0,0,0,ModifierNotCompiled,0,0,0,0,FootPlacementEffectorTarget,FootGrounding,true,1,true,-0.001067261,1,0.03226567,0.0006500483,-98108,-0.4068427,1.92,3.778516,0,1,0,0.001029134,0,0.001029134,0,-0.4068427,2.005594,3.778516,-0.404721,1.924493,3.776309,-0.3772848,1.92661,3.701377,0.004492879,0.006610155,0,1,1,1,1,0.07049811,0.001029678,0.00101289,1.692772E-05,0.001029818,0.0009313895,0.001029678,true,0,1,0,6.587363E-23,1,-1.144023E-17,-3.2318E-21,1.414077E-06,5.611993E-16,0,1,0,true,0.1662933,0.1523243,0.05010684,0.1592555,0.1560925,0.1285322,0.1592555,0.1560925,0.1285322,0.1592556,0.1560926,0.1285321,1.666E-07,0
715,416,715,1,716,0,716,false,rootmotion.finalik.full-body-biped-ik/indexed-pose-backend,None,true,true,1,lyra-5.7/ABP_Mannequin_Base/CR_Mannequin_FootPlant,unreal-engine-5.7/SpringInterpV2/FMath.SpringDamper,corin.animation-rig,87731f0d0ca14844bbf861368b9847b3,corin.foot-placement,6d6118d2f41a5948ddd18dc6d88083c8c5bf77a4682a4ec3fce5d2ec6af01624,c7fd2c730a70465e6baa0d7496f46c9d49c4cc944fadbd61ecba1116729d5817,Corin.FootPlacementRig,2997edf1c34f13f7e2a3033372226eb399379f30c4303fddfe3e97ec1e4bf38d,0,-288406,0.07049811,0.06183273,0.0704976,7.292911E-06,0.07049811,true,0,0.06183273,0,1,PelvisPreSolveTranslation,FootGrounding,ModifierNotCompiled,-1,-1,-1,0,,,true,-98108,Sphere,CurrentGrounding,0,0.02879739,2.431649,3.822856,0,0,0,0,-1,0,0.05,1,4608,0.5735765,0.02879739,1.92,3.822856,0.02879739,1.92,3.822856,0,1,0,0.4616492,Anchored,None,true,-0.004282296,0.5493245,-0.1977631,-0.3931756,-0.3823089,0.5955287,0.5870252,-0.01370335,2.014703,3.809141,-0.3931756,-0.3823089,0.5955287,0.5870252,1,false,false,false,ModifierNotCompiled,0,0,0,0,0,0,0,0,ModifierNotCompiled,0,0,0,0,FootPlacementEffectorTarget,FootGrounding,true,1,true,-0.000187211,1,0.06857546,0.001841068,-98108,-0.01370335,1.92,3.809141,0,1,0,0.0002907515,0,0.0002907515,0,-0.01370335,2.014703,3.809141,-0.01352237,1.933479,3.810759,-0.04261317,1.932157,3.743866,0.01347864,0.01215696,0,1,1,1,1,0.07049811,0.0002912581,0.0009217757,0,0.0009217757,-0.005637165,0.0002912581,true,0,1,0,-1.401298E-45,1,-2.722548E-30,3.363116E-44,1.407716E-06,1.349102E-28,0,1,0,true,-0.2784609,0.1535667,0.116172,-0.2350708,0.1652011,0.1267426,-0.2350708,0.1652011,0.1267426,-0.2350708,0.165201,0.1267427,1.246721E-07,0,true,-98108,Sphere,CurrentGrounding,1,-0.419734,2.430314,3.856106,0,0,0,0,-1,0,0.05,1,4608,0.5735765,-0.419734,1.92,3.856106,-0.419734,1.92,3.856106,0,1,0,0.4603139,Anchored,None,true,-0.1271383,0.5445805,-0.2578109,-0.5760555,-0.5907266,0.399672,0.39933,-0.4068427,2.005594,3.778516,-0.5760555,-0.5907266,0.399672,0.39933,1,false,false,false,ModifierNotCompiled,0,0,0,0,0,0,0,0,ModifierNotCompiled,0,0,0,0,FootPlacementEffectorTarget,FootGrounding,true,1,true,-0.001056129,1,0.03455119,0.0006867647,-98108,-0.4068427,1.92,3.778516,0,1,0,0.001046062,0,0.001046062,0,-0.4068427,2.005594,3.778516,-0.404721,1.924493,3.776309,-0.3772842,1.926612,3.701377,0.00449276,0.006611466,0,1,1,1,1,0.07049811,0.001046568,0.001034579,1.215935E-05,0.001046738,0.0009068171,0.001046568,true,0,1,0,5.117168E-23,1,-8.887215E-18,-2.510893E-21,1.407716E-06,4.360279E-16,0,1,0,true,0.1664376,0.1523563,0.05020718,0.1592555,0.1560925,0.1285322,0.1592555,0.1560925,0.1285322,0.1592555,0.1560924,0.1285323,1.115101E-07,0
716,417,716,1,717,0,717,false,rootmotion.finalik.full-body-biped-ik/indexed-pose-backend,None,true,true,1,lyra-5.7/ABP_Mannequin_Base/CR_Mannequin_FootPlant,unreal-engine-5.7/SpringInterpV2/FMath.SpringDamper,corin.animation-rig,87731f0d0ca14844bbf861368b9847b3,corin.foot-placement,6d6118d2f41a5948ddd18dc6d88083c8c5bf77a4682a4ec3fce5d2ec6af01624,c7fd2c730a70465e6baa0d7496f46c9d49c4cc944fadbd61ecba1116729d5817,Corin.FootPlacementRig,2997edf1c34f13f7e2a3033372226eb399379f30c4303fddfe3e97ec1e4bf38d,0,-288406,0.07049811,0.06161356,0.07049763,6.815705E-06,0.07049811,true,0,0.06161356,0,1,PelvisPreSolveTranslation,FootGrounding,ModifierNotCompiled,-1,-1,-1,0,,,true,-98108,Sphere,CurrentGrounding,0,0.02860522,2.431723,3.822604,0,0,0,0,-1,0,0.05,1,4608,0.5735765,0.02860522,1.92,3.822604,0.02860522,1.92,3.822604,0,1,0,0.4617226,Anchored,None,true,-0.004282296,0.5493245,-0.1977631,-0.3931756,-0.3823089,0.5955287,0.5870252,-0.01370335,2.014703,3.809141,-0.3931756,-0.3823089,0.5955287,0.5870252,1,false,false,false,ModifierNotCompiled,0,0,0,0,0,0,0,0,ModifierNotCompiled,0,0,0,0,FootPlacementEffectorTarget,FootGrounding,true,1,true,-0.0001064942,1,0.07435475,0.001886129,-98108,-0.01370335,1.92,3.809141,0,1,0,0.00020051,0,0.00020051,0,-0.01370335,2.014703,3.809141,-0.01352243,1.933479,3.810759,-0.04261354,1.932157,3.743865,0.01347864,0.01215708,0,1,1,1,1,0.07049811,0.0002009869,0.0008935712,0,0.0008935712,-0.006150577,0.0002009869,true,0,1,0,-1.401298E-45,1,-2.154806E-30,3.363116E-44,1.407589E-06,1.067821E-28,0,1,0,true,-0.2782507,0.153612,0.11641,-0.2350708,0.1652011,0.1267426,-0.2350708,0.1652011,0.1267426,-0.2350708,0.1652011,0.1267426,4.470348E-08,0,true,-98108,Sphere,CurrentGrounding,1,-0.4198608,2.430328,3.855985,0,0,0,0,-1,0,0.05,1,4608,0.5735765,-0.4198608,1.92,3.855985,-0.4198608,1.92,3.855985,0,1,0,0.4603283,Anchored,None,true,-0.1271383,0.5445805,-0.2578109,-0.5760555,-0.5907266,0.399672,0.39933,-0.4068427,2.005594,3.778516,-0.5760555,-0.5907266,0.399672,0.39933,1,false,false,false,ModifierNotCompiled,0,0,0,0,0,0,0,0,ModifierNotCompiled,0,0,0,0,FootPlacementEffectorTarget,FootGrounding,true,1,true,-0.001045925,1,0.03685404,0.0007175207,-98108,-0.4068427,1.92,3.778516,0,1,0,0.001056314,0,0.001056314,0,-0.4068427,2.005594,3.778516,-0.4047209,1.924493,3.776309,-0.3772836,1.926613,3.701377,0.00449276,0.006612539,0,1,1,1,1,0.07049811,0.00105679,0.0010509,5.722046E-06,0.001056622,0.0008498818,0.00105679,true,0,1,0,4.059303E-23,1,-7.050161E-18,-1.992093E-21,1.407589E-06,3.459455E-16,0,1,0,true,0.166573,0.1523806,0.0503187,0.1592555,0.1560925,0.1285322,0.1592555,0.1560925,0.1285322,0.1592555,0.1560926,0.1285322,9.884312E-08,0
717,418,717,1,718,0,718,false,rootmotion.finalik.full-body-biped-ik/indexed-pose-backend,None,true,true,1,lyra-5.7/ABP_Mannequin_Base/CR_Mannequin_FootPlant,unreal-engine-5.7/SpringInterpV2/FMath.SpringDamper,corin.animation-rig,87731f0d0ca14844bbf861368b9847b3,corin.foot-placement,6d6118d2f41a5948ddd18dc6d88083c8c5bf77a4682a4ec3fce5d2ec6af01624,c7fd2c730a70465e6baa0d7496f46c9d49c4cc944fadbd61ecba1116729d5817,Corin.FootPlacementRig,2997edf1c34f13f7e2a3033372226eb399379f30c4303fddfe3e97ec1e4bf38d,0,-288406,0.07049811,0.06147629,0.07049765,6.533199E-06,0.07049811,true,0,0.06147629,0,1,PelvisPreSolveTranslation,FootGrounding,ModifierNotCompiled,-1,-1,-1,0,,,true,-98108,Sphere,CurrentGrounding,0,0.02847624,2.431771,3.822432,0,0,0,0,-1,0,0.05,1,4608,0.5735765,0.02847624,1.92,3.822432,0.02847624,1.92,3.822432,0,1,0,0.4617708,Anchored,None,true,-0.004282296,0.5493245,-0.1977631,-0.3931756,-0.3823089,0.5955287,0.5870252,-0.01370335,2.014703,3.809141,-0.3931756,-0.3823089,0.5955287,0.5870252,1,false,false,false,ModifierNotCompiled,0,0,0,0,0,0,0,0,ModifierNotCompiled,0,0,0,0,FootPlacementEffectorTarget,FootGrounding,true,1,true,-5.562993E-05,1,0.07740308,0.00191474,-98108,-0.01370335,1.92,3.809141,0,1,0,0.0001411438,0,0.0001411438,0,-0.01370335,2.014703,3.809141,-0.01352228,1.933479,3.810759,-0.04261351,1.932157,3.743866,0.01347852,0.01215708,0,1,1,1,1,0.07049811,0.0001415983,0.0008744891,0,0.0008744891,-0.006476847,0.0001415983,true,0,1,0,-1.401298E-45,1,-1.859116E-30,3.363116E-44,1.416276E-06,9.213187E-29,0,1,0,true,-0.2781095,0.1536409,0.1165718,-0.2350708,0.1652011,0.1267426,-0.2350708,0.1652011,0.1267426,-0.2350708,0.165201,0.1267427,4.470348E-08,0,true,-98108,Sphere,CurrentGrounding,1,-0.4199405,2.430337,3.855899,0,0,0,0,-1,0,0.05,1,4608,0.5735765,-0.4199405,1.92,3.855899,-0.4199405,1.92,3.855899,0,1,0,0.4603374,Anchored,None,true,-0.1271383,0.5445805,-0.2578109,-0.5760555,-0.5907266,0.399672,0.39933,-0.4068427,2.005594,3.778516,-0.5760555,-0.5907266,0.399672,0.39933,1,false,false,false,ModifierNotCompiled,0,0,0,0,0,0,0,0,ModifierNotCompiled,0,0,0,0,FootPlacementEffectorTarget,FootGrounding,true,1,true,-0.001039495,1,0.03856426,0.0007350445,-98108,-0.4068427,1.92,3.778516,0,1,0,0.001060009,0,0.001060009,0,-0.4068427,2.005594,3.778516,-0.4047209,1.924493,3.776309,-0.3772831,1.926614,3.701376,0.004492879,0.006613493,0,1,1,1,1,0.07049811,0.001060463,0.001059079,1.192093E-06,0.001060271,0.0007977427,0.001060463,true,0,1,0,3.507265E-23,1,-6.091488E-18,-1.72133E-21,1.416276E-06,2.989301E-16,0,1,0,true,0.1666587,0.1523935,0.05039847,0.1592555,0.1560925,0.1285322,0.1592555,0.1560925,0.1285322,0.1592556,0.1560924,0.1285322,1.365714E-07,0
718,419,718,1,719,0,719,false,rootmotion.finalik.full-body-biped-ik/indexed-pose-backend,None,true,true,1,lyra-5.7/ABP_Mannequin_Base/CR_Mannequin_FootPlant,unreal-engine-5.7/SpringInterpV2/FMath.SpringDamper,corin.animation-rig,87731f0d0ca14844bbf861368b9847b3,corin.foot-placement,6d6118d2f41a5948ddd18dc6d88083c8c5bf77a4682a4ec3fce5d2ec6af01624,c7fd2c730a70465e6baa0d7496f46c9d49c4cc944fadbd61ecba1116729d5817,Corin.FootPlacementRig,2997edf1c34f13f7e2a3033372226eb399379f30c4303fddfe3e97ec1e4bf38d,0,-288406,0.07049811,0.06133431,0.07049768,6.250102E-06,0.07049811,true,0,0.06133431,0,1,PelvisPreSolveTranslation,FootGrounding,ModifierNotCompiled,-1,-1,-1,0,,,true,-98108,Sphere,CurrentGrounding,0,0.02833605,2.431822,3.822246,0,0,0,0,-1,0,0.05,1,4608,0.5735765,0.02833605,1.92,3.822246,0.02833605,1.92,3.822246,0,1,0,0.4618216,Anchored,None,true,-0.004282296,0.5493245,-0.1977631,-0.3931756,-0.3823089,0.5955287,0.5870252,-0.01370335,2.014703,3.809141,-0.3931756,-0.3823089,0.5955287,0.5870252,1,false,false,false,ModifierNotCompiled,0,0,0,0,0,0,0,0,ModifierNotCompiled,0,0,0,0,FootPlacementEffectorTarget,FootGrounding,true,1,true,-2.760091E-06,1,0.08057413,0.001944542,-98108,-0.01370335,1.92,3.809141,0,1,0,7.772446E-05,0,7.772446E-05,0,-0.01370335,2.014703,3.809141,-0.01352246,1.933479,3.810759,-0.04261389,1.932157,3.743865,0.01347852,0.01215696,0,1,1,1,1,0.07049811,7.815659E-05,0.000853599,0,0.000853599,-0.006826944,7.815659E-05,true,0,1,0,-1.401298E-45,1,-1.594721E-30,3.363116E-44,1.422262E-06,7.903177E-29,0,1,0,true,-0.2779561,0.1536709,0.116747,-0.2350708,0.1652011,0.1267426,-0.2350708,0.1652011,0.1267426,-0.2350708,0.165201,0.1267426,5.37269E-08,0,true,-98108,Sphere,CurrentGrounding,1,-0.4200227,2.430347,3.855801,0,0,0,0,-1,0,0.05,1,4608,0.5735765,-0.4200227,1.92,3.855801,-0.4200227,1.92,3.855801,0,1,0,0.4603469,Anchored,None,true,-0.1271383,0.5445805,-0.2578109,-0.5760555,-0.5907266,0.399672,0.39933,-0.4068427,2.005594,3.778516,-0.5760555,-0.5907266,0.399672,0.39933,1,false,false,false,ModifierNotCompiled,0,0,0,0,0,0,0,0,ModifierNotCompiled,0,0,0,0,FootPlacementEffectorTarget,FootGrounding,true,1,true,-0.001032811,1,0.04058104,0.0007481575,-98108,-0.4068427,1.92,3.778516,0,1,0,0.001061797,0,0.001061797,0,-0.4068427,2.005594,3.778516,-0.4047208,1.924493,3.776309,-0.3772828,1.926614,3.701376,0.004492879,0.006614208,0,1,1,1,1,0.07049811,0.001062229,0.001062642,0,0.001062642,0.0007348594,0.001062229,true,0,1,0,3.012912E-23,1,-5.232974E-18,-1.478836E-21,1.422262E-06,2.568227E-16,0,1,0,true,0.1667479,0.1524054,0.05049042,0.1592555,0.1560925,0.1285322,0.1592555,0.1560925,0.1285322,0.1592555,0.1560925,0.1285322,2.107342E-08,0
719,420,719,1,720,0,720,false,rootmotion.finalik.full-body-biped-ik/indexed-pose-backend,None,true,true,1,lyra-5.7/ABP_Mannequin_Base/CR_Mannequin_FootPlant,unreal-engine-5.7/SpringInterpV2/FMath.SpringDamper,corin.animation-rig,87731f0d0ca14844bbf861368b9847b3,corin.foot-placement,6d6118d2f41a5948ddd18dc6d88083c8c5bf77a4682a4ec3fce5d2ec6af01624,c7fd2c730a70465e6baa0d7496f46c9d49c4cc944fadbd61ecba1116729d5817,Corin.FootPlacementRig,2997edf1c34f13f7e2a3033372226eb399379f30c4303fddfe3e97ec1e4bf38d,0,-288406,0.07049811,0.06119835,0.07049769,5.987632E-06,0.07049811,true,0,0.06119835,0,1,PelvisPreSolveTranslation,FootGrounding,ModifierNotCompiled,-1,-1,-1,0,,,true,-98108,Sphere,CurrentGrounding,0,0.02819538,2.431871,3.822059,0,0,0,0,-1,0,0.05,1,4608,0.5735765,0.02819538,1.92,3.822059,0.02819538,1.92,3.822059,0,1,0,0.4618714,Anchored,None,true,-0.004282296,0.5493245,-0.1977631,-0.3931756,-0.3823089,0.5955287,0.5870252,-0.01370335,2.014703,3.809141,-0.3931756,-0.3823089,0.5955287,0.5870252,1,false,false,false,ModifierNotCompiled,0,0,0,0,0,0,0,0,ModifierNotCompiled,0,0,0,0,FootPlacementEffectorTarget,FootGrounding,true,1,true,4.806655E-05,1,0.08362482,0.001973033,-98108,-0.01370335,1.92,3.809141,0,1,0,1.549721E-05,0,1.549721E-05,0,-0.01370335,2.014703,3.809141,-0.01352226,1.933479,3.810759,-0.04261388,1.932157,3.743866,0.01347864,0.01215708,0,1,1,1,1,0.07049811,1.591444E-05,0.0008324705,0,0.0008324705,-0.007169201,1.591444E-05,true,0,1,0,-1.401298E-45,1,-1.376022E-30,3.363116E-44,1.427028E-06,6.819544E-29,0,1,0,true,-0.2778021,0.1536995,0.1169231,-0.2350708,0.1652011,0.1267426,-0.2350708,0.1652011,0.1267426,-0.2350708,0.165201,0.1267425,1.526915E-07,0,true,-98108,Sphere,CurrentGrounding,1,-0.4201009,2.430356,3.855698,0,0,0,0,-1,0,0.05,1,4608,0.5735765,-0.4201009,1.92,3.855698,-0.4201009,1.92,3.855698,0,1,0,0.460356,Anchored,None,true,-0.1271383,0.5445805,-0.2578109,-0.5760555,-0.5907266,0.399672,0.39933,-0.4068427,2.005594,3.778516,-0.5760555,-0.5907266,0.399672,0.39933,1,false,false,false,ModifierNotCompiled,0,0,0,0,0,0,0,0,ModifierNotCompiled,0,0,0,0,FootPlacementEffectorTarget,FootGrounding,true,1,true,-0.001026386,1,0.04271796,0.0007591248,-98108,-0.4068427,1.92,3.778516,0,1,0,0.00106132,0,0.00106132,0,-0.4068427,2.005594,3.778516,-0.404721,1.924493,3.776309,-0.3772824,1.926615,3.701376,0.004492879,0.006615043,0,1,1,1,1,0.07049811,0.001061738,0.001064719,0,0.001064719,0.0006648769,0.001061738,true,0,1,0,2.603384E-23,1,-4.521761E-18,-1.277935E-21,1.427028E-06,2.219369E-16,0,1,0,true,0.1668334,0.1524163,0.05058742,0.1592555,0.1560925,0.1285322,0.1592555,0.1560925,0.1285322,0.1592556,0.1560926,0.1285321,1.788139E-07,0
720,421,720,1,721,0,721,false,rootmotion.finalik.full-body-biped-ik/indexed-pose-backend,None,true,true,1,lyra-5.7/ABP_Mannequin_Base/CR_Mannequin_FootPlant,unreal-engine-5.7/SpringInterpV2/FMath.SpringDamper,corin.animation-rig,87731f0d0ca14844bbf861368b9847b3,corin.foot-placement,6d6118d2f41a5948ddd18dc6d88083c8c5bf77a4682a4ec3fce5d2ec6af01624,c7fd2c730a70465e6baa0d7496f46c9d49c4cc944fadbd61ecba1116729d5817,Corin.FootPlacementRig,2997edf1c34f13f7e2a3033372226eb399379f30c4303fddfe3e97ec1e4bf38d,0,-288406,0.07049811,0.06097835,0.07049772,5.585377E-06,0.07049811,true,0,0.06097835,0,1,PelvisPreSolveTranslation,FootGrounding,ModifierNotCompiled,-1,-1,-1,0,,,true,-98108,Sphere,CurrentGrounding,0,0.0279541,2.431955,3.821738,0,0,0,0,-1,0,0.05,1,4608,0.5735765,0.0279541,1.92,3.821738,0.0279541,1.92,3.821738,0,1,0,0.4619548,Anchored,None,true,-0.004282296,0.5493245,-0.1977631,-0.3931756,-0.3823089,0.5955287,0.5870252,-0.01370335,2.014703,3.809141,-0.3931756,-0.3823089,0.5955287,0.5870252,1,false,false,false,ModifierNotCompiled,0,0,0,0,0,0,0,0,ModifierNotCompiled,0,0,0,0,FootPlacementEffectorTarget,FootGrounding,true,1,true,0.0001313252,1,0.08862612,0.002021313,-98108,-0.01370335,1.92,3.809141,0,1,0,0,0,0,0,-0.01370335,2.014703,3.809141,-0.01352246,1.933479,3.810758,-0.04261426,1.932157,3.743865,0.01347864,0.01215708,0,1,1,1,1,0.07049811,3.874302E-07,0.0007973483,0,0.0007973483,-0.007147734,3.874302E-07,true,0,1,0,-1.401298E-45,1,-1.081073E-30,3.363116E-44,1.417851E-06,5.358041E-29,0,1,0,true,-0.277538,0.1537482,0.117226,-0.2350708,0.1652011,0.1267426,-0.2350708,0.1652011,0.1267426,-0.2350708,0.1652011,0.1267426,9.064023E-08,0,true,-98108,Sphere,CurrentGrounding,1,-0.4202259,2.43037,3.855511,0,0,0,0,-1,0,0.05,1,4608,0.5735765,-0.4202259,1.92,3.855511,-0.4202259,1.92,3.855511,0,1,0,0.4603695,Anchored,None,true,-0.1271383,0.5445805,-0.2578109,-0.5760555,-0.5907266,0.399672,0.39933,-0.4068427,2.005594,3.778516,-0.5760555,-0.5907266,0.399672,0.39933,1,false,false,false,ModifierNotCompiled,0,0,0,0,0,0,0,0,ModifierNotCompiled,0,0,0,0,FootPlacementEffectorTarget,FootGrounding,true,1,true,-0.001015861,1,0.04659516,0.0007758141,-98108,-0.4068427,1.92,3.778516,0,1,0,0.001056671,0,0.001056671,0,-0.4068427,2.005594,3.778516,-0.404721,1.924493,3.776309,-0.3772819,1.926616,3.701375,0.004492879,0.006616354,0,1,1,1,1,0.07049811,0.001057059,0.001067617,0,0.001067617,0.0005329358,0.001057059,true,0,1,0,2.050037E-23,1,-3.560759E-18,-1.006448E-21,1.417851E-06,1.747932E-16,0,1,0,true,0.1669717,0.152433,0.05076471,0.1592555,0.1560925,0.1285322,0.1592555,0.1560925,0.1285322,0.1592555,0.1560926,0.1285321,1.246721E-07,0
721,422,721,1,722,0,722,false,rootmotion.finalik.full-body-biped-ik/indexed-pose-backend,None,true,true,1,lyra-5.7/ABP_Mannequin_Base/CR_Mannequin_FootPlant,unreal-engine-5.7/SpringInterpV2/FMath.SpringDamper,corin.animation-rig,87731f0d0ca14844bbf861368b9847b3,corin.foot-placement,6d6118d2f41a5948ddd18dc6d88083c8c5bf77a4682a4ec3fce5d2ec6af01624,c7fd2c730a70465e6baa0d7496f46c9d49c4cc944fadbd61ecba1116729d5817,Corin.FootPlacementRig,2997edf1c34f13f7e2a3033372226eb399379f30c4303fddfe3e97ec1e4bf38d,0,-288406,0.07049811,0.06067836,0.07049776,5.069661E-06,0.07049811,true,0,0.06067836,0,1,PelvisPreSolveTranslation,FootGrounding,ModifierNotCompiled,-1,-1,-1,0,,,true,-98108,Sphere,CurrentGrounding,0,0.02759671,2.432074,3.821261,0,0,0,0,-1,0,0.05,1,4608,0.5735765,0.02759671,1.92,3.821261,0.02759671,1.92,3.821261,0,1,0,0.4620736,Anchored,None,true,-0.004282296,0.5493245,-0.1977631,-0.3931756,-0.3823089,0.5955287,0.5870252,-0.01370335,2.014703,3.809141,-0.3931756,-0.3823089,0.5955287,0.5870252,1,false,false,false,ModifierNotCompiled,0,0,0,0,0,0,0,0,ModifierNotCompiled,0,0,0,0,FootPlacementEffectorTarget,FootGrounding,true,1,true,0.0002467933,1,0.09556921,0.002091408,-98108,-0.01370335,1.92,3.809141,0,1,0,0,0,0,0,-0.01370335,2.014703,3.809141,-0.01352238,1.933479,3.810759,-0.04261439,1.932157,3.743865,0.01347864,0.01215708,0,1,1,1,1,0.07049811,3.501773E-07,0.0007495513,0,0.0007495513,-0.006939005,3.501773E-07,true,0,1,0,-1.401298E-45,1,-7.737967E-31,3.363116E-44,1.391518E-06,3.835369E-29,0,1,0,true,-0.2771467,0.1538187,0.1176754,-0.2350708,0.1652011,0.1267426,-0.2350708,0.1652011,0.1267426,-0.2350709,0.165201,0.1267426,9.996003E-08,0,true,-98108,Sphere,CurrentGrounding,1,-0.4203904,2.430386,3.855213,0,0,0,0,-1,0,0.05,1,4608,0.5735765,-0.4203904,1.92,3.855213,-0.4203904,1.92,3.855213,0,1,0,0.4603858,Anchored,None,true,-0.1271383,0.5445805,-0.2578109,-0.5760555,-0.5907266,0.399672,0.39933,-0.4068427,2.005594,3.778516,-0.5760555,-0.5907266,0.399672,0.39933,1,false,false,false,ModifierNotCompiled,0,0,0,0,0,0,0,0,ModifierNotCompiled,0,0,0,0,FootPlacementEffectorTarget,FootGrounding,true,1,true,-0.001001263,1,0.05340743,0.0007950068,-98108,-0.4068427,1.92,3.778516,0,1,0,0.001042843,0,0.001042843,0,-0.4068427,2.005594,3.778516,-0.404721,1.924493,3.776309,-0.377281,1.926618,3.701374,0.004492879,0.006618142,0,1,1,1,1,0.07049811,0.001043193,0.001070426,0,0.001070426,0.0003134647,0.001043193,true,0,1,0,1.471965E-23,1,-2.556784E-18,-7.227838E-22,1.391518E-06,1.25533E-16,0,1,0,true,0.1671576,0.1524521,0.05105038,0.1592555,0.1560925,0.1285322,0.1592555,0.1560925,0.1285322,0.1592555,0.1560925,0.1285322,5.161914E-08,0
722,423,722,1,723,0,723,false,rootmotion.finalik.full-body-biped-ik/indexed-pose-backend,None,true,true,1,lyra-5.7/ABP_Mannequin_Base/CR_Mannequin_FootPlant,unreal-engine-5.7/SpringInterpV2/FMath.SpringDamper,corin.animation-rig,87731f0d0ca14844bbf861368b9847b3,corin.foot-placement,6d6118d2f41a5948ddd18dc6d88083c8c5bf77a4682a4ec3fce5d2ec6af01624,c7fd2c730a70465e6baa0d7496f46c9d49c4cc944fadbd61ecba1116729d5817,Corin.FootPlacementRig,2997edf1c34f13f7e2a3033372226eb399379f30c4303fddfe3e97ec1e4bf38d,0,-288406,0.07049811,0.0604614,0.07049778,4.716538E-06,0.07049811,true,0,0.0604614,0,1,PelvisPreSolveTranslation,FootGrounding,ModifierNotCompiled,-1,-1,-1,0,,,true,-98108,Sphere,CurrentGrounding,0,0.02731657,2.432163,3.820888,0,0,0,0,-1,0,0.05,1,4608,0.5735765,0.02731657,1.92,3.820888,0.02731657,1.92,3.820888,0,1,0,0.4621625,Anchored,None,true,-0.004282296,0.5493245,-0.1977631,-0.3931756,-0.3823089,0.5955287,0.5870252,-0.01370335,2.014703,3.809141,-0.3931756,-0.3823089,0.5955287,0.5870252,1,false,false,false,ModifierNotCompiled,0,0,0,0,0,0,0,0,ModifierNotCompiled,0,0,0,0,FootPlacementEffectorTarget,FootGrounding,true,1,true,0.0003323426,1,0.1007176,0.002145529,-98108,-0.01370335,1.92,3.809141,0,1,0,0,0,0,0,-0.01370335,2.014703,3.809141,-0.01352249,1.933479,3.810758,-0.04261473,1.932157,3.743865,0.01347852,0.01215696,0,1,1,1,1,0.07049811,3.278255E-07,0.0007150632,0,0.0007150632,-0.006763619,3.278255E-07,true,0,1,0,-1.401298E-45,1,-6.039045E-31,3.363116E-44,1.395901E-06,2.993436E-29,0,1,0,true,-0.27684,0.1538733,0.1180268,-0.2350708,0.1652011,0.1267426,-0.2350708,0.1652011,0.1267426,-0.2350708,0.165201,0.1267427,1.084821E-07,0,true,-98108,Sphere,CurrentGrounding,1,-0.4205034,2.430395,3.85496,0,0,0,0,-1,0,0.05,1,4608,0.5735765,-0.4205034,1.92,3.85496,-0.4205034,1.92,3.85496,0,1,0,0.4603948,Anchored,None,true,-0.1271383,0.5445805,-0.2578109,-0.5760555,-0.5907266,0.399672,0.39933,-0.4068427,2.005594,3.778516,-0.5760555,-0.5907266,0.399672,0.39933,1,false,false,false,ModifierNotCompiled,0,0,0,0,0,0,0,0,ModifierNotCompiled,0,0,0,0,FootPlacementEffectorTarget,FootGrounding,true,1,true,-0.0009904483,1,0.05910545,0.0008049011,-98108,-0.4068427,1.92,3.778516,0,1,0,0.001027107,0,0.001027107,0,-0.4068427,2.005594,3.778516,-0.4047208,1.924493,3.776309,-0.3772803,1.926619,3.701374,0.00449276,0.006619334,0,1,1,1,1,0.07049811,0.001027435,0.001071477,0,0.001071477,0.0001264103,0.001027435,true,0,1,0,1.151432E-23,1,-2.000075E-18,-5.654687E-22,1.395901E-06,9.821324E-17,0,1,0,true,0.1672888,0.1524621,0.05129416,0.1592555,0.1560925,0.1285322,0.1592555,0.1560925,0.1285322,0.1592555,0.1560925,0.1285322,5.37269E-08,0
723,424,723,1,724,0,724,false,rootmotion.finalik.full-body-biped-ik/indexed-pose-backend,None,true,true,1,lyra-5.7/ABP_Mannequin_Base/CR_Mannequin_FootPlant,unreal-engine-5.7/SpringInterpV2/FMath.SpringDamper,corin.animation-rig,87731f0d0ca14844bbf861368b9847b3,corin.foot-placement,6d6118d2f41a5948ddd18dc6d88083c8c5bf77a4682a4ec3fce5d2ec6af01624,c7fd2c730a70465e6baa0d7496f46c9d49c4cc944fadbd61ecba1116729d5817,Corin.FootPlacementRig,2997edf1c34f13f7e2a3033372226eb399379f30c4303fddfe3e97ec1e4bf38d,0,-288406,0.07049811,0.06033552,0.0704978,4.520516E-06,0.07049811,true,0,0.06033552,0,1,PelvisPreSolveTranslation,FootGrounding,ModifierNotCompiled,-1,-1,-1,0,,,true,-98108,Sphere,CurrentGrounding,0,0.02714515,2.432215,3.820659,0,0,0,0,-1,0,0.05,1,4608,0.5735765,0.02714515,1.92,3.820659,0.02714515,1.92,3.820659,0,1,0,0.4622154,Anchored,None,true,-0.004282296,0.5493245,-0.1977631,-0.3931756,-0.3823089,0.5955287,0.5870252,-0.01370335,2.014703,3.809141,-0.3931756,-0.3823089,0.5955287,0.5870252,1,false,false,false,ModifierNotCompiled,0,0,0,0,0,0,0,0,ModifierNotCompiled,0,0,0,0,FootPlacementEffectorTarget,FootGrounding,true,1,true,0.0003829476,1,0.1037645,0.002178192,-98108,-0.01370335,1.92,3.809141,0,1,0,0,0,0,0,-0.01370335,2.014703,3.809141,-0.01352259,1.933479,3.810759,-0.0426149,1.932157,3.743865,0.01347852,0.01215696,0,1,1,1,1,0.07049811,3.129244E-07,0.0006950501,0,0.0006950501,-0.006653028,3.129244E-07,true,0,1,0,-1.401298E-45,1,-5.214058E-31,3.363116E-44,1.407737E-06,2.58458E-29,0,1,0,true,-0.2766523,0.1539062,0.1182425,-0.2350708,0.1652011,0.1267426,-0.2350708,0.1652011,0.1267426,-0.2350708,0.165201,0.1267428,1.497548E-07,0,true,-98108,Sphere,CurrentGrounding,1,-0.4205658,2.430398,3.854798,0,0,0,0,-1,0,0.05,1,4608,0.5735765,-0.4205658,1.92,3.854798,-0.4205658,1.92,3.854798,0,1,0,0.4603984,Anchored,None,true,-0.1271383,0.5445805,-0.2578109,-0.5760555,-0.5907266,0.399672,0.39933,-0.4068427,2.005594,3.778516,-0.5760555,-0.5907266,0.399672,0.39933,1,false,false,false,ModifierNotCompiled,0,0,0,0,0,0,0,0,ModifierNotCompiled,0,0,0,0,FootPlacementEffectorTarget,FootGrounding,true,1,true,-0.0009840509,1,0.06266837,0.0008087158,-98108,-0.4068427,1.92,3.778516,0,1,0,0.00101614,0,0.00101614,0,-0.4068427,2.005594,3.778516,-0.4047208,1.924493,3.776308,-0.37728,1.92662,3.701373,0.00449276,0.006620169,0,1,1,1,1,0.07049811,0.001016453,0.001071642,0,0.001071642,1.085155E-05,0.001016453,true,0,1,0,9.954798E-24,1,-1.729208E-18,-4.889198E-22,1.407737E-06,8.491926E-17,0,1,0,true,0.1673629,0.1524659,0.05145128,0.1592555,0.1560925,0.1285322,0.1592555,0.1560925,0.1285322,0.1592555,0.1560924,0.1285323,1.273156E-07,0
724,425,724,1,725,0,725,false,rootmotion.finalik.full-body-biped-ik/indexed-pose-backend,None,true,true,1,lyra-5.7/ABP_Mannequin_Base/CR_Mannequin_FootPlant,unreal-engine-5.7/SpringInterpV2/FMath.SpringDamper,corin.animation-rig,87731f0d0ca14844bbf861368b9847b3,corin.foot-placement,6d6118d2f41a5948ddd18dc6d88083c8c5bf77a4682a4ec3fce5d2ec6af01624,c7fd2c730a70465e6baa0d7496f46c9d49c4cc944fadbd61ecba1116729d5817,Corin.FootPlacementRig,2997edf1c34f13f7e2a3033372226eb399379f30c4303fddfe3e97ec1e4bf38d,0,-288406,0.07049811,0.06014216,0.07049782,4.228235E-06,0.07049811,true,0,0.06014216,0,1,PelvisPreSolveTranslation,FootGrounding,ModifierNotCompiled,-1,-1,-1,0,,,true,-98108,Sphere,CurrentGrounding,0,0.02686787,2.432298,3.820291,0,0,0,0,-1,0,0.05,1,4608,0.5735765,0.02686787,1.92,3.820291,0.02686787,1.92,3.820291,0,1,0,0.4622984,Anchored,None,true,-0.004282296,0.5493245,-0.1977631,-0.3931756,-0.3823089,0.5955287,0.5870252,-0.01370335,2.014703,3.809141,-0.3931756,-0.3823089,0.5955287,0.5870252,1,false,false,false,ModifierNotCompiled,0,0,0,0,0,0,0,0,ModifierNotCompiled,0,0,0,0,FootPlacementEffectorTarget,FootGrounding,true,1,true,0.000462334,1,0.1070563,0.002230287,-98108,-0.01370335,1.92,3.809141,0,1,0,0,0,0,0,-0.01370335,2.014703,3.809141,-0.01352226,1.933479,3.810759,-0.0426147,1.932157,3.743865,0.01347852,0.01215696,0,1,1,1,1,0.07049811,2.905726E-07,0.0006643924,0,0.0006643924,-0.006472259,2.905726E-07,true,0,1,0,-1.401298E-45,1,-4.142336E-31,3.363116E-44,1.408185E-06,2.053427E-29,0,1,0,true,-0.2763489,0.1539587,0.1185894,-0.2350708,0.1652011,0.1267426,-0.2350708,0.1652011,0.1267426,-0.2350708,0.1652011,0.1267427,8.024521E-08,0,true,-98108,Sphere,CurrentGrounding,1,-0.4206557,2.430402,3.854523,0,0,0,0,-1,0,0.05,1,4608,0.5735765,-0.4206557,1.92,3.854523,-0.4206557,1.92,3.854523,0,1,0,0.4604016,Anchored,None,true,-0.1271383,0.5445805,-0.2578109,-0.5760555,-0.5907266,0.399672,0.39933,-0.4068427,2.005594,3.778516,-0.5760555,-0.5907266,0.399672,0.39933,1,false,false,false,ModifierNotCompiled,0,0,0,0,0,0,0,0,ModifierNotCompiled,0,0,0,0,FootPlacementEffectorTarget,FootGrounding,true,1,true,-0.000974015,1,0.06825848,0.0008113384,-98108,-0.4068427,1.92,3.778516,0,1,0,0.0009953976,0,0.0009953976,0,-0.4068427,2.005594,3.778516,-0.4047208,1.924493,3.776308,-0.3772793,1.926621,3.701373,0.00449276,0.006621361,0,1,1,1,1,0.07049811,0.0009956881,0.001071153,0,0.001071153,-0.000192744,0.0009956881,true,0,1,0,7.925307E-24,1,-1.376707E-18,-3.892919E-22,1.408185E-06,6.761685E-17,0,1,0,true,0.1674727,0.1524686,0.05171863,0.1592555,0.1560925,0.1285322,0.1592555,0.1560925,0.1285322,0.1592555,0.1560924,0.1285322,1.264405E-07,0
725,426,725,1,726,0,726,false,rootmotion.finalik.full-body-biped-ik/indexed-pose-backend,None,true,true,1,lyra-5.7/ABP_Mannequin_Base/CR_Mannequin_FootPlant,unreal-engine-5.7/SpringInterpV2/FMath.SpringDamper,corin.animation-rig,87731f0d0ca14844bbf861368b9847b3,corin.foot-placement,6d6118d2f41a5948ddd18dc6d88083c8c5bf77a4682a4ec3fce5d2ec6af01624,c7fd2c730a70465e6baa0d7496f46c9d49c4cc944fadbd61ecba1116729d5817,Corin.FootPlacementRig,2997edf1c34f13f7e2a3033372226eb399379f30c4303fddfe3e97ec1e4bf38d,0,-288406,0.07049811,0.06002015,0.07049783,4.048358E-06,0.07049811,true,0,0.06002015,0,1,PelvisPreSolveTranslation,FootGrounding,ModifierNotCompiled,-1,-1,-1,0,,,true,-98108,Sphere,CurrentGrounding,0,0.02668476,2.432352,3.820049,0,0,0,0,-1,0,0.05,1,4608,0.5735765,0.02668476,1.92,3.820049,0.02668476,1.92,3.820049,0,1,0,0.4623516,Anchored,None,true,-0.004282296,0.5493245,-0.1977631,-0.3931756,-0.3823089,0.5955287,0.5870252,-0.01370335,2.014703,3.809141,-0.3931756,-0.3823089,0.5955287,0.5870252,1,false,false,false,ModifierNotCompiled,0,0,0,0,0,0,0,0,ModifierNotCompiled,0,0,0,0,FootPlacementEffectorTarget,FootGrounding,true,1,true,0.0005134747,1,0.1086714,0.002263904,-98108,-0.01370335,1.92,3.809141,0,1,0,0,0,0,0,-0.01370335,2.014703,3.809141,-0.01352246,1.933479,3.810758,-0.04261494,1.932157,3.743864,0.01347852,0.01215696,0,1,1,1,1,0.07049811,2.756715E-07,0.0006450669,0,0.0006450669,-0.006351335,2.756715E-07,true,0,1,0,-1.401298E-45,1,-3.570878E-31,3.363116E-44,1.416674E-06,1.770196E-29,0,1,0,true,-0.2761486,0.1539925,0.1188176,-0.2350708,0.1652011,0.1267426,-0.2350708,0.1652011,0.1267426,-0.2350709,0.1652011,0.1267425,1.134839E-07,0,true,-98108,Sphere,CurrentGrounding,1,-0.4207079,2.430401,3.854332,0,0,0,0,-1,0,0.05,1,4608,0.5735765,-0.4207079,1.92,3.854332,-0.4207079,1.92,3.854332,0,1,0,0.4604013,Anchored,None,true,-0.1271383,0.5445805,-0.2578109,-0.5760555,-0.5907266,0.399672,0.39933,-0.4068427,2.005594,3.778516,-0.5760555,-0.5907266,0.399672,0.39933,1,false,false,false,ModifierNotCompiled,0,0,0,0,0,0,0,0,ModifierNotCompiled,0,0,0,0,FootPlacementEffectorTarget,FootGrounding,true,1,true,-0.0009675499,1,0.07196783,0.000810504,-98108,-0.4068427,1.92,3.778516,0,1,0,0.0009804964,0,0.0009804964,0,-0.4068427,2.005594,3.778516,-0.4047208,1.924493,3.776309,-0.377279,1.926622,3.701373,0.004492879,0.006622195,0,1,1,1,1,0.07049811,0.0009807721,0.001070319,0,0.001070319,-0.0003282188,0.0009807721,true,0,1,0,6.841171E-24,1,-1.1884E-18,-3.360658E-22,1.416674E-06,5.837285E-17,0,1,0,true,0.1675387,0.1524676,0.05190503,0.1592555,0.1560925,0.1285322,0.1592555,0.1560925,0.1285322,0.1592555,0.1560926,0.1285322,6.664002E-08,0
726,427,726,1,727,0,727,false,rootmotion.finalik.full-body-biped-ik/indexed-pose-backend,None,true,true,1,lyra-5.7/ABP_Mannequin_Base/CR_Mannequin_FootPlant,unreal-engine-5.7/SpringInterpV2/FMath.SpringDamper,corin.animation-rig,87731f0d0ca14844bbf861368b9847b3,corin.foot-placement,6d6118d2f41a5948ddd18dc6d88083c8c5bf77a4682a4ec3fce5d2ec6af01624,c7fd2c730a70465e6baa0d7496f46c9d49c4cc944fadbd61ecba1116729d5817,Corin.FootPlacementRig,2997edf1c34f13f7e2a3033372226eb399379f30c4303fddfe3e97ec1e4bf38d,0,-288406,0.07049811,0.05989492,0.07049785,3.865544E-06,0.07049811,true,0,0.05989492,0,1,PelvisPreSolveTranslation,FootGrounding,ModifierNotCompiled,-1,-1,-1,0,,,true,-98108,Sphere,CurrentGrounding,0,0.02648783,2.432407,3.819788,0,0,0,0,-1,0,0.05,1,4608,0.5735765,0.02648783,1.92,3.819788,0.02648783,1.92,3.819788,0,1,0,0.4624074,Anchored,None,true,-0.004282296,0.5493245,-0.1977631,-0.3931756,-0.3823089,0.5955287,0.5870252,-0.01370335,2.014703,3.809141,-0.3931756,-0.3823089,0.5955287,0.5870252,1,false,false,false,ModifierNotCompiled,0,0,0,0,0,0,0,0,ModifierNotCompiled,0,0,0,0,FootPlacementEffectorTarget,FootGrounding,true,1,true,0.0005672693,1,0.1103736,0.002299428,-98108,-0.01370335,1.92,3.809141,0,1,0,0,0,0,0,-0.01370335,2.014703,3.809141,-0.01352251,1.933479,3.810759,-0.04261509,1.932157,3.743864,0.01347852,0.01215696,0,1,1,1,1,0.07049811,2.607703E-07,0.0006251415,0,0.0006251415,-0.006221374,2.607703E-07,true,0,1,0,-1.401298E-45,1,-3.054706E-31,3.363116E-44,1.42236E-06,1.51436E-29,0,1,0,true,-0.2759331,0.1540283,0.1190628,-0.2350708,0.1652011,0.1267426,-0.2350708,0.1652011,0.1267426,-0.2350708,0.165201,0.1267426,6.143906E-08,0,true,-98108,Sphere,CurrentGrounding,1,-0.4207575,2.4304,3.854121,0,0,0,0,-1,0,0.05,1,4608,0.5735765,-0.4207575,1.92,3.854121,-0.4207575,1.92,3.854121,0,1,0,0.4603997,Anchored,None,true,-0.1271383,0.5445805,-0.2578109,-0.5760555,-0.5907266,0.399672,0.39933,-0.4068427,2.005594,3.778516,-0.5760555,-0.5907266,0.399672,0.39933,1,false,false,false,ModifierNotCompiled,0,0,0,0,0,0,0,0,ModifierNotCompiled,0,0,0,0,FootPlacementEffectorTarget,FootGrounding,true,1,true,-0.0009607493,1,0.07601239,0.0008072853,-98108,-0.4068427,1.92,3.778516,0,1,0,0.0009630919,0,0.0009630919,0,-0.4068427,2.005594,3.778516,-0.4047209,1.924493,3.776309,-0.3772787,1.926623,3.701373,0.00449276,0.00662291,0,1,1,1,1,0.07049811,0.0009633526,0.001068983,0,0.001068983,-0.0004800219,0.0009633526,true,0,1,0,5.860525E-24,1,-1.018065E-18,-2.879165E-22,1.42236E-06,5.00104E-17,0,1,0,true,0.1676036,0.1524645,0.05211255,0.1592555,0.1560925,0.1285322,0.1592555,0.1560925,0.1285322,0.1592555,0.1560926,0.1285321,1.084821E-07,0
727,428,727,1,728,0,728,false,rootmotion.finalik.full-body-biped-ik/indexed-pose-backend,None,true,true,1,lyra-5.7/ABP_Mannequin_Base/CR_Mannequin_FootPlant,unreal-engine-5.7/SpringInterpV2/FMath.SpringDamper,corin.animation-rig,87731f0d0ca14844bbf861368b9847b3,corin.foot-placement,6d6118d2f41a5948ddd18dc6d88083c8c5bf77a4682a4ec3fce5d2ec6af01624,c7fd2c730a70465e6baa0d7496f46c9d49c4cc944fadbd61ecba1116729d5817,Corin.FootPlacementRig,2997edf1c34f13f7e2a3033372226eb399379f30c4303fddfe3e97ec1e4bf38d,0,-288406,0.07049811,0.05968177,0.07049787,3.561988E-06,0.07049811,true,0,0.05968177,0,1,PelvisPreSolveTranslation,FootGrounding,ModifierNotCompiled,-1,-1,-1,0,,,true,-98108,Sphere,CurrentGrounding,0,0.02613354,2.432503,3.819322,0,0,0,0,-1,0,0.05,1,4608,0.5735765,0.02613354,1.92,3.819322,0.02613354,1.92,3.819322,0,1,0,0.4625034,Anchored,None,true,-0.004282296,0.5493245,-0.1977631,-0.3931756,-0.3823089,0.5955287,0.5870252,-0.01370335,2.014703,3.809141,-0.3931756,-0.3823089,0.5955287,0.5870252,1,false,false,false,ModifierNotCompiled,0,0,0,0,0,0,0,0,ModifierNotCompiled,0,0,0,0,FootPlacementEffectorTarget,FootGrounding,true,1,true,0.0006616182,1,0.1133667,0.002361417,-98108,-0.01370335,1.92,3.809141,0,1,0,0,0,0,0,-0.01370335,2.014703,3.809141,-0.01352253,1.933479,3.810758,-0.04261546,1.932157,3.743865,0.01347864,0.0121572,0,1,1,1,1,0.07049811,2.384186E-07,0.0005912817,0,0.0005912817,-0.005988952,2.384186E-07,true,0,1,0,-1.401298E-45,1,-2.324027E-31,3.363116E-44,1.408691E-06,1.152189E-29,0,1,0,true,-0.2755457,0.1540905,0.119502,-0.2350708,0.1652011,0.1267426,-0.2350708,0.1652011,0.1267426,-0.2350708,0.1652012,0.1267426,1.349358E-07,0,true,-98108,Sphere,CurrentGrounding,1,-0.4208302,2.430391,3.85372,0,0,0,0,-1,0,0.05,1,4608,0.5735765,-0.4208302,1.92,3.85372,-0.4208302,1.92,3.85372,0,1,0,0.460391,Anchored,None,true,-0.1271383,0.5445805,-0.2578109,-0.5760555,-0.5907266,0.399672,0.39933,-0.4068427,2.005594,3.778516,-0.5760555,-0.5907266,0.399672,0.39933,1,false,false,false,ModifierNotCompiled,0,0,0,0,0,0,0,0,ModifierNotCompiled,0,0,0,0,FootPlacementEffectorTarget,FootGrounding,true,1,true,-0.0009488218,1,0.08339549,0.0007952452,-98108,-0.4068427,1.92,3.778516,0,1,0,0.000929594,0,0.000929594,0,-0.4068427,2.005594,3.778516,-0.4047209,1.924493,3.776308,-0.3772779,1.926625,3.701372,0.00449276,0.00662446,0,1,1,1,1,0.07049811,0.0009298325,0.001065426,0,0.001065426,-0.0007686013,0.0009298325,true,0,1,0,4.46964E-24,1,-7.764683E-19,-2.196166E-22,1.408691E-06,3.8148E-17,0,1,0,true,0.1677054,0.1524523,0.05250671,0.1592555,0.1560925,0.1285322,0.1592555,0.1560925,0.1285322,0.1592556,0.1560927,0.1285322,1.843172E-07,0
728,429,728,1,729,0,729,false,rootmotion.finalik.full-body-biped-ik/indexed-pose-backend,None,true,true,1,lyra-5.7/ABP_Mannequin_Base/CR_Mannequin_FootPlant,unreal-engine-5.7/SpringInterpV2/FMath.SpringDamper,corin.animation-rig,87731f0d0ca14844bbf861368b9847b3,corin.foot-placement,6d6118d2f41a5948ddd18dc6d88083c8c5bf77a4682a4ec3fce5d2ec6af01624,c7fd2c730a70465e6baa0d7496f46c9d49c4cc944fadbd61ecba1116729d5817,Corin.FootPlacementRig,2997edf1c34f13f7e2a3033372226eb399379f30c4303fddfe3e97ec1e4bf38d,0,-288406,0.07049811,0.05948311,0.07049789,3.285629E-06,0.07049811,true,0,0.05948311,0,1,PelvisPreSolveTranslation,FootGrounding,ModifierNotCompiled,-1,-1,-1,0,,,true,-98108,Sphere,CurrentGrounding,0,0.02577615,2.432595,3.818855,0,0,0,0,-1,0,0.05,1,4608,0.5735765,0.02577615,1.92,3.818855,0.02577615,1.92,3.818855,0,1,0,0.4625955,Anchored,None,true,-0.004282296,0.5493245,-0.1977631,-0.3931756,-0.3823089,0.5955287,0.5870252,-0.01370335,2.014703,3.809141,-0.3931756,-0.3823089,0.5955287,0.5870252,1,false,false,false,ModifierNotCompiled,0,0,0,0,0,0,0,0,ModifierNotCompiled,0,0,0,0,FootPlacementEffectorTarget,FootGrounding,true,1,true,0.0007539759,1,0.1156678,0.00242126,-98108,-0.01370335,1.92,3.809141,0,1,0,0,0,0,0,-0.01370335,2.014703,3.809141,-0.01352258,1.933479,3.810759,-0.04261561,1.932157,3.743865,0.01347864,0.01215696,0,1,1,1,1,0.07049811,2.235174E-07,0.0005593977,0,0.0005593977,-0.005757075,2.235174E-07,true,0,1,0,-1.401298E-45,1,-1.77831E-31,3.363116E-44,1.402326E-06,8.81683E-30,0,1,0,true,-0.275155,0.1541508,0.1199419,-0.2350708,0.1652011,0.1267426,-0.2350708,0.1652011,0.1267426,-0.2350708,0.1652011,0.1267426,5.575504E-08,0,true,-98108,Sphere,CurrentGrounding,1,-0.4208817,2.430376,3.85329,0,0,0,0,-1,0,0.05,1,4608,0.5735765,-0.4208817,1.92,3.85329,-0.4208817,1.92,3.85329,0,1,0,0.4603755,Anchored,None,true,-0.1271383,0.5445805,-0.2578109,-0.5760555,-0.5907266,0.399672,0.39933,-0.4068427,2.005594,3.778516,-0.5760555,-0.5907266,0.399672,0.39933,1,false,false,false,ModifierNotCompiled,0,0,0,0,0,0,0,0,ModifierNotCompiled,0,0,0,0,FootPlacementEffectorTarget,FootGrounding,true,1,true,-0.0009371461,1,0.08631078,0.000774622,-98108,-0.4068427,1.92,3.778516,0,1,0,0.0008933544,0,0.0008933544,0,-0.4068427,2.005594,3.778516,-0.4047208,1.924493,3.776309,-0.3772772,1.926626,3.701371,0.00449276,0.006625772,0,1,1,1,1,0.07049811,0.0008935779,0.001060346,0,0.001060346,-0.001065484,0.0008935779,true,0,1,0,3.428234E-24,1,-5.955707E-19,-1.684704E-22,1.402326E-06,2.926459E-17,0,1,0,true,0.1677883,0.1524316,0.05293189,0.1592555,0.1560925,0.1285322,0.1592555,0.1560925,0.1285322,0.1592555,0.1560925,0.1285321,9.424322E-08,0
729,430,729,1,730,0,730,false,rootmotion.finalik.full-body-biped-ik/indexed-pose-backend,None,true,true,1,lyra-5.7/ABP_Mannequin_Base/CR_Mannequin_FootPlant,unreal-engine-5.7/SpringInterpV2/FMath.SpringDamper,corin.animation-rig,87731f0d0ca14844bbf861368b9847b3,corin.foot-placement,6d6118d2f41a5948ddd18dc6d88083c8c5bf77a4682a4ec3fce5d2ec6af01624,c7fd2c730a70465e6baa0d7496f46c9d49c4cc944fadbd61ecba1116729d5817,Corin.FootPlacementRig,2997edf1c34f13f7e2a3033372226eb399379f30c4303fddfe3e97ec1e4bf38d,0,-288406,0.07049811,0.05930984,0.0704979,3.055E-06,0.07049811,true,0,0.05930984,0,1,PelvisPreSolveTranslation,FootGrounding,ModifierNotCompiled,-1,-1,-1,0,,,true,-98108,Sphere,CurrentGrounding,0,0.02543998,2.432677,3.818419,0,0,0,0,-1,0,0.05,1,4608,0.5735765,0.02543998,1.92,3.818419,0.02543998,1.92,3.818419,0,1,0,0.462677,Anchored,None,true,-0.004282296,0.5493245,-0.1977631,-0.3931756,-0.3823089,0.5955287,0.5870252,-0.01370335,2.014703,3.809141,-0.3931756,-0.3823089,0.5955287,0.5870252,1,false,false,false,ModifierNotCompiled,0,0,0,0,0,0,0,0,ModifierNotCompiled,0,0,0,0,FootPlacementEffectorTarget,FootGrounding,true,1,true,0.0008387058,1,0.1174506,0.002474308,-98108,-0.01370335,1.92,3.809141,0,1,0,0,0,0,0,-0.01370335,2.014703,3.809141,-0.01352246,1.933479,3.810759,-0.04261556,1.932157,3.743865,0.01347864,0.01215708,0,1,1,1,1,0.07049811,2.086163E-07,0.0005312511,0,0.0005312511,-0.005542429,2.086163E-07,true,0,1,0,-1.401298E-45,1,-1.391062E-31,3.363116E-44,1.402575E-06,6.897184E-30,0,1,0,true,-0.2747879,0.1542042,0.120352,-0.2350708,0.1652011,0.1267426,-0.2350708,0.1652011,0.1267426,-0.2350708,0.165201,0.1267426,4.470348E-08,0,true,-98108,Sphere,CurrentGrounding,1,-0.4209096,2.430354,3.852863,0,0,0,0,-1,0,0.05,1,4608,0.5735765,-0.4209096,1.92,3.852863,-0.4209096,1.92,3.852863,0,1,0,0.4603541,Anchored,None,true,-0.1271383,0.5445805,-0.2578109,-0.5760555,-0.5907266,0.399672,0.39933,-0.4068427,2.005594,3.778516,-0.5760555,-0.5907266,0.399672,0.39933,1,false,false,false,ModifierNotCompiled,0,0,0,0,0,0,0,0,ModifierNotCompiled,0,0,0,0,FootPlacementEffectorTarget,FootGrounding,true,1,true,-0.0009264348,1,0.08662777,0.0007475615,-98108,-0.4068427,1.92,3.778516,0,1,0,0.0008568764,0,0.0008568764,0,-0.4068427,2.005594,3.778516,-0.4047207,1.924493,3.776308,-0.3772767,1.926627,3.701371,0.00449276,0.006627083,0,1,1,1,1,0.07049811,0.000857085,0.001054225,0,0.001054225,-0.001350579,0.000857085,true,0,1,0,2.687491E-24,1,-4.668964E-19,-1.320855E-22,1.402575E-06,2.294485E-17,0,1,0,true,0.1678473,0.1524044,0.05335596,0.1592555,0.1560925,0.1285322,0.1592555,0.1560925,0.1285322,0.1592555,0.1560925,0.1285322,4.712161E-08,0
730,431,730,1,731,0,731,false,rootmotion.finalik.full-body-biped-ik/indexed-pose-backend,None,true,true,1,lyra-5.7/ABP_Mannequin_Base/CR_Mannequin_FootPlant,unreal-engine-5.7/SpringInterpV2/FMath.SpringDamper,corin.animation-rig,87731f0d0ca14844bbf861368b9847b3,corin.foot-placement,6d6118d2f41a5948ddd18dc6d88083c8c5bf77a4682a4ec3fce5d2ec6af01624,c7fd2c730a70465e6baa0d7496f46c9d49c4cc944fadbd61ecba1116729d5817,Corin.FootPlacementRig,2997edf1c34f13f7e2a3033372226eb399379f30c4303fddfe3e97ec1e4bf38d,0,-288406,0.07049811,0.05921596,0.07049791,2.932714E-06,0.07049811,true,0,0.05921596,0,1,PelvisPreSolveTranslation,FootGrounding,ModifierNotCompiled,-1,-1,-1,0,,,true,-98108,Sphere,CurrentGrounding,0,0.02524781,2.432722,3.818172,0,0,0,0,-1,0,0.05,1,4608,0.5735765,0.02524781,1.92,3.818172,0.02524781,1.92,3.818172,0,1,0,0.4627216,Anchored,None,true,-0.004282296,0.5493245,-0.1977631,-0.3931756,-0.3823089,0.5955287,0.5870252,-0.01370335,2.014703,3.809141,-0.3931756,-0.3823089,0.5955287,0.5870252,1,false,false,false,ModifierNotCompiled,0,0,0,0,0,0,0,0,ModifierNotCompiled,0,0,0,0,FootPlacementEffectorTarget,FootGrounding,true,1,true,0.0008864052,1,0.1184593,0.002503514,-98108,-0.01370335,1.92,3.809141,0,1,0,0,0,0,0,-0.01370335,2.014703,3.809141,-0.01352222,1.933479,3.810758,-0.04261571,1.932157,3.743864,0.01347864,0.01215696,0,1,1,1,1,0.07049811,2.011657E-07,0.0005158462,0,0.0005158462,-0.005421069,2.011657E-07,true,0,1,0,-1.401298E-45,1,-1.211121E-31,3.363116E-44,1.412901E-06,6.005156E-30,0,1,0,true,-0.2745782,0.1542336,0.1205843,-0.2350708,0.1652011,0.1267426,-0.2350708,0.1652011,0.1267426,-0.2350708,0.1652011,0.1267426,4.470348E-08,0,true,-98108,Sphere,CurrentGrounding,1,-0.4209163,2.430339,3.852607,0,0,0,0,-1,0,0.05,1,4608,0.5735765,-0.4209163,1.92,3.852607,-0.4209163,1.92,3.852607,0,1,0,0.4603391,Anchored,None,true,-0.1271383,0.5445805,-0.2578109,-0.5760555,-0.5907266,0.399672,0.39933,-0.4068427,2.005594,3.778516,-0.5760555,-0.5907266,0.399672,0.39933,1,false,false,false,ModifierNotCompiled,0,0,0,0,0,0,0,0,ModifierNotCompiled,0,0,0,0,FootPlacementEffectorTarget,FootGrounding,true,1,true,-0.0009204047,1,0.08683219,0.0007283688,-98108,-0.4068427,1.92,3.778516,0,1,0,0.0008350611,0,0.0008350611,0,-0.4068427,2.005594,3.778516,-0.4047208,1.924493,3.776308,-0.3772764,1.926628,3.70137,0.00449276,0.006627798,0,1,1,1,1,0.07049811,0.0008352622,0.001050136,0,0.001050136,-0.001511166,0.0008352622,true,0,1,0,2.342676E-24,1,-4.069974E-19,-1.151466E-22,1.412901E-06,2.000264E-17,0,1,0,true,0.1678727,0.1523851,0.05361037,0.1592555,0.1560925,0.1285322,0.1592555,0.1560925,0.1285322,0.1592555,0.1560925,0.1285323,7.450581E-08,0
731,432,731,1,732,0,732,false,rootmotion.finalik.full-body-biped-ik/indexed-pose-backend,None,true,true,1,lyra-5.7/ABP_Mannequin_Base/CR_Mannequin_FootPlant,unreal-engine-5.7/SpringInterpV2/FMath.SpringDamper,corin.animation-rig,87731f0d0ca14844bbf861368b9847b3,corin.foot-placement,6d6118d2f41a5948ddd18dc6d88083c8c5bf77a4682a4ec3fce5d2ec6af01624,c7fd2c730a70465e6baa0d7496f46c9d49c4cc944fadbd61ecba1116729d5817,Corin.FootPlacementRig,2997edf1c34f13f7e2a3033372226eb399379f30c4303fddfe3e97ec1e4bf38d,0,-288406,0.07049811,0.05912596,0.07049792,2.815874E-06,0.07049811,true,0,0.05912596,0,1,PelvisPreSolveTranslation,FootGrounding,ModifierNotCompiled,-1,-1,-1,0,,,true,-98108,Sphere,CurrentGrounding,0,0.0250535,2.432765,3.817922,0,0,0,0,-1,0,0.05,1,4608,0.5735765,0.0250535,1.92,3.817922,0.0250535,1.92,3.817922,0,1,0,0.4627653,Anchored,None,true,-0.004282296,0.5493245,-0.1977631,-0.3931756,-0.3823089,0.5955287,0.5870252,-0.01370335,2.014703,3.809141,-0.3931756,-0.3823089,0.5955287,0.5870252,1,false,false,false,ModifierNotCompiled,0,0,0,0,0,0,0,0,ModifierNotCompiled,0,0,0,0,FootPlacementEffectorTarget,FootGrounding,true,1,true,0.0009341211,1,0.1194719,0.002531648,-98108,-0.01370335,1.92,3.809141,0,1,0,0,0,0,0,-0.01370335,2.014703,3.809141,-0.0135226,1.933479,3.810759,-0.04261591,1.932157,3.743864,0.01347864,0.01215708,0,1,1,1,1,0.07049811,1.937151E-07,0.0005007777,0,0.0005007777,-0.005299843,1.937151E-07,true,0,1,0,-1.401298E-45,1,-1.054401E-31,3.363116E-44,1.420615E-06,5.228219E-30,0,1,0,true,-0.2743661,0.1542619,0.1208193,-0.2350708,0.1652011,0.1267426,-0.2350708,0.1652011,0.1267426,-0.2350708,0.1652011,0.1267428,1.210576E-07,0,true,-98108,Sphere,CurrentGrounding,1,-0.4209163,2.430321,3.852341,0,0,0,0,-1,0,0.05,1,4608,0.5735765,-0.4209163,1.92,3.852341,-0.4209163,1.92,3.852341,0,1,0,0.4603211,Anchored,None,true,-0.1271383,0.5445805,-0.2578109,-0.5760555,-0.5907266,0.399672,0.39933,-0.4068427,2.005594,3.778516,-0.5760555,-0.5907266,0.399672,0.39933,1,false,false,false,ModifierNotCompiled,0,0,0,0,0,0,0,0,ModifierNotCompiled,0,0,0,0,FootPlacementEffectorTarget,FootGrounding,true,1,true,-0.0009143725,1,0.0870552,0.0007064342,-98108,-0.4068427,1.92,3.778516,0,1,0,0.0008126497,0,0.0008126497,0,-0.4068427,2.005594,3.778516,-0.4047209,1.924493,3.776308,-0.3772759,1.926629,3.70137,0.004492879,0.006628633,0,1,1,1,1,0.07049811,0.0008128434,0.001045589,0,0.001045589,-0.001673764,0.0008128434,true,0,1,0,2.041982E-24,1,-3.547622E-19,-1.00374E-22,1.420615E-06,1.743667E-17,0,1,0,true,0.1678921,0.1523629,0.05387573,0.1592555,0.1560925,0.1285322,0.1592555,0.1560925,0.1285322,0.1592554,0.1560924,0.1285322,1.365714E-07,0
732,433,732,1,733,0,733,false,rootmotion.finalik.full-body-biped-ik/indexed-pose-backend,None,true,true,1,lyra-5.7/ABP_Mannequin_Base/CR_Mannequin_FootPlant,unreal-engine-5.7/SpringInterpV2/FMath.SpringDamper,corin.animation-rig,87731f0d0ca14844bbf861368b9847b3,corin.foot-placement,6d6118d2f41a5948ddd18dc6d88083c8c5bf77a4682a4ec3fce5d2ec6af01624,c7fd2c730a70465e6baa0d7496f46c9d49c4cc944fadbd61ecba1116729d5817,Corin.FootPlacementRig,2997edf1c34f13f7e2a3033372226eb399379f30c4303fddfe3e97ec1e4bf38d,0,-288406,0.07049811,0.05903816,0.07049792,2.703232E-06,0.07049811,true,0,0.05903816,0,1,PelvisPreSolveTranslation,FootGrounding,ModifierNotCompiled,-1,-1,-1,0,,,true,-98108,Sphere,CurrentGrounding,0,0.02485538,2.432807,3.81767,0,0,0,0,-1,0,0.05,1,4608,0.5735765,0.02485538,1.92,3.81767,0.02485538,1.92,3.81767,0,1,0,0.4628074,Anchored,None,true,-0.004282296,0.5493245,-0.1977631,-0.3931756,-0.3823089,0.5955287,0.5870252,-0.01370335,2.014703,3.809141,-0.3931756,-0.3823089,0.5955287,0.5870252,1,false,false,false,ModifierNotCompiled,0,0,0,0,0,0,0,0,ModifierNotCompiled,0,0,0,0,FootPlacementEffectorTarget,FootGrounding,true,1,true,0.0009821987,1,0.1204579,0.002558947,-98108,-0.01370335,1.92,3.809141,0,1,0,0,0,0,0,-0.01370335,2.014703,3.809141,-0.01352242,1.933479,3.810758,-0.04261588,1.932157,3.743864,0.01347864,0.01215708,0,1,1,1,1,0.07049811,1.862645E-07,0.0004859403,0,0.0004859403,-0.005178094,1.862645E-07,true,0,1,0,-1.401298E-45,1,-9.169973E-32,3.363116E-44,1.426319E-06,4.547026E-30,0,1,0,true,-0.2741501,0.1542894,0.1210559,-0.2350708,0.1652011,0.1267426,-0.2350708,0.1652011,0.1267426,-0.2350708,0.1652011,0.1267425,1.237783E-07,0,true,-98108,Sphere,CurrentGrounding,1,-0.4209094,2.430301,3.852062,0,0,0,0,-1,0,0.05,1,4608,0.5735765,-0.4209094,1.92,3.852062,-0.4209094,1.92,3.852062,0,1,0,0.4603009,Anchored,None,true,-0.1271383,0.5445805,-0.2578109,-0.5760555,-0.5907266,0.399672,0.39933,-0.4068427,2.005594,3.778516,-0.5760555,-0.5907266,0.399672,0.39933,1,false,false,false,ModifierNotCompiled,0,0,0,0,0,0,0,0,ModifierNotCompiled,0,0,0,0,FootPlacementEffectorTarget,FootGrounding,true,1,true,-0.0009082946,1,0.08707318,0.0006811619,-98108,-0.4068427,1.92,3.778516,0,1,0,0.0007891655,0,0.0007891655,0,-0.4068427,2.005594,3.778516,-0.4047208,1.924493,3.776309,-0.3772757,1.926629,3.70137,0.004492879,0.006629229,0,1,1,1,1,0.07049811,0.0007893518,0.001040538,0,0.001040538,-0.0018416,0.0007893518,true,0,1,0,1.778022E-24,1,-3.089075E-19,-8.740515E-23,1.426319E-06,1.518398E-17,0,1,0,true,0.1679057,0.1523374,0.05415492,0.1592555,0.1560925,0.1285322,0.1592555,0.1560925,0.1285322,0.1592556,0.1560926,0.1285322,1.032383E-07,0
733,434,733,1,734,0,734,false,rootmotion.finalik.full-body-biped-ik/indexed-pose-backend,None,true,true,1,lyra-5.7/ABP_Mannequin_Base/CR_Mannequin_FootPlant,unreal-engine-5.7/SpringInterpV2/FMath.SpringDamper,corin.animation-rig,87731f0d0ca14844bbf861368b9847b3,corin.foot-placement,6d6118d2f41a5948ddd18dc6d88083c8c5bf77a4682a4ec3fce5d2ec6af01624,c7fd2c730a70465e6baa0d7496f46c9d49c4cc944fadbd61ecba1116729d5817,Corin.FootPlacementRig,2997edf1c34f13f7e2a3033372226eb399379f30c4303fddfe3e97ec1e4bf38d,0,-288406,0.07049811,0.05889672,0.07049794,2.522163E-06,0.07049811,true,0,0.05889672,0,1,PelvisPreSolveTranslation,FootGrounding,ModifierNotCompiled,-1,-1,-1,0,,,true,-98108,Sphere,CurrentGrounding,0,0.0245142,2.432877,3.817239,0,0,0,0,-1,0,0.05,1,4608,0.5735765,0.0245142,1.92,3.817239,0.0245142,1.92,3.817239,0,1,0,0.462877,Anchored,None,true,-0.004282296,0.5493245,-0.1977631,-0.3931756,-0.3823089,0.5955287,0.5870252,-0.01370335,2.014703,3.809141,-0.3931756,-0.3823089,0.5955287,0.5870252,1,false,false,false,ModifierNotCompiled,0,0,0,0,0,0,0,0,ModifierNotCompiled,0,0,0,0,FootPlacementEffectorTarget,FootGrounding,true,1,true,0.001064105,1,0.1201947,0.00260365,-98108,-0.01370335,1.92,3.809141,0,1,0,0,0,0,0,-0.01370335,2.014703,3.809141,-0.01352242,1.933479,3.810759,-0.04261586,1.932157,3.743865,0.01347852,0.01215696,0,1,1,1,1,0.07049811,1.713634E-07,0.0004615003,0,0.0004615003,-0.004972629,1.713634E-07,true,0,1,0,-1.401298E-45,1,-7.231694E-32,3.363116E-44,1.418159E-06,3.58607E-30,0,1,0,true,-0.2737783,0.1543344,0.1214608,-0.2350708,0.1652011,0.1267426,-0.2350708,0.1652011,0.1267426,-0.2350708,0.1652011,0.1267427,7.598131E-08,0,true,-98108,Sphere,CurrentGrounding,1,-0.4209414,2.430274,3.851626,0,0,0,0,-1,0,0.05,1,4608,0.5735765,-0.4209414,1.92,3.851626,-0.4209414,1.92,3.851626,0,1,0,0.4602742,Anchored,None,true,-0.1271383,0.5445805,-0.2578109,-0.5760555,-0.5907266,0.399672,0.39933,-0.4068427,2.005594,3.778516,-0.5760555,-0.5907266,0.399672,0.39933,1,false,false,false,ModifierNotCompiled,0,0,0,0,0,0,0,0,ModifierNotCompiled,0,0,0,0,FootPlacementEffectorTarget,FootGrounding,true,1,true,-0.0008979401,1,0.07735146,0.0006451607,-98108,-0.4068427,1.92,3.778516,0,1,0,0.0007513762,0,0.0007513762,0,-0.4068427,2.005594,3.778516,-0.404721,1.924493,3.776308,-0.3772751,1.92663,3.701369,0.00449276,0.006630421,0,1,1,1,1,0.07049811,0.0007515475,0.001030899,0,0.001030899,-0.002116075,0.0007515475,true,0,1,0,1.405058E-24,1,-2.441156E-19,-6.907891E-23,1.418159E-06,1.200064E-17,0,1,0,true,0.1679694,0.1523012,0.05458724,0.1592555,0.1560925,0.1285322,0.1592555,0.1560925,0.1285322,0.1592555,0.1560926,0.1285322,7.300049E-08,0
734,435,734,1,735,0,735,false,rootmotion.finalik.full-body-biped-ik/indexed-pose-backend,None,true,true,1,lyra-5.7/ABP_Mannequin_Base/CR_Mannequin_FootPlant,unreal-engine-5.7/SpringInterpV2/FMath.SpringDamper,corin.animation-rig,87731f0d0ca14844bbf861368b9847b3,corin.foot-placement,6d6118d2f41a5948ddd18dc6d88083c8c5bf77a4682a4ec3fce5d2ec6af01624,c7fd2c730a70465e6baa0d7496f46c9d49c4cc944fadbd61ecba1116729d5817,Corin.FootPlacementRig,2997edf1c34f13f7e2a3033372226eb399379f30c4303fddfe3e97ec1e4bf38d,0,-288406,0.07049811,0.0587647,0.07049795,2.348789E-06,0.07049811,true,0,0.0587647,0,1,PelvisPreSolveTranslation,FootGrounding,ModifierNotCompiled,-1,-1,-1,0,,,true,-98108,Sphere,CurrentGrounding,0,0.02416468,2.432942,3.816803,0,0,0,0,-1,0,0.05,1,4608,0.5735765,0.02416468,1.92,3.816803,0.02416468,1.92,3.816803,0,1,0,0.4629424,Anchored,None,true,-0.004282296,0.5493245,-0.1977631,-0.3931756,-0.3823089,0.5955287,0.5870252,-0.01370335,2.014703,3.809141,-0.3931756,-0.3823089,0.5955287,0.5870252,1,false,false,false,ModifierNotCompiled,0,0,0,0,0,0,0,0,ModifierNotCompiled,0,0,0,0,FootPlacementEffectorTarget,FootGrounding,true,1,true,0.001146892,1,0.1199487,0.002645135,-98108,-0.01370335,1.92,3.809141,0,1,0,0,0,0,0,-0.01370335,2.014703,3.809141,-0.01352245,1.933479,3.810759,-0.04261632,1.932157,3.743864,0.01347864,0.01215708,0,1,1,1,1,0.07049811,1.564622E-07,0.0004377993,0,0.0004377993,-0.004767522,1.564622E-07,true,0,1,0,-1.401298E-45,1,-5.688536E-32,3.363116E-44,1.412845E-06,2.820971E-30,0,1,0,true,-0.2733979,0.1543761,0.1218699,-0.2350708,0.1652011,0.1267426,-0.2350708,0.1652011,0.1267426,-0.2350709,0.1652011,0.1267426,1.125013E-07,0,true,-98108,Sphere,CurrentGrounding,1,-0.4210701,2.430266,3.851277,0,0,0,0,-1,0,0.05,1,4608,0.5735765,-0.4210701,1.92,3.851277,-0.4210701,1.92,3.851277,0,1,0,0.4602656,Anchored,None,true,-0.1271383,0.5445805,-0.2578109,-0.5760555,-0.5907266,0.399672,0.39933,-0.4068427,2.005594,3.778516,-0.5760555,-0.5907266,0.399672,0.39933,1,false,false,false,ModifierNotCompiled,0,0,0,0,0,0,0,0,ModifierNotCompiled,0,0,0,0,FootPlacementEffectorTarget,FootGrounding,true,1,true,-0.0008874743,1,0.07229742,0.000625968,-98108,-0.4068427,1.92,3.778516,0,1,0,0.0007189512,0,0.0007189512,0,-0.4068427,2.005594,3.778516,-0.404721,1.924493,3.776308,-0.3772746,1.926632,3.701368,0.004492879,0.006631732,0,1,1,1,1,0.07049811,0.0007191077,0.001019942,0,0.001019942,-0.002345356,0.0007191077,true,0,1,0,1.107494E-24,1,-1.924211E-19,-5.445583E-23,1.412845E-06,9.460496E-18,0,1,0,true,0.1681233,0.1522816,0.05492594,0.1592555,0.1560925,0.1285322,0.1592555,0.1560925,0.1285322,0.1592554,0.1560924,0.1285322,1.074538E-07,0
735,436,735,1,736,0,736,false,rootmotion.finalik.full-body-biped-ik/indexed-pose-backend,None,true,true,1,lyra-5.7/ABP_Mannequin_Base/CR_Mannequin_FootPlant,unreal-engine-5.7/SpringInterpV2/FMath.SpringDamper,corin.animation-rig,87731f0d0ca14844bbf861368b9847b3,corin.foot-placement,6d6118d2f41a5948ddd18dc6d88083c8c5bf77a4682a4ec3fce5d2ec6af01624,c7fd2c730a70465e6baa0d7496f46c9d49c4cc944fadbd61ecba1116729d5817,Corin.FootPlacementRig,2997edf1c34f13f7e2a3033372226eb399379f30c4303fddfe3e97ec1e4bf38d,0,-288406,0.07049811,0.058644,0.07049796,2.18362E-06,0.07049811,true,0,0.058644,0,1,PelvisPreSolveTranslation,FootGrounding,ModifierNotCompiled,-1,-1,-1,0,,,true,-98108,Sphere,CurrentGrounding,0,0.02380991,2.433002,3.816368,0,0,0,0,-1,0,0.05,1,4608,0.5735765,0.02380991,1.92,3.816368,0.02380991,1.92,3.816368,0,1,0,0.4630025,Anchored,None,true,-0.004282296,0.5493245,-0.1977631,-0.3931756,-0.3823089,0.5955287,0.5870252,-0.01370335,2.014703,3.809141,-0.3931756,-0.3823089,0.5955287,0.5870252,1,false,false,false,ModifierNotCompiled,0,0,0,0,0,0,0,0,ModifierNotCompiled,0,0,0,0,FootPlacementEffectorTarget,FootGrounding,true,1,true,0.001229816,1,0.1197227,0.002682328,-98108,-0.01370335,1.92,3.809141,0,1,0,0,0,0,0,-0.01370335,2.014703,3.809141,-0.01352233,1.933479,3.810759,-0.04261613,1.932157,3.743865,0.01347864,0.01215708,0,1,1,1,1,0.07049811,1.490116E-07,0.0004150541,0,0.0004150541,-0.004565348,1.490116E-07,true,0,1,0,-1.401298E-45,1,-4.472868E-32,3.363116E-44,1.409627E-06,2.218214E-30,0,1,0,true,-0.2730122,0.1544136,0.1222786,-0.2350708,0.1652011,0.1267426,-0.2350708,0.1652011,0.1267426,-0.2350707,0.1652011,0.1267427,1.095007E-07,0,true,-98108,Sphere,CurrentGrounding,1,-0.4212933,2.430274,3.851015,0,0,0,0,-1,0,0.05,1,4608,0.5735765,-0.4212933,1.92,3.851015,-0.4212933,1.92,3.851015,0,1,0,0.4602735,Anchored,None,true,-0.1271383,0.5445805,-0.2578109,-0.5760555,-0.5907266,0.399672,0.39933,-0.4068427,2.005594,3.778516,-0.5760555,-0.5907266,0.399672,0.39933,1,false,false,false,ModifierNotCompiled,0,0,0,0,0,0,0,0,ModifierNotCompiled,0,0,0,0,FootPlacementEffectorTarget,FootGrounding,true,1,true,-0.0008769912,1,0.07304403,0.0006217957,-98108,-0.4068427,1.92,3.778516,0,1,0,0.0006935596,0,0.0006935596,0,-0.4068427,2.005594,3.778516,-0.4047209,1.924493,3.776309,-0.377274,1.926633,3.701368,0.00449276,0.006633043,0,1,1,1,1,0.07049811,0.0006937087,0.001008007,0,0.001008007,-0.002516638,0.0006937087,true,0,1,0,8.725852E-25,1,-1.516104E-19,-4.291032E-23,1.409627E-06,7.454897E-18,0,1,0,true,0.1683651,0.1522774,0.05517117,0.1592555,0.1560925,0.1285322,0.1592555,0.1560925,0.1285322,0.1592555,0.1560926,0.1285323,1.3328E-07,0
736,437,736,1,737,0,737,false,rootmotion.finalik.full-body-biped-ik/indexed-pose-backend,None,true,true,1,lyra-5.7/ABP_Mannequin_Base/CR_Mannequin_FootPlant,unreal-engine-5.7/SpringInterpV2/FMath.SpringDamper,corin.animation-rig,87731f0d0ca14844bbf861368b9847b3,corin.foot-placement,6d6118d2f41a5948ddd18dc6d88083c8c5bf77a4682a4ec3fce5d2ec6af01624,c7fd2c730a70465e6baa0d7496f46c9d49c4cc944fadbd61ecba1116729d5817,Corin.FootPlacementRig,2997edf1c34f13f7e2a3033372226eb399379f30c4303fddfe3e97ec1e4bf38d,0,-288406,0.07049811,0.0585826,0.07049797,2.09968E-06,0.07049811,true,0,0.0585826,0,1,PelvisPreSolveTranslation,FootGrounding,ModifierNotCompiled,-1,-1,-1,0,,,true,-98108,Sphere,CurrentGrounding,0,0.02361274,2.433033,3.816128,0,0,0,0,-1,0,0.05,1,4608,0.5735765,0.02361274,1.92,3.816128,0.02361274,1.92,3.816128,0,1,0,0.4630332,Anchored,None,true,-0.004282296,0.5493245,-0.1977631,-0.3931756,-0.3823089,0.5955287,0.5870252,-0.01370335,2.014703,3.809141,-0.3931756,-0.3823089,0.5955287,0.5870252,1,false,false,false,ModifierNotCompiled,0,0,0,0,0,0,0,0,ModifierNotCompiled,0,0,0,0,FootPlacementEffectorTarget,FootGrounding,true,1,true,0.001275547,1,0.1194993,0.002700806,-98108,-0.01370335,1.92,3.809141,0,1,0,0,0,0,0,-0.01370335,2.014703,3.809141,-0.01352254,1.933479,3.810759,-0.04261637,1.932157,3.743865,0.01347864,0.01215708,0,1,1,1,1,0.07049811,1.41561E-07,0.0004029059,0,0.0004029059,-0.004455262,1.41561E-07,true,0,1,0,-1.401298E-45,1,-3.91642E-32,3.363116E-44,1.418365E-06,1.942304E-30,0,1,0,true,-0.272798,0.1544322,0.122503,-0.2350708,0.1652011,0.1267426,-0.2350708,0.1652011,0.1267426,-0.2350707,0.1652012,0.1267426,1.490116E-07,0,true,-98108,Sphere,CurrentGrounding,1,-0.4214551,2.430284,3.850906,0,0,0,0,-1,0,0.05,1,4608,0.5735765,-0.4214551,1.92,3.850906,-0.4214551,1.92,3.850906,0,1,0,0.460284,Anchored,None,true,-0.1271383,0.5445805,-0.2578109,-0.5760555,-0.5907266,0.399672,0.39933,-0.4068427,2.005594,3.778516,-0.5760555,-0.5907266,0.399672,0.39933,1,false,false,false,ModifierNotCompiled,0,0,0,0,0,0,0,0,ModifierNotCompiled,0,0,0,0,FootPlacementEffectorTarget,FootGrounding,true,1,true,-0.0008712101,1,0.07593476,0.0006253719,-98108,-0.4068427,1.92,3.778516,0,1,0,0.0006828308,0,0.0006828308,0,-0.4068427,2.005594,3.778516,-0.4047211,1.924493,3.776309,-0.3772739,1.926634,3.701369,0.00449276,0.006633639,0,1,1,1,1,0.07049811,0.0006829724,0.001001096,0,0.001001096,-0.002581502,0.0006829724,true,0,1,0,7.648802E-25,1,-1.328985E-19,-3.761623E-23,1.418365E-06,6.535229E-18,0,1,0,true,0.1685345,0.1522809,0.05526776,0.1592555,0.1560925,0.1285322,0.1592555,0.1560925,0.1285322,0.1592556,0.1560926,0.1285322,1.228781E-07,0
737,438,737,1,738,0,738,false,rootmotion.finalik.full-body-biped-ik/indexed-pose-backend,None,true,true,1,lyra-5.7/ABP_Mannequin_Base/CR_Mannequin_FootPlant,unreal-engine-5.7/SpringInterpV2/FMath.SpringDamper,corin.animation-rig,87731f0d0ca14844bbf861368b9847b3,corin.foot-placement,6d6118d2f41a5948ddd18dc6d88083c8c5bf77a4682a4ec3fce5d2ec6af01624,c7fd2c730a70465e6baa0d7496f46c9d49c4cc944fadbd61ecba1116729d5817,Corin.FootPlacementRig,2997edf1c34f13f7e2a3033372226eb399379f30c4303fddfe3e97ec1e4bf38d,0,-288406,0.07049811,0.05848664,0.07049797,1.961781E-06,0.07049811,true,0,0.05848664,0,1,PelvisPreSolveTranslation,FootGrounding,ModifierNotCompiled,-1,-1,-1,0,,,true,-98108,Sphere,CurrentGrounding,0,0.02327299,2.433082,3.815722,0,0,0,0,-1,0,0.05,1,4608,0.5735765,0.02327299,1.92,3.815722,0.02327299,1.92,3.815722,0,1,0,0.4630816,Anchored,None,true,-0.004282296,0.5493245,-0.1977631,-0.3931756,-0.3823089,0.5955287,0.5870252,-0.01370335,2.014703,3.809141,-0.3931756,-0.3823089,0.5955287,0.5870252,1,false,false,false,ModifierNotCompiled,0,0,0,0,0,0,0,0,ModifierNotCompiled,0,0,0,0,FootPlacementEffectorTarget,FootGrounding,true,1,true,0.001353821,1,0.118459,0.002728939,-98108,-0.01370335,1.92,3.809141,0,1,0,0,0,0,0,-0.01370335,2.014703,3.809141,-0.01352225,1.933479,3.810758,-0.04261626,1.932157,3.743864,0.01347864,0.01215708,0,1,1,1,1,0.07049811,1.341105E-07,0.0003828302,0,0.0003828302,-0.004270259,1.341105E-07,true,0,1,0,-1.401298E-45,1,-3.121094E-32,3.363116E-44,1.415161E-06,1.547935E-30,0,1,0,true,-0.2724295,0.1544605,0.1228833,-0.2350708,0.1652011,0.1267426,-0.2350708,0.1652011,0.1267426,-0.2350708,0.165201,0.1267427,4.470348E-08,0,true,-98108,Sphere,CurrentGrounding,1,-0.4217949,2.430311,3.850776,0,0,0,0,-1,0,0.05,1,4608,0.5735765,-0.4217949,1.92,3.850776,-0.4217949,1.92,3.850776,0,1,0,0.4603108,Anchored,None,true,-0.1271383,0.5445805,-0.2578109,-0.5760555,-0.5907266,0.399672,0.39933,-0.4068427,2.005594,3.778516,-0.5760555,-0.5907266,0.399672,0.39933,1,false,false,false,ModifierNotCompiled,0,0,0,0,0,0,0,0,ModifierNotCompiled,0,0,0,0,FootPlacementEffectorTarget,FootGrounding,true,1,true,-0.0008613148,1,0.08435041,0.0006402731,-98108,-0.4068427,1.92,3.778516,0,1,0,0.0006703138,0,0.0006703138,0,-0.4068427,2.005594,3.778516,-0.4047209,1.924493,3.776309,-0.3772731,1.926635,3.701369,0.00449276,0.006634712,0,1,1,1,1,0.07049811,0.0006704479,0.000989004,0,0.000989004,-0.002649669,0.0006704479,true,0,1,0,6.107052E-25,1,-1.061127E-19,-3.00373E-23,1.415161E-06,5.218624E-18,0,1,0,true,0.1688828,0.1522959,0.05537226,0.1592555,0.1560925,0.1285322,0.1592555,0.1560925,0.1285322,0.1592555,0.1560925,0.1285323,8.024521E-08,0
738,439,738,1,739,0,739,false,rootmotion.finalik.full-body-biped-ik/indexed-pose-backend,None,true,true,1,lyra-5.7/ABP_Mannequin_Base/CR_Mannequin_FootPlant,unreal-engine-5.7/SpringInterpV2/FMath.SpringDamper,corin.animation-rig,87731f0d0ca14844bbf861368b9847b3,corin.foot-placement,6d6118d2f41a5948ddd18dc6d88083c8c5bf77a4682a4ec3fce5d2ec6af01624,c7fd2c730a70465e6baa0d7496f46c9d49c4cc944fadbd61ecba1116729d5817,Corin.FootPlacementRig,2997edf1c34f13f7e2a3033372226eb399379f30c4303fddfe3e97ec1e4bf38d,0,-288406,0.07049811,0.05843151,0.07049798,1.879811E-06,0.07049811,true,0,0.05843151,0,1,PelvisPreSolveTranslation,FootGrounding,ModifierNotCompiled,-1,-1,-1,0,,,true,-98108,Sphere,CurrentGrounding,0,0.02305532,2.433109,3.815464,0,0,0,0,-1,0,0.05,1,4608,0.5735765,0.02305532,1.92,3.815464,0.02305532,1.92,3.815464,0,1,0,0.4631093,Anchored,None,true,-0.004282296,0.5493245,-0.1977631,-0.3931756,-0.3823089,0.5955287,0.5870252,-0.01370335,2.014703,3.809141,-0.3931756,-0.3823089,0.5955287,0.5870252,1,false,false,false,ModifierNotCompiled,0,0,0,0,0,0,0,0,ModifierNotCompiled,0,0,0,0,FootPlacementEffectorTarget,FootGrounding,true,1,true,0.001403723,1,0.117811,0.002744079,-98108,-0.01370335,1.92,3.809141,0,1,0,0,0,0,0,-0.01370335,2.014703,3.809141,-0.01352236,1.933479,3.810759,-0.04261646,1.932157,3.743865,0.01347864,0.01215696,0,1,1,1,1,0.07049811,1.266599E-07,0.0003704541,0,0.0003704541,-0.00415428,1.266599E-07,true,0,1,0,-1.401298E-45,1,-2.699984E-32,3.363116E-44,1.421979E-06,1.339117E-30,0,1,0,true,-0.2721936,0.1544758,0.1231242,-0.2350708,0.1652011,0.1267426,-0.2350708,0.1652011,0.1267426,-0.2350707,0.1652011,0.1267427,1.074538E-07,0,true,-98108,Sphere,CurrentGrounding,1,-0.422051,2.430334,3.850729,0,0,0,0,-1,0,0.05,1,4608,0.5735765,-0.422051,1.92,3.850729,-0.422051,1.92,3.850729,0,1,0,0.4603336,Anchored,None,true,-0.1271383,0.5445805,-0.2578109,-0.5760555,-0.5907266,0.399672,0.39933,-0.4068427,2.005594,3.778516,-0.5760555,-0.5907266,0.399672,0.39933,1,false,false,false,ModifierNotCompiled,0,0,0,0,0,0,0,0,ModifierNotCompiled,0,0,0,0,FootPlacementEffectorTarget,FootGrounding,true,1,true,-0.0008550062,1,0.09153204,0.0006549358,-98108,-0.4068427,1.92,3.778516,0,1,0,0.0006661415,0,0.0006661415,0,-0.4068427,2.005594,3.778516,-0.404721,1.924493,3.776309,-0.3772728,1.926636,3.701367,0.00449276,0.006635427,0,1,1,1,1,0.07049811,0.0006662682,0.0009811721,0,0.0009811721,-0.002661371,0.0006662682,true,0,1,0,5.289391E-25,1,-9.190672E-20,-2.601747E-23,1.421979E-06,4.520289E-18,0,1,0,true,0.1691416,0.1523107,0.05540014,0.1592555,0.1560925,0.1285322,0.1592555,0.1560925,0.1285322,0.1592554,0.1560925,0.1285323,1.095007E-07,0
739,440,739,1,740,0,740,false,rootmotion.finalik.full-body-biped-ik/indexed-pose-backend,None,true,true,1,lyra-5.7/ABP_Mannequin_Base/CR_Mannequin_FootPlant,unreal-engine-5.7/SpringInterpV2/FMath.SpringDamper,corin.animation-rig,87731f0d0ca14844bbf861368b9847b3,corin.foot-placement,6d6118d2f41a5948ddd18dc6d88083c8c5bf77a4682a4ec3fce5d2ec6af01624,c7fd2c730a70465e6baa0d7496f46c9d49c4cc944fadbd61ecba1116729d5817,Corin.FootPlacementRig,2997edf1c34f13f7e2a3033372226eb399379f30c4303fddfe3e97ec1e4bf38d,0,-288406,0.07049811,0.05837905,0.07049799,1.795924E-06,0.07049811,true,0,0.05837905,0,1,PelvisPreSolveTranslation,FootGrounding,ModifierNotCompiled,-1,-1,-1,0,,,true,-98108,Sphere,CurrentGrounding,0,0.02282524,2.433136,3.815197,0,0,0,0,-1,0,0.05,1,4608,0.5735765,0.02282524,1.92,3.815197,0.02282524,1.92,3.815197,0,1,0,0.463136,Anchored,None,true,-0.004282296,0.5493245,-0.1977631,-0.3931756,-0.3823089,0.5955287,0.5870252,-0.01370335,2.014703,3.809141,-0.3931756,-0.3823089,0.5955287,0.5870252,1,false,false,false,ModifierNotCompiled,0,0,0,0,0,0,0,0,ModifierNotCompiled,0,0,0,0,FootPlacementEffectorTarget,FootGrounding,true,1,true,0.001456237,1,0.1171421,0.002757788,-98108,-0.01370335,1.92,3.809141,0,1,0,0,0,0,0,-0.01370335,2.014703,3.809141,-0.01352243,1.933479,3.810758,-0.04261643,1.932157,3.743864,0.01347864,0.01215696,0,1,1,1,1,0.07049811,1.192093E-07,0.0003577977,0,0.0003577977,-0.004034189,1.192093E-07,true,0,1,0,-1.401298E-45,1,-2.318099E-32,3.363116E-44,1.426464E-06,1.149744E-30,0,1,0,true,-0.2719445,0.1544896,0.1233746,-0.2350708,0.1652011,0.1267426,-0.2350708,0.1652011,0.1267426,-0.2350708,0.165201,0.1267426,4.470348E-08,0,true,-98108,Sphere,CurrentGrounding,1,-0.4223533,2.430361,3.850709,0,0,0,0,-1,0,0.05,1,4608,0.5735765,-0.4223533,1.92,3.850709,-0.4223533,1.92,3.850709,0,1,0,0.460361,Anchored,None,true,-0.1271383,0.5445805,-0.2578109,-0.5760555,-0.5907266,0.399672,0.39933,-0.4068427,2.005594,3.778516,-0.5760555,-0.5907266,0.399672,0.39933,1,false,false,false,ModifierNotCompiled,0,0,0,0,0,0,0,0,ModifierNotCompiled,0,0,0,0,FootPlacementEffectorTarget,FootGrounding,true,1,true,-0.0008483675,1,0.1002312,0.0006742477,-98108,-0.4068427,1.92,3.778516,0,1,0,0.0006654263,0,0.0006654263,0,-0.4068427,2.005594,3.778516,-0.4047208,1.924493,3.776308,-0.3772725,1.926636,3.701367,0.004492998,0.006636262,0,1,1,1,1,0.07049811,0.0006655455,0.0009729486,0,0.0009729486,-0.002645293,0.0006655455,true,0,1,0,4.546954E-25,1,-7.900748E-20,-2.236718E-23,1.426464E-06,3.886143E-18,0,1,0,true,0.1694446,0.15233,0.05539801,0.1592555,0.1560925,0.1285322,0.1592555,0.1560925,0.1285322,0.1592555,0.1560926,0.1285322,6.143906E-08,0
740,441,740,1,741,0,741,false,rootmotion.finalik.full-body-biped-ik/indexed-pose-backend,None,true,true,1,lyra-5.7/ABP_Mannequin_Base/CR_Mannequin_FootPlant,unreal-engine-5.7/SpringInterpV2/FMath.SpringDamper,corin.animation-rig,87731f0d0ca14844bbf861368b9847b3,corin.foot-placement,6d6118d2f41a5948ddd18dc6d88083c8c5bf77a4682a4ec3fce5d2ec6af01624,c7fd2c730a70465e6baa0d7496f46c9d49c4cc944fadbd61ecba1116729d5817,Corin.FootPlacementRig,2997edf1c34f13f7e2a3033372226eb399379f30c4303fddfe3e97ec1e4bf38d,0,-288406,0.07049811,0.05833447,0.070498,1.718837E-06,0.07049811,true,0,0.05833447,0,1,PelvisPreSolveTranslation,FootGrounding,ModifierNotCompiled,-1,-1,-1,0,,,true,-98108,Sphere,CurrentGrounding,0,0.02260685,2.433158,3.814945,0,0,0,0,-1,0,0.05,1,4608,0.5735765,0.02260685,1.92,3.814945,0.02260685,1.92,3.814945,0,1,0,0.4631582,Anchored,None,true,-0.004282296,0.5493245,-0.1977631,-0.3931756,-0.3823089,0.5955287,0.5870252,-0.01370335,2.014703,3.809141,-0.3931756,-0.3823089,0.5955287,0.5870252,1,false,false,false,ModifierNotCompiled,0,0,0,0,0,0,0,0,ModifierNotCompiled,0,0,0,0,FootPlacementEffectorTarget,FootGrounding,true,1,true,0.001505875,1,0.1165223,0.002768278,-98108,-0.01370335,1.92,3.809141,0,1,0,0,0,0,0,-0.01370335,2.014703,3.809141,-0.01352224,1.933479,3.810759,-0.04261653,1.932157,3.743865,0.01347852,0.01215696,0,1,1,1,1,0.07049811,1.117587E-07,0.0003461715,0,0.0003461715,-0.003922559,1.117587E-07,true,0,1,0,-1.401298E-45,1,-2.006853E-32,3.363116E-44,1.430364E-06,9.953968E-31,0,1,0,true,-0.2717083,0.1545004,0.1236097,-0.2350708,0.1652011,0.1267426,-0.2350708,0.1652011,0.1267426,-0.2350709,0.165201,0.1267427,9.996003E-08,0,true,-98108,Sphere,CurrentGrounding,1,-0.4226685,2.430391,3.850716,0,0,0,0,-1,0,0.05,1,4608,0.5735765,-0.4226685,1.92,3.850716,-0.4226685,1.92,3.850716,0,1,0,0.4603908,Anchored,None,true,-0.1271383,0.5445805,-0.2578109,-0.5760555,-0.5907266,0.399672,0.39933,-0.4068427,2.005594,3.778516,-0.5760555,-0.5907266,0.399672,0.39933,1,false,false,false,ModifierNotCompiled,0,0,0,0,0,0,0,0,ModifierNotCompiled,0,0,0,0,FootPlacementEffectorTarget,FootGrounding,true,1,true,-0.0008420923,1,0.1092829,0.0006958246,-98108,-0.4068427,1.92,3.778516,0,1,0,0.0006682873,0,0.0006682873,0,-0.4068427,2.005594,3.778516,-0.4047208,1.924493,3.776308,-0.3772721,1.926637,3.701366,0.00449276,0.006636858,0,1,1,1,1,0.07049811,0.000668399,0.0009652693,0,0.0009652693,-0.002602817,0.000668399,true,0,1,0,3.941086E-25,1,-6.848087E-20,-1.938813E-23,1.430364E-06,3.368601E-18,0,1,0,true,0.1697584,0.152352,0.0553683,0.1592555,0.1560925,0.1285322,0.1592555,0.1560925,0.1285322,0.1592555,0.1560924,0.1285324,2.169642E-07,0
741,442,741,1,742,0,742,false,rootmotion.finalik.full-body-biped-ik/indexed-pose-backend,None,true,true,1,lyra-5.7/ABP_Mannequin_Base/CR_Mannequin_FootPlant,unreal-engine-5.7/SpringInterpV2/FMath.SpringDamper,corin.animation-rig,87731f0d0ca14844bbf861368b9847b3,corin.foot-placement,6d6118d2f41a5948ddd18dc6d88083c8c5bf77a4682a4ec3fce5d2ec6af01624,c7fd2c730a70465e6baa0d7496f46c9d49c4cc944fadbd61ecba1116729d5817,Corin.FootPlacementRig,2997edf1c34f13f7e2a3033372226eb399379f30c4303fddfe3e97ec1e4bf38d,0,-288406,0.07049811,0.05827296,0.070498,1.597468E-06,0.07049811,true,0,0.05827296,0,1,PelvisPreSolveTranslation,FootGrounding,ModifierNotCompiled,-1,-1,-1,0,,,true,-98108,Sphere,CurrentGrounding,0,0.02224922,2.433189,3.814541,0,0,0,0,-1,0,0.05,1,4608,0.5735765,0.02224922,1.92,3.814541,0.02224922,1.92,3.814541,0,1,0,0.4631886,Anchored,None,true,-0.004282296,0.5493245,-0.1977631,-0.3931756,-0.3823089,0.5955287,0.5870252,-0.01370335,2.014703,3.809141,-0.3931756,-0.3823089,0.5955287,0.5870252,1,false,false,false,ModifierNotCompiled,0,0,0,0,0,0,0,0,ModifierNotCompiled,0,0,0,0,FootPlacementEffectorTarget,FootGrounding,true,1,true,0.001587032,1,0.1151466,0.002780318,-98108,-0.01370335,1.92,3.809141,0,1,0,0,0,0,0,-0.01370335,2.014703,3.809141,-0.01352246,1.933479,3.810759,-0.04261681,1.932157,3.743865,0.01347852,0.01215696,0,1,1,1,1,0.07049811,1.043081E-07,0.0003278873,0,0.0003278873,-0.003744495,1.043081E-07,true,0,1,0,-1.401298E-45,1,-1.585991E-32,3.363116E-44,1.420981E-06,7.866827E-31,0,1,0,true,-0.2713221,0.1545125,0.1239859,-0.2350708,0.1652011,0.1267426,-0.2350708,0.1652011,0.1267426,-0.2350708,0.1652012,0.1267427,1.084821E-07,0,true,-98108,Sphere,CurrentGrounding,1,-0.4232364,2.430445,3.850771,0,0,0,0,-1,0,0.05,1,4608,0.5735765,-0.4232364,1.92,3.850771,-0.4232364,1.92,3.850771,0,1,0,0.4604447,Anchored,None,true,-0.1271383,0.5445805,-0.2578109,-0.5760555,-0.5907266,0.399672,0.39933,-0.4068427,2.005594,3.778516,-0.5760555,-0.5907266,0.399672,0.39933,1,false,false,false,ModifierNotCompiled,0,0,0,0,0,0,0,0,ModifierNotCompiled,0,0,0,0,FootPlacementEffectorTarget,FootGrounding,true,1,true,-0.0008318326,1,0.1197781,0.0007374287,-98108,-0.4068427,1.92,3.778516,0,1,0,0.0006786585,0,0.0006786585,0,-0.4068427,2.005594,3.778516,-0.404721,1.924493,3.776308,-0.3772717,1.926638,3.701366,0.00449276,0.006637931,0,1,1,1,1,0.07049811,0.0006787628,0.0009531332,0,0.0009531332,-0.002485987,0.0006787628,true,0,1,0,3.120555E-25,1,-5.422436E-20,-1.535323E-23,1.420981E-06,2.667614E-18,0,1,0,true,0.1703208,0.1523939,0.0552716,0.1592555,0.1560925,0.1285322,0.1592555,0.1560925,0.1285322,0.1592555,0.1560925,0.1285321,1.084821E-07,0
742,443,742,1,743,0,743,false,rootmotion.finalik.full-body-biped-ik/indexed-pose-backend,None,true,true,1,lyra-5.7/ABP_Mannequin_Base/CR_Mannequin_FootPlant,unreal-engine-5.7/SpringInterpV2/FMath.SpringDamper,corin.animation-rig,87731f0d0ca14844bbf861368b9847b3,corin.foot-placement,6d6118d2f41a5948ddd18dc6d88083c8c5bf77a4682a4ec3fce5d2ec6af01624,c7fd2c730a70465e6baa0d7496f46c9d49c4cc944fadbd61ecba1116729d5817,Corin.FootPlacementRig,2997edf1c34f13f7e2a3033372226eb399379f30c4303fddfe3e97ec1e4bf38d,0,-288406,0.07049811,0.05822814,0.07049801,1.490259E-06,0.07049811,true,0,0.05822814,0,1,PelvisPreSolveTranslation,FootGrounding,ModifierNotCompiled,-1,-1,-1,0,,,true,-98108,Sphere,CurrentGrounding,0,0.02190709,2.43321,3.814165,0,0,0,0,-1,0,0.05,1,4608,0.5735765,0.02190709,1.92,3.814165,0.02190709,1.92,3.814165,0,1,0,0.4632104,Anchored,None,true,-0.004282296,0.5493245,-0.1977631,-0.3931756,-0.3823089,0.5955287,0.5870252,-0.01370335,2.014703,3.809141,-0.3931756,-0.3823089,0.5955287,0.5870252,1,false,false,false,ModifierNotCompiled,0,0,0,0,0,0,0,0,ModifierNotCompiled,0,0,0,0,FootPlacementEffectorTarget,FootGrounding,true,1,true,0.001664354,1,0.1134241,0.002785206,-98108,-0.01370335,1.92,3.809141,0,1,0,0,0,0,0,-0.01370335,2.014703,3.809141,-0.01352245,1.933479,3.81076,-0.04261666,1.932157,3.743865,0.01347852,0.01215708,0,1,1,1,1,0.07049811,9.685755E-08,0.0003112435,0,0.0003112435,-0.003579738,9.685755E-08,true,0,1,0,-1.401298E-45,1,-1.267356E-32,3.363116E-44,1.41721E-06,6.286585E-31,0,1,0,true,-0.2709533,0.1545175,0.1243366,-0.2350708,0.1652011,0.1267426,-0.2350708,0.1652011,0.1267426,-0.2350708,0.1652011,0.1267429,2.407356E-07,0,true,-98108,Sphere,CurrentGrounding,1,-0.4237847,2.430498,3.850819,0,0,0,0,-1,0,0.05,1,4608,0.5735765,-0.4237847,1.92,3.850819,-0.4237847,1.92,3.850819,0,1,0,0.4604981,Anchored,None,true,-0.1271383,0.5445805,-0.2578109,-0.5760555,-0.5907266,0.399672,0.39933,-0.4068427,2.005594,3.778516,-0.5760555,-0.5907266,0.399672,0.39933,1,false,false,false,ModifierNotCompiled,0,0,0,0,0,0,0,0,ModifierNotCompiled,0,0,0,0,FootPlacementEffectorTarget,FootGrounding,true,1,true,-0.0008220577,1,0.1235253,0.0007795095,-98108,-0.4068427,1.92,3.778516,0,1,0,0.0006854534,0,0.0006854534,0,-0.4068427,2.005594,3.778516,-0.4047209,1.924493,3.776308,-0.3772712,1.926639,3.701367,0.004492879,0.006639123,0,1,1,1,1,0.07049811,0.0006855503,0.0009420519,0,0.0009420519,-0.002388749,0.0006855503,true,0,1,0,2.49813E-25,1,-4.340966E-20,-1.229215E-23,1.41721E-06,2.135799E-18,0,1,0,true,0.1708642,0.1524361,0.05518394,0.1592555,0.1560925,0.1285322,0.1592555,0.1560925,0.1285322,0.1592554,0.1560925,0.1285323,1.316035E-07,0
743,444,743,1,744,0,744,false,rootmotion.finalik.full-body-biped-ik/indexed-pose-backend,None,true,true,1,lyra-5.7/ABP_Mannequin_Base/CR_Mannequin_FootPlant,unreal-engine-5.7/SpringInterpV2/FMath.SpringDamper,corin.animation-rig,87731f0d0ca14844bbf861368b9847b3,corin.foot-placement,6d6118d2f41a5948ddd18dc6d88083c8c5bf77a4682a4ec3fce5d2ec6af01624,c7fd2c730a70465e6baa0d7496f46c9d49c4cc944fadbd61ecba1116729d5817,Corin.FootPlacementRig,2997edf1c34f13f7e2a3033372226eb399379f30c4303fddfe3e97ec1e4bf38d,0,-288406,0.07049811,0.05820733,0.07049802,1.428145E-06,0.07049811,true,0,0.05820733,0,1,PelvisPreSolveTranslation,FootGrounding,ModifierNotCompiled,-1,-1,-1,0,,,true,-98108,Sphere,CurrentGrounding,0,0.02169847,2.43322,3.813941,0,0,0,0,-1,0,0.05,1,4608,0.5735765,0.02169847,1.92,3.813941,0.02169847,1.92,3.813941,0,1,0,0.4632199,Anchored,None,true,-0.004282296,0.5493245,-0.1977631,-0.3931756,-0.3823089,0.5955287,0.5870252,-0.01370335,2.014703,3.809141,-0.3931756,-0.3823089,0.5955287,0.5870252,1,false,false,false,ModifierNotCompiled,0,0,0,0,0,0,0,0,ModifierNotCompiled,0,0,0,0,FootPlacementEffectorTarget,FootGrounding,true,1,true,0.001711455,1,0.1124028,0.002784967,-98108,-0.01370335,1.92,3.809141,0,1,0,0,0,0,0,-0.01370335,2.014703,3.809141,-0.01352246,1.933479,3.810759,-0.04261672,1.932157,3.743864,0.01347864,0.01215696,0,1,1,1,1,0.07049811,8.940697E-08,0.000301453,0,0.000301453,-0.003481638,8.940697E-08,true,0,1,0,-1.401298E-45,1,-1.105261E-32,3.363116E-44,1.423922E-06,5.482666E-31,0,1,0,true,-0.2707289,0.1545173,0.1245448,-0.2350708,0.1652011,0.1267426,-0.2350708,0.1652011,0.1267426,-0.2350708,0.165201,0.1267426,5.960464E-08,0,true,-98108,Sphere,CurrentGrounding,1,-0.4241164,2.430531,3.850841,0,0,0,0,-1,0,0.05,1,4608,0.5735765,-0.4241164,1.92,3.850841,-0.4241164,1.92,3.850841,0,1,0,0.460531,Anchored,None,true,-0.1271383,0.5445805,-0.2578109,-0.5760555,-0.5907266,0.399672,0.39933,-0.4068427,2.005594,3.778516,-0.5760555,-0.5907266,0.399672,0.39933,1,false,false,false,ModifierNotCompiled,0,0,0,0,0,0,0,0,ModifierNotCompiled,0,0,0,0,FootPlacementEffectorTarget,FootGrounding,true,1,true,-0.0008161033,1,0.1258119,0.0008054972,-98108,-0.4068427,1.92,3.778516,0,1,0,0.00068748,0,0.00068748,0,-0.4068427,2.005594,3.778516,-0.4047209,1.924493,3.776309,-0.3772711,1.92664,3.701366,0.00449276,0.0066396,0,1,1,1,1,0.07049811,0.0006875694,0.0009354867,0,0.0009354867,-0.002341585,0.0006875694,true,0,1,0,2.181007E-25,1,-3.789951E-20,-1.073241E-23,1.423922E-06,1.864812E-18,0,1,0,true,0.1711933,0.1524624,0.0551378,0.1592555,0.1560925,0.1285322,0.1592555,0.1560925,0.1285322,0.1592556,0.1560925,0.1285322,8.024521E-08,0
744,445,744,1,745,0,745,false,rootmotion.finalik.full-body-biped-ik/indexed-pose-backend,None,true,true,1,lyra-5.7/ABP_Mannequin_Base/CR_Mannequin_FootPlant,unreal-engine-5.7/SpringInterpV2/FMath.SpringDamper,corin.animation-rig,87731f0d0ca14844bbf861368b9847b3,corin.foot-placement,6d6118d2f41a5948ddd18dc6d88083c8c5bf77a4682a4ec3fce5d2ec6af01624,c7fd2c730a70465e6baa0d7496f46c9d49c4cc944fadbd61ecba1116729d5817,Corin.FootPlacementRig,2997edf1c34f13f7e2a3033372226eb399379f30c4303fddfe3e97ec1e4bf38d,0,-288406,0.07049811,0.05819297,0.07049802,1.370547E-06,0.07049811,true,0,0.05819297,0,1,PelvisPreSolveTranslation,FootGrounding,ModifierNotCompiled,-1,-1,-1,0,,,true,-98108,Sphere,CurrentGrounding,0,0.02150416,2.433226,3.813735,0,0,0,0,-1,0,0.05,1,4608,0.5735765,0.02150416,1.92,3.813735,0.02150416,1.92,3.813735,0,1,0,0.4632261,Anchored,None,true,-0.004282296,0.5493245,-0.1977631,-0.3931756,-0.3823089,0.5955287,0.5870252,-0.01370335,2.014703,3.809141,-0.3931756,-0.3823089,0.5955287,0.5870252,1,false,false,false,ModifierNotCompiled,0,0,0,0,0,0,0,0,ModifierNotCompiled,0,0,0,0,FootPlacementEffectorTarget,FootGrounding,true,1,true,0.001755321,1,0.1114714,0.002782345,-98108,-0.01370335,1.92,3.809141,0,1,0,0,0,0,0,-0.01370335,2.014703,3.809141,-0.01352228,1.933479,3.810759,-0.04261658,1.932157,3.743864,0.01347876,0.01215708,0,1,1,1,1,0.07049811,8.940697E-08,0.000292576,0,0.000292576,-0.003391895,8.940697E-08,true,0,1,0,-1.401298E-45,1,-9.729681E-33,3.363116E-44,1.429451E-06,4.826532E-31,0,1,0,true,-0.27052,0.1545147,0.1247361,-0.2350708,0.1652011,0.1267426,-0.2350708,0.1652011,0.1267426,-0.2350709,0.1652009,0.1267426,1.604904E-07,0,true,-98108,Sphere,CurrentGrounding,1,-0.4244239,2.430561,3.850857,0,0,0,0,-1,0,0.05,1,4608,0.5735765,-0.4244239,1.92,3.850857,-0.4244239,1.92,3.850857,0,1,0,0.4605611,Anchored,None,true,-0.1271383,0.5445805,-0.2578109,-0.5760555,-0.5907266,0.399672,0.39933,-0.4068427,2.005594,3.778516,-0.5760555,-0.5907266,0.399672,0.39933,1,false,false,false,ModifierNotCompiled,0,0,0,0,0,0,0,0,ModifierNotCompiled,0,0,0,0,FootPlacementEffectorTarget,FootGrounding,true,1,true,-0.0008105579,1,0.1279439,0.0008298159,-98108,-0.4068427,1.92,3.778516,0,1,0,0.0006886721,0,0.0006886721,0,-0.4068427,2.005594,3.778516,-0.4047209,1.924493,3.776308,-0.3772705,1.92664,3.701365,0.004492879,0.006640196,0,1,1,1,1,0.07049811,0.0006887615,0.0009294841,0,0.0009294841,-0.002300795,0.0006887615,true,0,1,0,1.921903E-25,1,-3.339742E-20,-9.457944E-24,1.429451E-06,1.643386E-18,0,1,0,true,0.1714989,0.1524867,0.05509914,0.1592555,0.1560925,0.1285322,0.1592555,0.1560925,0.1285322,0.1592555,0.1560925,0.1285322,5.161914E-08,0
745,446,745,1,746,0,746,false,rootmotion.finalik.full-body-biped-ik/indexed-pose-backend,None,true,true,1,lyra-5.7/ABP_Mannequin_Base/CR_Mannequin_FootPlant,unreal-engine-5.7/SpringInterpV2/FMath.SpringDamper,corin.animation-rig,87731f0d0ca14844bbf861368b9847b3,corin.foot-placement,6d6118d2f41a5948ddd18dc6d88083c8c5bf77a4682a4ec3fce5d2ec6af01624,c7fd2c730a70465e6baa0d7496f46c9d49c4cc944fadbd61ecba1116729d5817,Corin.FootPlacementRig,2997edf1c34f13f7e2a3033372226eb399379f30c4303fddfe3e97ec1e4bf38d,0,-288406,0.07049811,0.0581826,0.07049802,1.313632E-06,0.07049811,true,0,0.0581826,0,1,PelvisPreSolveTranslation,FootGrounding,ModifierNotCompiled,-1,-1,-1,0,,,true,-98108,Sphere,CurrentGrounding,0,0.02129579,2.43323,3.813518,0,0,0,0,-1,0,0.05,1,4608,0.5735765,0.02129579,1.92,3.813518,0.02129579,1.92,3.813518,0,1,0,0.4632299,Anchored,None,true,-0.004282296,0.5493245,-0.1977631,-0.3931756,-0.3823089,0.5955287,0.5870252,-0.01370335,2.014703,3.809141,-0.3931756,-0.3823089,0.5955287,0.5870252,1,false,false,false,ModifierNotCompiled,0,0,0,0,0,0,0,0,ModifierNotCompiled,0,0,0,0,FootPlacementEffectorTarget,FootGrounding,true,1,true,0.001802427,1,0.110493,0.002776742,-98108,-0.01370335,1.92,3.809141,0,1,0,0,0,0,0,-0.01370335,2.014703,3.809141,-0.01352255,1.933479,3.810759,-0.04261674,1.932157,3.743864,0.01347864,0.01215708,0,1,1,1,1,0.07049811,8.940697E-08,0.0002833009,0,0.0002833009,-0.003297368,8.940697E-08,true,0,1,0,-1.401298E-45,1,-8.48508E-33,3.363116E-44,1.433102E-06,4.209233E-31,0,1,0,true,-0.2702964,0.1545092,0.1249367,-0.2350708,0.1652011,0.1267426,-0.2350708,0.1652011,0.1267426,-0.2350708,0.1652011,0.1267426,8.688795E-08,0,true,-98108,Sphere,CurrentGrounding,1,-0.4247525,2.430593,3.850869,0,0,0,0,-1,0,0.05,1,4608,0.5735765,-0.4247525,1.92,3.850869,-0.4247525,1.92,3.850869,0,1,0,0.460593,Anchored,None,true,-0.1271383,0.5445805,-0.2578109,-0.5760555,-0.5907266,0.399672,0.39933,-0.4068427,2.005594,3.778516,-0.5760555,-0.5907266,0.399672,0.39933,1,false,false,false,ModifierNotCompiled,0,0,0,0,0,0,0,0,ModifierNotCompiled,0,0,0,0,FootPlacementEffectorTarget,FootGrounding,true,1,true,-0.0008046029,1,0.130236,0.0008552074,-98108,-0.4068427,1.92,3.778516,0,1,0,0.0006889105,0,0.0006889105,0,-0.4068427,2.005594,3.778516,-0.4047208,1.924493,3.776309,-0.3772703,1.926641,3.701366,0.00449276,0.006640911,0,1,1,1,1,0.07049811,0.0006889999,0.0009231473,0,0.0009231473,-0.002262619,0.0006889999,true,0,1,0,1.677876E-25,1,-2.915725E-20,-8.257568E-24,1.433102E-06,1.43483E-18,0,1,0,true,0.1718257,0.1525122,0.0550637,0.1592555,0.1560925,0.1285322,0.1592555,0.1560925,0.1285322,0.1592555,0.1560926,0.1285322,6.989264E-08,0
746,447,746,1,747,0,747,false,rootmotion.finalik.full-body-biped-ik/indexed-pose-backend,None,true,true,1,lyra-5.7/ABP_Mannequin_Base/CR_Mannequin_FootPlant,unreal-engine-5.7/SpringInterpV2/FMath.SpringDamper,corin.animation-rig,87731f0d0ca14844bbf861368b9847b3,corin.foot-placement,6d6118d2f41a5948ddd18dc6d88083c8c5bf77a4682a4ec3fce5d2ec6af01624,c7fd2c730a70465e6baa0d7496f46c9d49c4cc944fadbd61ecba1116729d5817,Corin.FootPlacementRig,2997edf1c34f13f7e2a3033372226eb399379f30c4303fddfe3e97ec1e4bf38d,0,-288406,0.07049811,0.05817765,0.07049802,1.260987E-06,0.07049811,true,0,0.05817765,0,1,PelvisPreSolveTranslation,FootGrounding,ModifierNotCompiled,-1,-1,-1,0,,,true,-98108,Sphere,CurrentGrounding,0,0.02108502,2.433231,3.813303,0,0,0,0,-1,0,0.05,1,4608,0.5735765,0.02108502,1.92,3.813303,0.02108502,1.92,3.813303,0,1,0,0.4632309,Anchored,None,true,-0.004282296,0.5493245,-0.1977631,-0.3931756,-0.3823089,0.5955287,0.5870252,-0.01370335,2.014703,3.809141,-0.3931756,-0.3823089,0.5955287,0.5870252,1,false,false,false,ModifierNotCompiled,0,0,0,0,0,0,0,0,ModifierNotCompiled,0,0,0,0,FootPlacementEffectorTarget,FootGrounding,true,1,true,0.001824601,1,0.109193,0.002768517,-98108,-0.01370335,1.92,3.809141,0,1,0,0,0,0,0,-0.01370335,2.014703,3.809141,-0.01352233,1.933479,3.81076,-0.04261674,1.932157,3.743865,0.01347864,0.01215708,0,1,1,1,1,0.07049811,8.940697E-08,0.0002741973,0,0.0002741973,-0.003203833,8.940697E-08,true,0,1,0,-1.401298E-45,1,-7.389606E-33,3.363116E-44,1.435738E-06,3.665886E-31,0,1,0,true,-0.2700705,0.1545011,0.1251353,-0.2350708,0.1652011,0.1267426,-0.2350708,0.1652011,0.1267426,-0.2350708,0.165201,0.1267426,5.575504E-08,0,true,-98108,Sphere,CurrentGrounding,1,-0.4250827,2.430624,3.850875,0,0,0,0,-1,0,0.05,1,4608,0.5735765,-0.4250827,1.92,3.850875,-0.4250827,1.92,3.850875,0,1,0,0.4606245,Anchored,None,true,-0.1271383,0.5445805,-0.2578109,-0.5760555,-0.5907266,0.399672,0.39933,-0.4068427,2.005594,3.778516,-0.5760555,-0.5907266,0.399672,0.39933,1,false,false,false,ModifierNotCompiled,0,0,0,0,0,0,0,0,ModifierNotCompiled,0,0,0,0,FootPlacementEffectorTarget,FootGrounding,true,1,true,-0.0007985883,1,0.1316037,0.0008803606,-98108,-0.4068427,1.92,3.778516,0,1,0,0.0006886721,0,0.0006886721,0,-0.4068427,2.005594,3.778516,-0.4047209,1.924493,3.776308,-0.3772703,1.926642,3.701365,0.00449276,0.006641507,0,1,1,1,1,0.07049811,0.0006887615,0.0009168517,0,0.0009168517,-0.002226172,0.0006887615,true,0,1,0,1.462847E-25,1,-2.542089E-20,-7.199763E-24,1.435738E-06,1.251042E-18,0,1,0,true,0.1721546,0.1525375,0.05503289,0.1592555,0.1560925,0.1285322,0.1592555,0.1560925,0.1285322,0.1592555,0.1560925,0.1285321,1.084821E-07,0
747,448,747,1,748,0,748,false,rootmotion.finalik.full-body-biped-ik/indexed-pose-backend,None,true,true,1,lyra-5.7/ABP_Mannequin_Base/CR_Mannequin_FootPlant,unreal-engine-5.7/SpringInterpV2/FMath.SpringDamper,corin.animation-rig,87731f0d0ca14844bbf861368b9847b3,corin.foot-placement,6d6118d2f41a5948ddd18dc6d88083c8c5bf77a4682a4ec3fce5d2ec6af01624,c7fd2c730a70465e6baa0d7496f46c9d49c4cc944fadbd61ecba1116729d5817,Corin.FootPlacementRig,2997edf1c34f13f7e2a3033372226eb399379f30c4303fddfe3e97ec1e4bf38d,0,-288406,0.07049811,0.05817896,0.07049803,1.185331E-06,0.07049811,true,0,0.05817896,0,1,PelvisPreSolveTranslation,FootGrounding,ModifierNotCompiled,-1,-1,-1,0,,,true,-98108,Sphere,CurrentGrounding,0,0.02075076,2.433228,3.812973,0,0,0,0,-1,0,0.05,1,4608,0.5735765,0.02075076,1.92,3.812973,0.02075076,1.92,3.812973,0,1,0,0.4632275,Anchored,None,true,-0.004282296,0.5493245,-0.1977631,-0.3931756,-0.3823089,0.5955287,0.5870252,-0.01370335,2.014703,3.809141,-0.3931756,-0.3823089,0.5955287,0.5870252,1,false,false,false,ModifierNotCompiled,0,0,0,0,0,0,0,0,ModifierNotCompiled,0,0,0,0,FootPlacementEffectorTarget,FootGrounding,true,1,true,0.001763085,1,0.1058987,0.00275135,-98108,-0.01370335,1.92,3.809141,0,1,0,0,0,0,0,-0.01370335,2.014703,3.809141,-0.01352235,1.933479,3.810758,-0.04261668,1.932157,3.743865,0.01347864,0.01215708,0,1,1,1,1,0.07049811,8.195639E-08,0.0002602757,0,0.0002602757,-0.003059432,8.195639E-08,true,0,1,0,-1.401298E-45,1,-5.933685E-33,3.363116E-44,1.427173E-06,2.943735E-31,0,1,0,true,-0.269713,0.1544839,0.12544,-0.2350708,0.1652011,0.1267426,-0.2350708,0.1652011,0.1267426,-0.2350708,0.165201,0.1267426,4.470348E-08,0,true,-98108,Sphere,CurrentGrounding,1,-0.4256043,2.430675,3.850876,0,0,0,0,-1,0,0.05,1,4608,0.5735765,-0.4256043,1.92,3.850876,-0.4256043,1.92,3.850876,0,1,0,0.4606745,Anchored,None,true,-0.1271383,0.5445805,-0.2578109,-0.5760555,-0.5907266,0.399672,0.39933,-0.4068427,2.005594,3.778516,-0.5760555,-0.5907266,0.399672,0.39933,1,false,false,false,ModifierNotCompiled,0,0,0,0,0,0,0,0,ModifierNotCompiled,0,0,0,0,FootPlacementEffectorTarget,FootGrounding,true,1,true,-0.0007890266,1,0.1301969,0.0009204149,-98108,-0.4068427,1.92,3.778516,0,1,0,0.0006855726,0,0.0006855726,0,-0.4068427,2.005594,3.778516,-0.4047209,1.924493,3.776308,-0.3772699,1.926643,3.701364,0.00449276,0.006642461,0,1,1,1,1,0.07049811,0.0006856546,0.0009070266,0,0.0009070266,-0.002185451,0.0006856546,true,0,1,0,1.176659E-25,1,-2.044799E-20,-5.791785E-24,1.427173E-06,1.00641E-18,0,1,0,true,0.1726747,0.1525775,0.05499379,0.1592555,0.1560925,0.1285322,0.1592555,0.1560925,0.1285322,0.1592554,0.1560926,0.1285322,6.82857E-08,0
748,449,748,1,749,0,749,false,rootmotion.finalik.full-body-biped-ik/indexed-pose-backend,None,true,true,1,lyra-5.7/ABP_Mannequin_Base/CR_Mannequin_FootPlant,unreal-engine-5.7/SpringInterpV2/FMath.SpringDamper,corin.animation-rig,87731f0d0ca14844bbf861368b9847b3,corin.foot-placement,6d6118d2f41a5948ddd18dc6d88083c8c5bf77a4682a4ec3fce5d2ec6af01624,c7fd2c730a70465e6baa0d7496f46c9d49c4cc944fadbd61ecba1116729d5817,Corin.FootPlacementRig,2997edf1c34f13f7e2a3033372226eb399379f30c4303fddfe3e97ec1e4bf38d,0,-288406,0.07049811,0.05818713,0.07049803,1.130984E-06,0.07049811,true,0,0.05818713,0,1,PelvisPreSolveTranslation,FootGrounding,ModifierNotCompiled,-1,-1,-1,0,,,true,-98108,Sphere,CurrentGrounding,0,0.02050591,2.433222,3.812739,0,0,0,0,-1,0,0.05,1,4608,0.5735765,0.02050591,1.92,3.812739,0.02050591,1.92,3.812739,0,1,0,0.4632223,Anchored,None,true,-0.004282296,0.5493245,-0.1977631,-0.3931756,-0.3823089,0.5955287,0.5870252,-0.01370335,2.014703,3.809141,-0.3931756,-0.3823089,0.5955287,0.5870252,1,false,false,false,ModifierNotCompiled,0,0,0,0,0,0,0,0,ModifierNotCompiled,0,0,0,0,FootPlacementEffectorTarget,FootGrounding,true,1,true,0.00171785,1,0.1035176,0.002736211,-98108,-0.01370335,1.92,3.809141,0,1,0,0,0,0,0,-0.01370335,2.014703,3.809141,-0.01352259,1.933479,3.81076,-0.04261691,1.932157,3.743865,0.01347864,0.01215708,0,1,1,1,1,0.07049811,7.450581E-08,0.0002504332,0,0.0002504332,-0.002956288,7.450581E-08,true,0,1,0,-1.401298E-45,1,-5.048664E-33,3.363116E-44,1.429417E-06,2.504741E-31,0,1,0,true,-0.2694516,0.1544689,0.125656,-0.2350708,0.1652011,0.1267426,-0.2350708,0.1652011,0.1267426,-0.2350708,0.165201,0.1267427,6.664002E-08,0,true,-98108,Sphere,CurrentGrounding,1,-0.4259853,2.430711,3.850869,0,0,0,0,-1,0,0.05,1,4608,0.5735765,-0.4259853,1.92,3.850869,-0.4259853,1.92,3.850869,0,1,0,0.4607113,Anchored,None,true,-0.1271383,0.5445805,-0.2578109,-0.5760555,-0.5907266,0.399672,0.39933,-0.4068427,2.005594,3.778516,-0.5760555,-0.5907266,0.399672,0.39933,1,false,false,false,ModifierNotCompiled,0,0,0,0,0,0,0,0,ModifierNotCompiled,0,0,0,0,FootPlacementEffectorTarget,FootGrounding,true,1,true,-0.0007819956,1,0.1292017,0.0009502172,-98108,-0.4068427,1.92,3.778516,0,1,0,0.0006811619,0,0.0006811619,0,-0.4068427,2.005594,3.778516,-0.404721,1.924493,3.776308,-0.3772696,1.926643,3.701365,0.00449276,0.006643057,0,1,1,1,1,0.07049811,0.0006812364,0.0008998832,0,0.0008998832,-0.002168534,0.0006812364,true,0,1,0,1.002419E-25,1,-1.742029E-20,-4.934489E-24,1.429417E-06,8.574541E-19,0,1,0,true,0.1730553,0.1526073,0.05497353,0.1592555,0.1560925,0.1285322,0.1592555,0.1560925,0.1285322,0.1592555,0.1560925,0.1285323,5.37269E-08,0
749,450,749,1,750,0,750,false,rootmotion.finalik.full-body-biped-ik/indexed-pose-backend,None,true,true,1,lyra-5.7/ABP_Mannequin_Base/CR_Mannequin_FootPlant,unreal-engine-5.7/SpringInterpV2/FMath.SpringDamper,corin.animation-rig,87731f0d0ca14844bbf861368b9847b3,corin.foot-placement,6d6118d2f41a5948ddd18dc6d88083c8c5bf77a4682a4ec3fce5d2ec6af01624,c7fd2c730a70465e6baa0d7496f46c9d49c4cc944fadbd61ecba1116729d5817,Corin.FootPlacementRig,2997edf1c34f13f7e2a3033372226eb399379f30c4303fddfe3e97ec1e4bf38d,0,-288406,0.07049811,0.05821234,0.07049804,1.043821E-06,0.07049811,true,0,0.05821234,0,1,PelvisPreSolveTranslation,FootGrounding,ModifierNotCompiled,-1,-1,-1,0,,,true,-98108,Sphere,CurrentGrounding,0,0.02010989,2.433209,3.812376,0,0,0,0,-1,0,0.05,1,4608,0.5735765,0.02010989,1.92,3.812376,0.02010989,1.92,3.812376,0,1,0,0.4632089,Anchored,None,true,-0.004282296,0.5493245,-0.1977631,-0.3931756,-0.3823089,0.5955287,0.5870252,-0.01370335,2.014703,3.809141,-0.3931756,-0.3823089,0.5955287,0.5870252,1,false,false,false,ModifierNotCompiled,0,0,0,0,0,0,0,0,ModifierNotCompiled,0,0,0,0,FootPlacementEffectorTarget,FootGrounding,true,1,true,0.001644535,1,0.09973975,0.002707601,-98108,-0.01370335,1.92,3.809141,0,1,0,0,0,0,0,-0.01370335,2.014703,3.809141,-0.01352233,1.933479,3.810759,-0.04261667,1.932157,3.743865,0.01347864,0.0121572,0,1,1,1,1,0.07049811,6.705523E-08,0.0002352095,0,0.0002352095,-0.002795042,6.705523E-08,true,0,1,0,-1.401298E-45,1,-3.88727E-33,3.363116E-44,1.415226E-06,1.928638E-31,0,1,0,true,-0.2690302,0.1544403,0.1259885,-0.2350708,0.1652011,0.1267426,-0.2350708,0.1652011,0.1267426,-0.2350708,0.1652011,0.1267426,1.490116E-08,0,true,-98108,Sphere,CurrentGrounding,1,-0.4265981,2.430771,3.850844,0,0,0,0,-1,0,0.05,1,4608,0.5735765,-0.4265981,1.92,3.850844,-0.4265981,1.92,3.850844,0,1,0,0.4607713,Anchored,None,true,-0.1271383,0.5445805,-0.2578109,-0.5760555,-0.5907266,0.399672,0.39933,-0.4068427,2.005594,3.778516,-0.5760555,-0.5907266,0.399672,0.39933,1,false,false,false,ModifierNotCompiled,0,0,0,0,0,0,0,0,ModifierNotCompiled,0,0,0,0,FootPlacementEffectorTarget,FootGrounding,true,1,true,-0.0007705999,1,0.1276614,0.0009986162,-98108,-0.4068427,1.92,3.778516,0,1,0,0.000670433,0,0.000670433,0,-0.4068427,2.005594,3.778516,-0.4047211,1.924493,3.776308,-0.377269,1.926644,3.701363,0.00449276,0.006644249,0,1,1,1,1,0.07049811,0.0006705001,0.0008883703,0,0.0008883703,-0.002167024,0.0006705001,true,0,1,0,7.733874E-26,1,-1.344042E-20,-3.807502E-24,1.415226E-06,6.616357E-19,0,1,0,true,0.1736682,0.1526557,0.05495345,0.1592555,0.1560925,0.1285322,0.1592555,0.1560925,0.1285322,0.1592556,0.1560925,0.1285322,1.115101E-07,0
750,451,750,1,751,0,751,false,rootmotion.finalik.full-body-biped-ik/indexed-pose-backend,None,true,true,1,lyra-5.7/ABP_Mannequin_Base/CR_Mannequin_FootPlant,unreal-engine-5.7/SpringInterpV2/FMath.SpringDamper,corin.animation-rig,87731f0d0ca14844bbf861368b9847b3,corin.foot-placement,6d6118d2f41a5948ddd18dc6d88083c8c5bf77a4682a4ec3fce5d2ec6af01624,c7fd2c730a70465e6baa0d7496f46c9d49c4cc944fadbd61ecba1116729d5817,Corin.FootPlacementRig,2997edf1c34f13f7e2a3033372226eb399379f30c4303fddfe3e97ec1e4bf38d,0,-288406,0.07049811,0.0582332,0.07049804,9.964989E-07,0.07049811,true,0,0.0582332,0,1,PelvisPreSolveTranslation,FootGrounding,ModifierNotCompiled,-1,-1,-1,0,,,true,-98108,Sphere,CurrentGrounding,0,0.01988792,2.433199,3.812182,0,0,0,0,-1,0,0.05,1,4608,0.5735765,0.01988792,1.92,3.812182,0.01988792,1.92,3.812182,0,1,0,0.4631989,Anchored,None,true,-0.004282296,0.5493245,-0.1977631,-0.3931756,-0.3823089,0.5955287,0.5870252,-0.01370335,2.014703,3.809141,-0.3931756,-0.3823089,0.5955287,0.5870252,1,false,false,false,ModifierNotCompiled,0,0,0,0,0,0,0,0,ModifierNotCompiled,0,0,0,0,FootPlacementEffectorTarget,FootGrounding,true,1,true,0.001603276,1,0.09765204,0.002689242,-98108,-0.01370335,1.92,3.809141,0,1,0,0,0,0,0,-0.01370335,2.014703,3.809141,-0.01352241,1.933479,3.810759,-0.04261656,1.932157,3.743864,0.01347864,0.01215708,0,1,1,1,1,0.07049811,6.705523E-08,0.000226997,0,0.000226997,-0.00270714,6.705523E-08,true,0,1,0,-1.401298E-45,1,-3.35458E-33,3.363116E-44,1.421891E-06,1.66439E-31,0,1,0,true,-0.2687946,0.1544219,0.1261663,-0.2350708,0.1652011,0.1267426,-0.2350708,0.1652011,0.1267426,-0.2350708,0.1652011,0.1267425,1.639128E-07,0,true,-98108,Sphere,CurrentGrounding,1,-0.4269404,2.430805,3.850822,0,0,0,0,-1,0,0.05,1,4608,0.5735765,-0.4269404,1.92,3.850822,-0.4269404,1.92,3.850822,0,1,0,0.4608049,Anchored,None,true,-0.1271383,0.5445805,-0.2578109,-0.5760555,-0.5907266,0.399672,0.39933,-0.4068427,2.005594,3.778516,-0.5760555,-0.5907266,0.399672,0.39933,1,false,false,false,ModifierNotCompiled,0,0,0,0,0,0,0,0,ModifierNotCompiled,0,0,0,0,FootPlacementEffectorTarget,FootGrounding,true,1,true,-0.0007641868,1,0.1268352,0.001025915,-98108,-0.4068427,1.92,3.778516,0,1,0,0.0006623268,0,0.0006623268,0,-0.4068427,2.005594,3.778516,-0.404721,1.924493,3.776309,-0.3772688,1.926645,3.701364,0.004492879,0.006644845,0,1,1,1,1,0.07049811,0.0006623939,0.000881857,0,0.000881857,-0.002177966,0.0006623939,true,0,1,0,6.681627E-26,1,-1.16119E-20,-3.289676E-24,1.421891E-06,5.716597E-19,0,1,0,true,0.1740112,0.1526829,0.05495028,0.1592555,0.1560925,0.1285322,0.1592555,0.1560925,0.1285322,0.1592554,0.1560924,0.1285322,1.228781E-07,0
751,452,751,1,752,0,752,false,rootmotion.finalik.full-body-biped-ik/indexed-pose-backend,None,true,true,1,lyra-5.7/ABP_Mannequin_Base/CR_Mannequin_FootPlant,unreal-engine-5.7/SpringInterpV2/FMath.SpringDamper,corin.animation-rig,87731f0d0ca14844bbf861368b9847b3,corin.foot-placement,6d6118d2f41a5948ddd18dc6d88083c8c5bf77a4682a4ec3fce5d2ec6af01624,c7fd2c730a70465e6baa0d7496f46c9d49c4cc944fadbd61ecba1116729d5817,Corin.FootPlacementRig,2997edf1c34f13f7e2a3033372226eb399379f30c4303fddfe3e97ec1e4bf38d,0,-288406,0.07049811,0.05827373,0.07049805,9.31399E-07,0.07049811,true,0,0.05827373,0,1,PelvisPreSolveTranslation,FootGrounding,ModifierNotCompiled,-1,-1,-1,0,,,true,-98108,Sphere,CurrentGrounding,0,0.01955032,2.433181,3.8119,0,0,0,0,-1,0,0.05,1,4608,0.5735765,0.01955032,1.92,3.8119,0.01955032,1.92,3.8119,0,1,0,0.4631808,Anchored,None,true,-0.004282296,0.5493245,-0.1977631,-0.3931756,-0.3823089,0.5955287,0.5870252,-0.01370335,2.014703,3.809141,-0.3931756,-0.3823089,0.5955287,0.5870252,1,false,false,false,ModifierNotCompiled,0,0,0,0,0,0,0,0,ModifierNotCompiled,0,0,0,0,FootPlacementEffectorTarget,FootGrounding,true,1,true,0.001540099,1,0.09383295,0.002658844,-98108,-0.01370335,1.92,3.809141,0,1,0,0,0,0,0,-0.01370335,2.014703,3.809141,-0.01352239,1.933479,3.810758,-0.04261661,1.932157,3.743865,0.01347852,0.01215696,0,1,1,1,1,0.07049811,5.960464E-08,0.0002149375,0,0.0002149375,-0.002577025,5.960464E-08,true,0,1,0,-1.401298E-45,1,-2.677704E-33,3.363116E-44,1.417603E-06,1.328606E-31,0,1,0,true,-0.2684372,0.1543916,0.1264231,-0.2350708,0.1652011,0.1267426,-0.2350708,0.1652011,0.1267426,-0.2350708,0.1652011,0.1267427,9.657056E-08,0,true,-98108,Sphere,CurrentGrounding,1,-0.4274609,2.430856,3.850781,0,0,0,0,-1,0,0.05,1,4608,0.5735765,-0.4274609,1.92,3.850781,-0.4274609,1.92,3.850781,0,1,0,0.4608562,Anchored,None,true,-0.1271383,0.5445805,-0.2578109,-0.5760555,-0.5907266,0.399672,0.39933,-0.4068427,2.005594,3.778516,-0.5760555,-0.5907266,0.399672,0.39933,1,false,false,false,ModifierNotCompiled,0,0,0,0,0,0,0,0,ModifierNotCompiled,0,0,0,0,FootPlacementEffectorTarget,FootGrounding,true,1,true,-0.000754367,1,0.1256284,0.001067162,-98108,-0.4068427,1.92,3.778516,0,1,0,0.0006483793,0,0.0006483793,0,-0.4068427,2.005594,3.778516,-0.404721,1.924493,3.776309,-0.3772682,1.926646,3.701364,0.004492879,0.006645799,0,1,1,1,1,0.07049811,0.0006484389,0.0008718043,0,0.0008718043,-0.002207897,0.0006484389,true,0,1,0,5.342625E-26,1,-9.285049E-21,-2.63068E-24,1.417603E-06,4.571524E-19,0,1,0,true,0.1745333,0.1527241,0.05495312,0.1592555,0.1560925,0.1285322,0.1592555,0.1560925,0.1285322,0.1592556,0.1560925,0.1285323,7.450581E-08,0
752,453,752,1,753,0,753,false,rootmotion.finalik.full-body-biped-ik/indexed-pose-backend,None,true,true,1,lyra-5.7/ABP_Mannequin_Base/CR_Mannequin_FootPlant,unreal-engine-5.7/SpringInterpV2/FMath.SpringDamper,corin.animation-rig,87731f0d0ca14844bbf861368b9847b3,corin.foot-placement,6d6118d2f41a5948ddd18dc6d88083c8c5bf77a4682a4ec3fce5d2ec6af01624,c7fd2c730a70465e6baa0d7496f46c9d49c4cc944fadbd61ecba1116729d5817,Corin.FootPlacementRig,2997edf1c34f13f7e2a3033372226eb399379f30c4303fddfe3e97ec1e4bf38d,0,-288406,0.07049811,0.05830568,0.07049805,8.898641E-07,0.07049811,true,0,0.05830568,0,1,PelvisPreSolveTranslation,FootGrounding,ModifierNotCompiled,-1,-1,-1,0,,,true,-98108,Sphere,CurrentGrounding,0,0.01933527,2.433167,3.811729,0,0,0,0,-1,0,0.05,1,4608,0.5735765,0.01933527,1.92,3.811729,0.01933527,1.92,3.811729,0,1,0,0.463167,Anchored,None,true,-0.004282296,0.5493245,-0.1977631,-0.3931756,-0.3823089,0.5955287,0.5870252,-0.01370335,2.014703,3.809141,-0.3931756,-0.3823089,0.5955287,0.5870252,1,false,false,false,ModifierNotCompiled,0,0,0,0,0,0,0,0,ModifierNotCompiled,0,0,0,0,FootPlacementEffectorTarget,FootGrounding,true,1,true,0.001499689,1,0.09146768,0.002637982,-98108,-0.01370335,1.92,3.809141,0,1,0,0,0,0,0,-0.01370335,2.014703,3.809141,-0.01352233,1.933479,3.810759,-0.04261676,1.932157,3.743865,0.01347864,0.01215708,0,1,1,1,1,0.07049811,5.960464E-08,0.0002075208,0,0.0002075208,-0.002496305,5.960464E-08,true,0,1,0,-1.401298E-45,1,-2.317736E-33,3.363116E-44,1.423816E-06,1.150028E-31,0,1,0,true,-0.2682103,0.1543707,0.1265776,-0.2350708,0.1652011,0.1267426,-0.2350708,0.1652011,0.1267426,-0.2350708,0.165201,0.1267426,6.143906E-08,0,true,-98108,Sphere,CurrentGrounding,1,-0.4277918,2.430889,3.850749,0,0,0,0,-1,0,0.05,1,4608,0.5735765,-0.4277918,1.92,3.850749,-0.4277918,1.92,3.850749,0,1,0,0.4608887,Anchored,None,true,-0.1271383,0.5445805,-0.2578109,-0.5760555,-0.5907266,0.399672,0.39933,-0.4068427,2.005594,3.778516,-0.5760555,-0.5907266,0.399672,0.39933,1,false,false,false,ModifierNotCompiled,0,0,0,0,0,0,0,0,ModifierNotCompiled,0,0,0,0,FootPlacementEffectorTarget,FootGrounding,true,1,true,-0.000748086,1,0.1248943,0.001093149,-98108,-0.4068427,1.92,3.778516,0,1,0,0.0006380081,0,0.0006380081,0,-0.4068427,2.005594,3.778516,-0.4047209,1.924493,3.776308,-0.377268,1.926646,3.701364,0.004492879,0.006646276,0,1,1,1,1,0.07049811,0.0006380677,0.000865275,0,0.000865275,-0.00223496,0.0006380677,true,0,1,0,4.629475E-26,1,-8.045748E-21,-2.27967E-24,1.423816E-06,3.961597E-19,0,1,0,true,0.1748657,0.1527501,0.0549603,0.1592555,0.1560925,0.1285322,0.1592555,0.1560925,0.1285322,0.1592554,0.1560926,0.1285324,1.837139E-07,0
753,454,753,1,754,0,754,false,rootmotion.finalik.full-body-biped-ik/indexed-pose-backend,None,true,true,1,lyra-5.7/ABP_Mannequin_Base/CR_Mannequin_FootPlant,unreal-engine-5.7/SpringInterpV2/FMath.SpringDamper,corin.animation-rig,87731f0d0ca14844bbf861368b9847b3,corin.foot-placement,6d6118d2f41a5948ddd18dc6d88083c8c5bf77a4682a4ec3fce5d2ec6af01624,c7fd2c730a70465e6baa0d7496f46c9d49c4cc944fadbd61ecba1116729d5817,Corin.FootPlacementRig,2997edf1c34f13f7e2a3033372226eb399379f30c4303fddfe3e97ec1e4bf38d,0,-288406,0.07049811,0.05834037,0.07049805,8.531813E-07,0.07049811,true,0,0.05834037,0,1,PelvisPreSolveTranslation,FootGrounding,ModifierNotCompiled,-1,-1,-1,0,,,true,-98108,Sphere,CurrentGrounding,0,0.01912856,2.433153,3.811572,0,0,0,0,-1,0,0.05,1,4608,0.5735765,0.01912856,1.92,3.811572,0.01912856,1.92,3.811572,0,1,0,0.4631527,Anchored,None,true,-0.004282296,0.5493245,-0.1977631,-0.3931756,-0.3823089,0.5955287,0.5870252,-0.01370335,2.014703,3.809141,-0.3931756,-0.3823089,0.5955287,0.5870252,1,false,false,false,ModifierNotCompiled,0,0,0,0,0,0,0,0,ModifierNotCompiled,0,0,0,0,FootPlacementEffectorTarget,FootGrounding,true,1,true,0.001460568,1,0.08924085,0.002616644,-98108,-0.01370335,1.92,3.809141,0,1,0,0,0,0,0,-0.01370335,2.014703,3.809141,-0.01352236,1.933479,3.810759,-0.04261653,1.932157,3.743865,0.01347852,0.01215708,0,1,1,1,1,0.07049811,5.960464E-08,0.0002005624,0,0.0002005624,-0.002420115,5.960464E-08,true,0,1,0,-1.401298E-45,1,-2.015383E-33,3.363116E-44,1.428701E-06,1.000029E-31,0,1,0,true,-0.2679926,0.1543494,0.1267195,-0.2350708,0.1652011,0.1267426,-0.2350708,0.1652011,0.1267426,-0.2350708,0.165201,0.1267426,8.42937E-08,0,true,-98108,Sphere,CurrentGrounding,1,-0.4281104,2.43092,3.850715,0,0,0,0,-1,0,0.05,1,4608,0.5735765,-0.4281104,1.92,3.850715,-0.4281104,1.92,3.850715,0,1,0,0.46092,Anchored,None,true,-0.1271383,0.5445805,-0.2578109,-0.5760555,-0.5907266,0.399672,0.39933,-0.4068427,2.005594,3.778516,-0.5760555,-0.5907266,0.399672,0.39933,1,false,false,false,ModifierNotCompiled,0,0,0,0,0,0,0,0,ModifierNotCompiled,0,0,0,0,FootPlacementEffectorTarget,FootGrounding,true,1,true,-0.0007420052,1,0.1242123,0.001118302,-98108,-0.4068427,1.92,3.778516,0,1,0,0.0006271601,0,0.0006271601,0,-0.4068427,2.005594,3.778516,-0.4047208,1.924493,3.776308,-0.3772677,1.926647,3.701363,0.004492879,0.006646872,0,1,1,1,1,0.07049811,0.0006272197,0.0008588679,0,0.0008588679,-0.002266665,0.0006272197,true,0,1,0,4.0298E-26,1,-7.003632E-21,-1.984493E-24,1.428701E-06,3.448683E-19,0,1,0,true,0.1751858,0.1527752,0.05497124,0.1592555,0.1560925,0.1285322,0.1592555,0.1560925,0.1285322,0.1592556,0.1560925,0.1285322,7.450581E-08,0
754,455,754,1,755,0,755,false,rootmotion.finalik.full-body-biped-ik/indexed-pose-backend,None,true,true,1,lyra-5.7/ABP_Mannequin_Base/CR_Mannequin_FootPlant,unreal-engine-5.7/SpringInterpV2/FMath.SpringDamper,corin.animation-rig,87731f0d0ca14844bbf861368b9847b3,corin.foot-placement,6d6118d2f41a5948ddd18dc6d88083c8c5bf77a4682a4ec3fce5d2ec6af01624,c7fd2c730a70465e6baa0d7496f46c9d49c4cc944fadbd61ecba1116729d5817,Corin.FootPlacementRig,2997edf1c34f13f7e2a3033372226eb399379f30c4303fddfe3e97ec1e4bf38d,0,-288406,0.07049811,0.05838197,0.07049805,8.174874E-07,0.07049811,true,0,0.05838197,0,1,PelvisPreSolveTranslation,FootGrounding,ModifierNotCompiled,-1,-1,-1,0,,,true,-98108,Sphere,CurrentGrounding,0,0.01890922,2.433136,3.811412,0,0,0,0,-1,0,0.05,1,4608,0.5735765,0.01890922,1.92,3.811412,0.01890922,1.92,3.811412,0,1,0,0.4631364,Anchored,None,true,-0.004282296,0.5493245,-0.1977631,-0.3931756,-0.3823089,0.5955287,0.5870252,-0.01370335,2.014703,3.809141,-0.3931756,-0.3823089,0.5955287,0.5870252,1,false,false,false,ModifierNotCompiled,0,0,0,0,0,0,0,0,ModifierNotCompiled,0,0,0,0,FootPlacementEffectorTarget,FootGrounding,true,1,true,0.001418876,1,0.08694135,0.00259304,-98108,-0.01370335,1.92,3.809141,0,1,0,0,0,0,0,-0.01370335,2.014703,3.809141,-0.0135224,1.933479,3.810759,-0.04261653,1.932157,3.743865,0.01347852,0.01215696,0,1,1,1,1,0.07049811,5.960464E-08,0.0001933822,0,0.0001933822,-0.002341031,5.960464E-08,true,0,1,0,-1.401298E-45,1,-1.736492E-33,3.363116E-44,1.431641E-06,8.61665E-32,0,1,0,true,-0.2677622,0.1543258,0.1268622,-0.2350708,0.1652011,0.1267426,-0.2350708,0.1652011,0.1267426,-0.2350708,0.165201,0.1267427,1.173319E-07,0,true,-98108,Sphere,CurrentGrounding,1,-0.4284482,2.430953,3.850674,0,0,0,0,-1,0,0.05,1,4608,0.5735765,-0.4284482,1.92,3.850674,-0.4284482,1.92,3.850674,0,1,0,0.4609532,Anchored,None,true,-0.1271383,0.5445805,-0.2578109,-0.5760555,-0.5907266,0.399672,0.39933,-0.4068427,2.005594,3.778516,-0.5760555,-0.5907266,0.399672,0.39933,1,false,false,false,ModifierNotCompiled,0,0,0,0,0,0,0,0,ModifierNotCompiled,0,0,0,0,FootPlacementEffectorTarget,FootGrounding,true,1,true,-0.0007355248,1,0.1235171,0.001144409,-98108,-0.4068427,1.92,3.778516,0,1,0,0.0006142855,0,0.0006142855,0,-0.4068427,2.005594,3.778516,-0.4047207,1.924493,3.776309,-0.3772673,1.926648,3.701363,0.004492998,0.006647587,0,1,1,1,1,0.07049811,0.0006143451,0.0008519249,0,0.0008519249,-0.00230976,0.0006143451,true,0,1,0,3.476039E-26,1,-6.04129E-21,-1.711899E-24,1.431641E-06,2.975002E-19,0,1,0,true,0.1755258,0.1528012,0.05498743,0.1592555,0.1560925,0.1285322,0.1592555,0.1560925,0.1285322,0.1592555,0.1560925,0.1285323,1.043081E-07,0
755,456,755,1,756,0,756,false,rootmotion.finalik.full-body-biped-ik/indexed-pose-backend,None,true,true,1,lyra-5.7/ABP_Mannequin_Base/CR_Mannequin_FootPlant,unreal-engine-5.7/SpringInterpV2/FMath.SpringDamper,corin.animation-rig,87731f0d0ca14844bbf861368b9847b3,corin.foot-placement,6d6118d2f41a5948ddd18dc6d88083c8c5bf77a4682a4ec3fce5d2ec6af01624,c7fd2c730a70465e6baa0d7496f46c9d49c4cc944fadbd61ecba1116729d5817,Corin.FootPlacementRig,2997edf1c34f13f7e2a3033372226eb399379f30c4303fddfe3e97ec1e4bf38d,0,-288406,0.07049811,0.05842727,0.07049805,7.853498E-07,0.07049811,true,0,0.05842727,0,1,PelvisPreSolveTranslation,FootGrounding,ModifierNotCompiled,-1,-1,-1,0,,,true,-98108,Sphere,CurrentGrounding,0,0.01869345,2.433119,3.811265,0,0,0,0,-1,0,0.05,1,4608,0.5735765,0.01869345,1.92,3.811265,0.01869345,1.92,3.811265,0,1,0,0.4631189,Anchored,None,true,-0.004282296,0.5493245,-0.1977631,-0.3931756,-0.3823089,0.5955287,0.5870252,-0.01370335,2.014703,3.809141,-0.3931756,-0.3823089,0.5955287,0.5870252,1,false,false,false,ModifierNotCompiled,0,0,0,0,0,0,0,0,ModifierNotCompiled,0,0,0,0,FootPlacementEffectorTarget,FootGrounding,true,1,true,0.001377584,1,0.08474483,0.002568841,-98108,-0.01370335,1.92,3.809141,0,1,0,0,0,0,0,-0.01370335,2.014703,3.809141,-0.0135225,1.933479,3.810759,-0.04261675,1.932157,3.743865,0.01347864,0.01215708,0,1,1,1,1,0.07049811,5.960464E-08,0.0001865028,0,0.0001865028,-0.002264814,5.960464E-08,true,0,1,0,-1.401298E-45,1,-1.498321E-33,3.363116E-44,1.433912E-06,7.435005E-32,0,1,0,true,-0.2675362,0.1543015,0.1269939,-0.2350708,0.1652011,0.1267426,-0.2350708,0.1652011,0.1267426,-0.2350708,0.1652011,0.1267424,2.235174E-07,0,true,-98108,Sphere,CurrentGrounding,1,-0.428781,2.430986,3.85063,0,0,0,0,-1,0,0.05,1,4608,0.5735765,-0.428781,1.92,3.85063,-0.428781,1.92,3.85063,0,1,0,0.460986,Anchored,None,true,-0.1271383,0.5445805,-0.2578109,-0.5760555,-0.5907266,0.399672,0.39933,-0.4068427,2.005594,3.778516,-0.5760555,-0.5907266,0.399672,0.39933,1,false,false,false,ModifierNotCompiled,0,0,0,0,0,0,0,0,ModifierNotCompiled,0,0,0,0,FootPlacementEffectorTarget,FootGrounding,true,1,true,-0.0007291067,1,0.1228612,0.001170039,-98108,-0.4068427,1.92,3.778516,0,1,0,0.0006012917,0,0.0006012917,0,-0.4068427,2.005594,3.778516,-0.4047207,1.924493,3.776309,-0.3772671,1.926648,3.701363,0.00449276,0.006648064,0,1,1,1,1,0.07049811,0.0006013513,0.0008449162,0,0.0008449162,-0.002354277,0.0006013513,true,0,1,0,3.002587E-26,1,-5.218502E-21,-1.478822E-24,1.433912E-06,2.569985E-19,0,1,0,true,0.1758609,0.1528269,0.05500684,0.1592555,0.1560925,0.1285322,0.1592555,0.1560925,0.1285322,0.1592555,0.1560925,0.1285321,8.024521E-08,0
756,457,756,1,757,0,757,false,rootmotion.finalik.full-body-biped-ik/indexed-pose-backend,None,true,true,1,lyra-5.7/ABP_Mannequin_Base/CR_Mannequin_FootPlant,unreal-engine-5.7/SpringInterpV2/FMath.SpringDamper,corin.animation-rig,87731f0d0ca14844bbf861368b9847b3,corin.foot-placement,6d6118d2f41a5948ddd18dc6d88083c8c5bf77a4682a4ec3fce5d2ec6af01624,c7fd2c730a70465e6baa0d7496f46c9d49c4cc944fadbd61ecba1116729d5817,Corin.FootPlacementRig,2997edf1c34f13f7e2a3033372226eb399379f30c4303fddfe3e97ec1e4bf38d,0,-288406,0.07049811,0.05850846,0.07049805,7.394164E-07,0.07049811,true,0,0.05850846,0,1,PelvisPreSolveTranslation,FootGrounding,ModifierNotCompiled,-1,-1,-1,0,,,true,-98108,Sphere,CurrentGrounding,0,0.01835322,2.433089,3.811049,0,0,0,0,-1,0,0.05,1,4608,0.5735765,0.01835322,1.92,3.811049,0.01835322,1.92,3.811049,0,1,0,0.4630895,Anchored,None,true,-0.004282296,0.5493245,-0.1977631,-0.3931756,-0.3823089,0.5955287,0.5870252,-0.01370335,2.014703,3.809141,-0.3931756,-0.3823089,0.5955287,0.5870252,1,false,false,false,ModifierNotCompiled,0,0,0,0,0,0,0,0,ModifierNotCompiled,0,0,0,0,FootPlacementEffectorTarget,FootGrounding,true,1,true,0.001311936,1,0.08095124,0.002529144,-98108,-0.01370335,1.92,3.809141,0,1,0,0,0,0,0,-0.01370335,2.014703,3.809141,-0.01352241,1.933479,3.810759,-0.04261641,1.932157,3.743866,0.01347864,0.01215696,0,1,1,1,1,0.07049811,5.960464E-08,0.0001760406,0,0.0001760406,-0.002148079,5.960464E-08,true,0,1,0,-1.401298E-45,1,-1.185493E-33,3.363116E-44,1.423354E-06,5.882914E-32,0,1,0,true,-0.2671811,0.1542617,0.127184,-0.2350708,0.1652011,0.1267426,-0.2350708,0.1652011,0.1267426,-0.2350708,0.1652011,0.1267427,3.650024E-08,0,true,-98108,Sphere,CurrentGrounding,1,-0.4293065,2.431037,3.850553,0,0,0,0,-1,0,0.05,1,4608,0.5735765,-0.4293065,1.92,3.850553,-0.4293065,1.92,3.850553,0,1,0,0.4610369,Anchored,None,true,-0.1271383,0.5445805,-0.2578109,-0.5760555,-0.5907266,0.399672,0.39933,-0.4068427,2.005594,3.778516,-0.5760555,-0.5907266,0.399672,0.39933,1,false,false,false,ModifierNotCompiled,0,0,0,0,0,0,0,0,ModifierNotCompiled,0,0,0,0,FootPlacementEffectorTarget,FootGrounding,true,1,true,-0.0007189027,1,0.1218439,0.001209855,-98108,-0.4068427,1.92,3.778516,0,1,0,0.0005787611,0,0.0005787611,0,-0.4068427,2.005594,3.778516,-0.4047209,1.924493,3.776309,-0.3772668,1.926649,3.701362,0.004492879,0.006648898,0,1,1,1,1,0.07049811,0.0005788207,0.000833477,0,0.000833477,-0.002442465,0.0005788207,true,0,1,0,2.379832E-26,1,-4.136231E-21,-1.17222E-24,1.423354E-06,2.037195E-19,0,1,0,true,0.1763906,0.1528665,0.05504546,0.1592555,0.1560925,0.1285322,0.1592555,0.1560925,0.1285322,0.1592555,0.1560925,0.1285323,1.115101E-07,0
757,458,757,1,758,0,758,false,rootmotion.finalik.full-body-biped-ik/indexed-pose-backend,None,true,true,1,lyra-5.7/ABP_Mannequin_Base/CR_Mannequin_FootPlant,unreal-engine-5.7/SpringInterpV2/FMath.SpringDamper,corin.animation-rig,87731f0d0ca14844bbf861368b9847b3,corin.foot-placement,6d6118d2f41a5948ddd18dc6d88083c8c5bf77a4682a4ec3fce5d2ec6af01624,c7fd2c730a70465e6baa0d7496f46c9d49c4cc944fadbd61ecba1116729d5817,Corin.FootPlacementRig,2997edf1c34f13f7e2a3033372226eb399379f30c4303fddfe3e97ec1e4bf38d,0,-288406,0.07049811,0.05860513,0.07049805,6.979008E-07,0.07049811,true,0,0.05860513,0,1,PelvisPreSolveTranslation,FootGrounding,ModifierNotCompiled,-1,-1,-1,0,,,true,-98108,Sphere,CurrentGrounding,0,0.01799965,2.433056,3.810852,0,0,0,0,-1,0,0.05,1,4608,0.5735765,0.01799965,1.92,3.810852,0.01799965,1.92,3.810852,0,1,0,0.4630564,Anchored,None,true,-0.004282296,0.5493245,-0.1977631,-0.3931756,-0.3823089,0.5955287,0.5870252,-0.01370335,2.014703,3.809141,-0.3931756,-0.3823089,0.5955287,0.5870252,1,false,false,false,ModifierNotCompiled,0,0,0,0,0,0,0,0,ModifierNotCompiled,0,0,0,0,FootPlacementEffectorTarget,FootGrounding,true,1,true,0.001242803,1,0.07733544,0.002485633,-98108,-0.01370335,1.92,3.809141,0,1,0,0,0,0,0,-0.01370335,2.014703,3.809141,-0.01352247,1.933479,3.810759,-0.04261639,1.932157,3.743865,0.01347864,0.01215708,0,1,1,1,1,0.07049811,5.960464E-08,0.00016561,0,0.00016561,-0.002030673,5.960464E-08,true,0,1,0,-1.401298E-45,1,-9.264065E-34,3.363116E-44,1.414738E-06,4.597407E-32,0,1,0,true,-0.2668141,0.1542181,0.127355,-0.2350708,0.1652011,0.1267426,-0.2350708,0.1652011,0.1267426,-0.2350708,0.1652011,0.1267425,1.349358E-07,0,true,-98108,Sphere,CurrentGrounding,1,-0.4298551,2.43109,3.850463,0,0,0,0,-1,0,0.05,1,4608,0.5735765,-0.4298551,1.92,3.850463,-0.4298551,1.92,3.850463,0,1,0,0.4610901,Anchored,None,true,-0.1271383,0.5445805,-0.2578109,-0.5760555,-0.5907266,0.399672,0.39933,-0.4068427,2.005594,3.778516,-0.5760555,-0.5907266,0.399672,0.39933,1,false,false,false,ModifierNotCompiled,0,0,0,0,0,0,0,0,ModifierNotCompiled,0,0,0,0,FootPlacementEffectorTarget,FootGrounding,true,1,true,-0.000708157,1,0.1208108,0.001250386,-98108,-0.4068427,1.92,3.778516,0,1,0,0.0005527735,0,0.0005527735,0,-0.4068427,2.005594,3.778516,-0.4047209,1.924493,3.776309,-0.3772663,1.92665,3.701362,0.00449276,0.006649733,0,1,1,1,1,0.07049811,0.0005528331,0.0008209351,0,0.0008209351,-0.002551259,0.0005528331,true,0,1,0,1.863113E-26,1,-3.23822E-21,-9.17797E-25,1.414738E-06,1.595066E-19,0,1,0,true,0.1769443,0.152907,0.05509474,0.1592555,0.1560925,0.1285322,0.1592555,0.1560925,0.1285322,0.1592556,0.1560926,0.1285321,1.237783E-07,0
758,459,758,1,759,0,759,false,rootmotion.finalik.full-body-biped-ik/indexed-pose-backend,None,true,true,1,lyra-5.7/ABP_Mannequin_Base/CR_Mannequin_FootPlant,unreal-engine-5.7/SpringInterpV2/FMath.SpringDamper,corin.animation-rig,87731f0d0ca14844bbf861368b9847b3,corin.foot-placement,6d6118d2f41a5948ddd18dc6d88083c8c5bf77a4682a4ec3fce5d2ec6af01624,c7fd2c730a70465e6baa0d7496f46c9d49c4cc944fadbd61ecba1116729d5817,Corin.FootPlacementRig,2997edf1c34f13f7e2a3033372226eb399379f30c4303fddfe3e97ec1e4bf38d,0,-288406,0.07049811,0.05866885,0.07049805,6.764344E-07,0.07049811,true,0,0.05866885,0,1,PelvisPreSolveTranslation,FootGrounding,ModifierNotCompiled,-1,-1,-1,0,,,true,-98108,Sphere,CurrentGrounding,0,0.01778936,2.433036,3.810748,0,0,0,0,-1,0,0.05,1,4608,0.5735765,0.01778936,1.92,3.810748,0.01778936,1.92,3.810748,0,1,0,0.4630358,Anchored,None,true,-0.004282296,0.5493245,-0.1977631,-0.3931756,-0.3823089,0.5955287,0.5870252,-0.01370335,2.014703,3.809141,-0.3931756,-0.3823089,0.5955287,0.5870252,1,false,false,false,ModifierNotCompiled,0,0,0,0,0,0,0,0,ModifierNotCompiled,0,0,0,0,FootPlacementEffectorTarget,FootGrounding,true,1,true,0.001201268,1,0.0754016,0.00245893,-98108,-0.01370335,1.92,3.809141,0,1,0,0,0,0,0,-0.01370335,2.014703,3.809141,-0.01352238,1.933479,3.810758,-0.04261636,1.932157,3.743865,0.01347864,0.01215696,0,1,1,1,1,0.07049811,5.960464E-08,0.0001596111,0,0.0001596111,-0.001962675,5.960464E-08,true,0,1,0,-1.401298E-45,1,-7.986447E-34,3.363116E-44,1.421476E-06,3.96347E-32,0,1,0,true,-0.2665967,0.1541914,0.1274433,-0.2350708,0.1652011,0.1267426,-0.2350708,0.1652011,0.1267426,-0.2350708,0.1652011,0.1267428,1.341105E-07,0,true,-98108,Sphere,CurrentGrounding,1,-0.4301825,2.431121,3.850405,0,0,0,0,-1,0,0.05,1,4608,0.5735765,-0.4301825,1.92,3.850405,-0.4301825,1.92,3.850405,0,1,0,0.4611213,Anchored,None,true,-0.1271383,0.5445805,-0.2578109,-0.5760555,-0.5907266,0.399672,0.39933,-0.4068427,2.005594,3.778516,-0.5760555,-0.5907266,0.399672,0.39933,1,false,false,false,ModifierNotCompiled,0,0,0,0,0,0,0,0,ModifierNotCompiled,0,0,0,0,FootPlacementEffectorTarget,FootGrounding,true,1,true,-0.0007017012,1,0.1202104,0.001274228,-98108,-0.4068427,1.92,3.778516,0,1,0,0.0005366802,0,0.0005366802,0,-0.4068427,2.005594,3.778516,-0.4047208,1.924493,3.776308,-0.3772661,1.92665,3.701362,0.004492998,0.006650209,0,1,1,1,1,0.07049811,0.0005367398,0.00081312,0,0.00081312,-0.002615837,0.0005367398,true,0,1,0,1.607915E-26,1,-2.7947E-21,-7.921307E-25,1.421476E-06,1.376684E-19,0,1,0,true,0.1772751,0.1529306,0.05512881,0.1592555,0.1560925,0.1285322,0.1592555,0.1560925,0.1285322,0.1592555,0.1560925,0.1285324,1.467594E-07,0
759,460,759,1,760,0,760,false,rootmotion.finalik.full-body-biped-ik/indexed-pose-backend,None,true,true,1,lyra-5.7/ABP_Mannequin_Base/CR_Mannequin_FootPlant,unreal-engine-5.7/SpringInterpV2/FMath.SpringDamper,corin.animation-rig,87731f0d0ca14844bbf861368b9847b3,corin.foot-placement,6d6118d2f41a5948ddd18dc6d88083c8c5bf77a4682a4ec3fce5d2ec6af01624,c7fd2c730a70465e6baa0d7496f46c9d49c4cc944fadbd61ecba1116729d5817,Corin.FootPlacementRig,2997edf1c34f13f7e2a3033372226eb399379f30c4303fddfe3e97ec1e4bf38d,0,-288406,0.07049811,0.05873346,0.07049805,6.57715E-07,0.07049811,true,0,0.05873346,0,1,PelvisPreSolveTranslation,FootGrounding,ModifierNotCompiled,-1,-1,-1,0,,,true,-98108,Sphere,CurrentGrounding,0,0.01758981,2.433016,3.810658,0,0,0,0,-1,0,0.05,1,4608,0.5735765,0.01758981,1.92,3.810658,0.01758981,1.92,3.810658,0,1,0,0.4630156,Anchored,None,true,-0.004282296,0.5493245,-0.1977631,-0.3931756,-0.3823089,0.5955287,0.5870252,-0.01370335,2.014703,3.809141,-0.3931756,-0.3823089,0.5955287,0.5870252,1,false,false,false,ModifierNotCompiled,0,0,0,0,0,0,0,0,ModifierNotCompiled,0,0,0,0,FootPlacementEffectorTarget,FootGrounding,true,1,true,0.001161455,1,0.07373214,0.0024333,-98108,-0.01370335,1.92,3.809141,0,1,0,0,0,0,0,-0.01370335,2.014703,3.809141,-0.01352236,1.933479,3.810759,-0.04261623,1.932157,3.743866,0.01347864,0.0121572,0,1,1,1,1,0.07049811,5.960464E-08,0.0001540493,0,0.0001540493,-0.001899323,5.960464E-08,true,0,1,0,-1.401298E-45,1,-6.927297E-34,3.363116E-44,1.426808E-06,3.437922E-32,0,1,0,true,-0.2663911,0.1541656,0.1275181,-0.2350708,0.1652011,0.1267426,-0.2350708,0.1652011,0.1267426,-0.2350708,0.1652011,0.1267426,9.064023E-08,0,true,-98108,Sphere,CurrentGrounding,1,-0.4304945,2.431151,3.850347,0,0,0,0,-1,0,0.05,1,4608,0.5735765,-0.4304945,1.92,3.850347,-0.4304945,1.92,3.850347,0,1,0,0.4611513,Anchored,None,true,-0.1271383,0.5445805,-0.2578109,-0.5760555,-0.5907266,0.399672,0.39933,-0.4068427,2.005594,3.778516,-0.5760555,-0.5907266,0.399672,0.39933,1,false,false,false,ModifierNotCompiled,0,0,0,0,0,0,0,0,ModifierNotCompiled,0,0,0,0,FootPlacementEffectorTarget,FootGrounding,true,1,true,-0.0006955127,1,0.1196495,0.001296401,-98108,-0.4068427,1.92,3.778516,0,1,0,0.0005204678,0,0.0005204678,0,-0.4068427,2.005594,3.778516,-0.4047209,1.924493,3.776308,-0.3772662,1.926651,3.701362,0.004492879,0.006650686,0,1,1,1,1,0.07049811,0.0005205274,0.0008054354,0,0.0008054354,-0.002682721,0.0005205274,true,0,1,0,1.396122E-26,1,-2.426612E-21,-6.878319E-25,1.426808E-06,1.195432E-19,0,1,0,true,0.1775906,0.1529528,0.05516401,0.1592555,0.1560925,0.1285322,0.1592555,0.1560925,0.1285322,0.1592556,0.1560925,0.1285322,1.043081E-07,0
760,461,760,1,761,0,761,false,rootmotion.finalik.full-body-biped-ik/indexed-pose-backend,None,true,true,1,lyra-5.7/ABP_Mannequin_Base/CR_Mannequin_FootPlant,unreal-engine-5.7/SpringInterpV2/FMath.SpringDamper,corin.animation-rig,87731f0d0ca14844bbf861368b9847b3,corin.foot-placement,6d6118d2f41a5948ddd18dc6d88083c8c5bf77a4682a4ec3fce5d2ec6af01624,c7fd2c730a70465e6baa0d7496f46c9d49c4cc944fadbd61ecba1116729d5817,Corin.FootPlacementRig,2997edf1c34f13f7e2a3033372226eb399379f30c4303fddfe3e97ec1e4bf38d,0,-288406,0.07049811,0.05884397,0.07049805,6.30744E-07,0.07049811,true,0,0.05884397,0,1,PelvisPreSolveTranslation,FootGrounding,ModifierNotCompiled,-1,-1,-1,0,,,true,-98108,Sphere,CurrentGrounding,0,0.01727653,2.432983,3.810539,0,0,0,0,-1,0,0.05,1,4608,0.5735765,0.01727653,1.92,3.810539,0.01727653,1.92,3.810539,0,1,0,0.4629834,Anchored,None,true,-0.004282296,0.5493245,-0.1977631,-0.3931756,-0.3823089,0.5955287,0.5870252,-0.01370335,2.014703,3.809141,-0.3931756,-0.3823089,0.5955287,0.5870252,1,false,false,false,ModifierNotCompiled,0,0,0,0,0,0,0,0,ModifierNotCompiled,0,0,0,0,FootPlacementEffectorTarget,FootGrounding,true,1,true,0.001098256,1,0.07239208,0.002392888,-98108,-0.01370335,1.92,3.809141,0,1,0,0,0,0,0,-0.01370335,2.014703,3.809141,-0.01352239,1.933479,3.810759,-0.04261615,1.932157,3.743866,0.01347864,0.01215708,0,1,1,1,1,0.07049811,5.960464E-08,0.0001455998,0,0.0001455998,-0.001802518,5.960464E-08,true,0,1,0,-1.401298E-45,1,-5.528769E-34,3.363116E-44,1.420609E-06,2.743953E-32,0,1,0,true,-0.26607,0.1541251,0.1276141,-0.2350708,0.1652011,0.1267426,-0.2350708,0.1652011,0.1267426,-0.2350708,0.1652011,0.1267426,3.332001E-08,0,true,-98108,Sphere,CurrentGrounding,1,-0.4309871,2.431198,3.85025,0,0,0,0,-1,0,0.05,1,4608,0.5735765,-0.4309871,1.92,3.85025,-0.4309871,1.92,3.85025,0,1,0,0.4611981,Anchored,None,true,-0.1271383,0.5445805,-0.2578109,-0.5760555,-0.5907266,0.399672,0.39933,-0.4068427,2.005594,3.778516,-0.5760555,-0.5907266,0.399672,0.39933,1,false,false,false,ModifierNotCompiled,0,0,0,0,0,0,0,0,ModifierNotCompiled,0,0,0,0,FootPlacementEffectorTarget,FootGrounding,true,1,true,-0.0006856896,1,0.1187361,0.001330853,-98108,-0.4068427,1.92,3.778516,0,1,0,0.0004938841,0,0.0004938841,0,-0.4068427,2.005594,3.778516,-0.404721,1.924493,3.776309,-0.3772657,1.926651,3.701361,0.004492879,0.006651402,0,1,1,1,1,0.07049811,0.0004939437,0.0007928403,0,0.0007928403,-0.002799526,0.0004939437,true,0,1,0,1.116087E-26,1,-1.939916E-21,-5.499165E-25,1.420609E-06,9.557567E-20,0,1,0,true,0.1780889,0.1529871,0.055225,0.1592555,0.1560925,0.1285322,0.1592555,0.1560925,0.1285322,0.1592555,0.1560925,0.1285322,1.490116E-08,0
761,462,761,1,762,0,762,false,rootmotion.finalik.full-body-biped-ik/indexed-pose-backend,None,true,true,1,lyra-5.7/ABP_Mannequin_Base/CR_Mannequin_FootPlant,unreal-engine-5.7/SpringInterpV2/FMath.SpringDamper,corin.animation-rig,87731f0d0ca14844bbf861368b9847b3,corin.foot-placement,6d6118d2f41a5948ddd18dc6d88083c8c5bf77a4682a4ec3fce5d2ec6af01624,c7fd2c730a70465e6baa0d7496f46c9d49c4cc944fadbd61ecba1116729d5817,Corin.FootPlacementRig,2997edf1c34f13f7e2a3033372226eb399379f30c4303fddfe3e97ec1e4bf38d,0,-288406,0.07049811,0.05892438,0.07049805,6.148113E-07,0.07049811,true,0,0.05892438,0,1,PelvisPreSolveTranslation,FootGrounding,ModifierNotCompiled,-1,-1,-1,0,,,true,-98108,Sphere,CurrentGrounding,0,0.017066,2.432961,3.810475,0,0,0,0,-1,0,0.05,1,4608,0.5735765,0.017066,1.92,3.810475,0.017066,1.92,3.810475,0,1,0,0.4629614,Anchored,None,true,-0.004282296,0.5493245,-0.1977631,-0.3931756,-0.3823089,0.5955287,0.5870252,-0.01370335,2.014703,3.809141,-0.3931756,-0.3823089,0.5955287,0.5870252,1,false,false,false,ModifierNotCompiled,0,0,0,0,0,0,0,0,ModifierNotCompiled,0,0,0,0,FootPlacementEffectorTarget,FootGrounding,true,1,true,0.001055193,1,0.07192136,0.002365589,-98108,-0.01370335,1.92,3.809141,0,1,0,0,0,0,0,-0.01370335,2.014703,3.809141,-0.01352238,1.933479,3.810759,-0.04261601,1.932157,3.743866,0.01347852,0.01215696,0,1,1,1,1,0.07049811,5.960464E-08,0.0001400849,0,0.0001400849,-0.001738952,5.960464E-08,true,0,1,0,-1.401298E-45,1,-4.740359E-34,3.363116E-44,1.425378E-06,2.352721E-32,0,1,0,true,-0.2658553,0.1540977,0.1276624,-0.2350708,0.1652011,0.1267426,-0.2350708,0.1652011,0.1267426,-0.2350708,0.165201,0.1267429,2.751676E-07,0,true,-98108,Sphere,CurrentGrounding,1,-0.4313207,2.43123,3.850181,0,0,0,0,-1,0,0.05,1,4608,0.5735765,-0.4313207,1.92,3.850181,-0.4313207,1.92,3.850181,0,1,0,0.4612295,Anchored,None,true,-0.1271383,0.5445805,-0.2578109,-0.5760555,-0.5907266,0.399672,0.39933,-0.4068427,2.005594,3.778516,-0.5760555,-0.5907266,0.399672,0.39933,1,false,false,false,ModifierNotCompiled,0,0,0,0,0,0,0,0,ModifierNotCompiled,0,0,0,0,FootPlacementEffectorTarget,FootGrounding,true,1,true,-0.0006789961,1,0.1181062,0.001353383,-98108,-0.4068427,1.92,3.778516,0,1,0,0.000475049,0,0.000475049,0,-0.4068427,2.005594,3.778516,-0.4047208,1.924493,3.776308,-0.3772655,1.926652,3.701361,0.004492879,0.006651878,0,1,1,1,1,0.07049811,0.0004751086,0.0007839327,0,0.0007839327,-0.002880186,0.0004751086,true,0,1,0,9.579916E-27,1,-1.665143E-21,-4.720492E-25,1.425378E-06,8.204333E-20,0,1,0,true,0.1784266,0.1530095,0.05526908,0.1592555,0.1560925,0.1285322,0.1592555,0.1560925,0.1285322,0.1592555,0.1560923,0.1285323,2.313282E-07,0
762,463,762,1,763,0,763,false,rootmotion.finalik.full-body-biped-ik/indexed-pose-backend,None,true,true,1,lyra-5.7/ABP_Mannequin_Base/CR_Mannequin_FootPlant,unreal-engine-5.7/SpringInterpV2/FMath.SpringDamper,corin.animation-rig,87731f0d0ca14844bbf861368b9847b3,corin.foot-placement,6d6118d2f41a5948ddd18dc6d88083c8c5bf77a4682a4ec3fce5d2ec6af01624,c7fd2c730a70465e6baa0d7496f46c9d49c4cc944fadbd61ecba1116729d5817,Corin.FootPlacementRig,2997edf1c34f13f7e2a3033372226eb399379f30c4303fddfe3e97ec1e4bf38d,0,-288406,0.07049811,0.05900419,0.07049805,6.011429E-07,0.07049811,true,0,0.05900419,0,1,PelvisPreSolveTranslation,FootGrounding,ModifierNotCompiled,-1,-1,-1,0,,,true,-98108,Sphere,CurrentGrounding,0,0.01686907,2.432941,3.810426,0,0,0,0,-1,0,0.05,1,4608,0.5735765,0.01686907,1.92,3.810426,0.01686907,1.92,3.810426,0,1,0,0.462941,Anchored,None,true,-0.004282296,0.5493245,-0.1977631,-0.3931756,-0.3823089,0.5955287,0.5870252,-0.01370335,2.014703,3.809141,-0.3931756,-0.3823089,0.5955287,0.5870252,1,false,false,false,ModifierNotCompiled,0,0,0,0,0,0,0,0,ModifierNotCompiled,0,0,0,0,FootPlacementEffectorTarget,FootGrounding,true,1,true,0.001014426,1,0.07154588,0.002340198,-98108,-0.01370335,1.92,3.809141,0,1,0,0,0,0,0,-0.01370335,2.014703,3.809141,-0.01352245,1.933479,3.810759,-0.04261602,1.932157,3.743866,0.01347852,0.01215696,0,1,1,1,1,0.07049811,5.960464E-08,0.000135043,0,0.000135043,-0.001680576,5.960464E-08,true,0,1,0,-1.401298E-45,1,-4.09771E-34,3.363116E-44,1.429461E-06,2.033811E-32,0,1,0,true,-0.2656554,0.1540722,0.1276965,-0.2350708,0.1652011,0.1267426,-0.2350708,0.1652011,0.1267426,-0.2350708,0.1652012,0.1267426,9.541399E-08,0,true,-98108,Sphere,CurrentGrounding,1,-0.4316347,2.431259,3.850114,0,0,0,0,-1,0,0.05,1,4608,0.5735765,-0.4316347,1.92,3.850114,-0.4316347,1.92,3.850114,0,1,0,0.4612591,Anchored,None,true,-0.1271383,0.5445805,-0.2578109,-0.5760555,-0.5907266,0.399672,0.39933,-0.4068427,2.005594,3.778516,-0.5760555,-0.5907266,0.399672,0.39933,1,false,false,false,ModifierNotCompiled,0,0,0,0,0,0,0,0,ModifierNotCompiled,0,0,0,0,FootPlacementEffectorTarget,FootGrounding,true,1,true,-0.0006726595,1,0.1175157,0.001374364,-98108,-0.4068427,1.92,3.778516,0,1,0,0.0004566908,0,0.0004566908,0,-0.4068427,2.005594,3.778516,-0.404721,1.924493,3.776308,-0.3772653,1.926652,3.701361,0.00449276,0.006652236,0,1,1,1,1,0.07049811,0.0004567504,0.0007752601,0,0.0007752601,-0.002959391,0.0004567504,true,0,1,0,8.289811E-27,1,-1.440919E-21,-4.085032E-25,1.429461E-06,7.099971E-20,0,1,0,true,0.1787446,0.1530305,0.0553127,0.1592555,0.1560925,0.1285322,0.1592555,0.1560925,0.1285322,0.1592556,0.1560925,0.1285322,6.664002E-08,0
763,464,763,1,764,0,764,false,rootmotion.finalik.full-body-biped-ik/indexed-pose-backend,None,true,true,1,lyra-5.7/ABP_Mannequin_Base/CR_Mannequin_FootPlant,unreal-engine-5.7/SpringInterpV2/FMath.SpringDamper,corin.animation-rig,87731f0d0ca14844bbf861368b9847b3,corin.foot-placement,6d6118d2f41a5948ddd18dc6d88083c8c5bf77a4682a4ec3fce5d2ec6af01624,c7fd2c730a70465e6baa0d7496f46c9d49c4cc944fadbd61ecba1116729d5817,Corin.FootPlacementRig,2997edf1c34f13f7e2a3033372226eb399379f30c4303fddfe3e97ec1e4bf38d,0,-288406,0.07049811,0.05908436,0.07049805,5.891865E-07,0.07049811,true,0,0.05908436,0,1,PelvisPreSolveTranslation,FootGrounding,ModifierNotCompiled,-1,-1,-1,0,,,true,-98108,Sphere,CurrentGrounding,0,0.01668191,2.432921,3.810393,0,0,0,0,-1,0,0.05,1,4608,0.5735765,0.01668191,1.92,3.810393,0.01668191,1.92,3.810393,0,1,0,0.4629213,Anchored,None,true,-0.004282296,0.5493245,-0.1977631,-0.3931756,-0.3823089,0.5955287,0.5870252,-0.01370335,2.014703,3.809141,-0.3931756,-0.3823089,0.5955287,0.5870252,1,false,false,false,ModifierNotCompiled,0,0,0,0,0,0,0,0,ModifierNotCompiled,0,0,0,0,FootPlacementEffectorTarget,FootGrounding,true,1,true,0.0009752725,1,0.07125051,0.002316117,-98108,-0.01370335,1.92,3.809141,0,1,0,0,0,0,0,-0.01370335,2.014703,3.809141,-0.01352257,1.933479,3.810758,-0.04261585,1.932157,3.743866,0.01347864,0.01215708,0,1,1,1,1,0.07049811,5.960464E-08,0.0001303602,0,0.0001303602,-0.001626129,5.960464E-08,true,0,1,0,-1.401298E-45,1,-3.562603E-34,3.363116E-44,1.4329E-06,1.768262E-32,0,1,0,true,-0.2654663,0.1540478,0.1277161,-0.2350708,0.1652011,0.1267426,-0.2350708,0.1652011,0.1267426,-0.2350709,0.1652012,0.1267426,1.555727E-07,0,true,-98108,Sphere,CurrentGrounding,1,-0.4319348,2.431287,3.850049,0,0,0,0,-1,0,0.05,1,4608,0.5735765,-0.4319348,1.92,3.850049,-0.4319348,1.92,3.850049,0,1,0,0.4612872,Anchored,None,true,-0.1271383,0.5445805,-0.2578109,-0.5760555,-0.5907266,0.399672,0.39933,-0.4068427,2.005594,3.778516,-0.5760555,-0.5907266,0.399672,0.39933,1,false,false,false,ModifierNotCompiled,0,0,0,0,0,0,0,0,ModifierNotCompiled,0,0,0,0,FootPlacementEffectorTarget,FootGrounding,true,1,true,-0.0006665737,1,0.1169541,0.001394033,-98108,-0.4068427,1.92,3.778516,0,1,0,0.0004386902,0,0.0004386902,0,-0.4068427,2.005594,3.778516,-0.4047208,1.924493,3.776308,-0.3772651,1.926653,3.70136,0.004492879,0.006652594,0,1,1,1,1,0.07049811,0.0004387498,0.0007667054,0,0.0007667054,-0.003037328,0.0004387498,true,0,1,0,7.214461E-27,1,-1.254017E-21,-3.555321E-25,1.4329E-06,6.179378E-20,0,1,0,true,0.1790488,0.1530501,0.05535637,0.1592555,0.1560925,0.1285322,0.1592555,0.1560925,0.1285322,0.1592555,0.1560925,0.1285321,1.084821E-07,0
764,465,764,1,765,0,765,false,rootmotion.finalik.full-body-biped-ik/indexed-pose-backend,None,true,true,1,lyra-5.7/ABP_Mannequin_Base/CR_Mannequin_FootPlant,unreal-engine-5.7/SpringInterpV2/FMath.SpringDamper,corin.animation-rig,87731f0d0ca14844bbf861368b9847b3,corin.foot-placement,6d6118d2f41a5948ddd18dc6d88083c8c5bf77a4682a4ec3fce5d2ec6af01624,c7fd2c730a70465e6baa0d7496f46c9d49c4cc944fadbd61ecba1116729d5817,Corin.FootPlacementRig,2997edf1c34f13f7e2a3033372226eb399379f30c4303fddfe3e97ec1e4bf38d,0,-288406,0.07049811,0.05917174,0.07049805,5.777289E-07,0.07049811,true,0,0.05917174,0,1,PelvisPreSolveTranslation,FootGrounding,ModifierNotCompiled,-1,-1,-1,0,,,true,-98108,Sphere,CurrentGrounding,0,0.01648808,2.432902,3.81037,0,0,0,0,-1,0,0.05,1,4608,0.5735765,0.01648808,1.92,3.81037,0.01648808,1.92,3.81037,0,1,0,0.4629015,Anchored,None,true,-0.004282296,0.5493245,-0.1977631,-0.3931756,-0.3823089,0.5955287,0.5870252,-0.01370335,2.014703,3.809141,-0.3931756,-0.3823089,0.5955287,0.5870252,1,false,false,false,ModifierNotCompiled,0,0,0,0,0,0,0,0,ModifierNotCompiled,0,0,0,0,FootPlacementEffectorTarget,FootGrounding,true,1,true,0.0009342422,1,0.07101048,0.002291799,-98108,-0.01370335,1.92,3.809141,0,1,0,0,0,0,0,-0.01370335,2.014703,3.809141,-0.01352237,1.933479,3.810758,-0.04261579,1.932157,3.743866,0.01347864,0.0121572,0,1,1,1,1,0.07049811,5.960464E-08,0.0001256164,0,0.0001256164,-0.00157075,5.960464E-08,true,0,1,0,-1.401298E-45,1,-3.076715E-34,3.363116E-44,1.434915E-06,1.527133E-32,0,1,0,true,-0.2652713,0.1540233,0.1277248,-0.2350708,0.1652011,0.1267426,-0.2350708,0.1652011,0.1267426,-0.2350708,0.1652012,0.1267425,1.959942E-07,0,true,-98108,Sphere,CurrentGrounding,1,-0.4322479,2.431316,3.849978,0,0,0,0,-1,0,0.05,1,4608,0.5735765,-0.4322479,1.92,3.849978,-0.4322479,1.92,3.849978,0,1,0,0.4613163,Anchored,None,true,-0.1271383,0.5445805,-0.2578109,-0.5760555,-0.5907266,0.399672,0.39933,-0.4068427,2.005594,3.778516,-0.5760555,-0.5907266,0.399672,0.39933,1,false,false,false,ModifierNotCompiled,0,0,0,0,0,0,0,0,ModifierNotCompiled,0,0,0,0,FootPlacementEffectorTarget,FootGrounding,true,1,true,-0.0006601962,1,0.1163713,0.001414061,-98108,-0.4068427,1.92,3.778516,0,1,0,0.0004192591,0,0.0004192591,0,-0.4068427,2.005594,3.778516,-0.404721,1.924493,3.776308,-0.3772651,1.926653,3.701361,0.00449276,0.00665307,0,1,1,1,1,0.07049811,0.0004193187,0.0007574977,0,0.0007574977,-0.003122662,0.0004193187,true,0,1,0,6.236995E-27,1,-1.084126E-21,-3.073799E-25,1.434915E-06,5.342524E-20,0,1,0,true,0.1793662,0.1530701,0.05540386,0.1592555,0.1560925,0.1285322,0.1592555,0.1560925,0.1285322,0.1592556,0.1560927,0.1285322,2.117853E-07,0
765,466,765,1,766,0,766,false,rootmotion.finalik.full-body-biped-ik/indexed-pose-backend,None,true,true,1,lyra-5.7/ABP_Mannequin_Base/CR_Mannequin_FootPlant,unreal-engine-5.7/SpringInterpV2/FMath.SpringDamper,corin.animation-rig,87731f0d0ca14844bbf861368b9847b3,corin.foot-placement,6d6118d2f41a5948ddd18dc6d88083c8c5bf77a4682a4ec3fce5d2ec6af01624,c7fd2c730a70465e6baa0d7496f46c9d49c4cc944fadbd61ecba1116729d5817,Corin.FootPlacementRig,2997edf1c34f13f7e2a3033372226eb399379f30c4303fddfe3e97ec1e4bf38d,0,-288406,0.07049811,0.05933356,0.07049805,5.593349E-07,0.07049811,true,0,0.05933356,0,1,PelvisPreSolveTranslation,FootGrounding,ModifierNotCompiled,-1,-1,-1,0,,,true,-98108,Sphere,CurrentGrounding,0,0.01614833,2.432868,3.810346,0,0,0,0,-1,0,0.05,1,4608,0.5735765,0.01614833,1.92,3.810346,0.01614833,1.92,3.810346,0,1,0,0.4628675,Anchored,None,true,-0.004282296,0.5493245,-0.1977631,-0.3931756,-0.3823089,0.5955287,0.5870252,-0.01370335,2.014703,3.809141,-0.3931756,-0.3823089,0.5955287,0.5870252,1,false,false,false,ModifierNotCompiled,0,0,0,0,0,0,0,0,ModifierNotCompiled,0,0,0,0,FootPlacementEffectorTarget,FootGrounding,true,1,true,0.0008622774,1,0.07324448,0.002250075,-98108,-0.01370335,1.92,3.809141,0,1,0,0,0,0,0,-0.01370335,2.014703,3.809141,-0.01352226,1.933479,3.810759,-0.04261547,1.932157,3.743867,0.01347852,0.01215696,0,1,1,1,1,0.07049811,5.960464E-08,0.0001176978,0,0.0001176978,-0.001477806,5.960464E-08,true,0,1,0,-1.401298E-45,1,-2.380076E-34,3.363116E-44,1.419376E-06,1.181404E-32,0,1,0,true,-0.2649307,0.1539813,0.1277237,-0.2350708,0.1652011,0.1267426,-0.2350708,0.1652011,0.1267426,-0.2350709,0.165201,0.1267426,5.575504E-08,0,true,-98108,Sphere,CurrentGrounding,1,-0.4327939,2.431367,3.849851,0,0,0,0,-1,0,0.05,1,4608,0.5735765,-0.4327939,1.92,3.849851,-0.4327939,1.92,3.849851,0,1,0,0.4613671,Anchored,None,true,-0.1271383,0.5445805,-0.2578109,-0.5760555,-0.5907266,0.399672,0.39933,-0.4068427,2.005594,3.778516,-0.5760555,-0.5907266,0.399672,0.39933,1,false,false,false,ModifierNotCompiled,0,0,0,0,0,0,0,0,ModifierNotCompiled,0,0,0,0,FootPlacementEffectorTarget,FootGrounding,true,1,true,-0.0006490104,1,0.1153639,0.001448154,-98108,-0.4068427,1.92,3.778516,0,1,0,0.00038445,0,0.00038445,0,-0.4068427,2.005594,3.778516,-0.4047207,1.924493,3.776308,-0.3772645,1.926654,3.70136,0.004492879,0.006653786,0,1,1,1,1,0.07049811,0.0003845096,0.0007407453,0,0.0007407453,-0.003284605,0.0003845096,true,0,1,0,4.833549E-27,1,-8.401928E-22,-2.382374E-25,1.419376E-06,4.140852E-20,0,1,0,true,0.17992,0.1531039,0.05549043,0.1592555,0.1560925,0.1285322,0.1592555,0.1560925,0.1285322,0.1592555,0.1560925,0.1285322,2.980232E-08,0
766,467,766,1,767,0,767,false,rootmotion.finalik.full-body-biped-ik/indexed-pose-backend,None,true,true,1,lyra-5.7/ABP_Mannequin_Base/CR_Mannequin_FootPlant,unreal-engine-5.7/SpringInterpV2/FMath.SpringDamper,corin.animation-rig,87731f0d0ca14844bbf861368b9847b3,corin.foot-placement,6d6118d2f41a5948ddd18dc6d88083c8c5bf77a4682a4ec3fce5d2ec6af01624,c7fd2c730a70465e6baa0d7496f46c9d49c4cc944fadbd61ecba1116729d5817,Corin.FootPlacementRig,2997edf1c34f13f7e2a3033372226eb399379f30c4303fddfe3e97ec1e4bf38d,0,-288406,0.07049811,0.05955631,0.07049805,5.392295E-07,0.07049811,true,0,0.05955631,0,1,PelvisPreSolveTranslation,FootGrounding,ModifierNotCompiled,-1,-1,-1,0,,,true,-98108,Sphere,CurrentGrounding,0,0.0156877,2.432822,3.810268,0,0,0,0,-1,0,0.05,1,4608,0.5735765,0.0156877,1.92,3.810268,0.0156877,1.92,3.810268,0,1,0,0.4628215,Anchored,None,true,-0.004282296,0.5493245,-0.1977631,-0.3931756,-0.3823089,0.5955287,0.5870252,-0.01370335,2.014703,3.809141,-0.3931756,-0.3823089,0.5955287,0.5870252,1,false,false,false,ModifierNotCompiled,0,0,0,0,0,0,0,0,ModifierNotCompiled,0,0,0,0,FootPlacementEffectorTarget,FootGrounding,true,1,true,0.0007700629,1,0.07822481,0.002194881,-98108,-0.01370335,1.92,3.809141,0,1,0,0,0,0,0,-0.01370335,2.014703,3.809141,-0.0135224,1.933479,3.810759,-0.04261532,1.932157,3.743868,0.01347864,0.01215708,0,1,1,1,1,0.07049811,5.960464E-08,0.0001082436,0,0.0001082436,-0.00136599,5.960464E-08,true,0,1,0,-1.401298E-45,1,-1.71306E-34,3.363116E-44,1.393859E-06,8.503597E-33,0,1,0,true,-0.2644656,0.1539258,0.127768,-0.2350708,0.1652011,0.1267426,-0.2350708,0.1652011,0.1267426,-0.2350708,0.165201,0.1267427,3.650024E-08,0,true,-98108,Sphere,CurrentGrounding,1,-0.4334865,2.431431,3.849684,0,0,0,0,-1,0,0.05,1,4608,0.5735765,-0.4334865,1.92,3.849684,-0.4334865,1.92,3.849684,0,1,0,0.4614313,Anchored,None,true,-0.1271383,0.5445805,-0.2578109,-0.5760555,-0.5907266,0.399672,0.39933,-0.4068427,2.005594,3.778516,-0.5760555,-0.5907266,0.399672,0.39933,1,false,false,false,ModifierNotCompiled,0,0,0,0,0,0,0,0,ModifierNotCompiled,0,0,0,0,FootPlacementEffectorTarget,FootGrounding,true,1,true,-0.0006346771,1,0.1141011,0.001489639,-98108,-0.4068427,1.92,3.778516,0,1,0,0.0003385544,0,0.0003385544,0,-0.4068427,2.005594,3.778516,-0.4047208,1.924493,3.776309,-0.3772644,1.926655,3.70136,0.004492879,0.006654501,0,1,1,1,1,0.07049811,0.000338614,0.0007180329,0,0.0007180329,-0.003503092,0.000338614,true,0,1,0,3.486958E-27,1,-6.061363E-22,-1.718882E-25,1.393859E-06,2.987699E-20,0,1,0,true,0.180623,0.1531452,0.05560622,0.1592555,0.1560925,0.1285322,0.1592555,0.1560925,0.1285322,0.1592554,0.1560926,0.1285324,1.497548E-07,0
767,468,767,1,768,0,768,false,rootmotion.finalik.full-body-biped-ik/indexed-pose-backend,None,true,true,1,lyra-5.7/ABP_Mannequin_Base/CR_Mannequin_FootPlant,unreal-engine-5.7/SpringInterpV2/FMath.SpringDamper,corin.animation-rig,87731f0d0ca14844bbf861368b9847b3,corin.foot-placement,6d6118d2f41a5948ddd18dc6d88083c8c5bf77a4682a4ec3fce5d2ec6af01624,c7fd2c730a70465e6baa0d7496f46c9d49c4cc944fadbd61ecba1116729d5817,Corin.FootPlacementRig,2997edf1c34f13f7e2a3033372226eb399379f30c4303fddfe3e97ec1e4bf38d,0,-288406,0.07049811,0.05965304,0.07049805,5.327801E-07,0.07049811,true,0,0.05965304,0,1,PelvisPreSolveTranslation,FootGrounding,ModifierNotCompiled,-1,-1,-1,0,,,true,-98108,Sphere,CurrentGrounding,0,0.01548862,2.432802,3.810217,0,0,0,0,-1,0,0.05,1,4608,0.5735765,0.01548862,1.92,3.810217,0.01548862,1.92,3.810217,0,1,0,0.4628017,Anchored,None,true,-0.004282296,0.5493245,-0.1977631,-0.3931756,-0.3823089,0.5955287,0.5870252,-0.01370335,2.014703,3.809141,-0.3931756,-0.3823089,0.5955287,0.5870252,1,false,false,false,ModifierNotCompiled,0,0,0,0,0,0,0,0,ModifierNotCompiled,0,0,0,0,FootPlacementEffectorTarget,FootGrounding,true,1,true,0.0007320488,1,0.08037735,0.002171516,-98108,-0.01370335,1.92,3.809141,0,1,0,0,0,0,0,-0.01370335,2.014703,3.809141,-0.01352241,1.933479,3.81076,-0.04261504,1.932157,3.743868,0.01347852,0.01215708,0,1,1,1,1,0.07049811,5.960464E-08,0.0001045477,0,0.0001045477,-0.001322011,5.960464E-08,true,0,1,0,-1.401298E-45,1,-1.495378E-34,3.363116E-44,1.406417E-06,7.423187E-33,0,1,0,true,-0.2642634,0.1539024,0.1278038,-0.2350708,0.1652011,0.1267426,-0.2350708,0.1652011,0.1267426,-0.2350708,0.165201,0.1267427,6.143906E-08,0,true,-98108,Sphere,CurrentGrounding,1,-0.4337699,2.431457,3.849615,0,0,0,0,-1,0,0.05,1,4608,0.5735765,-0.4337699,1.92,3.849615,-0.4337699,1.92,3.849615,0,1,0,0.4614572,Anchored,None,true,-0.1271383,0.5445805,-0.2578109,-0.5760555,-0.5907266,0.399672,0.39933,-0.4068427,2.005594,3.778516,-0.5760555,-0.5907266,0.399672,0.39933,1,false,false,false,ModifierNotCompiled,0,0,0,0,0,0,0,0,ModifierNotCompiled,0,0,0,0,FootPlacementEffectorTarget,FootGrounding,true,1,true,-0.0006287685,1,0.1135899,0.00150609,-98108,-0.4068427,1.92,3.778516,0,1,0,0.0003190041,0,0.0003190041,0,-0.4068427,2.005594,3.778516,-0.4047208,1.924493,3.776309,-0.3772642,1.926655,3.70136,0.00449276,0.006654859,0,1,1,1,1,0.07049811,0.0003190637,0.0007082142,0,0.0007082142,-0.003586431,0.0003190637,true,0,1,0,3.046729E-27,1,-5.296169E-22,-1.501951E-25,1.406417E-06,2.610666E-20,0,1,0,true,0.1809108,0.1531616,0.05565492,0.1592555,0.1560925,0.1285322,0.1592555,0.1560925,0.1285322,0.1592555,0.1560925,0.1285322,6.143906E-08,0
768,469,768,1,769,0,769,false,rootmotion.finalik.full-body-biped-ik/indexed-pose-backend,None,true,true,1,lyra-5.7/ABP_Mannequin_Base/CR_Mannequin_FootPlant,unreal-engine-5.7/SpringInterpV2/FMath.SpringDamper,corin.animation-rig,87731f0d0ca14844bbf861368b9847b3,corin.foot-placement,6d6118d2f41a5948ddd18dc6d88083c8c5bf77a4682a4ec3fce5d2ec6af01624,c7fd2c730a70465e6baa0d7496f46c9d49c4cc944fadbd61ecba1116729d5817,Corin.FootPlacementRig,2997edf1c34f13f7e2a3033372226eb399379f30c4303fddfe3e97ec1e4bf38d,0,-288406,0.07049811,0.05974329,0.07049805,5.274177E-07,0.07049811,true,0,0.05974329,0,1,PelvisPreSolveTranslation,FootGrounding,ModifierNotCompiled,-1,-1,-1,0,,,true,-98108,Sphere,CurrentGrounding,0,0.01530313,2.432784,3.810163,0,0,0,0,-1,0,0.05,1,4608,0.5735765,0.01530313,1.92,3.810163,0.01530313,1.92,3.810163,0,1,0,0.4627836,Anchored,None,true,-0.004282296,0.5493245,-0.1977631,-0.3931756,-0.3823089,0.5955287,0.5870252,-0.01370335,2.014703,3.809141,-0.3931756,-0.3823089,0.5955287,0.5870252,1,false,false,false,ModifierNotCompiled,0,0,0,0,0,0,0,0,ModifierNotCompiled,0,0,0,0,FootPlacementEffectorTarget,FootGrounding,true,1,true,0.0006974672,1,0.08238032,0.002150059,-98108,-0.01370335,1.92,3.809141,0,1,0,0,0,0,0,-0.01370335,2.014703,3.809141,-0.0135225,1.933479,3.810758,-0.042615,1.932157,3.743868,0.01347852,0.01215708,0,1,1,1,1,0.07049811,5.960464E-08,0.0001012885,0,0.0001012885,-0.001283107,5.960464E-08,true,0,1,0,-1.401298E-45,1,-1.32142E-34,3.363116E-44,1.416108E-06,6.559776E-33,0,1,0,true,-0.2640744,0.153881,0.1278445,-0.2350708,0.1652011,0.1267426,-0.2350708,0.1652011,0.1267426,-0.2350708,0.1652011,0.1267426,7.598131E-08,0,true,-98108,Sphere,CurrentGrounding,1,-0.4340267,2.431481,3.849552,0,0,0,0,-1,0,0.05,1,4608,0.5735765,-0.4340267,1.92,3.849552,-0.4340267,1.92,3.849552,0,1,0,0.4614809,Anchored,None,true,-0.1271383,0.5445805,-0.2578109,-0.5760555,-0.5907266,0.399672,0.39933,-0.4068427,2.005594,3.778516,-0.5760555,-0.5907266,0.399672,0.39933,1,false,false,false,ModifierNotCompiled,0,0,0,0,0,0,0,0,ModifierNotCompiled,0,0,0,0,FootPlacementEffectorTarget,FootGrounding,true,1,true,-0.0006233933,1,0.1131297,0.001520753,-98108,-0.4068427,1.92,3.778516,0,1,0,0.0003012419,0,0.0003012419,0,-0.4068427,2.005594,3.778516,-0.4047208,1.924493,3.776308,-0.3772639,1.926655,3.70136,0.004492879,0.006655097,0,1,1,1,1,0.07049811,0.0003013015,0.0006990809,0,0.0006990809,-0.003660991,0.0003013015,true,0,1,0,2.6946E-27,1,-4.684101E-22,-1.328424E-25,1.416108E-06,2.309066E-20,0,1,0,true,0.1811714,0.1531762,0.05569891,0.1592555,0.1560925,0.1285322,0.1592555,0.1560925,0.1285322,0.1592555,0.1560926,0.1285322,2.980232E-08,0
769,470,769,1,770,0,770,false,rootmotion.finalik.full-body-biped-ik/indexed-pose-backend,None,true,true,1,lyra-5.7/ABP_Mannequin_Base/CR_Mannequin_FootPlant,unreal-engine-5.7/SpringInterpV2/FMath.SpringDamper,corin.animation-rig,87731f0d0ca14844bbf861368b9847b3,corin.foot-placement,6d6118d2f41a5948ddd18dc6d88083c8c5bf77a4682a4ec3fce5d2ec6af01624,c7fd2c730a70465e6baa0d7496f46c9d49c4cc944fadbd61ecba1116729d5817,Corin.FootPlacementRig,2997edf1c34f13f7e2a3033372226eb399379f30c4303fddfe3e97ec1e4bf38d,0,-288406,0.07049811,0.05990726,0.07049805,5.185014E-07,0.07049811,true,0,0.05990726,0,1,PelvisPreSolveTranslation,FootGrounding,ModifierNotCompiled,-1,-1,-1,0,,,true,-98108,Sphere,CurrentGrounding,0,0.01496696,2.432751,3.810045,0,0,0,0,-1,0,0.05,1,4608,0.5735765,0.01496696,1.92,3.810045,0.01496696,1.92,3.810045,0,1,0,0.4627512,Anchored,None,true,-0.004282296,0.5493245,-0.1977631,-0.3931756,-0.3823089,0.5955287,0.5870252,-0.01370335,2.014703,3.809141,-0.3931756,-0.3823089,0.5955287,0.5870252,1,false,false,false,ModifierNotCompiled,0,0,0,0,0,0,0,0,ModifierNotCompiled,0,0,0,0,FootPlacementEffectorTarget,FootGrounding,true,1,true,0.0006367875,1,0.08598875,0.002112389,-98108,-0.01370335,1.92,3.809141,0,1,0,0,0,0,0,-0.01370335,2.014703,3.809141,-0.01352242,1.933479,3.810759,-0.04261462,1.932157,3.743868,0.01347864,0.01215708,0,1,1,1,1,0.07049811,5.960464E-08,9.58085E-05,0,9.58085E-05,-0.001217437,5.960464E-08,true,0,1,0,-1.401298E-45,1,-1.064077E-34,3.363116E-44,1.415386E-06,5.282456E-33,0,1,0,true,-0.2637305,0.1538433,0.1279378,-0.2350708,0.1652011,0.1267426,-0.2350708,0.1652011,0.1267426,-0.2350708,0.1652011,0.1267425,1.264405E-07,0,true,-98108,Sphere,CurrentGrounding,1,-0.4344752,2.431522,3.849441,0,0,0,0,-1,0,0.05,1,4608,0.5735765,-0.4344752,1.92,3.849441,-0.4344752,1.92,3.849441,0,1,0,0.4615223,Anchored,None,true,-0.1271383,0.5445805,-0.2578109,-0.5760555,-0.5907266,0.399672,0.39933,-0.4068427,2.005594,3.778516,-0.5760555,-0.5907266,0.399672,0.39933,1,false,false,false,ModifierNotCompiled,0,0,0,0,0,0,0,0,ModifierNotCompiled,0,0,0,0,FootPlacementEffectorTarget,FootGrounding,true,1,true,-0.0006139615,1,0.1113107,0.001545548,-98108,-0.4068427,1.92,3.778516,0,1,0,0.0002695322,0,0.0002695322,0,-0.4068427,2.005594,3.778516,-0.4047211,1.924493,3.776309,-0.377264,1.926656,3.701359,0.00449276,0.006655574,0,1,1,1,1,0.07049811,0.0002695918,0.0006826216,0,0.0006826216,-0.003800916,0.0002695918,true,0,1,0,2.173065E-27,1,-3.777561E-22,-1.071398E-25,1.415386E-06,1.862334E-20,0,1,0,true,0.1816268,0.153201,0.05577644,0.1592555,0.1560925,0.1285322,0.1592555,0.1560925,0.1285322,0.1592554,0.1560925,0.1285322,6.664002E-08,0
770,471,770,1,771,0,771,false,rootmotion.finalik.full-body-biped-ik/indexed-pose-backend,None,true,true,1,lyra-5.7/ABP_Mannequin_Base/CR_Mannequin_FootPlant,unreal-engine-5.7/SpringInterpV2/FMath.SpringDamper,corin.animation-rig,87731f0d0ca14844bbf861368b9847b3,corin.foot-placement,6d6118d2f41a5948ddd18dc6d88083c8c5bf77a4682a4ec3fce5d2ec6af01624,c7fd2c730a70465e6baa0d7496f46c9d49c4cc944fadbd61ecba1116729d5817,Corin.FootPlacementRig,2997edf1c34f13f7e2a3033372226eb399379f30c4303fddfe3e97ec1e4bf38d,0,-288406,0.07049811,0.06000781,0.07049805,5.140239E-07,0.07049811,true,0,0.06000781,0,1,PelvisPreSolveTranslation,FootGrounding,ModifierNotCompiled,-1,-1,-1,0,,,true,-98108,Sphere,CurrentGrounding,0,0.01476073,2.432732,3.809962,0,0,0,0,-1,0,0.05,1,4608,0.5735765,0.01476073,1.92,3.809962,0.01476073,1.92,3.809962,0,1,0,0.4627319,Anchored,None,true,-0.004282296,0.5493245,-0.1977631,-0.3931756,-0.3823089,0.5955287,0.5870252,-0.01370335,2.014703,3.809141,-0.3931756,-0.3823089,0.5955287,0.5870252,1,false,false,false,ModifierNotCompiled,0,0,0,0,0,0,0,0,ModifierNotCompiled,0,0,0,0,FootPlacementEffectorTarget,FootGrounding,true,1,true,0.0006006554,1,0.08818915,0.00208962,-98108,-0.01370335,1.92,3.809141,0,1,0,0,0,0,0,-0.01370335,2.014703,3.809141,-0.01352249,1.933479,3.810759,-0.04261453,1.932157,3.743868,0.01347864,0.01215708,0,1,1,1,1,0.07049811,5.960464E-08,9.267541E-05,0,9.267541E-05,-0.001179738,5.960464E-08,true,0,1,0,-1.401298E-45,1,-9.351041E-35,3.363116E-44,1.422863E-06,4.642282E-33,0,1,0,true,-0.2635187,0.1538206,0.1280055,-0.2350708,0.1652011,0.1267426,-0.2350708,0.1652011,0.1267426,-0.2350708,0.1652011,0.1267427,8.161702E-08,0,true,-98108,Sphere,CurrentGrounding,1,-0.4347408,2.431547,3.849375,0,0,0,0,-1,0,0.05,1,4608,0.5735765,-0.4347408,1.92,3.849375,-0.4347408,1.92,3.849375,0,1,0,0.4615467,Anchored,None,true,-0.1271383,0.5445805,-0.2578109,-0.5760555,-0.5907266,0.399672,0.39933,-0.4068427,2.005594,3.778516,-0.5760555,-0.5907266,0.399672,0.39933,1,false,false,false,ModifierNotCompiled,0,0,0,0,0,0,0,0,ModifierNotCompiled,0,0,0,0,FootPlacementEffectorTarget,FootGrounding,true,1,true,-0.0006083454,1,0.1099176,0.001560092,-98108,-0.4068427,1.92,3.778516,0,1,0,0.0002504587,0,0.0002504587,0,-0.4068427,2.005594,3.778516,-0.4047209,1.924493,3.776308,-0.3772639,1.926656,3.701359,0.004492879,0.006655931,0,1,1,1,1,0.07049811,0.0002505183,0.0006725105,0,0.0006725105,-0.003880148,0.0002505183,true,0,1,0,1.911359E-27,1,-3.322654E-22,-9.424134E-26,1.422863E-06,1.638146E-20,0,1,0,true,0.1818965,0.1532153,0.05582264,0.1592555,0.1560925,0.1285322,0.1592555,0.1560925,0.1285322,0.1592555,0.1560925,0.1285322,1.490116E-08,0
771,472,771,1,772,0,772,false,rootmotion.finalik.full-body-biped-ik/indexed-pose-backend,None,true,true,1,lyra-5.7/ABP_Mannequin_Base/CR_Mannequin_FootPlant,unreal-engine-5.7/SpringInterpV2/FMath.SpringDamper,corin.animation-rig,87731f0d0ca14844bbf861368b9847b3,corin.foot-placement,6d6118d2f41a5948ddd18dc6d88083c8c5bf77a4682a4ec3fce5d2ec6af01624,c7fd2c730a70465e6baa0d7496f46c9d49c4cc944fadbd61ecba1116729d5817,Corin.FootPlacementRig,2997edf1c34f13f7e2a3033372226eb399379f30c4303fddfe3e97ec1e4bf38d,0,-288406,0.07049811,0.0601148,0.07049805,5.097399E-07,0.07049811,true,0,0.0601148,0,1,PelvisPreSolveTranslation,FootGrounding,ModifierNotCompiled,-1,-1,-1,0,,,true,-98108,Sphere,CurrentGrounding,0,0.01454163,2.432712,3.809865,0,0,0,0,-1,0,0.05,1,4608,0.5735765,0.01454163,1.92,3.809865,0.01454163,1.92,3.809865,0,1,0,0.4627116,Anchored,None,true,-0.004282296,0.5493245,-0.1977631,-0.3931756,-0.3823089,0.5955287,0.5870252,-0.01370335,2.014703,3.809141,-0.3931756,-0.3823089,0.5955287,0.5870252,1,false,false,false,ModifierNotCompiled,0,0,0,0,0,0,0,0,ModifierNotCompiled,0,0,0,0,FootPlacementEffectorTarget,FootGrounding,true,1,true,0.00056318,1,0.0905085,0.002066135,-98108,-0.01370335,1.92,3.809141,0,1,0,0,0,0,0,-0.01370335,2.014703,3.809141,-0.01352232,1.933479,3.810758,-0.04261442,1.932157,3.743868,0.01347852,0.01215708,0,1,1,1,1,0.07049811,5.960464E-08,8.952872E-05,0,8.952872E-05,-0.001141765,5.960464E-08,true,0,1,0,-1.401298E-45,1,-8.178365E-35,3.363116E-44,1.428326E-06,4.060197E-33,0,1,0,true,-0.2632931,0.1537973,0.1280855,-0.2350708,0.1652011,0.1267426,-0.2350708,0.1652011,0.1267426,-0.2350708,0.1652011,0.1267427,6.82857E-08,0,true,-98108,Sphere,CurrentGrounding,1,-0.4350154,2.431572,3.849307,0,0,0,0,-1,0,0.05,1,4608,0.5735765,-0.4350154,1.92,3.849307,-0.4350154,1.92,3.849307,0,1,0,0.4615719,Anchored,None,true,-0.1271383,0.5445805,-0.2578109,-0.5760555,-0.5907266,0.399672,0.39933,-0.4068427,2.005594,3.778516,-0.5760555,-0.5907266,0.399672,0.39933,1,false,false,false,ModifierNotCompiled,0,0,0,0,0,0,0,0,ModifierNotCompiled,0,0,0,0,FootPlacementEffectorTarget,FootGrounding,true,1,true,-0.0006025204,1,0.1084815,0.001574874,-98108,-0.4068427,1.92,3.778516,0,1,0,0.0002303123,0,0.0002303123,0,-0.4068427,2.005594,3.778516,-0.4047209,1.924493,3.776309,-0.3772638,1.926656,3.70136,0.00449276,0.00665617,0,1,1,1,1,0.07049811,0.000230372,0.0006618022,0,0.0006618022,-0.00396416,0.000230372,true,0,1,0,1.673185E-27,1,-2.908648E-22,-8.250209E-26,1.428326E-06,1.434103E-20,0,1,0,true,0.1821754,0.1532301,0.05587104,0.1592555,0.1560925,0.1285322,0.1592555,0.1560925,0.1285322,0.1592554,0.1560925,0.1285322,6.143906E-08,0
772,473,772,1,773,0,773,false,rootmotion.finalik.full-body-biped-ik/indexed-pose-backend,None,true,true,1,lyra-5.7/ABP_Mannequin_Base/CR_Mannequin_FootPlant,unreal-engine-5.7/SpringInterpV2/FMath.SpringDamper,corin.animation-rig,87731f0d0ca14844bbf861368b9847b3,corin.foot-placement,6d6118d2f41a5948ddd18dc6d88083c8c5bf77a4682a4ec3fce5d2ec6af01624,c7fd2c730a70465e6baa0d7496f46c9d49c4cc944fadbd61ecba1116729d5817,Corin.FootPlacementRig,2997edf1c34f13f7e2a3033372226eb399379f30c4303fddfe3e97ec1e4bf38d,0,-288406,0.07049811,0.06029731,0.07049805,5.029648E-07,0.07049811,true,0,0.06029731,0,1,PelvisPreSolveTranslation,FootGrounding,ModifierNotCompiled,-1,-1,-1,0,,,true,-98108,Sphere,CurrentGrounding,0,0.01416826,2.432678,3.809682,0,0,0,0,-1,0,0.05,1,4608,0.5735765,0.01416826,1.92,3.809682,0.01416826,1.92,3.809682,0,1,0,0.4626783,Anchored,None,true,-0.004282296,0.5493245,-0.1977631,-0.3931756,-0.3823089,0.5955287,0.5870252,-0.01370335,2.014703,3.809141,-0.3931756,-0.3823089,0.5955287,0.5870252,1,false,false,false,ModifierNotCompiled,0,0,0,0,0,0,0,0,ModifierNotCompiled,0,0,0,0,FootPlacementEffectorTarget,FootGrounding,true,1,true,0.0005011226,1,0.09442496,0.002027631,-98108,-0.01370335,1.92,3.809141,0,1,0,0,0,0,0,-0.01370335,2.014703,3.809141,-0.01352244,1.933479,3.810758,-0.04261406,1.932157,3.743869,0.01347864,0.01215708,0,1,1,1,1,0.07049811,5.960464E-08,8.454667E-05,0,8.454667E-05,-0.001081415,5.960464E-08,true,0,1,0,-1.401298E-45,1,-6.553352E-35,3.363116E-44,1.422235E-06,3.253562E-33,0,1,0,true,-0.2629074,0.1537589,0.1282408,-0.2350708,0.1652011,0.1267426,-0.2350708,0.1652011,0.1267426,-0.2350709,0.165201,0.1267427,1.010646E-07,0,true,-98108,Sphere,CurrentGrounding,1,-0.435468,2.431614,3.849195,0,0,0,0,-1,0,0.05,1,4608,0.5735765,-0.435468,1.92,3.849195,-0.435468,1.92,3.849195,0,1,0,0.4616137,Anchored,None,true,-0.1271383,0.5445805,-0.2578109,-0.5760555,-0.5907266,0.399672,0.39933,-0.4068427,2.005594,3.778516,-0.5760555,-0.5907266,0.399672,0.39933,1,false,false,false,ModifierNotCompiled,0,0,0,0,0,0,0,0,ModifierNotCompiled,0,0,0,0,FootPlacementEffectorTarget,FootGrounding,true,1,true,-0.0005928746,1,0.1061242,0.001598477,-98108,-0.4068427,1.92,3.778516,0,1,0,0.0001969337,0,0.0001969337,0,-0.4068427,2.005594,3.778516,-0.4047208,1.924493,3.776308,-0.3772637,1.926656,3.70136,0.004492879,0.006656408,0,1,1,1,1,0.07049811,0.0001969934,0.0006435977,0,0.0006435977,-0.004108254,0.0001969934,true,0,1,0,1.34274E-27,1,-2.334242E-22,-6.621382E-26,1.422235E-06,1.150989E-20,0,1,0,true,0.1826349,0.1532534,0.05594922,0.1592555,0.1560925,0.1285322,0.1592555,0.1560925,0.1285322,0.1592555,0.1560925,0.1285324,1.692447E-07,0
773,474,773,1,774,0,774,false,rootmotion.finalik.full-body-biped-ik/indexed-pose-backend,None,true,true,1,lyra-5.7/ABP_Mannequin_Base/CR_Mannequin_FootPlant,unreal-engine-5.7/SpringInterpV2/FMath.SpringDamper,corin.animation-rig,87731f0d0ca14844bbf861368b9847b3,corin.foot-placement,6d6118d2f41a5948ddd18dc6d88083c8c5bf77a4682a4ec3fce5d2ec6af01624,c7fd2c730a70465e6baa0d7496f46c9d49c4cc944fadbd61ecba1116729d5817,Corin.FootPlacementRig,2997edf1c34f13f7e2a3033372226eb399379f30c4303fddfe3e97ec1e4bf38d,0,-288406,0.07049811,0.06050092,0.07049805,4.965833E-07,0.07049811,true,0,0.06050092,0,1,PelvisPreSolveTranslation,FootGrounding,ModifierNotCompiled,-1,-1,-1,0,,,true,-98108,Sphere,CurrentGrounding,0,0.01375127,2.432642,3.809453,0,0,0,0,-1,0,0.05,1,4608,0.5735765,0.01375127,1.92,3.809453,0.01375127,1.92,3.809453,0,1,0,0.4626424,Anchored,None,true,-0.004282296,0.5493245,-0.1977631,-0.3931756,-0.3823089,0.5955287,0.5870252,-0.01370335,2.014703,3.809141,-0.3931756,-0.3823089,0.5955287,0.5870252,1,false,false,false,ModifierNotCompiled,0,0,0,0,0,0,0,0,ModifierNotCompiled,0,0,0,0,FootPlacementEffectorTarget,FootGrounding,true,1,true,0.0004343032,1,0.09787777,0.001986504,-98108,-0.01370335,1.92,3.809141,0,1,0,0,0,0,0,-0.01370335,2.014703,3.809141,-0.01352261,1.933479,3.810758,-0.04261379,1.932157,3.743869,0.01347864,0.01215708,0,1,1,1,1,0.07049811,5.960464E-08,7.947827E-05,0,7.947827E-05,-0.001019722,5.960464E-08,true,0,1,0,-1.401298E-45,1,-5.162903E-35,3.363116E-44,1.415592E-06,2.563336E-33,0,1,0,true,-0.2624748,0.1537181,0.1284386,-0.2350708,0.1652011,0.1267426,-0.2350708,0.1652011,0.1267426,-0.2350707,0.1652011,0.1267426,1.125013E-07,0,true,-98108,Sphere,CurrentGrounding,1,-0.4359515,2.431659,3.849078,0,0,0,0,-1,0,0.05,1,4608,0.5735765,-0.4359515,1.92,3.849078,-0.4359515,1.92,3.849078,0,1,0,0.4616584,Anchored,None,true,-0.1271383,0.5445805,-0.2578109,-0.5760555,-0.5907266,0.399672,0.39933,-0.4068427,2.005594,3.778516,-0.5760555,-0.5907266,0.399672,0.39933,1,false,false,false,ModifierNotCompiled,0,0,0,0,0,0,0,0,ModifierNotCompiled,0,0,0,0,FootPlacementEffectorTarget,FootGrounding,true,1,true,-0.0005824886,1,0.1032275,0.001622915,-98108,-0.4068427,1.92,3.778516,0,1,0,0.0001604557,0,0.0001604557,0,-0.4068427,2.005594,3.778516,-0.404721,1.924493,3.776308,-0.3772635,1.926657,3.701358,0.004492879,0.006656885,0,1,1,1,1,0.07049811,0.0001605153,0.000623276,0,0.000623276,-0.004264466,0.0001605153,true,0,1,0,1.059542E-27,1,-1.841957E-22,-5.225322E-26,1.415592E-06,9.083294E-21,0,1,0,true,0.1831257,0.1532778,0.05603085,0.1592555,0.1560925,0.1285322,0.1592555,0.1560925,0.1285322,0.1592555,0.1560925,0.1285322,6.989264E-08,0
774,475,774,1,775,0,775,false,rootmotion.finalik.full-body-biped-ik/indexed-pose-backend,None,true,true,1,lyra-5.7/ABP_Mannequin_Base/CR_Mannequin_FootPlant,unreal-engine-5.7/SpringInterpV2/FMath.SpringDamper,corin.animation-rig,87731f0d0ca14844bbf861368b9847b3,corin.foot-placement,6d6118d2f41a5948ddd18dc6d88083c8c5bf77a4682a4ec3fce5d2ec6af01624,c7fd2c730a70465e6baa0d7496f46c9d49c4cc944fadbd61ecba1116729d5817,Corin.FootPlacementRig,2997edf1c34f13f7e2a3033372226eb399379f30c4303fddfe3e97ec1e4bf38d,0,-288406,0.07049811,0.06072074,0.07049805,4.908606E-07,0.07049811,true,0,0.06072074,0,1,PelvisPreSolveTranslation,FootGrounding,ModifierNotCompiled,-1,-1,-1,0,,,true,-98108,Sphere,CurrentGrounding,0,0.01331496,2.432601,3.809226,0,0,0,0,-1,0,0.05,1,4608,0.5735765,0.01331496,1.92,3.809226,0.01331496,1.92,3.809226,0,1,0,0.4626014,Anchored,None,true,-0.004282296,0.5493245,-0.1977631,-0.3931756,-0.3823089,0.5955287,0.5870252,-0.01370335,2.014703,3.809141,-0.3931756,-0.3823089,0.5955287,0.5870252,1,false,false,false,ModifierNotCompiled,0,0,0,0,0,0,0,0,ModifierNotCompiled,0,0,0,0,FootPlacementEffectorTarget,FootGrounding,true,1,true,0.0003648301,1,0.09669587,0.001940131,-98108,-0.01370335,1.92,3.809141,0,1,0,0,0,0,0,-0.01370335,2.014703,3.809141,-0.01352246,1.933479,3.810758,-0.04261351,1.932157,3.743869,0.01347852,0.01215708,0,1,1,1,1,0.07049811,5.960464E-08,7.451644E-05,0,7.451644E-05,-0.0009590281,5.960464E-08,true,0,1,0,-1.401298E-45,1,-4.029197E-35,3.363116E-44,1.409986E-06,2.000537E-33,0,1,0,true,-0.262023,0.1536721,0.128634,-0.2350708,0.1652011,0.1267426,-0.2350708,0.1652011,0.1267426,-0.2350708,0.1652011,0.1267426,9.657056E-08,0,true,-98108,Sphere,CurrentGrounding,1,-0.4364293,2.431699,3.848938,0,0,0,0,-1,0,0.05,1,4608,0.5735765,-0.4364293,1.92,3.848938,-0.4364293,1.92,3.848938,0,1,0,0.4616988,Anchored,None,true,-0.1271383,0.5445805,-0.2578109,-0.5760555,-0.5907266,0.399672,0.39933,-0.4068427,2.005594,3.778516,-0.5760555,-0.5907266,0.399672,0.39933,1,false,false,false,ModifierNotCompiled,0,0,0,0,0,0,0,0,ModifierNotCompiled,0,0,0,0,FootPlacementEffectorTarget,FootGrounding,true,1,true,-0.0005716902,1,0.09821333,0.001641512,-98108,-0.4068427,1.92,3.778516,0,1,0,0.0001229048,0,0.0001229048,0,-0.4068427,2.005594,3.778516,-0.4047208,1.924493,3.776308,-0.3772634,1.926657,3.701359,0.00449276,0.006657004,0,1,1,1,1,0.07049811,0.0001229644,0.0006013684,0,0.0006013684,-0.004420244,0.0001229644,true,0,1,0,8.282481E-28,1,-1.439891E-22,-4.085026E-26,1.409986E-06,7.101223E-21,0,1,0,true,0.1836125,0.1532964,0.05613572,0.1592555,0.1560925,0.1285322,0.1592555,0.1560925,0.1285322,0.1592556,0.1560925,0.1285322,8.688795E-08,0
775,476,775,1,776,0,776,false,rootmotion.finalik.full-body-biped-ik/indexed-pose-backend,None,true,true,1,lyra-5.7/ABP_Mannequin_Base/CR_Mannequin_FootPlant,unreal-engine-5.7/SpringInterpV2/FMath.SpringDamper,corin.animation-rig,87731f0d0ca14844bbf861368b9847b3,corin.foot-placement,6d6118d2f41a5948ddd18dc6d88083c8c5bf77a4682a4ec3fce5d2ec6af01624,c7fd2c730a70465e6baa0d7496f46c9d49c4cc944fadbd61ecba1116729d5817,Corin.FootPlacementRig,2997edf1c34f13f7e2a3033372226eb399379f30c4303fddfe3e97ec1e4bf38d,0,-288406,0.07049811,0.06084156,0.07049805,4.884888E-07,0.07049811,true,0,0.06084156,0,1,PelvisPreSolveTranslation,FootGrounding,ModifierNotCompiled,-1,-1,-1,0,,,true,-98108,Sphere,CurrentGrounding,0,0.01308274,2.432577,3.809117,0,0,0,0,-1,0,0.05,1,4608,0.5735765,0.01308274,1.92,3.809117,0.01308274,1.92,3.809117,0,1,0,0.4625771,Anchored,None,true,-0.004282296,0.5493245,-0.1977631,-0.3931756,-0.3823089,0.5955287,0.5870252,-0.01370335,2.014703,3.809141,-0.3931756,-0.3823089,0.5955287,0.5870252,1,false,false,false,ModifierNotCompiled,0,0,0,0,0,0,0,0,ModifierNotCompiled,0,0,0,0,FootPlacementEffectorTarget,FootGrounding,true,1,true,0.0003274698,1,0.09609219,0.001913071,-98108,-0.01370335,1.92,3.809141,0,1,0,0,0,0,0,-0.01370335,2.014703,3.809141,-0.01352231,1.933479,3.810759,-0.04261322,1.932157,3.743869,0.01347864,0.01215696,0,1,1,1,1,0.07049811,5.960464E-08,7.196713E-05,0,7.196713E-05,-0.0009277244,5.960464E-08,true,0,1,0,-1.401298E-45,1,-3.525309E-35,3.363116E-44,1.418618E-06,1.750387E-33,0,1,0,true,-0.2617834,0.1536452,0.1287255,-0.2350708,0.1652011,0.1267426,-0.2350708,0.1652011,0.1267426,-0.2350709,0.165201,0.1267427,1.010646E-07,0,true,-98108,Sphere,CurrentGrounding,1,-0.4366708,2.431717,3.848851,0,0,0,0,-1,0,0.05,1,4608,0.5735765,-0.4366708,1.92,3.848851,-0.4366708,1.92,3.848851,0,1,0,0.4617169,Anchored,None,true,-0.1271383,0.5445805,-0.2578109,-0.5760555,-0.5907266,0.399672,0.39933,-0.4068427,2.005594,3.778516,-0.5760555,-0.5907266,0.399672,0.39933,1,false,false,false,ModifierNotCompiled,0,0,0,0,0,0,0,0,ModifierNotCompiled,0,0,0,0,FootPlacementEffectorTarget,FootGrounding,true,1,true,-0.000565883,1,0.09566079,0.001647353,-98108,-0.4068427,1.92,3.778516,0,1,0,0.00010252,0,0.00010252,0,-0.4068427,2.005594,3.778516,-0.4047209,1.924493,3.776308,-0.3772635,1.926657,3.701359,0.004492879,0.006657362,0,1,1,1,1,0.07049811,0.0001025796,0.0005892386,0,0.0005892386,-0.004497546,0.0001025796,true,0,1,0,7.253086E-28,1,-1.260945E-22,-3.577489E-26,1.418618E-06,6.219004E-21,0,1,0,true,0.1838597,0.1533021,0.05620461,0.1592555,0.1560925,0.1285322,0.1592555,0.1560925,0.1285322,0.1592555,0.1560926,0.1285322,3.332001E-08,0
776,477,776,1,777,0,777,false,rootmotion.finalik.full-body-biped-ik/indexed-pose-backend,None,true,true,1,lyra-5.7/ABP_Mannequin_Base/CR_Mannequin_FootPlant,unreal-engine-5.7/SpringInterpV2/FMath.SpringDamper,corin.animation-rig,87731f0d0ca14844bbf861368b9847b3,corin.foot-placement,6d6118d2f41a5948ddd18dc6d88083c8c5bf77a4682a4ec3fce5d2ec6af01624,c7fd2c730a70465e6baa0d7496f46c9d49c4cc944fadbd61ecba1116729d5817,Corin.FootPlacementRig,2997edf1c34f13f7e2a3033372226eb399379f30c4303fddfe3e97ec1e4bf38d,0,-288406,0.07049811,0.06096375,0.07049805,4.86336E-07,0.07049811,true,0,0.06096375,0,1,PelvisPreSolveTranslation,FootGrounding,ModifierNotCompiled,-1,-1,-1,0,,,true,-98108,Sphere,CurrentGrounding,0,0.01285434,2.432551,3.809018,0,0,0,0,-1,0,0.05,1,4608,0.5735765,0.01285434,1.92,3.809018,0.01285434,1.92,3.809018,0,1,0,0.4625509,Anchored,None,true,-0.004282296,0.5493245,-0.1977631,-0.3931756,-0.3823089,0.5955287,0.5870252,-0.01370335,2.014703,3.809141,-0.3931756,-0.3823089,0.5955287,0.5870252,1,false,false,false,ModifierNotCompiled,0,0,0,0,0,0,0,0,ModifierNotCompiled,0,0,0,0,FootPlacementEffectorTarget,FootGrounding,true,1,true,0.0002904844,1,0.09551711,0.001884341,-98108,-0.01370335,1.92,3.809141,0,1,0,0,0,0,0,-0.01370335,2.014703,3.809141,-0.01352242,1.933479,3.810759,-0.04261304,1.932157,3.74387,0.01347864,0.01215708,0,1,1,1,1,0.07049811,5.960464E-08,6.952536E-05,0,6.952536E-05,-0.0008976652,5.960464E-08,true,0,1,0,-1.401298E-45,1,-3.088538E-35,3.363116E-44,1.4252E-06,1.533552E-33,0,1,0,true,-0.2615484,0.1536165,0.1288077,-0.2350708,0.1652011,0.1267426,-0.2350708,0.1652011,0.1267426,-0.2350708,0.165201,0.1267426,1.163818E-07,0,true,-98108,Sphere,CurrentGrounding,1,-0.4369006,2.431732,3.848758,0,0,0,0,-1,0,0.05,1,4608,0.5735765,-0.4369006,1.92,3.848758,-0.4369006,1.92,3.848758,0,1,0,0.4617322,Anchored,None,true,-0.1271383,0.5445805,-0.2578109,-0.5760555,-0.5907266,0.399672,0.39933,-0.4068427,2.005594,3.778516,-0.5760555,-0.5907266,0.399672,0.39933,1,false,false,false,ModifierNotCompiled,0,0,0,0,0,0,0,0,ModifierNotCompiled,0,0,0,0,FootPlacementEffectorTarget,FootGrounding,true,1,true,-0.0005601343,1,0.09324357,0.001650333,-98108,-0.4068427,1.92,3.778516,0,1,0,8.273125E-05,0,8.273125E-05,0,-0.4068427,2.005594,3.778516,-0.4047209,1.924493,3.776308,-0.3772633,1.926657,3.701358,0.00449276,0.006657362,0,1,1,1,1,0.07049811,8.279085E-05,0.0005770294,0,0.0005770294,-0.004570323,8.279085E-05,true,0,1,0,6.359996E-28,1,-1.105692E-22,-3.137133E-26,1.4252E-06,5.453554E-21,0,1,0,true,0.1840957,0.1533052,0.05628006,0.1592555,0.1560925,0.1285322,0.1592555,0.1560925,0.1285322,0.1592555,0.1560925,0.1285322,6.664002E-08,0
777,478,777,1,778,0,778,false,rootmotion.finalik.full-body-biped-ik/indexed-pose-backend,None,true,true,1,lyra-5.7/ABP_Mannequin_Base/CR_Mannequin_FootPlant,unreal-engine-5.7/SpringInterpV2/FMath.SpringDamper,corin.animation-rig,87731f0d0ca14844bbf861368b9847b3,corin.foot-placement,6d6118d2f41a5948ddd18dc6d88083c8c5bf77a4682a4ec3fce5d2ec6af01624,c7fd2c730a70465e6baa0d7496f46c9d49c4cc944fadbd61ecba1116729d5817,Corin.FootPlacementRig,2997edf1c34f13f7e2a3033372226eb399379f30c4303fddfe3e97ec1e4bf38d,0,-288406,0.07049811,0.06109244,0.07049805,4.842772E-07,0.07049811,true,0,0.06109244,0,1,PelvisPreSolveTranslation,FootGrounding,ModifierNotCompiled,-1,-1,-1,0,,,true,-98108,Sphere,CurrentGrounding,0,0.01261973,2.432523,3.808925,0,0,0,0,-1,0,0.05,1,4608,0.5735765,0.01261973,1.92,3.808925,0.01261973,1.92,3.808925,0,1,0,0.4625228,Anchored,None,true,-0.004282296,0.5493245,-0.1977631,-0.3931756,-0.3823089,0.5955287,0.5870252,-0.01370335,2.014703,3.809141,-0.3931756,-0.3823089,0.5955287,0.5870252,1,false,false,false,ModifierNotCompiled,0,0,0,0,0,0,0,0,ModifierNotCompiled,0,0,0,0,FootPlacementEffectorTarget,FootGrounding,true,1,true,0.0002521923,1,0.09494575,0.001853466,-98108,-0.01370335,1.92,3.809141,0,1,0,0,0,0,0,-0.01370335,2.014703,3.809141,-0.01352244,1.933479,3.810759,-0.04261295,1.932157,3.74387,0.01347864,0.0121572,0,1,1,1,1,0.07049811,5.960464E-08,6.708103E-05,0,6.708103E-05,-0.0008674989,5.960464E-08,true,0,1,0,-1.401298E-45,1,-2.693312E-35,3.363116E-44,1.429918E-06,1.337339E-33,0,1,0,true,-0.2613076,0.1535858,0.1288828,-0.2350708,0.1652011,0.1267426,-0.2350708,0.1652011,0.1267426,-0.2350708,0.1652011,0.1267426,9.064023E-08,0,true,-98108,Sphere,CurrentGrounding,1,-0.4371285,2.431745,3.848655,0,0,0,0,-1,0,0.05,1,4608,0.5735765,-0.4371285,1.92,3.848655,-0.4371285,1.92,3.848655,0,1,0,0.4617452,Anchored,None,true,-0.1271383,0.5445805,-0.2578109,-0.5760555,-0.5907266,0.399672,0.39933,-0.4068427,2.005594,3.778516,-0.5760555,-0.5907266,0.399672,0.39933,1,false,false,false,ModifierNotCompiled,0,0,0,0,0,0,0,0,ModifierNotCompiled,0,0,0,0,FootPlacementEffectorTarget,FootGrounding,true,1,true,-0.0005541823,1,0.09086525,0.00165081,-98108,-0.4068427,1.92,3.778516,0,1,0,6.210804E-05,0,6.210804E-05,0,-0.4068427,2.005594,3.778516,-0.4047209,1.924493,3.776309,-0.3772634,1.926658,3.701359,0.004492879,0.006657481,0,1,1,1,1,0.07049811,6.216764E-05,0.0005641849,0,0.0005641849,-0.004645609,6.216764E-05,true,0,1,0,5.55112E-28,1,-9.650768E-23,-2.738281E-26,1.429918E-06,4.760242E-21,0,1,0,true,0.1843305,0.1533056,0.05636611,0.1592555,0.1560925,0.1285322,0.1592555,0.1560925,0.1285322,0.1592555,0.1560925,0.1285322,4.214685E-08,0
778,479,778,1,779,0,779,false,rootmotion.finalik.full-body-biped-ik/indexed-pose-backend,None,true,true,1,lyra-5.7/ABP_Mannequin_Base/CR_Mannequin_FootPlant,unreal-engine-5.7/SpringInterpV2/FMath.SpringDamper,corin.animation-rig,87731f0d0ca14844bbf861368b9847b3,corin.foot-placement,6d6118d2f41a5948ddd18dc6d88083c8c5bf77a4682a4ec3fce5d2ec6af01624,c7fd2c730a70465e6baa0d7496f46c9d49c4cc944fadbd61ecba1116729d5817,Corin.FootPlacementRig,2997edf1c34f13f7e2a3033372226eb399379f30c4303fddfe3e97ec1e4bf38d,0,-288406,0.0736829,0.06553733,0.07053567,0.0212524,0.0736829,true,0,0.06553733,0,1,PelvisPreSolveTranslation,FootGrounding,ModifierNotCompiled,-1,-1,-1,0,,,true,-98108,Sphere,CurrentGrounding,0,0.008488894,2.429307,3.797024,0,0,0,0,-1,0,0.05,1,4608,0.5735765,0.008488894,1.92,3.797024,0.008488894,1.92,3.797024,0,1,0,0.4593074,Anchored,None,true,-0.004282296,0.5493245,-0.1977631,-0.3931756,-0.3823089,0.5955287,0.5870252,-0.01370335,2.014703,3.809141,-0.3931756,-0.3823089,0.5955287,0.5870252,1,false,false,false,ModifierNotCompiled,0,0,0,0,0,0,0,0,ModifierNotCompiled,0,0,0,0,FootPlacementEffectorTarget,FootGrounding,true,1,true,0.0002131836,1,0.09438932,0.002071261,-98108,-0.01370335,1.92,3.809141,0,1,0,0,0,0,0,-0.01370335,2.014703,3.809141,-0.01352255,1.933479,3.810759,-0.04261252,1.932157,3.74387,0.01347864,0.01215708,0,1,1,1,1,0.0736829,0.003147237,0.0001018461,0.002071261,0.002173108,0.02016314,0.003147237,true,0,1,0,-1.401298E-45,1,-2.34266E-35,3.363116E-44,1.433278E-06,1.16325E-33,0,1,0,true,-0.2610653,0.1556989,0.1289492,-0.2395475,0.1683859,0.1156717,-0.2395475,0.1683859,0.1156717,-0.2395476,0.1683858,0.1156717,4.01226E-08,0,true,-98108,Sphere,CurrentGrounding,1,-0.4403563,2.428571,3.845753,0,0,0,0,-1,0,0.05,1,4608,0.5735765,-0.4403563,1.92,3.845753,-0.4403563,1.92,3.845753,0,1,0,0.4585713,Anchored,None,true,-0.1271383,0.5445805,-0.2578109,-0.5760555,-0.5907266,0.399672,0.39933,-0.4068427,2.005594,3.778516,-0.5760555,-0.5907266,0.399672,0.39933,1,false,false,false,ModifierNotCompiled,0,0,0,0,0,0,0,0,ModifierNotCompiled,0,0,0,0,FootPlacementEffectorTarget,FootGrounding,true,1,true,-0.0005481191,1,0.08858288,0.002601027,-98108,-0.4068427,1.92,3.778516,0,1,0,4.184246E-05,0,4.184246E-05,0,-0.4068427,2.005594,3.778516,-0.4047208,1.924493,3.776308,-0.3772632,1.926658,3.701358,0.00449276,0.00665772,0,1,1,1,1,0.0736829,0.003189079,0.0005880658,0.002601147,0.003189212,0.01628471,0.003189079,true,0,1,0,4.832801E-28,1,-8.402032E-23,-2.384064E-26,1.433278E-06,4.144511E-21,0,1,0,true,0.1845601,0.1559788,0.0564612,0.1546632,0.1592773,0.1253824,0.1546632,0.1592773,0.1253824,0.1546632,0.1592773,0.1253824,5.960464E-08,0
779,480,779,1,780,0,780,false,rootmotion.finalik.full-body-biped-ik/indexed-pose-backend,None,true,true,1,lyra-5.7/ABP_Mannequin_Base/CR_Mannequin_FootPlant,unreal-engine-5.7/SpringInterpV2/FMath.SpringDamper,corin.animation-rig,87731f0d0ca14844bbf861368b9847b3,corin.foot-placement,6d6118d2f41a5948ddd18dc6d88083c8c5bf77a4682a4ec3fce5d2ec6af01624,c7fd2c730a70465e6baa0d7496f46c9d49c4cc944fadbd61ecba1116729d5817,Corin.FootPlacementRig,2997edf1c34f13f7e2a3033372226eb399379f30c4303fddfe3e97ec1e4bf38d,0,-288406,0.0871731,0.07104118,0.07104118,0.1182555,0.0871731,true,0,0.07104118,0,1,PelvisPreSolveTranslation,FootGrounding,ModifierNotCompiled,-1,-1,-1,0,,,true,-98108,Sphere,CurrentGrounding,0,-0.00978756,2.415738,3.747367,0,0,0,0,-1,0,0.05,1,4608,0.5735765,-0.00978756,1.92,3.747367,-0.00978756,1.92,3.747367,0,1,0,0.4457377,Anchored,None,true,-0.004282296,0.5493245,-0.1977631,-0.3931756,-0.3823089,0.5955287,0.5870252,-0.01370335,2.014703,3.809141,-0.3931756,-0.3823089,0.5955287,0.5870252,1,false,false,false,ModifierNotCompiled,0,0,0,0,0,0,0,0,ModifierNotCompiled,0,0,0,0,FootPlacementEffectorTarget,FootGrounding,true,1,true,0.0001188394,1,0.09003605,0.01257789,-98108,-0.01370335,1.92,3.809141,0,1,0,0,0,0,0,-0.01370335,2.014703,3.809141,-0.01352237,1.933479,3.810759,-0.04261197,1.932157,3.743871,0.01347852,0.01215708,0,1,1,1,1,0.0871731,0.01613192,0.002646418,0.01257801,0.01522443,0.1104988,0.01613192,true,0,1,0,-1.401298E-45,1,-1.673182E-35,3.363116E-44,1.398336E-06,8.308623E-34,0,1,0,true,-0.2604913,0.1691762,0.1290731,-0.2545933,0.1818761,0.06745747,-0.2545933,0.1818761,0.06745747,-0.2545933,0.181876,0.06745759,1.550365E-07,0,true,-98108,Sphere,CurrentGrounding,1,-0.4528029,2.415096,3.833996,0,0,0,0,-1,0,0.05,1,4608,0.5735765,-0.4528029,1.92,3.833996,-0.4528029,1.92,3.833996,0,1,0,0.4450956,Anchored,None,true,-0.1271383,0.5445805,-0.2578109,-0.5760555,-0.5907266,0.399672,0.39933,-0.4068427,2.005594,3.778516,-0.5760555,-0.5907266,0.399672,0.39933,1,false,false,false,ModifierNotCompiled,0,0,0,0,0,0,0,0,ModifierNotCompiled,0,0,0,0,FootPlacementEffectorTarget,FootGrounding,true,1,true,-0.0005334547,1,0.08371766,0.01249421,-98108,-0.4068427,1.92,3.778516,0,1,0,0,0,0,0,-0.4068427,2.005594,3.778516,-0.4047207,1.924493,3.776308,-0.377263,1.926658,3.701359,0.004492879,0.006657958,0,1,1,1,1,0.0871731,0.01613192,0.003632331,0.01249421,0.01612654,0.1056205,0.01613192,true,0,1,0,3.459254E-28,1,-6.014202E-23,-1.706685E-26,1.398336E-06,2.96701E-21,0,1,0,true,0.1850781,0.1694363,0.05671931,0.1373595,0.1727675,0.1106944,0.1373595,0.1727675,0.1106944,0.1373596,0.1727675,0.1106944,6.00685E-08,0
780,481,780,1,781,0,781,false,rootmotion.finalik.full-body-biped-ik/indexed-pose-backend,None,true,true,1,lyra-5.7/ABP_Mannequin_Base/CR_Mannequin_FootPlant,unreal-engine-5.7/SpringInterpV2/FMath.SpringDamper,corin.animation-rig,87731f0d0ca14844bbf861368b9847b3,corin.foot-placement,6d6118d2f41a5948ddd18dc6d88083c8c5bf77a4682a4ec3fce5d2ec6af01624,c7fd2c730a70465e6baa0d7496f46c9d49c4cc944fadbd61ecba1116729d5817,Corin.FootPlacementRig,2997edf1c34f13f7e2a3033372226eb399379f30c4303fddfe3e97ec1e4bf38d,0,-288406,0.09693885,0.07181735,0.07181735,0.1868286,0.09693885,true,0,0.07181735,0,1,PelvisPreSolveTranslation,FootGrounding,ModifierNotCompiled,-1,-1,-1,0,,,true,-98108,Sphere,CurrentGrounding,0,-0.02418375,2.40591,3.712123,0,0,0,0,-1,0,0.05,1,4608,0.5735765,-0.02418375,1.92,3.712123,-0.02418375,1.92,3.712123,0,1,0,0.43591,Anchored,None,true,-0.004282296,0.5493245,-0.1977631,-0.3931756,-0.3823089,0.5955287,0.5870252,-0.01370335,2.014703,3.809141,-0.3931756,-0.3823089,0.5955287,0.5870252,1,false,false,false,ModifierNotCompiled,0,0,0,0,0,0,0,0,ModifierNotCompiled,0,0,0,0,FootPlacementEffectorTarget,FootGrounding,true,1,true,5.054357E-05,1,0.08725955,0.008365512,-98108,-0.01370335,1.92,3.809141,0,1,0,0,0,0,0,-0.01370335,2.014703,3.809141,-0.01352244,1.933479,3.810758,-0.04261155,1.932157,3.743872,0.01347852,0.01215708,0,1,1,1,1,0.09693885,0.0251215,0.01590286,0.008365393,0.02426825,0.1577532,0.0251215,true,0,1,0,-1.401298E-45,1,-1.3112E-35,3.363116E-44,1.400573E-06,6.511345E-34,0,1,0,true,-0.2600873,0.1789343,0.1291292,-0.26143,0.1916418,0.03155671,-0.26143,0.1916418,0.03155671,-0.26143,0.1916417,0.03155668,6.50594E-08,0,true,-98108,Sphere,CurrentGrounding,1,-0.4609671,2.405331,3.825758,0,0,0,0,-1,0,0.05,1,4608,0.5735765,-0.4609671,1.92,3.825758,-0.4609671,1.92,3.825758,0,1,0,0.4353314,Anchored,None,true,-0.1271383,0.5445805,-0.2578109,-0.5760555,-0.5907266,0.399672,0.39933,-0.4068427,2.005594,3.778516,-0.5760555,-0.5907266,0.399672,0.39933,1,false,false,false,ModifierNotCompiled,0,0,0,0,0,0,0,0,ModifierNotCompiled,0,0,0,0,FootPlacementEffectorTarget,FootGrounding,true,1,true,-0.0005228393,1,0.0808471,0.008304238,-98108,-0.4068427,1.92,3.778516,0,1,0,0,0,0,0,-0.4068427,2.005594,3.778516,-0.404721,1.924493,3.776309,-0.3772632,1.926658,3.701359,0.004492879,0.006657958,0,1,1,1,1,0.09693885,0.0251215,0.01677999,0.008304358,0.02508435,0.1525751,0.0251215,true,0,1,0,2.715124E-28,1,-4.720547E-23,-1.339669E-26,1.400573E-06,2.329007E-21,0,1,0,true,0.1854228,0.1791718,0.05692574,0.1271095,0.1825333,0.09888795,0.1271095,0.1825333,0.09888795,0.1271095,0.1825333,0.09888786,8.940697E-08,0
781,482,781,1,782,0,782,false,rootmotion.finalik.full-body-biped-ik/indexed-pose-backend,None,true,true,1,lyra-5.7/ABP_Mannequin_Base/CR_Mannequin_FootPlant,unreal-engine-5.7/SpringInterpV2/FMath.SpringDamper,corin.animation-rig,87731f0d0ca14844bbf861368b9847b3,corin.foot-placement,6d6118d2f41a5948ddd18dc6d88083c8c5bf77a4682a4ec3fce5d2ec6af01624,c7fd2c730a70465e6baa0d7496f46c9d49c4cc944fadbd61ecba1116729d5817,Corin.FootPlacementRig,2997edf1c34f13f7e2a3033372226eb399379f30c4303fddfe3e97ec1e4bf38d,0,-288406,0.1026697,0.07243162,0.07243162,0.2258045,0.1026697,true,0,0.07243162,0,1,PelvisPreSolveTranslation,FootGrounding,ModifierNotCompiled,-1,-1,-1,0,,,true,-98108,Sphere,CurrentGrounding,0,-0.0330596,2.400141,3.691754,0,0,0,0,-1,0,0.05,1,4608,0.5735765,-0.0330596,1.92,3.691754,-0.0330596,1.92,3.691754,0,1,0,0.4301413,Anchored,None,true,-0.004282296,0.5493245,-0.1977631,-0.3931756,-0.3823089,0.5955287,0.5870252,-0.01370335,2.014703,3.809141,-0.3931756,-0.3823089,0.5955287,0.5870252,1,false,false,false,ModifierNotCompiled,0,0,0,0,0,0,0,0,ModifierNotCompiled,0,0,0,0,FootPlacementEffectorTarget,FootGrounding,true,1,true,1.046399E-05,1,0.08579539,0.004653931,-98108,-0.01370335,1.92,3.809141,0,1,0,0,0,0,0,-0.01370335,2.014703,3.809141,-0.01352224,1.933479,3.810758,-0.04261132,1.932157,3.743872,0.01347852,0.01215708,0,1,1,1,1,0.1026697,0.0302381,0.0247653,0.00465405,0.02941935,0.1786917,0.0302381,true,0,1,0,-1.401298E-45,1,-1.136132E-35,3.363116E-44,1.411286E-06,5.642087E-34,0,1,0,true,-0.2598551,0.1846619,0.1291501,-0.263828,0.1973727,0.01024444,-0.263828,0.1973727,0.01024444,-0.263828,0.1973726,0.01024462,1.951982E-07,0,true,-98108,Sphere,CurrentGrounding,1,-0.465421,2.399598,3.821,0,0,0,0,-1,0,0.05,1,4608,0.5735765,-0.465421,1.92,3.821,-0.465421,1.92,3.821,0,1,0,0.4295977,Anchored,None,true,-0.1271383,0.5445805,-0.2578109,-0.5760555,-0.5907266,0.399672,0.39933,-0.4068427,2.005594,3.778516,-0.5760555,-0.5907266,0.399672,0.39933,1,false,false,false,ModifierNotCompiled,0,0,0,0,0,0,0,0,ModifierNotCompiled,0,0,0,0,FootPlacementEffectorTarget,FootGrounding,true,1,true,-0.0005166095,1,0.07944559,0.004617095,-98108,-0.4068427,1.92,3.778516,0,1,0,0,0,0,0,-0.4068427,2.005594,3.778516,-0.4047209,1.924493,3.776308,-0.3772633,1.926658,3.701358,0.004492879,0.006657958,0,1,1,1,1,0.1026697,0.0302381,0.02556613,0.004616976,0.03018311,0.1734134,0.0302381,true,0,1,0,2.354762E-28,1,-4.094057E-23,-1.161921E-26,1.411286E-06,2.020013E-21,0,1,0,true,0.1856143,0.1848822,0.05705365,0.1220223,0.1882641,0.09158335,0.1220223,0.1882641,0.09158335,0.1220221,0.1882641,0.09158355,2.377191E-07,0
782,483,782,1,783,0,783,false,rootmotion.finalik.full-body-biped-ik/indexed-pose-backend,None,true,true,1,lyra-5.7/ABP_Mannequin_Base/CR_Mannequin_FootPlant,unreal-engine-5.7/SpringInterpV2/FMath.SpringDamper,corin.animation-rig,87731f0d0ca14844bbf861368b9847b3,corin.foot-placement,6d6118d2f41a5948ddd18dc6d88083c8c5bf77a4682a4ec3fce5d2ec6af01624,c7fd2c730a70465e6baa0d7496f46c9d49c4cc944fadbd61ecba1116729d5817,Corin.FootPlacementRig,2997edf1c34f13f7e2a3033372226eb399379f30c4303fddfe3e97ec1e4bf38d,0,-288406,0.1102319,0.07322065,0.07322065,0.2772527,0.1102319,true,0,0.07322065,0,1,PelvisPreSolveTranslation,FootGrounding,ModifierNotCompiled,-1,-1,-1,0,,,true,-98108,Sphere,CurrentGrounding,0,-0.04150772,2.392579,3.670266,0,0,0,0,-1,0,0.05,1,4608,0.5735765,-0.04150772,1.92,3.670266,-0.04150772,1.92,3.670266,0,1,0,0.4225791,Anchored,AnchorDistanceExceeded,true,-0.004282296,0.5493245,-0.1977631,-0.3931756,-0.3823089,0.5955287,0.5870252,-0.01370335,2.014703,3.809141,-0.3931756,-0.3823089,0.5955287,0.5870252,0.9757222,false,false,false,ModifierNotCompiled,0,0,0,0,0,0,0,0,ModifierNotCompiled,0,0,0,0,FootPlacementEffectorTarget,FootGrounding,true,1,false,1.046399E-05,1,0.08579539,0.006169796,-98108,-0.01370335,1.92,3.809141,0,1,0,0,0,0,0,-0.01437838,2.014245,3.805769,-0.01418055,1.93302,3.807364,-0.04365534,1.931714,3.740646,0.01301968,0.01171362,0,1,1,1,1,0.1102319,0.03701123,0.03002269,0,0.03002269,0.2081975,0.03701123,true,0,1,0,-1.401298E-45,1,-9.769469E-36,3.363116E-44,1.418817E-06,4.851674E-34,0,1,0,true,-0.2598551,0.1860541,0.1291506,-0.2655777,0.2044764,-0.008923522,-0.2655777,0.2044764,-0.008923522,-0.2655777,0.2044764,-0.00892362,1.145224E-07,0,true,-98108,Sphere,CurrentGrounding,1,-0.4703412,2.392035,3.810774,0,0,0,0,-1,0,0.05,1,4608,0.5735765,-0.4703412,1.92,3.810774,-0.4703412,1.92,3.810774,0,1,0,0.4220355,Anchored,None,true,-0.1271383,0.5445805,-0.2578109,-0.5760555,-0.5907266,0.399672,0.39933,-0.4068427,2.005594,3.778516,-0.5760555,-0.5907266,0.399672,0.39933,1,false,false,false,ModifierNotCompiled,0,0,0,0,0,0,0,0,ModifierNotCompiled,0,0,0,0,FootPlacementEffectorTarget,FootGrounding,true,1,true,-0.0005166095,1,0.07944559,0.006186247,-98108,-0.4068427,1.92,3.778516,0,1,0,0,0,0,0,-0.4068427,2.005594,3.778516,-0.4047209,1.924493,3.776309,-0.3772633,1.926658,3.701359,0.004492879,0.006657958,0,1,1,1,1,0.1102319,0.03701123,0.03077016,0.006186128,0.03695629,0.2028608,0.03701123,true,0,1,0,2.026777E-28,1,-3.523849E-23,-1.000134E-26,1.418817E-06,1.738763E-21,0,1,0,true,0.1856142,0.1924443,0.05705411,0.1178711,0.1958263,0.07904278,0.1178711,0.1958263,0.07904278,0.1178711,0.1958263,0.0790427,9.799709E-08,0
783,484,783,1,784,0,784,false,rootmotion.finalik.full-body-biped-ik/indexed-pose-backend,None,true,true,1,lyra-5.7/ABP_Mannequin_Base/CR_Mannequin_FootPlant,unreal-engine-5.7/SpringInterpV2/FMath.SpringDamper,corin.animation-rig,87731f0d0ca14844bbf861368b9847b3,corin.foot-placement,6d6118d2f41a5948ddd18dc6d88083c8c5bf77a4682a4ec3fce5d2ec6af01624,c7fd2c730a70465e6baa0d7496f46c9d49c4cc944fadbd61ecba1116729d5817,Corin.FootPlacementRig,2997edf1c34f13f7e2a3033372226eb399379f30c4303fddfe3e97ec1e4bf38d,0,-288406,0.1244819,0.07506827,0.07506827,0.3781561,0.1244819,true,0,0.07506827,0,1,PelvisPreSolveTranslation,FootGrounding,ModifierNotCompiled,-1,-1,-1,0,,,true,-98108,Sphere,CurrentGrounding,0,-0.05359411,2.377843,3.636455,0,0,0,0,-1,0,0.05,1,4608,0.5735765,-0.05359411,1.92,3.655,-0.05359411,1.92,3.655,0,0.9286744,-0.3708961,0.4114094,Anchored,AnchorDistanceExceeded,true,-0.004282296,0.5493245,-0.1977631,-0.3931756,-0.3823089,0.5955287,0.5870252,-0.01370335,2.014703,3.809141,-0.3931756,-0.3823089,0.5955287,0.5870252,0.9317046,false,false,false,ModifierNotCompiled,0,0,0,0,0,0,0,0,ModifierNotCompiled,0,0,0,0,FootPlacementEffectorTarget,FootGrounding,true,1,false,9.055238E-06,1,0.08543132,0.01003035,-98108,-0.01370335,1.92,3.809141,0,1,0,0,0,0,0,-0.0164277,2.012625,3.797347,-0.01623088,1.931401,3.798973,-0.04661281,1.930076,3.732665,0.01140094,0.01007545,0,1,1,1,1,0.1244819,0.04941365,0.03136712,0,0.03136712,0.2699928,0.04941365,true,0,0.9286744,-0.3708961,-1.401298E-45,0.99993,-0.01183131,3.363116E-44,-0.7520174,-3.910529,0,0.9286744,-0.3708961,true,-0.2620607,0.1887604,0.1236235,-0.2666197,0.2171071,-0.0414425,-0.2666197,0.2171071,-0.0414425,-0.2666196,0.217107,-0.04144241,1.022251E-07,0,true,-98108,Sphere,CurrentGrounding,1,-0.4814007,2.377068,3.794379,0,0,0,0,-1,0,0.05,1,4608,0.5735765,-0.4814007,1.92,3.794379,-0.4814007,1.92,3.794379,0,1,0,0.4070676,Anchored,None,true,-0.1271383,0.5445805,-0.2578109,-0.5760555,-0.5907266,0.399672,0.39933,-0.4068427,2.005594,3.778516,-0.5760555,-0.5907266,0.399672,0.39933,1,false,false,false,ModifierNotCompiled,0,0,0,0,0,0,0,0,ModifierNotCompiled,0,0,0,0,FootPlacementEffectorTarget,FootGrounding,true,1,true,-0.0005164057,1,0.0786315,0.01171136,-98108,-0.4068427,1.92,3.778516,0,1,0,0.000557065,0,0.000557065,0,-0.4068427,2.005594,3.778516,-0.4047208,1.924493,3.776308,-0.3772632,1.926658,3.701359,0.00449276,0.006657958,0,1,1,1,1,0.1244819,0.04997072,0.03825925,0.01171124,0.04997049,0.2607941,0.04997072,true,0,1,0,1.544915E-28,1,-2.686111E-23,-7.62426E-27,1.406887E-06,1.325525E-21,0,1,0,true,0.1885515,0.206588,0.05357314,0.1123287,0.2100763,0.05435214,0.1123287,0.2100763,0.05435214,0.1123288,0.2100763,0.05435221,9.519557E-08,0
784,485,784,1,785,0,785,false,rootmotion.finalik.full-body-biped-ik/indexed-pose-backend,None,true,true,1,lyra-5.7/ABP_Mannequin_Base/CR_Mannequin_FootPlant,unreal-engine-5.7/SpringInterpV2/FMath.SpringDamper,corin.animation-rig,87731f0d0ca14844bbf861368b9847b3,corin.foot-placement,6d6118d2f41a5948ddd18dc6d88083c8c5bf77a4682a4ec3fce5d2ec6af01624,c7fd2c730a70465e6baa0d7496f46c9d49c4cc944fadbd61ecba1116729d5817,Corin.FootPlacementRig,2997edf1c34f13f7e2a3033372226eb399379f30c4303fddfe3e97ec1e4bf38d,0,-288406,0.1327008,0.07638905,0.07638905,0.4337899,0.1327008,true,0,0.07638905,0,1,PelvisPreSolveTranslation,FootGrounding,ModifierNotCompiled,-1,-1,-1,0,,,true,-98108,Sphere,CurrentGrounding,0,-0.06097221,2.3694,3.617498,0,0,0,0,-1,0,0.05,1,4608,0.5735765,-0.06097233,1.919998,3.654993,-0.06097233,1.919998,3.654993,2.383753E-06,0.6615486,-0.7499024,0.4163238,Anchored,AnchorDistanceExceeded,true,-0.004282296,0.5493245,-0.1977631,-0.3931756,-0.3823089,0.5955287,0.5870252,-0.01370335,2.014703,3.809141,-0.3931756,-0.3823089,0.5955287,0.5870252,0.906311,false,false,false,ModifierNotCompiled,0,0,0,0,0,0,0,0,ModifierNotCompiled,0,0,0,0,FootPlacementEffectorTarget,FootGrounding,true,1,false,-1.275906E-06,1,0.08329567,0.04973755,-98108,-0.01370335,1.92,3.809141,0,1,0,0,0,0,0,-0.01813192,2.011272,3.791186,-0.01797524,1.930051,3.792973,-0.04900025,1.928616,3.726965,0.01005137,0.008615494,0,1,1,1,1,0.1327008,0.05631175,0.03229862,0,0.03229862,0.3037992,0.05631175,true,2.383753E-06,0.6615486,-0.7499024,2.806163E-08,0.9995117,-0.03124875,1.629454E-05,-2.836719,-7.84664,2.383753E-06,0.6615486,-0.7499024,true,-0.2628221,0.1907898,0.1200088,-0.2659477,0.2239751,-0.0588572,-0.2659477,0.2239751,-0.0588572,-0.2659477,0.2239751,-0.05885723,2.980232E-08,0,true,-98108,Sphere,CurrentGrounding,1,-0.4873633,2.368702,3.785159,0,0,0,0,-1,0,0.05,1,4608,0.5735765,-0.4873633,1.92,3.785159,-0.4873633,1.92,3.785159,0,1,0,0.3987021,Anchored,None,true,-0.1271383,0.5445805,-0.2578109,-0.5760555,-0.5907266,0.399672,0.39933,-0.4068427,2.005594,3.778516,-0.5760555,-0.5907266,0.399672,0.39933,1,false,false,false,ModifierNotCompiled,0,0,0,0,0,0,0,0,ModifierNotCompiled,0,0,0,0,FootPlacementEffectorTarget,FootGrounding,true,1,true,-0.0005162106,1,0.07318086,0.006127119,-98108,-0.4068427,1.92,3.778516,0,1,0,0.0006630421,0,0.0006630421,0,-0.4068427,2.005594,3.778516,-0.4047211,1.924493,3.776309,-0.3772635,1.926658,3.701359,0.004492879,0.00665772,0,1,1,1,1,0.1327027,0.0569767,0.05084947,0.006127119,0.05697659,0.2827682,0.0569767,true,0,1,0,1.320598E-28,1,-2.296119E-23,-6.51759E-27,1.415242E-06,1.133136E-21,0,1,0,true,0.1901833,0.2147704,0.05141084,0.1102029,0.2182971,0.03997296,0.1102029,0.2182971,0.03997296,0.110203,0.2182972,0.03997283,1.507247E-07,0
785,486,785,1,786,0,786,false,rootmotion.finalik.full-body-biped-ik/indexed-pose-backend,None,true,true,1,lyra-5.7/ABP_Mannequin_Base/CR_Mannequin_FootPlant,unreal-engine-5.7/SpringInterpV2/FMath.SpringDamper,corin.animation-rig,87731f0d0ca14844bbf861368b9847b3,corin.foot-placement,6d6118d2f41a5948ddd18dc6d88083c8c5bf77a4682a4ec3fce5d2ec6af01624,c7fd2c730a70465e6baa0d7496f46c9d49c4cc944fadbd61ecba1116729d5817,Corin.FootPlacementRig,2997edf1c34f13f7e2a3033372226eb399379f30c4303fddfe3e97ec1e4bf38d,0,-288406,-0.09494305,0.07419704,0.07419704,-1.141519,-0.09494305,true,0,0.07419704,0,1,PelvisPreSolveTranslation,FootGrounding,ModifierNotCompiled,-1,-1,-1,0,,,true,-98098,Sphere,CurrentGrounding,0,-0.07035661,2.356703,3.5906,0,0,0,0,-1,0,0.05,1,4608,0.5735765,-0.07035661,1.68,3.5906,-0.07035661,1.68,3.5906,0,1,0,0.626703,Anchored,AnchorDistanceExceeded,true,-0.004282296,0.5493245,-0.1977631,-0.3931756,-0.3823089,0.5955287,0.5870252,-0.01370335,2.014703,3.809141,-0.3931756,-0.3823089,0.5955287,0.5870252,0.868149,false,false,false,ModifierNotCompiled,0,0,0,0,0,0,0,0,ModifierNotCompiled,0,0,0,0,FootPlacementEffectorTarget,FootGrounding,true,0.9999977,false,-1.378417E-05,1,0.08193033,0.1993639,-98108,-0.01370335,1.92,3.809141,0,1,0,5.960464E-05,0,5.960464E-05,0,-0.02117314,2.00754,3.780326,-0.02112014,1.926329,3.782519,-0.05326109,1.924617,3.717056,0.006329179,0.004616618,0,1,1,1,1,-0.09494305,-0.1690805,0.02947793,0,0.02947793,-1.272735,-0.1690805,true,0,1,0,8.982955E-08,0.998155,-0.06071761,9.482053E-06,-1.618641,-4.399208,0,1,0,true,-0.2651692,0.1854351,0.1126727,-0.2635677,0.2325974,-0.08331851,-0.2635677,0.2325974,-0.08331851,-0.2635677,0.2325974,-0.08331864,1.399837E-07,0,true,-98108,Sphere,CurrentGrounding,1,-0.4950054,2.356116,3.77225,0,0,0,0,-1,0,0.05,1,4608,0.5735765,-0.4950054,1.92,3.77225,-0.4950054,1.92,3.77225,0,1,0,0.3861158,Anchored,None,true,-0.1271383,0.5445805,-0.2578109,-0.5760555,-0.5907266,0.399672,0.39933,-0.4068427,2.005594,3.778516,-0.5760555,-0.5907266,0.399672,0.39933,1,false,false,false,ModifierNotCompiled,0,0,0,0,0,0,0,0,ModifierNotCompiled,0,0,0,0,FootPlacementEffectorTarget,FootGrounding,true,1,true,-0.0005191409,1,0.06768121,0.01331937,-98108,-0.4068427,1.92,3.778516,0,1,0,0.0009658337,0,0.0009658337,0,-0.4068427,2.005594,3.778516,-0.4047208,1.924493,3.776308,-0.3772636,1.926658,3.701359,0.00449276,0.0066576,0,1,1,1,1,0.1450572,0.071826,0.05850679,0.01331937,0.07182616,0.3453755,0.071826,true,0,1,0,1.04353E-28,1,-1.814409E-23,-5.150577E-27,1.411694E-06,8.95484E-22,0,1,0,true,0.192026,0.227196,0.0471293,0.1084899,0.2306516,0.01825623,0.1084899,0.2306516,0.01825623,0.10849,0.2306516,0.01825623,4.231116E-08,0
786,487,786,1,787,0,787,false,rootmotion.finalik.full-body-biped-ik/indexed-pose-backend,None,true,true,1,lyra-5.7/ABP_Mannequin_Base/CR_Mannequin_FootPlant,unreal-engine-5.7/SpringInterpV2/FMath.SpringDamper,corin.animation-rig,87731f0d0ca14844bbf861368b9847b3,corin.foot-placement,6d6118d2f41a5948ddd18dc6d88083c8c5bf77a4682a4ec3fce5d2ec6af01624,c7fd2c730a70465e6baa0d7496f46c9d49c4cc944fadbd61ecba1116729d5817,Corin.FootPlacementRig,2997edf1c34f13f7e2a3033372226eb399379f30c4303fddfe3e97ec1e4bf38d,0,-288406,-0.08154809,0.06844106,0.06844106,-1.072283,-0.08154809,true,0,0.06844106,0,1,PelvisPreSolveTranslation,FootGrounding,ModifierNotCompiled,-1,-1,-1,0,,,true,-98098,Sphere,CurrentGrounding,0,-0.07321739,2.342692,3.571094,0,0,0,0,-1,0,0.05,1,4608,0.5735765,-0.07321739,1.68,3.571094,-0.07321739,1.68,3.571094,0,1,0,0.6126918,Anchored,AnchorDistanceExceeded,true,-0.004282296,0.5493245,-0.1977631,-0.3931756,-0.3823089,0.5955287,0.5870252,-0.01370335,2.014703,3.809141,-0.3931756,-0.3823089,0.5955287,0.5870252,0.8267252,false,false,false,ModifierNotCompiled,0,0,0,0,0,0,0,0,ModifierNotCompiled,0,0,0,0,FootPlacementEffectorTarget,FootGrounding,true,0.9993112,false,-5.91437E-05,1,0.08473917,0.173377,-98108,-0.01370335,1.92,3.809141,0,1,0,0.0006066561,0,0.0006066561,0,-0.02401563,2.000763,3.767893,-0.02410078,1.919566,3.770532,-0.05726165,1.917566,3.70559,-0.0004343987,-0.002434254,0.002434254,1,1,1,1,-0.08154809,-0.1493825,0.02312284,0,0.02312284,-1.174095,-0.1493825,true,0,1,0,1.263834E-07,0.9970137,-0.0772249,4.51619E-06,-0.7346338,-1.906502,0,1,0,true,-0.2684646,0.1727076,0.1023633,-0.2636431,0.2392154,-0.1004357,-0.2636431,0.2392154,-0.1004357,-0.2636431,0.2392154,-0.1004357,1.666E-08,0,true,-98108,Sphere,CurrentGrounding,1,-0.5027924,2.342391,3.752319,0,0,0,0,-1,0,0.05,1,4608,0.5735765,-0.5027924,1.92,3.752319,-0.5027924,1.92,3.752319,0,1,0,0.372391,Anchored,None,true,-0.1271383,0.5445805,-0.2578109,-0.5760555,-0.5907266,0.399672,0.39933,-0.4068427,2.005594,3.778516,-0.5760555,-0.5907266,0.399672,0.39933,1,false,false,false,ModifierNotCompiled,0,0,0,0,0,0,0,0,ModifierNotCompiled,0,0,0,0,FootPlacementEffectorTarget,FootGrounding,true,1,true,-0.000528386,1,0.06001426,0.01755285,-98108,-0.4068427,1.92,3.778516,0,1,0,0.001414418,0,0.001414418,0,-0.4068427,2.005594,3.778516,-0.4047206,1.924493,3.776308,-0.3772637,1.926657,3.701359,0.004492879,0.006657243,0,1,1,1,1,0.158452,0.0914254,0.07387257,0.01755273,0.09142531,0.4289815,0.0914254,true,0,1,0,8.081865E-29,1,-1.405236E-23,-3.989331E-27,1.406076E-06,6.936007E-22,0,1,0,true,0.1938107,0.2407093,0.04171132,0.1082618,0.2440464,-0.009023636,0.1082618,0.2440464,-0.009023636,0.1082618,0.2440465,-0.009023666,6.74743E-08,0
787,488,787,1,788,0,788,false,rootmotion.finalik.full-body-biped-ik/indexed-pose-backend,None,true,true,1,lyra-5.7/ABP_Mannequin_Base/CR_Mannequin_FootPlant,unreal-engine-5.7/SpringInterpV2/FMath.SpringDamper,corin.animation-rig,87731f0d0ca14844bbf861368b9847b3,corin.foot-placement,6d6118d2f41a5948ddd18dc6d88083c8c5bf77a4682a4ec3fce5d2ec6af01624,c7fd2c730a70465e6baa0d7496f46c9d49c4cc944fadbd61ecba1116729d5817,Corin.FootPlacementRig,2997edf1c34f13f7e2a3033372226eb399379f30c4303fddfe3e97ec1e4bf38d,0,-288406,-0.06373191,0.06143307,0.06143307,-0.9590468,-0.06373191,true,0,0.06143307,0,1,PelvisPreSolveTranslation,FootGrounding,ModifierNotCompiled,-1,-1,-1,0,,,true,-98098,Sphere,CurrentGrounding,0,-0.07508087,2.324005,3.547511,0,0,0,0,-1,0,0.05,1,4608,0.5735765,-0.07508087,1.68,3.547511,-0.07508087,1.68,3.547511,0,1,0,0.5940055,Anchored,AnchorDistanceExceeded,true,-0.004282296,0.5493245,-0.1977631,-0.3931756,-0.3823089,0.5955287,0.5870252,-0.01370335,2.014703,3.809141,-0.3931756,-0.3823089,0.5955287,0.5870252,0.7716184,false,false,false,ModifierNotCompiled,0,0,0,0,0,0,0,0,ModifierNotCompiled,0,0,0,0,FootPlacementEffectorTarget,FootGrounding,true,0.9973068,false,-0.000157528,1,0.1005406,0.1401948,-98108,-0.01370335,1.92,3.809141,0,1,0,0.001299739,0,0.001299739,0,-0.02772085,1.988736,3.749389,-0.02800495,1.907555,3.752495,-0.06244787,1.905293,3.688234,-0.01244497,-0.01470697,0.01470697,1,1,1,1,-0.06373191,-0.1238652,0.01556415,0,0.01556415,-1.019686,-0.1238652,true,0,1,0,1.431488E-07,0.9965319,-0.0832115,5.6636E-07,-0.03682824,0.04847136,0,1,0,true,-0.2733058,0.1572709,0.08763617,-0.2648543,0.2450042,-0.1195509,-0.2648543,0.2450042,-0.1195509,-0.2648543,0.2450041,-0.119551,6.143906E-08,0,true,-98108,Sphere,CurrentGrounding,1,-0.5128067,2.324224,3.724543,0,0,0,0,-1,0,0.05,1,4608,0.5735765,-0.5128067,1.92,3.724543,-0.5128067,1.92,3.724543,0,1,0,0.354224,Anchored,None,true,-0.1271383,0.5445805,-0.2578109,-0.5760555,-0.5907266,0.399672,0.39933,-0.4068427,2.005594,3.778516,-0.5760555,-0.5907266,0.399672,0.39933,1,false,false,false,ModifierNotCompiled,0,0,0,0,0,0,0,0,ModifierNotCompiled,0,0,0,0,FootPlacementEffectorTarget,FootGrounding,true,1,true,-0.0005518463,1,0.05769937,0.0220381,-98108,-0.4068427,1.92,3.778516,0,1,0,0.001964569,0,0.001964569,0,-0.4068427,2.005594,3.778516,-0.4047208,1.924493,3.776308,-0.3772641,1.926657,3.701359,0.004492879,0.006656885,0,1,1,1,1,0.1762683,0.1167998,0.09476159,0.0220381,0.1167997,0.524959,0.1167998,true,0,1,0,5.753142E-29,1,-1.000351E-23,-2.84016E-27,1.384203E-06,4.938126E-22,0,1,0,true,0.1958459,0.2587249,0.03433506,0.1082136,0.2618628,-0.04605177,0.1082136,0.2618628,-0.04605177,0.1082136,0.2618627,-0.04605179,3.817287E-08,0
788,489,788,1,789,0,789,false,rootmotion.finalik.full-body-biped-ik/indexed-pose-backend,None,true,true,1,lyra-5.7/ABP_Mannequin_Base/CR_Mannequin_FootPlant,unreal-engine-5.7/SpringInterpV2/FMath.SpringDamper,corin.animation-rig,87731f0d0ca14844bbf861368b9847b3,corin.foot-placement,6d6118d2f41a5948ddd18dc6d88083c8c5bf77a4682a4ec3fce5d2ec6af01624,c7fd2c730a70465e6baa0d7496f46c9d49c4cc944fadbd61ecba1116729d5817,Corin.FootPlacementRig,2997edf1c34f13f7e2a3033372226eb399379f30c4303fddfe3e97ec1e4bf38d,0,-288406,-0.05569184,0.05852302,0.05852302,-0.9059678,-0.05569184,true,0,0.05852302,0,1,PelvisPreSolveTranslation,FootGrounding,ModifierNotCompiled,-1,-1,-1,0,,,true,-98098,Sphere,CurrentGrounding,0,-0.07712603,2.315418,3.536819,0,0,0,0,-1,0,0.05,1,4608,0.5735765,-0.07712603,1.68,3.536819,-0.07712603,1.68,3.536819,0,1,0,0.5854183,Anchored,AnchorDistanceExceeded,true,-0.004282296,0.5493245,-0.1977631,-0.3931756,-0.3823089,0.5955287,0.5870252,-0.01370335,2.014703,3.809141,-0.3931756,-0.3823089,0.5955287,0.5870252,0.7467508,false,false,false,ModifierNotCompiled,0,0,0,0,0,0,0,0,ModifierNotCompiled,0,0,0,0,FootPlacementEffectorTarget,FootGrounding,true,0.9943188,false,-0.0003099323,1,0.1440766,0.1256257,-98108,-0.01370335,1.92,3.809141,0,1,0,0.001676321,0,0.001676321,0,-0.02976509,1.98222,3.740175,-0.03016009,1.901045,3.743417,-0.06518464,1.898738,3.679476,-0.01895511,-0.02126217,0.02126217,1,1,1,1,-0.05569184,-0.1125385,0.01249693,0,0.01249693,-0.9492389,-0.1125385,true,0,1,0,1.430641E-07,0.9966213,-0.08213408,-5.300536E-07,0.154851,0.5806333,0,1,0,true,-0.2743206,0.1507462,0.08135364,-0.2652444,0.2465281,-0.1272478,-0.2652444,0.2465281,-0.1272478,-0.2652444,0.2465283,-0.1272478,1.281846E-07,0,true,-98108,Sphere,CurrentGrounding,1,-0.517359,2.316241,3.711792,0,0,0,0,-1,0,0.05,1,4608,0.5735765,-0.517359,1.92,3.711792,-0.517359,1.92,3.711792,0,1,0,0.3462412,Anchored,None,true,-0.1271383,0.5445805,-0.2578109,-0.5760555,-0.5907266,0.399672,0.39933,-0.4068427,2.005594,3.778516,-0.5760555,-0.5907266,0.399672,0.39933,1,false,false,false,ModifierNotCompiled,0,0,0,0,0,0,0,0,ModifierNotCompiled,0,0,0,0,FootPlacementEffectorTarget,FootGrounding,true,1,true,-0.0005874156,1,0.07717723,0.009238839,-98108,-0.4068427,1.92,3.778516,0,1,0,0.001947522,0,0.001947522,0,-0.4068427,2.005594,3.778516,-0.4047212,1.924493,3.776309,-0.3772647,1.926656,3.701359,0.00449276,0.006655931,0,1,1,1,1,0.1843082,0.1277327,0.1184939,0.009238958,0.1277328,0.5488027,0.1277327,true,0,1,0,4.933502E-29,1,-8.578412E-24,-2.435651E-27,1.399059E-06,4.234858E-22,0,1,0,true,0.1967506,0.2668053,0.03122653,0.1082515,0.2699026,-0.06276191,0.1082515,0.2699026,-0.06276191,0.1082514,0.2699026,-0.06276187,4.770699E-08,0
789,490,789,1,790,0,790,false,rootmotion.finalik.full-body-biped-ik/indexed-pose-backend,None,true,true,1,lyra-5.7/ABP_Mannequin_Base/CR_Mannequin_FootPlant,unreal-engine-5.7/SpringInterpV2/FMath.SpringDamper,corin.animation-rig,87731f0d0ca14844bbf861368b9847b3,corin.foot-placement,6d6118d2f41a5948ddd18dc6d88083c8c5bf77a4682a4ec3fce5d2ec6af01624,c7fd2c730a70465e6baa0d7496f46c9d49c4cc944fadbd61ecba1116729d5817,Corin.FootPlacementRig,2997edf1c34f13f7e2a3033372226eb399379f30c4303fddfe3e97ec1e4bf38d,0,-288406,-0.0479697,0.05589388,0.05589388,-0.8522841,-0.0479697,true,0,0.05589388,0,1,PelvisPreSolveTranslation,FootGrounding,ModifierNotCompiled,-1,-1,-1,0,,,true,-98098,Sphere,CurrentGrounding,0,-0.07819128,2.307271,3.526748,0,0,0,0,-1,0,0.05,1,4608,0.5735765,-0.07819128,1.68,3.526748,-0.07819128,1.68,3.526748,0,1,0,0.5772711,Anchored,AnchorDistanceExceeded,true,-0.004282296,0.5493245,-0.1977631,-0.3931756,-0.3823089,0.5955287,0.5870252,-0.01370335,2.014703,3.809141,-0.3931756,-0.3823089,0.5955287,0.5870252,0.7229038,false,false,false,ModifierNotCompiled,0,0,0,0,0,0,0,0,ModifierNotCompiled,0,0,0,0,FootPlacementEffectorTarget,FootGrounding,true,0.9933524,false,-0.0004218871,1,0.1619327,0.1121029,-98108,-0.01370335,1.92,3.809141,0,1,0,0.001965284,0,0.001965284,0,-0.03157271,1.975419,3.730891,-0.03206536,1.894248,3.734226,-0.067617,1.891925,3.670577,-0.02575207,-0.02807546,0.02807546,1,1,1,1,-0.0479697,-0.1018983,0.009766876,0,0.009766876,-0.8796861,-0.1018983,true,0,1,0,1.401122E-07,0.9968178,-0.07971378,-1.293358E-06,0.2870627,0.9447083,0,1,0,true,-0.2758557,0.144962,0.07536036,-0.2659676,0.247449,-0.133804,-0.2659676,0.247449,-0.133804,-0.2659676,0.2474491,-0.1338041,1.744136E-07,0,true,-98108,Sphere,CurrentGrounding,1,-0.5216219,2.308499,3.699245,0,0,0,0,-1,0,0.05,1,4608,0.5735765,-0.5216219,1.92,3.699245,-0.5216219,1.92,3.699245,0,1,0,0.3384993,Anchored,None,true,-0.1271383,0.5445805,-0.2578109,-0.5760555,-0.5907266,0.399672,0.39933,-0.4068427,2.005594,3.778516,-0.5760555,-0.5907266,0.399672,0.39933,1,false,false,false,ModifierNotCompiled,0,0,0,0,0,0,0,0,ModifierNotCompiled,0,0,0,0,FootPlacementEffectorTarget,FootGrounding,true,1,true,-0.0006158357,1,0.09203957,0.008738041,-98108,-0.4068427,1.92,3.778516,0,1,0,0.002024651,0,0.002024651,0,-0.4068427,2.005594,3.778516,-0.4047209,1.924493,3.776308,-0.3772649,1.926656,3.70136,0.004492879,0.006655455,0,1,1,1,1,0.1920304,0.1381612,0.129423,0.008738041,0.138161,0.5688874,0.1381612,true,0,1,0,4.257282E-29,1,-7.402664E-24,-2.101905E-27,1.410017E-06,3.654611E-22,0,1,0,true,0.1976036,0.2745848,0.02821927,0.1083145,0.2776248,-0.07895195,0.1083145,0.2776248,-0.07895195,0.1083145,0.277625,-0.07895201,1.3328E-07,0
790,491,790,1,791,0,791,false,rootmotion.finalik.full-body-biped-ik/indexed-pose-backend,None,true,true,1,lyra-5.7/ABP_Mannequin_Base/CR_Mannequin_FootPlant,unreal-engine-5.7/SpringInterpV2/FMath.SpringDamper,corin.animation-rig,87731f0d0ca14844bbf861368b9847b3,corin.foot-placement,6d6118d2f41a5948ddd18dc6d88083c8c5bf77a4682a4ec3fce5d2ec6af01624,c7fd2c730a70465e6baa0d7496f46c9d49c4cc944fadbd61ecba1116729d5817,Corin.FootPlacementRig,2997edf1c34f13f7e2a3033372226eb399379f30c4303fddfe3e97ec1e4bf38d,0,-288406,-0.03595078,0.05216155,0.05216155,-0.7620185,-0.03595078,true,0,0.05216155,0,1,PelvisPreSolveTranslation,FootGrounding,ModifierNotCompiled,-1,-1,-1,0,,,true,-98098,Sphere,CurrentGrounding,0,-0.07862377,2.294694,3.512163,0,0,0,0,-1,0,0.05,1,4608,0.5735765,-0.07862377,1.68,3.512163,-0.07862377,1.68,3.512163,0,1,0,0.5646938,Anchored,AnchorDistanceExceeded,true,-0.004282296,0.5493245,-0.1977631,-0.3931756,-0.3823089,0.5955287,0.5870252,-0.01370335,2.014703,3.809141,-0.3931756,-0.3823089,0.5955287,0.5870252,0.685946,false,false,false,ModifierNotCompiled,0,0,0,0,0,0,0,0,ModifierNotCompiled,0,0,0,0,FootPlacementEffectorTarget,FootGrounding,true,0.9946259,false,-0.0005806696,1,0.1590174,0.09195781,-98108,-0.01370335,1.92,3.809141,0,1,0,0.002463579,0,0.002463579,0,-0.03409187,1.963865,3.715873,-0.03475373,1.882699,3.719273,-0.07099693,1.88042,3.656016,-0.03730142,-0.03957975,0.03957975,1,1,1,1,-0.03595078,-0.08564875,0.005972161,0,0.005972161,-0.7647167,-0.08564875,true,0,1,0,1.318472E-07,0.9972412,-0.07422958,-2.053811E-06,0.416508,1.295606,0,1,0,true,-0.2782145,0.1368767,0.06665531,-0.2680003,0.2479147,-0.1416158,-0.2680003,0.2479147,-0.1416158,-0.2680002,0.2479147,-0.1416158,4.470348E-08,0,true,-98108,Sphere,CurrentGrounding,1,-0.5281518,2.29646,3.678197,0,0,0,0,-1,0,0.05,1,4608,0.5735765,-0.5281518,1.92,3.678197,-0.5281518,1.92,3.678197,0,1,0,0.3264604,Anchored,AnchorDistanceExceeded,true,-0.1271383,0.5445805,-0.2578109,-0.5760555,-0.5907266,0.399672,0.39933,-0.4068427,2.005594,3.778516,-0.5760555,-0.5907266,0.399672,0.39933,0.9630422,false,false,false,ModifierNotCompiled,0,0,0,0,0,0,0,0,ModifierNotCompiled,0,0,0,0,FootPlacementEffectorTarget,FootGrounding,true,1,false,-0.0006583034,1,0.1037893,0.01309311,-98108,-0.4068427,1.92,3.778516,0,1,0,0.002098322,0,0.002098322,0,-0.411326,2.005,3.774809,-0.4094728,1.92389,3.772674,-0.3828682,1.925883,3.697413,0.003889918,0.005882859,0,1,1,1,1,0.2040493,0.1539861,0.1408931,0,0.1408931,0.5997466,0.1539861,true,0,1,0,3.388813E-29,1,-5.892635E-24,-1.673249E-27,1.409727E-06,2.909345E-22,0,1,0,true,0.1990744,0.2735642,0.02378055,0.1115338,0.2890494,-0.0999879,0.1115338,0.2890494,-0.0999879,0.1115338,0.2890494,-0.099988,1.221986E-07,0
791,492,791,1,792,0,792,false,rootmotion.finalik.full-body-biped-ik/indexed-pose-backend,None,true,true,1,lyra-5.7/ABP_Mannequin_Base/CR_Mannequin_FootPlant,unreal-engine-5.7/SpringInterpV2/FMath.SpringDamper,corin.animation-rig,87731f0d0ca14844bbf861368b9847b3,corin.foot-placement,6d6118d2f41a5948ddd18dc6d88083c8c5bf77a4682a4ec3fce5d2ec6af01624,c7fd2c730a70465e6baa0d7496f46c9d49c4cc944fadbd61ecba1116729d5817,Corin.FootPlacementRig,2997edf1c34f13f7e2a3033372226eb399379f30c4303fddfe3e97ec1e4bf38d,0,-288406,-0.02288592,0.04859757,0.04859757,-0.6585452,-0.02288592,true,0,0.04859757,0,1,PelvisPreSolveTranslation,FootGrounding,ModifierNotCompiled,-1,-1,-1,0,,,true,-98098,Sphere,CurrentGrounding,0,-0.08077121,2.281093,3.495058,0,0,0,0,-1,0,0.05,1,4608,0.5735765,-0.08077121,1.68,3.495058,-0.08077121,1.68,3.495058,0,1,0,0.5510933,Anchored,AnchorDistanceExceeded,true,-0.004282296,0.5493245,-0.1977631,-0.3931756,-0.3823089,0.5955287,0.5870252,-0.01370335,2.014703,3.809141,-0.3931756,-0.3823089,0.5955287,0.5870252,0.6457716,false,false,false,ModifierNotCompiled,0,0,0,0,0,0,0,0,ModifierNotCompiled,0,0,0,0,FootPlacementEffectorTarget,FootGrounding,true,0.9966182,false,-0.0008414895,1,0.1569545,0.07123208,-98108,-0.01370335,1.92,3.809141,0,1,0,0.002990246,0,0.002990246,0,-0.03746069,1.95004,3.697884,-0.03834931,1.868873,3.701238,-0.07534336,1.866757,3.638413,-0.05112708,-0.05324304,0.05324304,1,1,1,1,-0.02288592,-0.06849324,0.002464975,0,0.002464975,-0.6364294,-0.06849324,true,0,1,0,1.198799E-07,0.9977572,-0.06693741,-2.464244E-06,0.4831578,1.468277,0,1,0,true,-0.2796387,0.1292698,0.05887163,-0.2701721,0.2471538,-0.1483108,-0.2701721,0.2471538,-0.1483108,-0.2701721,0.2471538,-0.1483108,1.043081E-07,0,true,-98108,Sphere,CurrentGrounding,1,-0.5355246,2.283537,3.654884,0,0,0,0,-1,0,0.05,1,4608,0.5735765,-0.5355246,1.92,3.655,-0.5355246,1.92,3.655,0,0.9999973,-0.002319814,0.313537,Anchored,AnchorDistanceExceeded,true,-0.1271383,0.5445805,-0.2578109,-0.5760555,-0.5907266,0.399672,0.39933,-0.4068427,2.005594,3.778516,-0.5760555,-0.5907266,0.399672,0.39933,0.9228678,false,false,false,ModifierNotCompiled,0,0,0,0,0,0,0,0,ModifierNotCompiled,0,0,0,0,FootPlacementEffectorTarget,FootGrounding,true,1,false,-0.0007279004,1,0.1238055,0.02620634,-98108,-0.4068427,1.92,3.778516,0,1,0,0.001916059,0,0.001916059,0,-0.4167682,2.003325,3.76898,-0.4152259,1.922207,3.76692,-0.38948,1.924019,3.691358,0.002206802,0.004018545,0,1,1,1,1,0.2171142,0.1704327,0.1440427,0,0.1440427,0.6396673,0.1704327,true,0,0.9999973,-0.002319814,2.644566E-29,1,-6.258972E-05,-1.305877E-27,-2.503372E-05,-0.02286772,0,0.9999973,-0.002319814,true,0.200766,0.2732912,0.0194208,0.1147756,0.3004397,-0.121031,0.1147756,0.3004397,-0.121031,0.1147756,0.3004397,-0.121031,4.214685E-08,0
792,493,792,1,793,0,793,false,rootmotion.finalik.full-body-biped-ik/indexed-pose-backend,None,true,true,1,lyra-5.7/ABP_Mannequin_Base/CR_Mannequin_FootPlant,unreal-engine-5.7/SpringInterpV2/FMath.SpringDamper,corin.animation-rig,87731f0d0ca14844bbf861368b9847b3,corin.foot-placement,6d6118d2f41a5948ddd18dc6d88083c8c5bf77a4682a4ec3fce5d2ec6af01624,c7fd2c730a70465e6baa0d7496f46c9d49c4cc944fadbd61ecba1116729d5817,Corin.FootPlacementRig,2997edf1c34f13f7e2a3033372226eb399379f30c4303fddfe3e97ec1e4bf38d,0,-288406,-0.009600639,0.04552187,0.04552187,-0.5495046,-0.009600639,true,0,0.04552187,0,1,PelvisPreSolveTranslation,FootGrounding,ModifierNotCompiled,-1,-1,-1,0,,,true,-98098,Sphere,CurrentGrounding,0,-0.08471131,2.2675,3.475748,0,0,0,0,-1,0,0.05,1,4608,0.5735765,-0.08471131,1.68,3.475748,-0.08471131,1.68,3.475748,0,1,0,0.5374997,Anchored,AnchorDistanceExceeded,true,-0.004282296,0.5493245,-0.1977631,-0.3931756,-0.3823089,0.5955287,0.5870252,-0.01370335,2.014703,3.809141,-0.3931756,-0.3823089,0.5955287,0.5870252,0.6049204,false,false,false,ModifierNotCompiled,0,0,0,0,0,0,0,0,ModifierNotCompiled,0,0,0,0,FootPlacementEffectorTarget,FootGrounding,true,0.9999348,false,-0.001182449,1,0.1484926,0.05160832,-98108,-0.01370335,1.92,3.809141,0,1,0,0.003287315,0,0.003287315,0,-0.04175715,1.93485,3.677424,-0.04290349,1.853681,3.680634,-0.08067769,1.851823,3.61827,-0.06631911,-0.06817687,0.06817687,1,1,1,1,-0.009600639,-0.0518352,-0.0004371365,0,-0.0004371365,-0.5066525,-0.0518352,true,0,1,0,1.063912E-07,0.998256,-0.05903435,-2.589691E-06,0.4993062,1.499094,0,1,0,true,-0.280004,0.1229837,0.05327607,-0.2721986,0.2452494,-0.1527761,-0.2721986,0.2452494,-0.1527761,-0.2721986,0.2452494,-0.1527762,6.664002E-08,0,true,-98108,Sphere,CurrentGrounding,1,-0.5432775,2.270524,3.630669,0,0,0,0,-1,0,0.05,1,4608,0.5735765,-0.5432775,1.92,3.655,-0.5432775,1.92,3.655,0,0.8736159,-0.4866161,0.3068434,Anchored,AnchorDistanceExceeded,true,-0.1271383,0.5445805,-0.2578109,-0.5760555,-0.5907266,0.399672,0.39933,-0.4068427,2.005594,3.778516,-0.5760555,-0.5907266,0.399672,0.39933,0.8820166,false,false,false,ModifierNotCompiled,0,0,0,0,0,0,0,0,ModifierNotCompiled,0,0,0,0,FootPlacementEffectorTarget,FootGrounding,true,1,false,-0.0008196815,1,0.1450687,0.02169253,-98108,-0.4068427,1.92,3.778516,0,1,0,0,0,0,0,-0.4229397,2.000626,3.761073,-0.4217481,1.919497,3.7592,-0.3968316,1.921016,3.683354,-0.0005033016,0.001015544,0.0005033016,1,1,1,1,0.2303993,0.1848774,0.1474344,0,0.1474344,0.6740539,0.1848774,true,0,0.8736159,-0.4866161,2.0622E-29,0.9999058,-0.0137309,-1.014905E-27,-1.261477,-4.869536,0,0.8736159,-0.4866161,true,0.2025496,0.2738798,0.0155178,0.1178584,0.3110251,-0.1404107,0.1178584,0.3110251,-0.1404107,0.1178584,0.3110252,-0.1404108,8.059035E-08,0
793,494,793,1,794,0,794,false,rootmotion.finalik.full-body-biped-ik/indexed-pose-backend,None,true,true,1,lyra-5.7/ABP_Mannequin_Base/CR_Mannequin_FootPlant,unreal-engine-5.7/SpringInterpV2/FMath.SpringDamper,corin.animation-rig,87731f0d0ca14844bbf861368b9847b3,corin.foot-placement,6d6118d2f41a5948ddd18dc6d88083c8c5bf77a4682a4ec3fce5d2ec6af01624,c7fd2c730a70465e6baa0d7496f46c9d49c4cc944fadbd61ecba1116729d5817,Corin.FootPlacementRig,2997edf1c34f13f7e2a3033372226eb399379f30c4303fddfe3e97ec1e4bf38d,0,-288406,-0.001163363,0.04387564,0.04387564,-0.4807771,-0.001163363,true,0,0.04387564,0,1,PelvisPreSolveTranslation,FootGrounding,ModifierNotCompiled,-1,-1,-1,0,,,true,-98098,Sphere,CurrentGrounding,0,-0.08661461,2.258963,3.464079,0,0,0,0,-1,0,0.05,1,4608,0.5735765,-0.08661461,1.68,3.464079,-0.08661461,1.68,3.464079,0,1,0,0.5289627,Anchored,AnchorDistanceExceeded,true,-0.004282296,0.5493245,-0.1977631,-0.3931756,-0.3823089,0.5955287,0.5870252,-0.01370335,2.014703,3.809141,-0.3931756,-0.3823089,0.5955287,0.5870252,0.5792498,false,false,false,ModifierNotCompiled,0,0,0,0,0,0,0,0,ModifierNotCompiled,0,0,0,0,FootPlacementEffectorTarget,FootGrounding,true,0.9940207,false,-0.00140945,1,0.1681744,0.03990197,-98108,-0.01370335,1.92,3.809141,0,1,0,0.003379703,0,0.003379703,0,-0.04438077,1.924751,3.663956,-0.04569953,1.843578,3.666986,-0.08375125,1.84195,3.604785,-0.07642233,-0.0780499,0.0780499,1,1,1,1,-0.001163125,-0.04165906,-0.00192421,0,-0.00192421,-0.4275969,-0.04165906,true,0,1,0,9.779195E-08,0.9985361,-0.05409033,-2.568775E-06,0.4919483,1.469696,0,1,0,true,-0.2791229,0.1197509,0.05187199,-0.2740287,0.2435881,-0.1523545,-0.2740287,0.2435881,-0.1523545,-0.2740287,0.2435882,-0.1523545,9.064023E-08,0,true,-98098,Sphere,CurrentGrounding,1,-0.5472419,2.262385,3.612895,0,0,0,0,-1,0,0.05,1,4608,0.5735765,-0.5472419,1.68,3.612895,-0.5472419,1.68,3.612895,0,1,0,0.5323851,Anchored,AnchorDistanceExceeded,true,-0.1271383,0.5445805,-0.2578109,-0.5760555,-0.5907266,0.399672,0.39933,-0.4068427,2.005594,3.778516,-0.5760555,-0.5907266,0.399672,0.39933,0.856346,false,false,false,ModifierNotCompiled,0,0,0,0,0,0,0,0,ModifierNotCompiled,0,0,0,0,FootPlacementEffectorTarget,FootGrounding,true,1,false,-0.0008355879,1,0.1797465,0.1918405,-98108,-0.4068427,1.92,3.778516,0,1,0,0.0009607077,0,0.0009607077,0,-0.4270116,1.998008,3.754724,-0.4260408,1.916872,3.753046,-0.4015462,1.918138,3.67706,-0.003128052,-0.001862407,0.003128052,1,1,1,1,-0.001163363,-0.04407829,0.1465243,0,0.1465243,-0.9031921,-0.04407829,true,0,1,0,1.765137E-29,0.9996356,-0.02699276,-8.66018E-28,-0.8759595,-3.380569,0,1,0,true,0.2034252,0.2716218,0.01352019,0.1192208,0.3168451,-0.1522524,0.1192208,0.3168451,-0.1522524,0.1192207,0.3168451,-0.1522524,4.214685E-08,0
794,495,794,1,795,0,795,false,rootmotion.finalik.full-body-biped-ik/indexed-pose-backend,None,true,true,1,lyra-5.7/ABP_Mannequin_Base/CR_Mannequin_FootPlant,unreal-engine-5.7/SpringInterpV2/FMath.SpringDamper,corin.animation-rig,87731f0d0ca14844bbf861368b9847b3,corin.foot-placement,6d6118d2f41a5948ddd18dc6d88083c8c5bf77a4682a4ec3fce5d2ec6af01624,c7fd2c730a70465e6baa0d7496f46c9d49c4cc944fadbd61ecba1116729d5817,Corin.FootPlacementRig,2997edf1c34f13f7e2a3033372226eb399379f30c4303fddfe3e97ec1e4bf38d,0,-288406,0.01161957,0.04182848,0.04182848,-0.3728876,0.01161957,true,0,0.04182848,0,1,PelvisPreSolveTranslation,FootGrounding,ModifierNotCompiled,-1,-1,-1,0,,,true,-98098,Sphere,CurrentGrounding,0,-0.08810687,2.246405,3.445734,0,0,0,0,-1,0,0.05,1,4608,0.5735765,-0.08810687,1.68,3.445734,-0.08810687,1.68,3.445734,0,1,0,0.516405,Anchored,AnchorDistanceExceeded,true,-0.004282296,0.5493245,-0.1977631,-0.3931756,-0.3823089,0.5955287,0.5870252,-0.01370335,2.014703,3.809141,-0.3931756,-0.3823089,0.5955287,0.5870252,0.5405744,false,false,false,ModifierNotCompiled,0,0,0,0,0,0,0,0,ModifierNotCompiled,0,0,0,0,FootPlacementEffectorTarget,FootGrounding,true,0.9834441,false,-0.001533501,1,0.1854534,0.02349019,-98108,-0.01370335,1.92,3.809141,0,1,0,0.003142357,0,0.003142357,0,-0.04788623,1.908965,3.642182,-0.0494679,1.827783,3.644833,-0.08768132,1.826576,3.582724,-0.09221685,-0.09342432,0.09342432,1,1,1,1,0.01161957,-0.02706656,-0.003682592,0,-0.003682592,-0.3089549,-0.02706656,true,0,1,0,8.525497E-08,0.9988964,-0.04696791,-2.446209E-06,0.4651054,1.382048,0,1,0,true,-0.2781971,0.1161704,0.0523118,-0.2778174,0.2405849,-0.1482115,-0.2778174,0.2405849,-0.1482115,-0.2778173,0.2405849,-0.1482118,2.799674E-07,0,true,-98098,Sphere,CurrentGrounding,1,-0.5531955,2.249942,3.583395,0,0,0,0,-1,0,0.05,1,4608,0.5735765,-0.5531955,1.68,3.583395,-0.5531955,1.68,3.583395,0,1,0,0.5199419,Anchored,AnchorDistanceExceeded,true,-0.1271383,0.5445805,-0.2578109,-0.5760555,-0.5907266,0.399672,0.39933,-0.4068427,2.005594,3.778516,-0.5760555,-0.5907266,0.399672,0.39933,0.8176706,false,false,false,ModifierNotCompiled,0,0,0,0,0,0,0,0,ModifierNotCompiled,0,0,0,0,FootPlacementEffectorTarget,FootGrounding,true,1,false,-0.0007923031,1,0.2070916,0.1730267,-98108,-0.4068427,1.92,3.778516,0,1,0,0.0001001358,0,0.0001001358,0,-0.4335271,1.992529,3.74294,-0.4329283,1.911385,3.74148,-0.4089111,1.912333,3.665336,-0.008615017,-0.007667303,0.008615017,1,1,1,1,0.01161957,-0.03010878,0.1421655,0,0.1421655,-0.8872436,-0.03010878,true,0,1,0,1.394031E-29,0.9992265,-0.03932314,-6.821078E-28,-0.4537677,-1.75006,0,1,0,true,0.2051297,0.2655554,0.01164908,0.1202359,0.3241487,-0.168817,0.1202359,0.3241487,-0.168817,0.1202362,0.3241488,-0.1688172,3.737192E-07,0
795,496,795,1,796,0,796,false,rootmotion.finalik.full-body-biped-ik/indexed-pose-backend,None,true,true,1,lyra-5.7/ABP_Mannequin_Base/CR_Mannequin_FootPlant,unreal-engine-5.7/SpringInterpV2/FMath.SpringDamper,corin.animation-rig,87731f0d0ca14844bbf861368b9847b3,corin.foot-placement,6d6118d2f41a5948ddd18dc6d88083c8c5bf77a4682a4ec3fce5d2ec6af01624,c7fd2c730a70465e6baa0d7496f46c9d49c4cc944fadbd61ecba1116729d5817,Corin.FootPlacementRig,2997edf1c34f13f7e2a3033372226eb399379f30c4303fddfe3e97ec1e4bf38d,0,-288406,0.02095282,0.04066455,0.04066455,-0.2948594,0.02095282,true,0,0.04066455,0,1,PelvisPreSolveTranslation,FootGrounding,ModifierNotCompiled,-1,-1,-1,0,,,true,-98098,Sphere,CurrentGrounding,0,-0.090832,2.23723,3.431169,0,0,0,0,-1,0,0.05,1,4608,0.5735765,-0.090832,1.68,3.431169,-0.090832,1.68,3.431169,0,1,0,0.5072299,Anchored,AnchorDistanceExceeded,true,-0.004282296,0.5493245,-0.1977631,-0.3931756,-0.3823089,0.5955287,0.5870252,-0.01370335,2.014703,3.809141,-0.3931756,-0.3823089,0.5955287,0.5870252,0.5123362,false,false,false,ModifierNotCompiled,0,0,0,0,0,0,0,0,ModifierNotCompiled,0,0,0,0,FootPlacementEffectorTarget,FootGrounding,true,0.972439,false,-0.001747432,1,0.2145125,0.0121963,-98108,-0.01370335,1.92,3.809141,0,1,0,0.002975106,0,0.002975106,0,-0.0513162,1.896973,3.624818,-0.05307249,1.815784,3.627111,-0.09133244,1.814933,3.565027,-0.104216,-0.105067,0.105067,1,1,1,1,0.02095282,-0.01673663,-0.00460692,0,-0.00460692,-0.2253776,-0.01673663,true,0,1,0,7.660092E-08,0.9991136,-0.04209725,-2.311999E-06,0.4378911,1.2974,0,1,0,true,-0.2762596,0.1142404,0.05407808,-0.2799898,0.2379264,-0.143526,-0.2799898,0.2379264,-0.143526,-0.2799897,0.2379265,-0.143526,1.273156E-07,0,true,-98098,Sphere,CurrentGrounding,1,-0.5569084,2.240942,3.561876,0,0,0,0,-1,0,0.05,1,4608,0.5735765,-0.5569084,1.68,3.561876,-0.5569084,1.68,3.561876,0,1,0,0.5109423,Anchored,AnchorDistanceExceeded,true,-0.1271383,0.5445805,-0.2578109,-0.5760555,-0.5907266,0.399672,0.39933,-0.4068427,2.005594,3.778516,-0.5760555,-0.5907266,0.399672,0.39933,0.7894324,false,false,false,ModifierNotCompiled,0,0,0,0,0,0,0,0,ModifierNotCompiled,0,0,0,0,FootPlacementEffectorTarget,FootGrounding,true,1,false,-0.0007688552,1,0.248424,0.1597489,-98108,-0.4068427,1.92,3.778516,0,1,0,0,0,0,0,-0.4384417,1.98771,3.732899,-0.4380758,1.906562,3.73155,-0.4143435,1.907336,3.655316,-0.01343775,-0.0126636,0.01343775,1,1,1,1,0.02095282,-0.01971173,0.139052,0,0.139052,-0.8641998,-0.01971173,true,0,1,0,1.171965E-29,0.9990302,-0.04403053,-5.728994E-28,-0.2373657,-0.9143868,0,1,0,true,0.205795,0.2616117,0.01009131,0.1203194,0.3286626,-0.179585,0.1203194,0.3286626,-0.179585,0.1203194,0.3286628,-0.1795851,1.837139E-07,0
796,497,796,1,797,0,797,false,rootmotion.finalik.full-body-biped-ik/indexed-pose-backend,None,true,true,1,lyra-5.7/ABP_Mannequin_Base/CR_Mannequin_FootPlant,unreal-engine-5.7/SpringInterpV2/FMath.SpringDamper,corin.animation-rig,87731f0d0ca14844bbf861368b9847b3,corin.foot-placement,6d6118d2f41a5948ddd18dc6d88083c8c5bf77a4682a4ec3fce5d2ec6af01624,c7fd2c730a70465e6baa0d7496f46c9d49c4cc944fadbd61ecba1116729d5817,Corin.FootPlacementRig,2997edf1c34f13f7e2a3033372226eb399379f30c4303fddfe3e97ec1e4bf38d,0,-288406,0.03002083,0.03980057,0.03980057,-0.2188343,0.03002083,true,0,0.03980057,0,1,PelvisPreSolveTranslation,FootGrounding,ModifierNotCompiled,-1,-1,-1,0,,,true,-98098,Sphere,CurrentGrounding,0,-0.0935297,2.228434,3.417481,0,0,0,0,-1,0,0.05,1,4608,0.5735765,-0.0935297,1.68,3.417481,-0.0935297,1.68,3.417481,0,1,0,0.4984337,Anchored,AnchorDistanceExceeded,true,-0.004282296,0.5493245,-0.1977631,-0.3931756,-0.3823089,0.5955287,0.5870252,-0.01370335,2.014703,3.809141,-0.3931756,-0.3823089,0.5955287,0.5870252,0.4849002,false,false,false,ModifierNotCompiled,0,0,0,0,0,0,0,0,ModifierNotCompiled,0,0,0,0,FootPlacementEffectorTarget,FootGrounding,true,0.9606258,false,-0.001894864,1,0.2452019,0.002291203,-98108,-0.01370335,1.92,3.809141,0,1,0,0.002697349,0,0.002697349,0,-0.05482189,1.885056,3.607397,-0.05671075,1.803862,3.609394,-0.09489689,1.803298,3.547262,-0.1161383,-0.1167024,0.1167024,1,1,1,1,0.03002095,-0.007082269,-0.005224412,0,-0.005224412,-0.1465213,-0.007082269,true,0,1,0,6.871897E-08,0.9992896,-0.03768731,-2.161252E-06,0.4081111,1.206418,0,1,0,true,-0.2743038,0.1130308,0.05528966,-0.281948,0.2350769,-0.13838,-0.281948,0.2350769,-0.13838,-0.2819479,0.2350768,-0.1383799,1.20137E-07,0,true,-98098,Sphere,CurrentGrounding,1,-0.5603309,2.232151,3.541585,0,0,0,0,-1,0,0.05,1,4608,0.5735765,-0.5603309,1.68,3.541585,-0.5603309,1.68,3.541585,0,1,0,0.5021507,Anchored,AnchorDistanceExceeded,true,-0.1271383,0.5445805,-0.2578109,-0.5760555,-0.5907266,0.399672,0.39933,-0.4068427,2.005594,3.778516,-0.5760555,-0.5907266,0.399672,0.39933,0.7619964,false,false,false,ModifierNotCompiled,0,0,0,0,0,0,0,0,ModifierNotCompiled,0,0,0,0,FootPlacementEffectorTarget,FootGrounding,true,1,false,-0.0007227688,1,0.282401,0.1471589,-98108,-0.4068427,1.92,3.778516,0,1,0,0,0,0,0,-0.4433734,1.982384,3.722126,-0.4432368,1.901234,3.720857,-0.4197028,1.901867,3.64456,-0.01876581,-0.0181334,0.01876581,1,1,1,1,0.03002083,-0.009779736,0.1361199,0,0.1361199,-0.8347521,-0.009779736,true,0,1,0,9.895816E-30,0.9989357,-0.04612479,-4.83554E-28,-0.08318775,-0.3190603,0,1,0,true,0.2063842,0.258092,0.007914972,0.1200015,0.3324046,-0.1890926,0.1200015,0.3324046,-0.1890926,0.1200015,0.3324046,-0.1890925,9.453727E-08,0
797,498,797,1,798,0,798,false,rootmotion.finalik.full-body-biped-ik/indexed-pose-backend,None,true,true,1,lyra-5.7/ABP_Mannequin_Base/CR_Mannequin_FootPlant,unreal-engine-5.7/SpringInterpV2/FMath.SpringDamper,corin.animation-rig,87731f0d0ca14844bbf861368b9847b3,corin.foot-placement,6d6118d2f41a5948ddd18dc6d88083c8c5bf77a4682a4ec3fce5d2ec6af01624,c7fd2c730a70465e6baa0d7496f46c9d49c4cc944fadbd61ecba1116729d5817,Corin.FootPlacementRig,2997edf1c34f13f7e2a3033372226eb399379f30c4303fddfe3e97ec1e4bf38d,0,-288406,0.04443061,0.03897952,0.03897952,-0.09493049,0.04443061,true,0,0.03897952,0,1,PelvisPreSolveTranslation,FootGrounding,ModifierNotCompiled,-1,-1,-1,0,,,true,-98098,Sphere,CurrentGrounding,0,-0.09704924,2.214696,3.397185,0,0,0,0,-1,0,0.05,1,4608,0.5735765,-0.09704924,1.68,3.397185,-0.09704924,1.68,3.397185,0,1,0,0.484696,Anchored,AnchorDistanceExceeded,true,-0.004282296,0.5493245,-0.1977631,-0.3931756,-0.3823089,0.5955287,0.5870252,-0.01370335,2.014703,3.809141,-0.3931756,-0.3823089,0.5955287,0.5870252,0.4414446,false,false,false,ModifierNotCompiled,0,0,0,0,0,0,0,0,ModifierNotCompiled,0,0,0,0,FootPlacementEffectorTarget,FootGrounding,true,0.9161613,false,-0.001669833,1,0.336354,0.01310551,-98108,-0.01370335,1.92,3.809141,0,1,0,0.002028823,0,0.002028823,0,-0.06025664,1.865748,3.579041,-0.06225739,1.784551,3.580824,-0.100114,1.784191,3.518492,-0.1354488,-0.1358091,0.1358091,1,1,1,1,0.04443073,0.007480033,-0.005652006,0,-0.005652006,-0.0234021,0.007480033,true,0,1,0,5.742973E-08,0.9995067,-0.03140774,-1.904989E-06,0.3583877,1.056437,0,1,0,true,-0.2710147,0.1124541,0.05465963,-0.2834784,0.2301784,-0.1304615,-0.2834784,0.2301784,-0.1304615,-0.2834783,0.2301785,-0.1304616,1.497548E-07,0,true,-98098,Sphere,CurrentGrounding,1,-0.564224,2.218121,3.512066,0,0,0,0,-1,0,0.05,1,4608,0.5735765,-0.564224,1.68,3.512066,-0.564224,1.68,3.512066,0,1,0,0.4881214,Anchored,AnchorDistanceExceeded,true,-0.1271383,0.5445805,-0.2578109,-0.5760555,-0.5907266,0.399672,0.39933,-0.4068427,2.005594,3.778516,-0.5760555,-0.5907266,0.399672,0.39933,0.7185408,false,false,false,ModifierNotCompiled,0,0,0,0,0,0,0,0,ModifierNotCompiled,0,0,0,0,FootPlacementEffectorTarget,FootGrounding,true,1,false,-0.0006171314,1,0.3329323,0.1279275,-98108,-0.4068427,1.92,3.778516,0,1,0,0,0,0,0,-0.4511391,1.972732,3.703521,-0.4513867,1.891581,3.702371,-0.4280348,1.891991,3.626017,-0.0284189,-0.0280087,0.0284189,1,1,1,1,0.04443061,0.005451091,0.1317359,0,0.1317359,-0.7737843,0.005451091,true,0,1,0,7.567097E-30,0.9989403,-0.04602288,-3.697998E-28,0.07718782,0.3000937,0,1,0,true,0.2072371,0.2532674,0.002455754,0.1204161,0.3371626,-0.2022523,0.1204161,0.3371626,-0.2022523,0.1204162,0.3371627,-0.2022524,2.246322E-07,0
798,499,798,1,799,0,799,false,rootmotion.finalik.full-body-biped-ik/indexed-pose-backend,None,true,true,1,lyra-5.7/ABP_Mannequin_Base/CR_Mannequin_FootPlant,unreal-engine-5.7/SpringInterpV2/FMath.SpringDamper,corin.animation-rig,87731f0d0ca14844bbf861368b9847b3,corin.foot-placement,6d6118d2f41a5948ddd18dc6d88083c8c5bf77a4682a4ec3fce5d2ec6af01624,c7fd2c730a70465e6baa0d7496f46c9d49c4cc944fadbd61ecba1116729d5817,Corin.FootPlacementRig,2997edf1c34f13f7e2a3033372226eb399379f30c4303fddfe3e97ec1e4bf38d,0,-288406,0.06302965,0.03892716,0.03892716,0.0661214,0.06302965,true,0,0.03892716,0,1,PelvisPreSolveTranslation,FootGrounding,ModifierNotCompiled,-1,-1,-1,0,,,true,-98098,Sphere,CurrentGrounding,0,-0.1029911,2.197532,3.371027,0,0,0,0,-1,0,0.05,1,4608,0.5735765,-0.1029911,1.68,3.371027,-0.1029911,1.68,3.371027,0,1,0,0.4675323,Anchored,AnchorDistanceExceeded,true,-0.004282296,0.5493245,-0.1977631,-0.3931756,-0.3823089,0.5955287,0.5870252,-0.01370335,2.014703,3.809141,-0.3931756,-0.3823089,0.5955287,0.5870252,0.3855454,false,false,false,ModifierNotCompiled,0,0,0,0,0,0,0,0,ModifierNotCompiled,0,0,0,0,FootPlacementEffectorTarget,FootGrounding,true,0.8322246,false,-0.001138114,1,0.5340107,0.029935,-98108,-0.01370335,1.92,3.809141,0,1,0,0.0006158352,0,0.0006158352,0,-0.06856662,1.84051,3.539939,-0.07046833,1.759315,3.541896,-0.1074927,1.758743,3.47907,-0.1606851,-0.1612567,0.1612567,1,1,1,1,0.06302965,0.02471833,-0.005248629,0,-0.005248629,0.1252647,0.02471833,true,0,1,0,4.506515E-08,0.999698,-0.02457319,-1.576508E-06,0.2955477,0.8688525,0,1,0,true,-0.2645564,0.1142405,0.05252398,-0.2819754,0.2235396,-0.1189788,-0.2819754,0.2235396,-0.1189788,-0.2819755,0.2235396,-0.1189787,1.237783E-07,0,true,-98098,Sphere,CurrentGrounding,1,-0.5664847,2.199904,3.476449,0,0,0,0,-1,0,0.05,1,4608,0.5735765,-0.5664847,1.68,3.476449,-0.5664847,1.68,3.476449,0,1,0,0.4699041,Anchored,AnchorDistanceExceeded,true,-0.1271383,0.5445805,-0.2578109,-0.5760555,-0.5907266,0.399672,0.39933,-0.4068427,2.005594,3.778516,-0.5760555,-0.5907266,0.399672,0.39933,0.6626416,false,false,false,ModifierNotCompiled,0,0,0,0,0,0,0,0,ModifierNotCompiled,0,0,0,0,FootPlacementEffectorTarget,FootGrounding,true,1,false,-0.0004486061,1,0.4312723,0.1045643,-98108,-0.4068427,1.92,3.778516,0,1,0,0,0,0,0,-0.4606993,1.958329,3.676611,-0.4613644,1.877179,3.675555,-0.43805,1.877379,3.599191,-0.04282081,-0.04262078,0.04282081,1,1,1,1,0.06302965,0.02410249,0.1266587,0,0.1266587,-0.6783149,0.02410249,true,0,1,0,5.354773E-30,0.9991071,-0.04225047,-2.619214E-28,0.1815622,0.7028804,0,1,0,true,0.2071363,0.2485194,-0.00618172,0.1218259,0.3413587,-0.2158899,0.1218259,0.3413587,-0.2158899,0.121826,0.3413587,-0.21589,1.718486E-07,0
799,500,799,1,800,0,800,false,rootmotion.finalik.full-body-biped-ik/indexed-pose-backend,None,true,true,1,lyra-5.7/ABP_Mannequin_Base/CR_Mannequin_FootPlant,unreal-engine-5.7/SpringInterpV2/FMath.SpringDamper,corin.animation-rig,87731f0d0ca14844bbf861368b9847b3,corin.foot-placement,6d6118d2f41a5948ddd18dc6d88083c8c5bf77a4682a4ec3fce5d2ec6af01624,c7fd2c730a70465e6baa0d7496f46c9d49c4cc944fadbd61ecba1116729d5817,Corin.FootPlacementRig,2997edf1c34f13f7e2a3033372226eb399379f30c4303fddfe3e97ec1e4bf38d,0,-288406,0.07126188,0.03926066,0.03926066,0.1326704,0.07126188,true,0,0.03926066,0,1,PelvisPreSolveTranslation,FootGrounding,ModifierNotCompiled,-1,-1,-1,0,,,true,-98098,Sphere,CurrentGrounding,0,-0.1076128,2.190042,3.359411,0,0,0,0,-1,0,0.05,1,4608,0.5735765,-0.1076128,1.68,3.359411,-0.1076128,1.68,3.359411,0,1,0,0.4600419,Anchored,AnchorDistanceExceeded,true,-0.004282296,0.5493245,-0.1977631,-0.3931756,-0.3823089,0.5955287,0.5870252,-0.01370335,2.014703,3.809141,-0.3931756,-0.3823089,0.5955287,0.5870252,0.3608032,false,false,false,ModifierNotCompiled,0,0,0,0,0,0,0,0,ModifierNotCompiled,0,0,0,0,FootPlacementEffectorTarget,FootGrounding,true,0.7690048,false,-0.0009279739,1,0.6981454,0.03713632,-98108,-0.01370335,1.92,3.809141,0,1,0,0,0,0,0,-0.07373,1.829243,3.521675,-0.07539023,1.748049,3.52386,-0.1118381,1.74717,3.460702,-0.1719513,-0.1728303,0.1728303,1,1,1,1,0.07126188,0.03200122,-0.004744942,0,-0.004744942,0.1841505,0.03200122,true,0,1,0,4.032351E-08,0.9997588,-0.0219631,-1.438412E-06,0.2693228,0.7909971,0,1,0,true,-0.2598531,0.1158195,0.05167237,-0.2797701,0.2205049,-0.1128907,-0.2797701,0.2205049,-0.1128907,-0.27977,0.2205049,-0.1128908,9.996003E-08,0,true,-98098,Sphere,CurrentGrounding,1,-0.5658898,2.191753,3.461253,0,0,0,0,-1,0,0.05,1,4608,0.5735765,-0.5658898,1.68,3.461253,-0.5658898,1.68,3.461253,0,1,0,0.461753,Anchored,AnchorDistanceExceeded,true,-0.1271383,0.5445805,-0.2578109,-0.5760555,-0.5907266,0.399672,0.39933,-0.4068427,2.005594,3.778516,-0.5760555,-0.5907266,0.399672,0.39933,0.6378994,false,false,false,ModifierNotCompiled,0,0,0,0,0,0,0,0,ModifierNotCompiled,0,0,0,0,FootPlacementEffectorTarget,FootGrounding,true,1,false,-0.0003448164,1,0.5343328,0.09466279,-98108,-0.4068427,1.92,3.778516,0,1,0,0,0,0,0,-0.4644338,1.951293,3.663635,-0.4650751,1.870143,3.662633,-0.4417101,1.870297,3.586284,-0.04985726,-0.04970276,0.04985726,1,1,1,1,0.071262,0.03200134,0.1246197,0,0.1246197,-0.6361357,0.03200134,true,0,1,0,4.592564E-30,0.9992045,-0.03988045,-2.24764E-28,0.2035778,0.7877681,0,1,0,true,0.2054413,0.2468952,-0.01070403,0.1216197,0.3425554,-0.2210036,0.1216197,0.3425554,-0.2210036,0.1216197,0.3425555,-0.2210037,1.469484E-07,0
800,501,800,1,801,0,801,false,rootmotion.finalik.full-body-biped-ik/indexed-pose-backend,None,true,true,1,lyra-5.7/ABP_Mannequin_Base/CR_Mannequin_FootPlant,unreal-engine-5.7/SpringInterpV2/FMath.SpringDamper,corin.animation-rig,87731f0d0ca14844bbf861368b9847b3,corin.foot-placement,6d6118d2f41a5948ddd18dc6d88083c8c5bf77a4682a4ec3fce5d2ec6af01624,c7fd2c730a70465e6baa0d7496f46c9d49c4cc944fadbd61ecba1116729d5817,Corin.FootPlacementRig,2997edf1c34f13f7e2a3033372226eb399379f30c4303fddfe3e97ec1e4bf38d,0,-288406,0.07900906,0.03976372,0.03976372,0.1946723,0.07900906,true,0,0.03976372,0,1,PelvisPreSolveTranslation,FootGrounding,ModifierNotCompiled,-1,-1,-1,0,,,true,-98098,Sphere,CurrentGrounding,0,-0.1114676,2.183378,3.349196,0,0,0,0,-1,0,0.05,1,4608,0.5735765,-0.1114676,1.68,3.349196,-0.1114676,1.68,3.349196,0,1,0,0.4533776,Anchored,AnchorDistanceExceeded,true,-0.004282296,0.5493245,-0.1977631,-0.3931756,-0.3823089,0.5955287,0.5870252,-0.01370335,2.014703,3.809141,-0.3931756,-0.3823089,0.5955287,0.5870252,0.337519,false,false,false,ModifierNotCompiled,0,0,0,0,0,0,0,0,ModifierNotCompiled,0,0,0,0,FootPlacementEffectorTarget,FootGrounding,true,0.7159704,false,-0.0005960417,1,0.8271444,0.04345143,-98108,-0.01370335,1.92,3.809141,0,1,0,0,0,0,0,-0.0784703,1.818833,3.504436,-0.0798662,1.737648,3.507087,-0.1155837,1.736263,3.443522,-0.1823521,-0.1837372,0.1837372,1,1,1,1,0.07900906,0.03924533,-0.004098967,0,-0.004098967,0.2414829,0.03924533,true,0,1,0,3.625376E-08,0.9998054,-0.01972736,-1.314832E-06,0.2459283,0.721708,0,1,0,true,-0.2559426,0.1180514,0.05000701,-0.2777109,0.2178426,-0.1072012,-0.2777109,0.2178426,-0.1072012,-0.2777109,0.2178427,-0.1072011,1.698994E-07,0,true,-98098,Sphere,CurrentGrounding,1,-0.5661013,2.183964,3.446676,0,0,0,0,-1,0,0.05,1,4608,0.5735765,-0.5661013,1.68,3.446676,-0.5661013,1.68,3.446676,0,1,0,0.4539638,Anchored,AnchorDistanceExceeded,true,-0.1271383,0.5445805,-0.2578109,-0.5760555,-0.5907266,0.399672,0.39933,-0.4068427,2.005594,3.778516,-0.5760555,-0.5907266,0.399672,0.39933,0.6146152,false,false,false,ModifierNotCompiled,0,0,0,0,0,0,0,0,ModifierNotCompiled,0,0,0,0,FootPlacementEffectorTarget,FootGrounding,true,1,false,-0.00029281,1,0.5967504,0.08556104,-98108,-0.4068427,1.92,3.778516,0,1,0,0,0,0,0,-0.4682186,1.944302,3.65063,-0.4689324,1.863152,3.64962,-0.4454278,1.863289,3.573315,-0.05684829,-0.0567106,0.05684829,1,1,1,1,0.07900918,0.03924545,0.1228239,0,0.1228239,-0.5948731,0.03924545,true,0,1,0,3.974319E-30,0.999298,-0.03746414,-1.946174E-28,0.2149969,0.8317438,0,1,0,true,0.2045158,0.2455606,-0.01458577,0.1215263,0.3433108,-0.2250403,0.1215263,0.3433108,-0.2250403,0.1215263,0.3433109,-0.2250403,9.799709E-08,0
801,502,801,1,802,0,802,false,rootmotion.finalik.full-body-biped-ik/indexed-pose-backend,None,true,true,1,lyra-5.7/ABP_Mannequin_Base/CR_Mannequin_FootPlant,unreal-engine-5.7/SpringInterpV2/FMath.SpringDamper,corin.animation-rig,87731f0d0ca14844bbf861368b9847b3,corin.foot-placement,6d6118d2f41a5948ddd18dc6d88083c8c5bf77a4682a4ec3fce5d2ec6af01624,c7fd2c730a70465e6baa0d7496f46c9d49c4cc944fadbd61ecba1116729d5817,Corin.FootPlacementRig,2997edf1c34f13f7e2a3033372226eb399379f30c4303fddfe3e97ec1e4bf38d,0,-288406,0.08655703,0.04042792,0.04042792,0.2545034,0.08655703,true,0,0.04042792,0,1,PelvisPreSolveTranslation,FootGrounding,ModifierNotCompiled,-1,-1,-1,0,,,true,-98098,Sphere,CurrentGrounding,0,-0.1156976,2.177197,3.338318,0,0,0,0,-1,0,0.05,1,4608,0.5735765,-0.1156976,1.68,3.338318,-0.1156976,1.68,3.338318,0,1,0,0.4471971,Anchored,AnchorDistanceExceeded,true,-0.004282296,0.5493245,-0.1977631,-0.3931756,-0.3823089,0.5955287,0.5870252,-0.01370335,2.014703,3.809141,-0.3931756,-0.3823089,0.5955287,0.5870252,0.3148504,false,false,false,ModifierNotCompiled,0,0,0,0,0,0,0,0,ModifierNotCompiled,0,0,0,0,FootPlacementEffectorTarget,FootGrounding,true,0.6512468,false,-0.0002305087,1,0.9601166,0.04921532,-98108,-0.01370335,1.92,3.809141,0,1,0,0,0,0,0,-0.08358468,1.808892,3.486557,-0.08461774,1.727726,3.489896,-0.1196986,1.72562,3.426,-0.1922739,-0.1943802,0.1943802,1,1,1,1,0.08655703,0.04612911,-0.003310949,0,-0.003310949,0.2955791,0.04612911,true,0,1,0,3.263757E-08,0.9998425,-0.01774419,-1.201189E-06,0.224468,0.6582673,0,1,0,true,-0.2518115,0.1208711,0.04786144,-0.2743502,0.2154487,-0.1021318,-0.2743502,0.2154487,-0.1021318,-0.2743502,0.2154488,-0.1021319,1.999201E-07,0,true,-98098,Sphere,CurrentGrounding,1,-0.5657728,2.176281,3.433477,0,0,0,0,-1,0,0.05,1,4608,0.5735765,-0.5657728,1.68,3.433477,-0.5657728,1.68,3.433477,0,1,0,0.4462811,Anchored,AnchorDistanceExceeded,true,-0.1271383,0.5445805,-0.2578109,-0.5760555,-0.5907266,0.399672,0.39933,-0.4068427,2.005594,3.778516,-0.5760555,-0.5907266,0.399672,0.39933,0.5919466,false,false,false,ModifierNotCompiled,0,0,0,0,0,0,0,0,ModifierNotCompiled,0,0,0,0,FootPlacementEffectorTarget,FootGrounding,true,1,false,-0.0004519873,1,0.6514128,0.07689393,-98108,-0.4068427,1.92,3.778516,0,1,0,0,0,0,0,-0.4716946,1.937168,3.637722,-0.4724638,1.856019,3.636679,-0.4489335,1.856171,3.560382,-0.06398153,-0.06382942,0.06398153,1,1,1,1,0.08655703,0.04612911,0.1211943,0,0.1211943,-0.553442,0.04612911,true,0,1,0,3.452322E-30,0.9993864,-0.03502803,-1.691537E-28,0.2194709,0.8489054,0,1,0,true,0.2034405,0.2444605,-0.01823296,0.1226565,0.3437246,-0.2280915,0.1226565,0.3437246,-0.2280915,0.1226565,0.3437247,-0.2280915,9.064023E-08,0
802,503,802,1,803,0,803,false,rootmotion.finalik.full-body-biped-ik/indexed-pose-backend,None,true,true,1,lyra-5.7/ABP_Mannequin_Base/CR_Mannequin_FootPlant,unreal-engine-5.7/SpringInterpV2/FMath.SpringDamper,corin.animation-rig,87731f0d0ca14844bbf861368b9847b3,corin.foot-placement,6d6118d2f41a5948ddd18dc6d88083c8c5bf77a4682a4ec3fce5d2ec6af01624,c7fd2c730a70465e6baa0d7496f46c9d49c4cc944fadbd61ecba1116729d5817,Corin.FootPlacementRig,2997edf1c34f13f7e2a3033372226eb399379f30c4303fddfe3e97ec1e4bf38d,0,-288406,0.09901214,0.04189445,0.04189445,0.3545186,0.09901214,true,0,0.04189445,0,1,PelvisPreSolveTranslation,FootGrounding,ModifierNotCompiled,-1,-1,-1,0,,,true,-98098,Sphere,CurrentGrounding,0,-0.1232119,2.167916,3.320398,0,0,0,0,-1,0,0.05,1,4608,0.5735765,-0.1232119,1.68,3.320398,-0.1232119,1.68,3.320398,0,1,0,0.437916,Anchored,AnchorDistanceExceeded,true,-0.004282296,0.5493245,-0.1977631,-0.3931756,-0.3823089,0.5955287,0.5870252,-0.01370335,2.014703,3.809141,-0.3931756,-0.3823089,0.5955287,0.5870252,0.2774594,false,false,false,ModifierNotCompiled,0,0,0,0,0,0,0,0,ModifierNotCompiled,0,0,0,0,FootPlacementEffectorTarget,FootGrounding,true,0.5483406,false,0.0004451015,1,1.163217,0.05769408,-98108,-0.01370335,1.92,3.809141,0,1,0,0,0,0,0,-0.09282769,1.793189,3.456004,-0.09306091,1.71211,3.461117,-0.1269643,1.708219,3.396673,-0.2078903,-0.2117813,0.2117813,1,1,1,1,0.09901214,0.05711769,-0.001683655,0,-0.001683655,0.3832903,0.05711769,true,0,1,0,2.73744E-08,0.9998896,-0.01486339,-1.029451E-06,0.1921223,0.5628381,0,1,0,true,-0.2445476,0.127139,0.04294473,-0.267201,0.2122015,-0.09416505,-0.267201,0.2122015,-0.09416505,-0.267201,0.2122015,-0.09416515,1.056302E-07,0,true,-98098,Sphere,CurrentGrounding,1,-0.5652397,2.163469,3.412228,0,0,0,0,-1,0,0.05,1,4608,0.5735765,-0.5652397,1.68,3.412228,-0.5652397,1.68,3.412228,0,1,0,0.4334689,Anchored,AnchorDistanceExceeded,true,-0.1271383,0.5445805,-0.2578109,-0.5760555,-0.5907266,0.399672,0.39933,-0.4068427,2.005594,3.778516,-0.5760555,-0.5907266,0.399672,0.39933,0.5545556,false,false,false,ModifierNotCompiled,0,0,0,0,0,0,0,0,ModifierNotCompiled,0,0,0,0,FootPlacementEffectorTarget,FootGrounding,true,1,false,-0.0007444706,1,0.7220635,0.06311524,-98108,-0.4068427,1.92,3.778516,0,1,0,0,0,0,0,-0.4773997,1.924768,3.615355,-0.478317,1.843622,3.614153,-0.4548028,1.843881,3.537851,-0.07637775,-0.07611871,0.07637775,1,1,1,1,0.09901226,0.05711781,0.1187794,0,0.1187794,-0.4808764,0.05711781,true,0,1,0,2.737782E-30,0.9995192,-0.0310073,-1.342733E-28,0.2166269,0.8377429,0,1,0,true,0.2019725,0.2431549,-0.02369731,0.1257807,0.34378,-0.2314744,0.1257807,0.34378,-0.2314744,0.1257807,0.3437802,-0.2314743,2.004746E-07,0
803,504,803,1,804,0,804,false,rootmotion.finalik.full-body-biped-ik/indexed-pose-backend,None,true,true,1,lyra-5.7/ABP_Mannequin_Base/CR_Mannequin_FootPlant,unreal-engine-5.7/SpringInterpV2/FMath.SpringDamper,corin.animation-rig,87731f0d0ca14844bbf861368b9847b3,corin.foot-placement,6d6118d2f41a5948ddd18dc6d88083c8c5bf77a4682a4ec3fce5d2ec6af01624,c7fd2c730a70465e6baa0d7496f46c9d49c4cc944fadbd61ecba1116729d5817,Corin.FootPlacementRig,2997edf1c34f13f7e2a3033372226eb399379f30c4303fddfe3e97ec1e4bf38d,0,-288406,0.1127388,0.04404994,0.04404994,0.4629549,0.1127388,true,0,0.04404994,0,1,PelvisPreSolveTranslation,FootGrounding,ModifierNotCompiled,-1,-1,-1,0,,,true,-98098,Sphere,CurrentGrounding,0,-0.133152,2.15847,3.300923,0,0,0,0,-1,0,0.05,1,4608,0.5735765,-0.133152,1.68,3.300923,-0.133152,1.68,3.300923,0,1,0,0.4284698,Anchored,AnchorDistanceExceeded,true,-0.004282296,0.5493245,-0.1977631,-0.3931756,-0.3823089,0.5955287,0.5870252,-0.01370335,2.014703,3.809141,-0.3931756,-0.3823089,0.5955287,0.5870252,0.2362518,false,false,false,ModifierNotCompiled,0,0,0,0,0,0,0,0,ModifierNotCompiled,0,0,0,0,FootPlacementEffectorTarget,FootGrounding,true,0.4125983,false,0.001291693,1,1.435553,0.06575215,-98108,-0.01370335,1.92,3.809141,0,1,0,0,0,0,0,-0.104932,1.776709,3.42099,-0.1039601,1.695849,3.428784,-0.1360866,1.689262,3.363654,-0.2241509,-0.2307384,0.2307384,1,1,1,1,0.1127388,0.06868891,0.0005706258,0,0.0005706258,0.4742962,0.06868891,true,0,1,0,2.246792E-08,0.9999258,-0.01218384,-8.625218E-07,0.1607706,0.4705405,0,1,0,true,-0.2349746,0.1358291,0.03721044,-0.2573515,0.2094482,-0.08408182,-0.2573515,0.2094482,-0.08408182,-0.2573515,0.2094482,-0.08408183,4.280033E-08,0,true,-98098,Sphere,CurrentGrounding,1,-0.5638707,2.149154,3.38898,0,0,0,0,-1,0,0.05,1,4608,0.5735765,-0.5638707,1.68,3.38898,-0.5638707,1.68,3.38898,0,1,0,0.4191538,Anchored,AnchorDistanceExceeded,true,-0.1271383,0.5445805,-0.2578109,-0.5760555,-0.5907266,0.399672,0.39933,-0.4068427,2.005594,3.778516,-0.5760555,-0.5907266,0.399672,0.39933,0.513348,false,false,false,ModifierNotCompiled,0,0,0,0,0,0,0,0,ModifierNotCompiled,0,0,0,0,FootPlacementEffectorTarget,FootGrounding,true,1,false,-0.001111674,1,0.8256038,0.04867005,-98108,-0.4068427,1.92,3.778516,0,1,0,0,0,0,0,-0.4832607,1.910273,3.588948,-0.4841955,1.829133,3.587469,-0.4606379,1.829645,3.511183,-0.09086728,-0.0903548,0.09086728,1,1,1,1,0.1127388,0.06868891,0.1165198,0,0.1165198,-0.3991582,0.06868891,true,0,1,0,2.120482E-30,0.9996422,-0.02674935,-1.04107E-28,0.2038923,0.788384,0,1,0,true,0.1995006,0.2424623,-0.02990147,0.1286615,0.3430123,-0.2335353,0.1286615,0.3430123,-0.2335353,0.1286615,0.3430125,-0.2335353,1.548574E-07,0
804,505,804,1,805,0,805,false,rootmotion.finalik.full-body-biped-ik/indexed-pose-backend,None,true,true,1,lyra-5.7/ABP_Mannequin_Base/CR_Mannequin_FootPlant,unreal-engine-5.7/SpringInterpV2/FMath.SpringDamper,corin.animation-rig,87731f0d0ca14844bbf861368b9847b3,corin.foot-placement,6d6118d2f41a5948ddd18dc6d88083c8c5bf77a4682a4ec3fce5d2ec6af01624,c7fd2c730a70465e6baa0d7496f46c9d49c4cc944fadbd61ecba1116729d5817,Corin.FootPlacementRig,2997edf1c34f13f7e2a3033372226eb399379f30c4303fddfe3e97ec1e4bf38d,0,-288406,0.1268224,0.04683759,0.04683759,0.5713081,0.1268224,true,0,0.04683759,0,1,PelvisPreSolveTranslation,FootGrounding,ModifierNotCompiled,-1,-1,-1,0,,,true,-98098,Sphere,CurrentGrounding,0,-0.1450157,2.149012,3.279762,0,0,0,0,-1,0,0.05,1,4608,0.5735765,-0.1450157,1.68,3.279762,-0.1450157,1.68,3.279762,0,1,0,0.419012,Anchored,AnchorDistanceExceeded,true,-0.004282296,0.5493245,-0.1977631,-0.3931756,-0.3823089,0.5955287,0.5870252,-0.01370335,2.014703,3.809141,-0.3931756,-0.3823089,0.5955287,0.5870252,0.1939724,false,false,false,ModifierNotCompiled,0,0,0,0,0,0,0,0,ModifierNotCompiled,0,0,0,0,FootPlacementEffectorTarget,FootGrounding,true,0.3003966,false,0.002440217,1,1.691906,0.07287705,-98108,-0.01370335,1.92,3.809141,0,1,0,0,0,0,0,-0.1195447,1.760401,3.382447,-0.1171442,1.679969,3.393625,-0.1469191,1.670011,3.32781,-0.240031,-0.2499894,0.2499894,1,1,1,1,0.1268224,0.07998477,0.003353603,0,0.003353603,0.5607324,0.07998477,true,0,1,0,1.827989E-08,0.9999509,-0.009901325,-7.147279E-07,0.1330784,0.3891654,0,1,0,true,-0.2236713,0.1460254,0.03230745,-0.2449759,0.2072238,-0.07132214,-0.2449759,0.2072238,-0.07132214,-0.2449759,0.2072238,-0.07132213,4.532011E-08,0,true,-98098,Sphere,CurrentGrounding,1,-0.5620339,2.134345,3.36592,0,0,0,0,-1,0,0.05,1,4608,0.5735765,-0.5620339,1.68,3.36592,-0.5620339,1.68,3.36592,0,1,0,0.4043447,Anchored,AnchorDistanceExceeded,true,-0.1271383,0.5445805,-0.2578109,-0.5760555,-0.5907266,0.399672,0.39933,-0.4068427,2.005594,3.778516,-0.5760555,-0.5907266,0.399672,0.39933,0.4710686,false,false,false,ModifierNotCompiled,0,0,0,0,0,0,0,0,ModifierNotCompiled,0,0,0,0,FootPlacementEffectorTarget,FootGrounding,true,1,false,-0.001542113,1,0.9587927,0.03475332,-98108,-0.4068427,1.92,3.778516,0,1,0,0,0,0,0,-0.4889282,1.894641,3.560281,-0.4897781,1.813508,3.5584,-0.4661512,1.81442,3.482139,-0.1064924,-0.1055799,0.1064924,1,1,1,1,0.1268224,0.07998477,0.1146427,0,0.1146427,-0.3152948,0.07998477,true,0,1,0,1.63158E-30,0.9997419,-0.02272086,-8.018507E-29,0.1851835,0.7159724,0,1,0,true,0.1964852,0.2426473,-0.03694407,0.131286,0.3414632,-0.2340985,0.131286,0.3414632,-0.2340985,0.1312861,0.3414633,-0.2340986,1.843172E-07,0
805,506,805,1,806,0,806,false,rootmotion.finalik.full-body-biped-ik/indexed-pose-backend,None,true,true,1,lyra-5.7/ABP_Mannequin_Base/CR_Mannequin_FootPlant,unreal-engine-5.7/SpringInterpV2/FMath.SpringDamper,corin.animation-rig,87731f0d0ca14844bbf861368b9847b3,corin.foot-placement,6d6118d2f41a5948ddd18dc6d88083c8c5bf77a4682a4ec3fce5d2ec6af01624,c7fd2c730a70465e6baa0d7496f46c9d49c4cc944fadbd61ecba1116729d5817,Corin.FootPlacementRig,2997edf1c34f13f7e2a3033372226eb399379f30c4303fddfe3e97ec1e4bf38d,0,-288406,0.1403892,0.0500598,0.0500598,0.6721993,0.1403892,true,0,0.0500598,0,1,PelvisPreSolveTranslation,FootGrounding,ModifierNotCompiled,-1,-1,-1,0,,,true,-98098,Sphere,CurrentGrounding,0,-0.1580534,2.14005,3.25737,0,0,0,0,-1,0,0.05,1,4608,0.5735765,-0.1580534,1.68,3.25737,-0.1580534,1.68,3.25737,0,1,0,0.41005,Anchored,AnchorDistanceExceeded,true,-0.004282296,0.5493245,-0.1977631,-0.3931756,-0.3823089,0.5955287,0.5870252,-0.01370335,2.014703,3.809141,-0.3931756,-0.3823089,0.5955287,0.5870252,0.1532398,false,false,false,ModifierNotCompiled,0,0,0,0,0,0,0,0,ModifierNotCompiled,0,0,0,0,FootPlacementEffectorTarget,FootGrounding,true,0.2525874,false,0.003938633,1,1.875791,0.07888317,-98108,-0.01370335,1.92,3.809141,0,1,0,0,0,0,0,-0.1359332,1.745312,3.341923,-0.1317564,1.665632,3.357206,-0.1590122,1.65159,3.291047,-0.2543683,-0.2684102,0.2684102,1,1,1,1,0.1403893,0.09032953,0.006450519,0,0.006450519,0.636913,0.09032953,true,0,1,0,1.493839E-08,0.9999673,-0.008083363,-5.931769E-07,0.1103466,0.3224656,0,1,0,true,-0.2116543,0.1569496,0.02764244,-0.2302649,0.2057018,-0.05775195,-0.2302649,0.2057018,-0.05775195,-0.2302649,0.2057019,-0.057752,6.590712E-08,0,true,-98098,Sphere,CurrentGrounding,1,-0.5594604,2.120011,3.346742,0,0,0,0,-1,0,0.05,1,4608,0.5735765,-0.5594604,1.68,3.346742,-0.5594604,1.68,3.346742,0,1,0,0.3900115,Anchored,AnchorDistanceExceeded,true,-0.1271383,0.5445805,-0.2578109,-0.5760555,-0.5907266,0.399672,0.39933,-0.4068427,2.005594,3.778516,-0.5760555,-0.5907266,0.399672,0.39933,0.430336,false,false,false,ModifierNotCompiled,0,0,0,0,0,0,0,0,ModifierNotCompiled,0,0,0,0,FootPlacementEffectorTarget,FootGrounding,true,1,false,-0.002009542,1,1.123021,0.02313948,-98108,-0.4068427,1.92,3.778516,0,1,0,0.0006189346,0,0.0006189346,0,-0.4937835,1.878982,3.53255,-0.4944614,1.797858,3.530234,-0.4711256,1.799233,3.453892,-0.1221417,-0.1207666,0.1221417,1,1,1,1,0.1403892,0.09094834,0.1132649,0,0.1132649,-0.2316,0.09094834,true,0,1,0,1.267544E-30,0.9998149,-0.01923834,-6.235016E-29,0.1648895,0.6374665,0,1,0,true,0.1931002,0.2437254,-0.04508209,0.1351503,0.3393712,-0.2334431,0.1351503,0.3393712,-0.2334431,0.1351504,0.3393712,-0.2334432,1.273156E-07,0
806,507,806,1,807,0,807,false,rootmotion.finalik.full-body-biped-ik/indexed-pose-backend,None,true,true,1,lyra-5.7/ABP_Mannequin_Base/CR_Mannequin_FootPlant,unreal-engine-5.7/SpringInterpV2/FMath.SpringDamper,corin.animation-rig,87731f0d0ca14844bbf861368b9847b3,corin.foot-placement,6d6118d2f41a5948ddd18dc6d88083c8c5bf77a4682a4ec3fce5d2ec6af01624,c7fd2c730a70465e6baa0d7496f46c9d49c4cc944fadbd61ecba1116729d5817,Corin.FootPlacementRig,2997edf1c34f13f7e2a3033372226eb399379f30c4303fddfe3e97ec1e4bf38d,0,-288406,0.1485584,0.05225036,0.05225036,0.7294905,0.1485584,true,0,0.05225036,0,1,PelvisPreSolveTranslation,FootGrounding,ModifierNotCompiled,-1,-1,-1,0,,,true,-98098,Sphere,CurrentGrounding,0,-0.16609,2.134843,3.244251,0,0,0,0,-1,0,0.05,1,4608,0.5735765,-0.16609,1.68,3.244251,-0.16609,1.68,3.244251,0,1,0,0.4048428,Anchored,AnchorDistanceExceeded,true,-0.004282296,0.5493245,-0.1977631,-0.3931756,-0.3823089,0.5955287,0.5870252,-0.01370335,2.014703,3.809141,-0.3931756,-0.3823089,0.5955287,0.5870252,0.1287134,false,false,false,ModifierNotCompiled,0,0,0,0,0,0,0,0,ModifierNotCompiled,0,0,0,0,FootPlacementEffectorTarget,FootGrounding,true,0.2089402,false,0.005017145,1,2.030304,0.08193088,-98108,-0.01370335,1.92,3.809141,0,1,0,0,0,0,0,-0.1464758,1.736668,3.31696,-0.1409713,1.657677,3.33513,-0.1663437,1.640751,3.268897,-0.2623233,-0.2792493,0.2792493,1,1,1,1,0.1485584,0.09630802,0.008501374,0,0.008501374,0.6781485,0.09630802,true,0,1,0,1.320777E-08,0.9999745,-0.007142978,-5.288947E-07,0.09834038,0.2872719,0,1,0,true,-0.2042131,0.1641529,0.02448889,-0.2207684,0.2052264,-0.04897685,-0.2207684,0.2052264,-0.04897685,-0.2207685,0.2052263,-0.04897705,2.150367E-07,0,true,-98098,Sphere,CurrentGrounding,1,-0.5570107,2.111294,3.335921,0,0,0,0,-1,0,0.05,1,4608,0.5735765,-0.5570107,1.68,3.335921,-0.5570107,1.68,3.335921,0,1,0,0.3812939,Anchored,AnchorDistanceExceeded,true,-0.1271383,0.5445805,-0.2578109,-0.5760555,-0.5907266,0.399672,0.39933,-0.4068427,2.005594,3.778516,-0.5760555,-0.5907266,0.399672,0.39933,0.4058096,false,false,false,ModifierNotCompiled,0,0,0,0,0,0,0,0,ModifierNotCompiled,0,0,0,0,FootPlacementEffectorTarget,FootGrounding,true,1,false,-0.002349955,1,1.252545,0.01654422,-98108,-0.4068427,1.92,3.778516,0,1,0,0.001174808,0,0.001174808,0,-0.4960711,1.869282,3.51553,-0.4964661,1.788164,3.512973,-0.4733583,1.789848,3.436568,-0.1318365,-0.1301516,0.1318365,1,1,1,1,0.1485585,0.09748295,0.112641,0,0.112641,-0.1822872,0.09748295,true,0,1,0,1.088556E-30,0.9998497,-0.01733672,-5.357251E-29,0.1524113,0.5892066,0,1,0,true,0.1902003,0.2447437,-0.05074716,0.1368278,0.3378402,-0.2327488,0.1368278,0.3378402,-0.2327488,0.1368277,0.3378403,-0.232749,2.032247E-07,0
807,508,807,1,808,0,808,false,rootmotion.finalik.full-body-biped-ik/indexed-pose-backend,None,true,true,1,lyra-5.7/ABP_Mannequin_Base/CR_Mannequin_FootPlant,unreal-engine-5.7/SpringInterpV2/FMath.SpringDamper,corin.animation-rig,87731f0d0ca14844bbf861368b9847b3,corin.foot-placement,6d6118d2f41a5948ddd18dc6d88083c8c5bf77a4682a4ec3fce5d2ec6af01624,c7fd2c730a70465e6baa0d7496f46c9d49c4cc944fadbd61ecba1116729d5817,Corin.FootPlacementRig,2997edf1c34f13f7e2a3033372226eb399379f30c4303fddfe3e97ec1e4bf38d,0,-288406,0.1579248,0.05497643,0.05497643,0.7943999,0.1579248,true,0,0.05497643,0,1,PelvisPreSolveTranslation,FootGrounding,ModifierNotCompiled,-1,-1,-1,0,,,true,-98098,Sphere,CurrentGrounding,0,-0.1754389,2.129016,3.229301,0,0,0,0,-1,0,0.05,1,4608,0.5735765,-0.1754389,1.68,3.229301,-0.1754389,1.68,3.229301,0,1,0,0.3990157,Anchored,AnchorDistanceExceeded,true,-0.004282296,0.5493245,-0.1977631,-0.3931756,-0.3823089,0.5955287,0.5870252,-0.01370335,2.014703,3.809141,-0.3931756,-0.3823089,0.5955287,0.5870252,0.1005926,false,false,false,ModifierNotCompiled,0,0,0,0,0,0,0,0,ModifierNotCompiled,0,0,0,0,FootPlacementEffectorTarget,FootGrounding,true,0.1840001,false,0.006179238,1,2.151018,0.08475137,-98108,-0.01370335,1.92,3.809141,0,1,0,0,0,0,0,-0.1591695,1.727156,3.287629,-0.1523423,1.649196,3.309441,-0.1753198,1.628764,3.243324,-0.2708038,-0.2912364,0.2912364,1,1,1,1,0.1579249,0.1029485,0.01100313,0,0.01100313,0.723095,0.1029485,true,0,1,0,1.145668E-08,0.9999808,-0.006192312,-4.628976E-07,0.08602493,0.2511959,0,1,0,true,-0.1955389,0.1729201,0.02079589,-0.2093169,0.2050804,-0.03817004,-0.2093169,0.2050804,-0.03817004,-0.2093168,0.2050804,-0.03817014,1.286709E-07,0,true,-98098,Sphere,CurrentGrounding,1,-0.5550461,2.101461,3.323653,0,0,0,0,-1,0,0.05,1,4608,0.5735765,-0.5550461,1.68,3.323653,-0.5550461,1.68,3.323653,0,1,0,0.3714615,Anchored,AnchorDistanceExceeded,true,-0.1271383,0.5445805,-0.2578109,-0.5760555,-0.5907266,0.399672,0.39933,-0.4068427,2.005594,3.778516,-0.5760555,-0.5907266,0.399672,0.39933,0.3776888,false,false,false,ModifierNotCompiled,0,0,0,0,0,0,0,0,ModifierNotCompiled,0,0,0,0,FootPlacementEffectorTarget,FootGrounding,true,1,false,-0.002707249,1,1.365235,0.009478688,-98108,-0.4068427,1.92,3.778516,0,1,0,0.001634002,0,0.001634002,0,-0.4990713,1.858078,3.49545,-0.4993187,1.776969,3.492584,-0.4764372,1.77899,3.41612,-0.1430309,-0.1410104,0.1430309,1,1,1,1,0.1579248,0.1045823,0.1121098,0,0.1121098,-0.1273407,0.1045823,true,0,1,0,9.143241E-31,0.9998823,-0.01534239,-4.502169E-29,0.1383705,0.5349092,0,1,0,true,0.1877324,0.2464724,-0.05735134,0.1391032,0.3360023,-0.2313701,0.1391032,0.3360023,-0.2313701,0.1391033,0.3360024,-0.2313702,9.996003E-08,0
808,509,808,1,809,0,809,false,rootmotion.finalik.full-body-biped-ik/indexed-pose-backend,None,true,true,1,lyra-5.7/ABP_Mannequin_Base/CR_Mannequin_FootPlant,unreal-engine-5.7/SpringInterpV2/FMath.SpringDamper,corin.animation-rig,87731f0d0ca14844bbf861368b9847b3,corin.foot-placement,6d6118d2f41a5948ddd18dc6d88083c8c5bf77a4682a4ec3fce5d2ec6af01624,c7fd2c730a70465e6baa0d7496f46c9d49c4cc944fadbd61ecba1116729d5817,Corin.FootPlacementRig,2997edf1c34f13f7e2a3033372226eb399379f30c4303fddfe3e97ec1e4bf38d,0,-288406,0.1664978,0.05767193,0.05767193,0.8522486,0.1664978,true,0,0.05767193,0,1,PelvisPreSolveTranslation,FootGrounding,ModifierNotCompiled,-1,-1,-1,0,,,true,-98098,Sphere,CurrentGrounding,0,-0.1839142,2.123777,3.215589,0,0,0,0,-1,0,0.05,1,4608,0.5735765,-0.1839142,1.68,3.215589,-0.1839142,1.68,3.215589,0,1,0,0.3937768,Anchored,AnchorDistanceExceeded,true,-0.004282296,0.5493245,-0.1977631,-0.3931756,-0.3823089,0.5955287,0.5870252,-0.01370335,2.014703,3.809141,-0.3931756,-0.3823089,0.5955287,0.5870252,0.07485321,false,false,false,ModifierNotCompiled,0,0,0,0,0,0,0,0,ModifierNotCompiled,0,0,0,0,FootPlacementEffectorTarget,FootGrounding,true,0.1568059,false,0.007450126,1,2.251491,0.08667946,-98108,-0.01370335,1.92,3.809141,0,1,0,0,0,0,0,-0.1711734,1.718817,3.260018,-0.1631826,1.642026,3.285304,-0.18378,1.618296,3.219505,-0.2779738,-0.3017038,0.3017038,1,1,1,1,0.1664978,0.1088259,0.01342859,0,0.01342859,0.7614653,0.1088259,true,0,1,0,1.00476E-08,0.9999853,-0.005427964,-4.090592E-07,0.0759864,0.2218091,0,1,0,true,-0.1876783,0.1813751,0.0174512,-0.1984951,0.2053151,-0.02748529,-0.1984951,0.2053151,-0.02748529,-0.1984951,0.2053152,-0.02748539,1.273701E-07,0,true,-98098,Sphere,CurrentGrounding,1,-0.5528693,2.092487,3.312703,0,0,0,0,-1,0,0.05,1,4608,0.5735765,-0.5528693,1.68,3.312703,-0.5528693,1.68,3.312703,0,1,0,0.3624875,Anchored,AnchorDistanceExceeded,true,-0.1271383,0.5445805,-0.2578109,-0.5760555,-0.5907266,0.399672,0.39933,-0.4068427,2.005594,3.778516,-0.5760555,-0.5907266,0.399672,0.39933,0.3519494,false,false,false,ModifierNotCompiled,0,0,0,0,0,0,0,0,ModifierNotCompiled,0,0,0,0,FootPlacementEffectorTarget,FootGrounding,true,0.9992411,false,-0.003009889,1,1.472579,0.00335288,-98108,-0.4068427,1.92,3.778516,0,1,0,0.002030253,0,0.002030253,0,-0.5014753,1.847701,3.476645,-0.5015174,1.766602,3.473524,-0.4788733,1.768924,3.396998,-0.153398,-0.151076,0.153398,1,1,1,1,0.1664979,0.1108563,0.1117922,0,0.1117922,-0.07839553,0.1108563,true,0,1,0,7.793916E-31,0.9999064,-0.01368382,-3.839479E-29,0.1259864,0.4870231,0,1,0,true,0.1851147,0.2484494,-0.06369261,0.1408245,0.3341994,-0.2296955,0.1408245,0.3341994,-0.2296955,0.1408245,0.3341995,-0.2296956,1.341105E-07,0
809,510,809,1,810,0,810,false,rootmotion.finalik.full-body-biped-ik/indexed-pose-backend,None,true,true,1,lyra-5.7/ABP_Mannequin_Base/CR_Mannequin_FootPlant,unreal-engine-5.7/SpringInterpV2/FMath.SpringDamper,corin.animation-rig,87731f0d0ca14844bbf861368b9847b3,corin.foot-placement,6d6118d2f41a5948ddd18dc6d88083c8c5bf77a4682a4ec3fce5d2ec6af01624,c7fd2c730a70465e6baa0d7496f46c9d49c4cc944fadbd61ecba1116729d5817,Corin.FootPlacementRig,2997edf1c34f13f7e2a3033372226eb399379f30c4303fddfe3e97ec1e4bf38d,0,-288406,0.1810596,0.06266651,0.06266651,0.9513689,0.1810596,true,0,0.06266651,0,1,PelvisPreSolveTranslation,FootGrounding,ModifierNotCompiled,-1,-1,-1,0,,,true,-98098,Sphere,CurrentGrounding,0,-0.1977935,2.114864,3.192572,0,0,0,0,-1,0,0.05,1,4608,0.5735765,-0.1977935,1.68,3.192572,-0.1977935,1.68,3.192572,0,1,0,0.3848644,Anchored,AnchorDistanceExceeded,true,-0.004282296,0.5493245,-0.1977631,-0.3931756,-0.3823089,0.5955287,0.5870252,-0.01370335,2.014703,3.809141,-0.3931756,-0.3823089,0.5955287,0.5870252,0.03115061,false,false,false,ModifierNotCompiled,0,0,0,0,0,0,0,0,ModifierNotCompiled,0,0,0,0,FootPlacementEffectorTarget,FootGrounding,true,0.1333519,false,0.01058149,1,2.132326,0.08869255,-98108,-0.01370335,1.92,3.809141,0,1,0,0,0,0,0,-0.192059,1.70529,3.211779,-0.1828139,1.630916,3.243133,-0.1987651,1.601671,3.178271,-0.2890842,-0.3183291,0.3183291,1,1,1,1,0.1810597,0.1183932,0.0178105,0,0.0178105,0.8236481,0.1183932,true,0,1,0,8.027695E-09,0.9999906,-0.004333329,-3.306853E-07,0.06138662,0.1790992,0,1,0,true,-0.1743332,0.1964011,0.01246057,-0.1793223,0.2063494,-0.00695293,-0.1793223,0.2063494,-0.00695293,-0.1793223,0.2063494,-0.006952941,6.757065E-08,0,true,-98098,Sphere,CurrentGrounding,1,-0.5499988,2.077603,3.293134,0,0,0,0,-1,0,0.05,1,4608,0.5735765,-0.5499988,1.68,3.293134,-0.5499988,1.68,3.293134,0,1,0,0.3476035,Anchored,AnchorDistanceExceeded,true,-0.1271383,0.5445805,-0.2578109,-0.5760555,-0.5907266,0.399672,0.39933,-0.4068427,2.005594,3.778516,-0.5760555,-0.5907266,0.399672,0.39933,0.3082468,false,false,false,ModifierNotCompiled,0,0,0,0,0,0,0,0,ModifierNotCompiled,0,0,0,0,FootPlacementEffectorTarget,FootGrounding,true,0.9908935,false,-0.002985136,1,1.549223,0.00917685,-98108,-0.4068427,1.92,3.778516,0,1,0,0.002340436,0,0.002340436,0,-0.5058714,1.830085,3.442752,-0.5057532,1.749002,3.439237,-0.4832035,1.75174,3.362697,-0.1709986,-0.1682601,0.1709986,1,1,1,1,0.1810596,0.1207335,0.1116072,0,0.1116072,0.002242441,0.1207335,true,0,1,0,5.946069E-31,0.9999371,-0.01121836,-2.931181E-29,0.1064539,0.4115033,0,1,0,true,0.1814903,0.2529368,-0.07443587,0.1431691,0.3311445,-0.2256447,0.1431691,0.3311445,-0.2256447,0.143169,0.3311446,-0.2256448,1.555727E-07,0
810,511,810,1,811,0,811,false,rootmotion.finalik.full-body-biped-ik/indexed-pose-backend,None,true,true,1,lyra-5.7/ABP_Mannequin_Base/CR_Mannequin_FootPlant,unreal-engine-5.7/SpringInterpV2/FMath.SpringDamper,corin.animation-rig,87731f0d0ca14844bbf861368b9847b3,corin.foot-placement,6d6118d2f41a5948ddd18dc6d88083c8c5bf77a4682a4ec3fce5d2ec6af01624,c7fd2c730a70465e6baa0d7496f46c9d49c4cc944fadbd61ecba1116729d5817,Corin.FootPlacementRig,2997edf1c34f13f7e2a3033372226eb399379f30c4303fddfe3e97ec1e4bf38d,0,-288406,0.2003832,0.07011486,0.07011486,1.080145,0.2003832,true,0,0.07011486,0,1,PelvisPreSolveTranslation,FootGrounding,ModifierNotCompiled,-1,-1,-1,0,,,true,-98098,Sphere,CurrentGrounding,0,-0.2147589,2.10246,3.160155,0,0,0,0,-1,0,0.05,1,4608,0.5735765,-0.214759,1.680004,3.174999,-0.214759,1.680004,3.174999,2.383972E-06,0.9549168,-0.2968737,0.3747106,Swing,AnchorDistanceExceeded,false,0,0,0,0,0,0,1,0,0,0,0,0,0,1,0,false,false,false,ModifierNotCompiled,0,0,0,0,0,0,0,0,ModifierNotCompiled,0,0,0,0,FootPlacementEffectorTarget,FootGrounding,true,0.09701914,false,0.01506743,1,2.002606,0.07470795,-98098,-0.214759,1.680004,3.174999,2.383972E-06,0.9549168,-0.2968737,0,0,0,0,-0.2147589,1.696684,3.160155,-0.2046199,1.626429,3.199671,-0.2140613,1.59002,3.137205,-0.05848423,-0.07470795,0.07470795,1,1,1,1,0.2003874,0.1302725,0.02410877,0,0.02410877,0.8971543,0.1302725,true,2.383972E-06,0.9549168,-0.2968737,1.305207E-07,0.9998247,-0.01872252,3.008492E-05,-0.5276161,-3.643178,2.383972E-06,0.9549168,-0.2968737,true,-0.1579741,0.2170672,0.007926231,-0.1579741,0.2170672,0.007926231,-0.1579741,0.2170672,0.007926231,-0.1579741,0.2170673,0.007925972,2.656801E-07,0,true,-98098,Sphere,CurrentGrounding,1,-0.5458162,2.058282,3.266409,0,0,0,0,-1,0,0.05,1,4608,0.5735765,-0.5458162,1.68,3.266409,-0.5458162,1.68,3.266409,0,1,0,0.328282,Anchored,AnchorDistanceExceeded,true,-0.1271383,0.5445805,-0.2578109,-0.5760555,-0.5907266,0.399672,0.39933,-0.4068427,2.005594,3.778516,-0.5760555,-0.5907266,0.399672,0.39933,0.2502624,false,false,false,ModifierNotCompiled,0,0,0,0,0,0,0,0,ModifierNotCompiled,0,0,0,0,FootPlacementEffectorTarget,FootGrounding,true,0.979001,false,-0.002958534,1,1.664831,0.02063322,-98108,-0.4068427,1.92,3.778516,0,1,0,0.00234282,0,0.00234282,0,-0.5110363,1.806779,3.394571,-0.5106328,1.725708,3.390805,-0.4880894,1.728761,3.314276,-0.1942924,-0.1912389,0.1942924,1,1,1,1,0.2003832,0.1326112,0.1120173,0,0.1120173,0.1018624,0.1326112,true,0,1,0,4.153345E-31,0.9999635,-0.008550268,-2.048999E-29,0.08384077,0.3240789,0,1,0,true,0.1761126,0.2607973,-0.08838105,0.1451807,0.3271619,-0.217525,0.1451807,0.3271619,-0.217525,0.1451807,0.3271621,-0.2175253,3.449868E-07,0
811,512,811,1,812,0,812,false,rootmotion.finalik.full-body-biped-ik/indexed-pose-backend,None,true,true,1,lyra-5.7/ABP_Mannequin_Base/CR_Mannequin_FootPlant,unreal-engine-5.7/SpringInterpV2/FMath.SpringDamper,corin.animation-rig,87731f0d0ca14844bbf861368b9847b3,corin.foot-placement,6d6118d2f41a5948ddd18dc6d88083c8c5bf77a4682a4ec3fce5d2ec6af01624,c7fd2c730a70465e6baa0d7496f46c9d49c4cc944fadbd61ecba1116729d5817,Corin.FootPlacementRig,2997edf1c34f13f7e2a3033372226eb399379f30c4303fddfe3e97ec1e4bf38d,0,-288406,0.208755,0.0736365,0.0736365,1.129486,0.208755,true,0,0.0736365,0,1,PelvisPreSolveTranslation,FootGrounding,ModifierNotCompiled,-1,-1,-1,0,,,true,-98098,Sphere,CurrentGrounding,0,-0.2206771,2.09665,3.14516,0,0,0,0,-1,0,0.05,1,4608,0.5735765,-0.2206773,1.680003,3.174997,-0.2206773,1.680003,3.174997,2.383976E-06,0.8024344,-0.5967402,0.3765251,Swing,None,false,0,0,0,0,0,0,1,0,0,0,0,0,0,1,0,false,false,false,ModifierNotCompiled,0,0,0,0,0,0,0,0,ModifierNotCompiled,0,0,0,0,FootPlacementEffectorTarget,FootGrounding,true,0.05646193,false,0.01757389,1,2.006738,0.04862424,-98098,-0.2206773,1.680003,3.174997,2.383976E-06,0.8024344,-0.5967402,0,0,0,0,-0.2206771,1.69729,3.14516,-0.2100353,1.62915,3.188098,-0.2167557,1.589758,3.127108,-0.04862424,-0.04383893,0.04862424,1,1,1,1,0.2087585,0.135122,0.02700363,0,0.02700363,0.922503,0.135122,true,2.383976E-06,0.8024344,-0.5967402,2.381049E-07,0.9993775,-0.03527741,3.689935E-05,-1.694317,-6.535395,2.383976E-06,0.8024344,-0.5967402,true,-0.1523718,0.2260453,0.006786205,-0.1523718,0.2260453,0.006786205,-0.1523718,0.2260453,0.006786205,-0.1523718,0.2260454,0.006786063,2.076828E-07,0,true,-98098,Sphere,CurrentGrounding,1,-0.5425911,2.04981,3.254657,0,0,0,0,-1,0,0.05,1,4608,0.5735765,-0.5425911,1.68,3.254657,-0.5425911,1.68,3.254657,0,1,0,0.3198098,Anchored,AnchorDistanceExceeded,true,-0.1271383,0.5445805,-0.2578109,-0.5760555,-0.5907266,0.399672,0.39933,-0.4068427,2.005594,3.778516,-0.5760555,-0.5907266,0.399672,0.39933,0.225141,false,false,false,ModifierNotCompiled,0,0,0,0,0,0,0,0,ModifierNotCompiled,0,0,0,0,FootPlacementEffectorTarget,FootGrounding,true,0.9728469,false,-0.003009319,1,1.764574,0.02519166,-98108,-0.4068427,1.92,3.778516,0,1,0,0.002454996,0,0.002454996,0,-0.5120286,1.796589,3.372599,-0.5111579,1.715519,3.368899,-0.4887166,1.718641,3.292342,-0.2044808,-0.2013592,0.2044808,1,1,1,1,0.208755,0.1375735,0.1124153,0,0.1124153,0.1406696,0.1375735,true,0,1,0,3.554376E-31,0.9999713,-0.007579748,-1.754007E-29,0.07523563,0.2908127,0,1,0,true,0.1722945,0.2646166,-0.09425841,0.1448255,0.3253446,-0.2129591,0.1448255,0.3253446,-0.2129591,0.1448255,0.3253447,-0.2129592,1.937151E-07,0
812,513,812,1,813,0,813,false,rootmotion.finalik.full-body-biped-ik/indexed-pose-backend,None,true,true,1,lyra-5.7/ABP_Mannequin_Base/CR_Mannequin_FootPlant,unreal-engine-5.7/SpringInterpV2/FMath.SpringDamper,corin.animation-rig,87731f0d0ca14844bbf861368b9847b3,corin.foot-placement,6d6118d2f41a5948ddd18dc6d88083c8c5bf77a4682a4ec3fce5d2ec6af01624,c7fd2c730a70465e6baa0d7496f46c9d49c4cc944fadbd61ecba1116729d5817,Corin.FootPlacementRig,2997edf1c34f13f7e2a3033372226eb399379f30c4303fddfe3e97ec1e4bf38d,0,-288406,-0.02189362,0.07433397,0.07433397,-0.4396081,-0.02189362,true,0,0.07433397,0,1,PelvisPreSolveTranslation,FootGrounding,ModifierNotCompiled,-1,-1,-1,0,,,true,-98088,Sphere,CurrentGrounding,0,-0.2276976,2.089639,3.127009,0,0,0,0,-1,0,0.05,1,4608,0.5735765,-0.2276976,1.44,3.127009,-0.2276976,1.44,3.127009,0,1,0,0.5996391,Swing,None,false,0,0,0,0,0,0,1,0,0,0,0,0,0,1,0,false,false,false,ModifierNotCompiled,0,0,0,0,0,0,0,0,ModifierNotCompiled,0,0,0,0,FootPlacementEffectorTarget,FootGrounding,true,0.1414049,false,0.01917293,1,1.785274,0.1851343,-98088,-0.2276976,1.44,3.127009,0,1,0,0,0,0,0,-0.2276976,1.690931,3.127009,-0.2169764,1.625134,3.173441,-0.2210975,1.582775,3.114235,0.1851343,0.1427746,0,1,1,1,1,-0.02189362,-0.09622759,0.02695765,0,0.02695765,-0.6515058,-0.09622759,true,0,1,0,3.453609E-07,0.9985223,-0.05434289,2.371849E-05,-1.117151,-4.251761,0,1,0,true,-0.1457517,0.2290372,0.006677928,-0.1457517,0.2290372,0.006677928,-0.1457517,0.2290372,0.006677928,-0.1457517,0.2290372,0.006677881,6.657654E-08,0,true,-98098,Sphere,CurrentGrounding,1,-0.5406156,2.040809,3.241137,0,0,0,0,-1,0,0.05,1,4608,0.5735765,-0.5406156,1.68,3.241137,-0.5406156,1.68,3.241137,0,1,0,0.3108088,Anchored,AnchorDistanceExceeded,true,-0.1271383,0.5445805,-0.2578109,-0.5760555,-0.5907266,0.399672,0.39933,-0.4068427,2.005594,3.778516,-0.5760555,-0.5907266,0.399672,0.39933,0.1970804,false,false,false,ModifierNotCompiled,0,0,0,0,0,0,0,0,ModifierNotCompiled,0,0,0,0,FootPlacementEffectorTarget,FootGrounding,true,0.9780534,false,-0.002293899,1,1.788861,0.03287804,-98108,-0.4068427,1.92,3.778516,0,1,0,0.002122521,0,0.002122521,0,-0.5142515,1.782858,3.347044,-0.5133011,1.701782,3.343498,-0.4909498,1.704775,3.266913,-0.2182181,-0.2152252,0.2182181,1,1,1,1,0.2181062,0.1458947,0.113044,0,0.113044,0.2026436,0.1458947,true,0,1,0,2.987129E-31,0.9999781,-0.006615202,-1.47451E-29,0.06648309,0.2569771,0,1,0,true,0.1697388,0.266293,-0.1001332,0.1458479,0.3209647,-0.2066253,0.1458479,0.3209647,-0.2066253,0.1458479,0.3209649,-0.2066252,2.169642E-07,0
813,514,813,1,814,0,814,false,rootmotion.finalik.full-body-biped-ik/indexed-pose-backend,None,true,true,1,lyra-5.7/ABP_Mannequin_Base/CR_Mannequin_FootPlant,unreal-engine-5.7/SpringInterpV2/FMath.SpringDamper,corin.animation-rig,87731f0d0ca14844bbf861368b9847b3,corin.foot-placement,6d6118d2f41a5948ddd18dc6d88083c8c5bf77a4682a4ec3fce5d2ec6af01624,c7fd2c730a70465e6baa0d7496f46c9d49c4cc944fadbd61ecba1116729d5817,Corin.FootPlacementRig,2997edf1c34f13f7e2a3033372226eb399379f30c4303fddfe3e97ec1e4bf38d,0,-288406,-0.009521365,0.07239282,0.07239282,-0.3957894,-0.009521365,true,0,0.07239282,0,1,PelvisPreSolveTranslation,FootGrounding,ModifierNotCompiled,-1,-1,-1,0,,,true,-98088,Sphere,CurrentGrounding,0,-0.236609,2.07985,3.102108,0,0,0,0,-1,0,0.05,1,4608,0.5735765,-0.236609,1.44,3.102108,-0.236609,1.44,3.102108,0,1,0,0.5898497,Swing,None,false,0,0,0,0,0,0,1,0,0,0,0,0,0,1,0,false,false,false,ModifierNotCompiled,0,0,0,0,0,0,0,0,ModifierNotCompiled,0,0,0,0,FootPlacementEffectorTarget,FootGrounding,true,0.2657887,false,0.02120901,1,1.693688,0.1731087,-98088,-0.236609,1.44,3.102108,0,1,0,0,0,0,0,-0.236609,1.676305,3.102108,-0.2258714,1.613109,3.152018,-0.2271314,1.567851,3.094861,0.1731087,0.1278511,0,1,1,1,1,-0.009521365,-0.08191419,0.02406201,0,0.02406201,-0.5936638,-0.08191419,true,0,1,0,4.266405E-07,0.997612,-0.06906793,1.122836E-05,-0.567202,-2.082304,0,1,0,true,-0.1374017,0.2267832,0.006867963,-0.1374017,0.2267832,0.006867963,-0.1374017,0.2267832,0.006867963,-0.1374017,0.2267831,0.006868064,1.119177E-07,0,true,-98098,Sphere,CurrentGrounding,1,-0.5378916,2.029247,3.223637,0,0,0,0,-1,0,0.05,1,4608,0.5735765,-0.5378916,1.68,3.223637,-0.5378916,1.68,3.223637,0,1,0,0.2992472,Anchored,AnchorDistanceExceeded,true,-0.1271383,0.5445805,-0.2578109,-0.5760555,-0.5907266,0.399672,0.39933,-0.4068427,2.005594,3.778516,-0.5760555,-0.5907266,0.399672,0.39933,0.1599554,false,false,false,ModifierNotCompiled,0,0,0,0,0,0,0,0,ModifierNotCompiled,0,0,0,0,FootPlacementEffectorTarget,FootGrounding,true,0.9856679,false,-0.001285041,1,1.810834,0.04519558,-98108,-0.4068427,1.92,3.778516,0,1,0,0.001350045,0,0.001350045,0,-0.5169296,1.762237,3.312393,-0.5160192,1.681139,3.309364,-0.4940752,1.683596,3.232664,-0.2388607,-0.2364045,0.2388607,1,1,1,1,0.2304784,0.1594356,0.1142587,0,0.1142587,0.3030598,0.1594356,true,0,1,0,2.373853E-31,0.9999848,-0.00551306,-1.172184E-29,0.05623201,0.2173507,0,1,0,true,0.1666026,0.2663772,-0.107684,0.1476922,0.3127156,-0.1968995,0.1476922,0.3127156,-0.1968995,0.1476921,0.3127158,-0.1968994,1.264405E-07,0
814,515,814,1,815,0,815,false,rootmotion.finalik.full-body-biped-ik/indexed-pose-backend,None,true,true,1,lyra-5.7/ABP_Mannequin_Base/CR_Mannequin_FootPlant,unreal-engine-5.7/SpringInterpV2/FMath.SpringDamper,corin.animation-rig,87731f0d0ca14844bbf861368b9847b3,corin.foot-placement,6d6118d2f41a5948ddd18dc6d88083c8c5bf77a4682a4ec3fce5d2ec6af01624,c7fd2c730a70465e6baa0d7496f46c9d49c4cc944fadbd61ecba1116729d5817,Corin.FootPlacementRig,2997edf1c34f13f7e2a3033372226eb399379f30c4303fddfe3e97ec1e4bf38d,0,-288406,-0.001227617,0.07121255,0.07121255,-0.3625956,-0.001227617,true,0,0.07121255,0,1,PelvisPreSolveTranslation,FootGrounding,ModifierNotCompiled,-1,-1,-1,0,,,true,-98088,Sphere,CurrentGrounding,0,-0.2419865,2.072883,3.084634,0,0,0,0,-1,0,0.05,1,4608,0.5735765,-0.2419865,1.44,3.084634,-0.2419865,1.44,3.084634,0,1,0,0.5828831,Swing,None,false,0,0,0,0,0,0,1,0,0,0,0,0,0,1,0,false,false,false,ModifierNotCompiled,0,0,0,0,0,0,0,0,ModifierNotCompiled,0,0,0,0,FootPlacementEffectorTarget,FootGrounding,true,0.3480449,false,0.02271768,1,1.810893,0.1645336,-98088,-0.2419865,1.44,3.084634,0,1,0,0,0,0,0,-0.2419865,1.666373,3.084634,-0.2312367,1.604534,3.136213,-0.2307952,1.557934,3.080132,0.1645336,0.1179336,0,1,1,1,1,-0.001227617,-0.07244017,0.02227717,0,0.02227717,-0.5514426,-0.07244017,true,0,1,0,4.525631E-07,0.9972599,-0.07397852,5.270681E-06,-0.303011,-1.044103,0,1,0,true,-0.1324181,0.2251452,0.007759898,-0.1324181,0.2251452,0.007759898,-0.1324181,0.2251452,0.007759898,-0.1324181,0.2251453,0.007759809,1.266633E-07,0,true,-98098,Sphere,CurrentGrounding,1,-0.5357194,2.02158,3.211842,0,0,0,0,-1,0,0.05,1,4608,0.5735765,-0.5357194,1.68,3.211842,-0.5357194,1.68,3.211842,0,1,0,0.2915801,Anchored,AnchorDistanceExceeded,true,-0.1271383,0.5445805,-0.2578109,-0.5760555,-0.5907266,0.399672,0.39933,-0.4068427,2.005594,3.778516,-0.5760555,-0.5907266,0.399672,0.39933,0.1350684,false,false,false,ModifierNotCompiled,0,0,0,0,0,0,0,0,ModifierNotCompiled,0,0,0,0,FootPlacementEffectorTarget,FootGrounding,true,0.990853,false,-0.0005925461,1,1.835989,0.05299258,-98108,-0.4068427,1.92,3.778516,0,1,0,0.0007537603,0,0.0007537603,0,-0.5183122,1.748305,3.288382,-0.5173863,1.667187,3.285959,-0.49581,1.66905,3.209151,-0.252813,-0.2509497,0.252813,1,1,1,1,0.2387723,0.1683135,0.1153337,0,0.1153337,0.3670473,0.1683135,true,0,1,0,2.034566E-31,0.9999881,-0.004871252,-1.004853E-29,0.05013491,0.1937821,0,1,0,true,0.1641505,0.2668986,-0.1126889,0.1485004,0.3070772,-0.1896071,0.1485004,0.3070772,-0.1896071,0.1485004,0.3070773,-0.1896071,8.940697E-08,0
815,516,815,1,816,0,816,false,rootmotion.finalik.full-body-biped-ik/indexed-pose-backend,None,true,true,1,lyra-5.7/ABP_Mannequin_Base/CR_Mannequin_FootPlant,unreal-engine-5.7/SpringInterpV2/FMath.SpringDamper,corin.animation-rig,87731f0d0ca14844bbf861368b9847b3,corin.foot-placement,6d6118d2f41a5948ddd18dc6d88083c8c5bf77a4682a4ec3fce5d2ec6af01624,c7fd2c730a70465e6baa0d7496f46c9d49c4cc944fadbd61ecba1116729d5817,Corin.FootPlacementRig,2997edf1c34f13f7e2a3033372226eb399379f30c4303fddfe3e97ec1e4bf38d,0,-288406,0.01245821,0.06952681,0.06952681,-0.2967682,0.01245821,true,0,0.06952681,0,1,PelvisPreSolveTranslation,FootGrounding,ModifierNotCompiled,-1,-1,-1,0,,,true,-98088,Sphere,CurrentGrounding,0,-0.2509253,2.060487,3.052473,0,0,0,0,-1,0,0.05,1,4608,0.5735765,-0.2509253,1.44,3.052473,-0.2509253,1.44,3.052473,0,1,0,0.5704873,Swing,None,false,0,0,0,0,0,0,1,0,0,0,0,0,0,1,0,false,false,false,ModifierNotCompiled,0,0,0,0,0,0,0,0,ModifierNotCompiled,0,0,0,0,FootPlacementEffectorTarget,FootGrounding,true,0.4981914,false,0.02486271,1,2.227541,0.1491177,-98088,-0.2509253,1.44,3.052473,0,1,0,0,0,0,0,-0.2509253,1.64967,3.052473,-0.2405124,1.589118,3.105623,-0.2380646,1.541339,3.050596,0.1491177,0.101339,0,1,1,1,1,0.01245821,-0.05706861,0.01965603,0,0.01965603,-0.4711745,-0.05706861,true,0,1,0,4.613287E-07,0.9970967,-0.07614628,-1.44815E-06,-0.002114156,0.1320932,0,1,0,true,-0.1242042,0.2221284,0.01255671,-0.1242042,0.2221284,0.01255671,-0.1242042,0.2221284,0.01255671,-0.1242041,0.2221284,0.01255655,1.722116E-07,0,true,-98098,Sphere,CurrentGrounding,1,-0.533222,2.00937,3.191989,0,0,0,0,-1,0,0.05,1,4608,0.5735765,-0.533222,1.68,3.191989,-0.533222,1.68,3.191989,0,1,0,0.2793705,Anchored,AnchorDistanceExceeded,true,-0.1271383,0.5445805,-0.2578109,-0.5760555,-0.5907266,0.399672,0.39933,-0.4068427,2.005594,3.778516,-0.5760555,-0.5907266,0.399672,0.39933,0.09400141,false,false,false,ModifierNotCompiled,0,0,0,0,0,0,0,0,ModifierNotCompiled,0,0,0,0,FootPlacementEffectorTarget,FootGrounding,true,0.9997563,false,0.0005764335,1,1.84662,0.06471241,-98108,-0.4068427,1.92,3.778516,0,1,0,0,0,0,0,-0.5213422,1.725503,3.247124,-0.5207856,1.644351,3.246214,-0.4998782,1.644699,3.169188,-0.2756494,-0.275301,0.2756494,1,1,1,1,0.2524581,0.1829313,0.1175451,0,0.1175451,0.4748836,0.1829313,true,0,1,0,1.578065E-31,0.9999921,-0.003964087,-7.796244E-30,0.04135217,0.1598318,0,1,0,true,0.1611789,0.2689004,-0.1205329,0.1505505,0.2979611,-0.175922,0.1505505,0.2979611,-0.175922,0.1505505,0.2979612,-0.175922,6.82857E-08,0
816,517,816,1,817,0,817,false,rootmotion.finalik.full-body-biped-ik/indexed-pose-backend,None,true,true,1,lyra-5.7/ABP_Mannequin_Base/CR_Mannequin_FootPlant,unreal-engine-5.7/SpringInterpV2/FMath.SpringDamper,corin.animation-rig,87731f0d0ca14844bbf861368b9847b3,corin.foot-placement,6d6118d2f41a5948ddd18dc6d88083c8c5bf77a4682a4ec3fce5d2ec6af01624,c7fd2c730a70465e6baa0d7496f46c9d49c4cc944fadbd61ecba1116729d5817,Corin.FootPlacementRig,2997edf1c34f13f7e2a3033372226eb399379f30c4303fddfe3e97ec1e4bf38d,0,-288406,0.02618718,0.06820104,0.06820104,-0.2227323,0.02618718,true,0,0.06820104,0,1,PelvisPreSolveTranslation,FootGrounding,ModifierNotCompiled,-1,-1,-1,0,,,true,-98088,Sphere,CurrentGrounding,0,-0.2594559,2.046721,3.014101,0,0,0,0,-1,0,0.05,1,4608,0.5735765,-0.2594559,1.44,3.014101,-0.2594559,1.44,3.014101,0,1,0,0.5567205,Swing,None,false,0,0,0,0,0,0,1,0,0,0,0,0,0,1,0,false,false,false,ModifierNotCompiled,0,0,0,0,0,0,0,0,ModifierNotCompiled,0,0,0,0,FootPlacementEffectorTarget,FootGrounding,true,0.3473616,false,0.02386029,1,3.070398,0.1317564,-98088,-0.2594559,1.44,3.014101,0,1,0,0,0,0,0,-0.2594559,1.632384,3.014101,-0.249363,1.571756,3.067228,-0.2459641,1.524131,3.012119,0.1317564,0.08413076,0,1,1,1,1,0.02618718,-0.04201386,0.01746203,0,0.01746203,-0.3843239,-0.04201386,true,0,1,0,4.423208E-07,0.9972996,-0.07344034,-5.392996E-06,0.1780313,0.8289838,0,1,0,true,-0.116754,0.2185708,0.02322021,-0.116754,0.2185708,0.02322021,-0.116754,0.2185708,0.02322021,-0.116754,0.2185709,0.02322006,1.641243E-07,0,true,-98098,Sphere,CurrentGrounding,1,-0.5307899,1.997301,3.171945,0,0,0,0,-1,0,0.05,1,4608,0.5735765,-0.5307899,1.68,3.175,-0.5307899,1.68,3.175,0,0.998132,-0.06109475,0.2673947,Anchored,AnchorDistanceExceeded,true,-0.1271383,0.5445805,-0.2578109,-0.5760555,-0.5907266,0.399672,0.39933,-0.4068427,2.005594,3.778516,-0.5760555,-0.5907266,0.399672,0.39933,0.05279921,false,false,false,ModifierNotCompiled,0,0,0,0,0,0,0,0,ModifierNotCompiled,0,0,0,0,FootPlacementEffectorTarget,FootGrounding,true,0.9239275,false,-0.0001859123,1,1.843619,0.07509129,-98108,-0.4068427,1.92,3.778516,0,1,0,0,0,0,0,-0.5242456,1.702712,3.203972,-0.5242389,1.621568,3.205515,-0.5043455,1.619579,3.128166,-0.2984325,-0.3004215,0.3004215,1,1,1,1,0.2661871,0.197986,0.1203269,0,0.1203269,0.5838893,0.197986,true,0,0.998132,-0.06109475,1.223053E-31,0.9999878,-0.004942663,-6.04364E-30,0.01518508,-0.4824709,0,0.998132,-0.06109475,true,0.1583542,0.2720162,-0.1279502,0.152594,0.2888995,-0.160127,0.152594,0.2888995,-0.160127,0.152594,0.2888996,-0.1601273,2.606639E-07,0
817,518,817,1,818,0,818,false,rootmotion.finalik.full-body-biped-ik/indexed-pose-backend,None,true,true,1,lyra-5.7/ABP_Mannequin_Base/CR_Mannequin_FootPlant,unreal-engine-5.7/SpringInterpV2/FMath.SpringDamper,corin.animation-rig,87731f0d0ca14844bbf861368b9847b3,corin.foot-placement,6d6118d2f41a5948ddd18dc6d88083c8c5bf77a4682a4ec3fce5d2ec6af01624,c7fd2c730a70465e6baa0d7496f46c9d49c4cc944fadbd61ecba1116729d5817,Corin.FootPlacementRig,2997edf1c34f13f7e2a3033372226eb399379f30c4303fddfe3e97ec1e4bf38d,0,-288406,0.04428029,0.06708844,0.06708844,-0.112652,0.04428029,true,0,0.06708844,0,1,PelvisPreSolveTranslation,FootGrounding,ModifierNotCompiled,-1,-1,-1,0,,,true,-98088,Sphere,CurrentGrounding,0,-0.2709422,2.026638,2.954818,0,0,0,0,-1,0,0.05,1,4608,0.5735765,-0.2709422,1.44,2.954818,-0.2709422,1.44,2.954818,0,1,0,0.5366376,Swing,None,false,0,0,0,0,0,0,1,0,0,0,0,0,0,1,0,false,false,false,ModifierNotCompiled,0,0,0,0,0,0,0,0,ModifierNotCompiled,0,0,0,0,FootPlacementEffectorTarget,FootGrounding,true,0.1410225,false,0.02223207,1,4.341333,0.1065775,-98088,-0.2709422,1.44,2.954818,0,1,0,0,0,0,0,-0.2709422,1.609022,2.954818,-0.261355,1.546578,3.005895,-0.258224,1.500801,2.949223,0.1065775,0.06080079,0,1,1,1,1,0.04428029,-0.02280815,0.01529556,0,0.01529556,-0.2606981,-0.02280815,true,0,1,0,3.949305E-07,0.9978264,-0.065897,-7.840978E-06,0.2949555,1.270751,0,1,0,true,-0.1073422,0.2133018,0.04572841,-0.1073422,0.2133018,0.04572841,-0.1073422,0.2133018,0.04572841,-0.1073422,0.2133018,0.04572846,9.975156E-08,0,true,-98098,Sphere,CurrentGrounding,1,-0.5282576,1.981705,3.145004,0,0,0,0,-1,0,0.05,1,4608,0.5735765,-0.5282576,1.68,3.175,-0.5282576,1.68,3.175,0,0.8000618,-0.5999176,0.2617016,Swing,AnchorDistanceExceeded,false,0,0,0,0,0,0,1,0,0,0,0,0,0,1,0,false,false,false,ModifierNotCompiled,0,0,0,0,0,0,0,0,ModifierNotCompiled,0,0,0,0,FootPlacementEffectorTarget,FootGrounding,true,0.8207625,false,-0.001271692,1,1.830417,0.05673357,-98098,-0.5282576,1.68,3.175,0,0.8000618,-0.5999176,0,0,0,0,-0.5282576,1.673627,3.145004,-0.5293663,1.592914,3.153429,-0.5113454,1.584369,3.075897,-0.05673357,-0.01705724,0.05673357,1,1,1,1,0.2842801,0.2171916,0.1248342,0,0.1248342,0.722952,0.2171916,true,0,0.8000618,-0.5999176,8.819283E-32,0.9993806,-0.03519078,-4.321057E-30,-2.420367,-7.481801,0,0.8000618,-0.5999176,true,0.1554778,0.2779075,-0.1367747,0.1554778,0.2779075,-0.1367747,0.1554778,0.2779075,-0.1367747,0.1554779,0.2779076,-0.1367747,6.664002E-08,0
818,519,818,1,819,0,819,false,rootmotion.finalik.full-body-biped-ik/indexed-pose-backend,None,true,true,1,lyra-5.7/ABP_Mannequin_Base/CR_Mannequin_FootPlant,unreal-engine-5.7/SpringInterpV2/FMath.SpringDamper,corin.animation-rig,87731f0d0ca14844bbf861368b9847b3,corin.foot-placement,6d6118d2f41a5948ddd18dc6d88083c8c5bf77a4682a4ec3fce5d2ec6af01624,c7fd2c730a70465e6baa0d7496f46c9d49c4cc944fadbd61ecba1116729d5817,Corin.FootPlacementRig,2997edf1c34f13f7e2a3033372226eb399379f30c4303fddfe3e97ec1e4bf38d,0,-288406,0.05253625,0.06683023,0.06683023,-0.06324941,0.05253625,true,0,0.06683023,0,1,PelvisPreSolveTranslation,FootGrounding,ModifierNotCompiled,-1,-1,-1,0,,,true,-98088,Sphere,CurrentGrounding,0,-0.2761118,2.016812,2.925601,0,0,0,0,-1,0,0.05,1,4608,0.5735765,-0.2761118,1.44,2.925601,-0.2761118,1.44,2.925601,0,1,0,0.5268123,Swing,None,false,0,0,0,0,0,0,1,0,0,0,0,0,0,1,0,false,false,false,ModifierNotCompiled,0,0,0,0,0,0,0,0,ModifierNotCompiled,0,0,0,0,FootPlacementEffectorTarget,FootGrounding,true,0.04704332,false,0.02148267,1,4.948407,0.09451044,-98088,-0.2761118,1.44,2.925601,0,1,0,0,0,0,0,-0.2761118,1.598225,2.925601,-0.2668326,1.53451,2.975143,-0.2641969,1.49008,2.917384,0.09451044,0.05007994,0,1,1,1,1,0.05253625,-0.01429398,0.01458271,0,0.01458271,-0.20677,-0.01429398,true,0,1,0,3.691929E-07,0.9980945,-0.06170338,-8.273035E-06,0.3181032,1.353273,0,1,0,true,-0.1032657,0.2107614,0.05819378,-0.1032657,0.2107614,0.05819378,-0.1032657,0.2107614,0.05819378,-0.1032657,0.2107614,0.05819371,6.746788E-08,0,true,-98088,Sphere,CurrentGrounding,1,-0.527282,1.974673,3.132304,0,0,0,0,-1,0,0.05,1,4608,0.5735765,-0.527282,1.44,3.132304,-0.527282,1.44,3.132304,0,1,0,0.4846725,Swing,None,false,0,0,0,0,0,0,1,0,0,0,0,0,0,1,0,false,false,false,ModifierNotCompiled,0,0,0,0,0,0,0,0,ModifierNotCompiled,0,0,0,0,FootPlacementEffectorTarget,FootGrounding,true,0.7737076,false,-0.001767235,1,1.826128,0.1454395,-98088,-0.527282,1.44,3.132304,0,1,0,0.001442552,0,0.001442552,0,-0.527282,1.66565,3.132304,-0.5289075,1.58544,3.144569,-0.5116291,1.573273,3.067247,0.1454395,0.1332729,0,1,1,1,1,0.05253625,-0.01285143,0.1241475,0,0.1241475,-0.8216808,-0.01285143,true,0,1,0,7.606252E-32,0.9984798,-0.05511721,-3.706489E-30,-1.681203,-5.171341,0,1,0,true,0.1543635,0.2781866,-0.1404,0.1543635,0.2781866,-0.1404,0.1543635,0.2781866,-0.1404,0.1543634,0.2781866,-0.1404,8.024521E-08,0
819,520,819,1,820,0,820,false,rootmotion.finalik.full-body-biped-ik/indexed-pose-backend,None,true,true,1,lyra-5.7/ABP_Mannequin_Base/CR_Mannequin_FootPlant,unreal-engine-5.7/SpringInterpV2/FMath.SpringDamper,corin.animation-rig,87731f0d0ca14844bbf861368b9847b3,corin.foot-placement,6d6118d2f41a5948ddd18dc6d88083c8c5bf77a4682a4ec3fce5d2ec6af01624,c7fd2c730a70465e6baa0d7496f46c9d49c4cc944fadbd61ecba1116729d5817,Corin.FootPlacementRig,2997edf1c34f13f7e2a3033372226eb399379f30c4303fddfe3e97ec1e4bf38d,0,-288406,0.0600605,0.06673188,0.06673188,-0.01710425,0.0600605,true,0,0.06673188,0,1,PelvisPreSolveTranslation,FootGrounding,ModifierNotCompiled,-1,-1,-1,0,,,true,-98088,Sphere,CurrentGrounding,0,-0.2807748,2.007511,2.898202,0,0,0,0,-1,0,0.05,1,4608,0.5735765,-0.2807748,1.44,2.898202,-0.2807748,1.44,2.898202,0,1,0,0.5175106,Swing,None,false,0,0,0,0,0,0,1,0,0,0,0,0,0,1,0,false,false,false,ModifierNotCompiled,0,0,0,0,0,0,0,0,ModifierNotCompiled,0,0,0,0,FootPlacementEffectorTarget,FootGrounding,true,0,false,0.02054187,1,5.356607,0.0832994,-98088,-0.2807748,1.44,2.898202,0,1,0,0,0,0,0,-0.2807748,1.588323,2.898202,-0.2718332,1.523299,2.946077,-0.2697997,1.480325,2.887202,0.0832994,0.04032516,0,1,1,1,1,0.0600605,-0.006671377,0.01408074,0,0.01408074,-0.1573393,-0.006671377,true,0,1,0,3.449501E-07,0.9983326,-0.05772457,-8.413327E-06,0.3279178,1.384236,0,1,0,true,-0.09967622,0.2083836,0.07034029,-0.09967622,0.2083836,0.07034029,-0.09967622,0.2083836,0.07034029,-0.09967613,0.2083836,0.07034029,8.940697E-08,0,true,-98088,Sphere,CurrentGrounding,1,-0.5265055,1.968312,3.120482,0,0,0,0,-1,0,0.05,1,4608,0.5735765,-0.5265055,1.44,3.120482,-0.5265055,1.44,3.120482,0,1,0,0.4783118,Swing,None,false,0,0,0,0,0,0,1,0,0,0,0,0,0,1,0,false,false,false,ModifierNotCompiled,0,0,0,0,0,0,0,0,ModifierNotCompiled,0,0,0,0,FootPlacementEffectorTarget,FootGrounding,true,0.7694831,false,-0.002218856,1,1.836561,0.1372594,-98088,-0.5265055,1.44,3.120482,0,1,0,0.002021074,0,0.002021074,0,-0.5265055,1.656908,3.120482,-0.5286214,1.577259,3.135926,-0.5120611,1.562127,3.058857,0.1372594,0.1221267,0,1,1,1,1,0.0600605,-0.004650302,0.121864,0,0.121864,-0.7875315,-0.004650302,true,0,1,0,6.634799E-32,0.9977075,-0.06767327,-3.222689E-30,-1.150324,-3.513471,0,1,0,true,0.1534676,0.2769681,-0.1434587,0.1534676,0.2769681,-0.1434587,0.1534676,0.2769681,-0.1434587,0.1534676,0.2769681,-0.1434588,9.064023E-08,0
820,521,820,1,821,0,821,false,rootmotion.finalik.full-body-biped-ik/indexed-pose-backend,None,true,true,1,lyra-5.7/ABP_Mannequin_Base/CR_Mannequin_FootPlant,unreal-engine-5.7/SpringInterpV2/FMath.SpringDamper,corin.animation-rig,87731f0d0ca14844bbf861368b9847b3,corin.foot-placement,6d6118d2f41a5948ddd18dc6d88083c8c5bf77a4682a4ec3fce5d2ec6af01624,c7fd2c730a70465e6baa0d7496f46c9d49c4cc944fadbd61ecba1116729d5817,Corin.FootPlacementRig,2997edf1c34f13f7e2a3033372226eb399379f30c4303fddfe3e97ec1e4bf38d,0,-288406,0.06716037,0.06676153,0.06676153,0.02732862,0.06716037,true,0,0.06676153,0,1,PelvisPreSolveTranslation,FootGrounding,ModifierNotCompiled,-1,-1,-1,0,,,true,-98088,Sphere,CurrentGrounding,0,-0.2854037,1.99846,2.871383,0,0,0,0,-1,0,0.05,1,4608,0.5735765,-0.2854037,1.44,2.871383,-0.2854037,1.44,2.871383,0,1,0,0.5084603,Swing,None,false,0,0,0,0,0,0,1,0,0,0,0,0,0,1,0,false,false,false,ModifierNotCompiled,0,0,0,0,0,0,0,0,ModifierNotCompiled,0,0,0,0,FootPlacementEffectorTarget,FootGrounding,true,0,false,0.01935716,1,5.567918,0.07257318,-98088,-0.2854037,1.44,2.871383,0,1,0,0,0,0,0,-0.2854037,1.578958,2.871383,-0.2767985,1.512573,2.917416,-0.2755027,1.471204,2.857381,0.07257318,0.03120399,0,1,1,1,1,0.06716037,0.000398837,0.01373659,0,0.01373659,-0.1105733,0.000398837,true,0,1,0,3.219575E-07,0.9985446,-0.05393272,-8.377268E-06,0.3296247,1.383947,0,1,0,true,-0.0963895,0.2061187,0.08269236,-0.0963895,0.2061187,0.08269236,-0.0963895,0.2061187,0.08269236,-0.09638952,0.2061188,0.08269233,7.18508E-08,0,true,-98088,Sphere,CurrentGrounding,1,-0.5259116,1.962332,3.109217,0,0,0,0,-1,0,0.05,1,4608,0.5735765,-0.5259116,1.44,3.109217,-0.5259116,1.44,3.109217,0,1,0,0.4723315,Swing,None,false,0,0,0,0,0,0,1,0,0,0,0,0,0,1,0,false,false,false,ModifierNotCompiled,0,0,0,0,0,0,0,0,ModifierNotCompiled,0,0,0,0,FootPlacementEffectorTarget,FootGrounding,true,0.8099669,false,-0.002645196,1,1.862183,0.1298488,-98088,-0.5259116,1.44,3.109217,0,1,0,0.002528906,0,0.002528906,0,-0.5259116,1.648895,3.109217,-0.5284908,1.569849,3.127437,-0.5127108,1.552168,3.050625,0.1298488,0.1121684,0,1,1,1,1,0.06716037,0.002927743,0.1198017,0,0.1198017,-0.7528009,0.002927743,true,0,1,0,5.825327E-32,0.9971392,-0.0755876,-2.82397E-30,-0.751519,-2.269333,0,1,0,true,0.1527384,0.2760551,-0.1460965,0.1527384,0.2760551,-0.1460965,0.1527384,0.2760551,-0.1460965,0.1527384,0.2760551,-0.1460965,4.712161E-08,0
821,522,821,1,822,0,822,false,rootmotion.finalik.full-body-biped-ik/indexed-pose-backend,None,true,true,1,lyra-5.7/ABP_Mannequin_Base/CR_Mannequin_FootPlant,unreal-engine-5.7/SpringInterpV2/FMath.SpringDamper,corin.animation-rig,87731f0d0ca14844bbf861368b9847b3,corin.foot-placement,6d6118d2f41a5948ddd18dc6d88083c8c5bf77a4682a4ec3fce5d2ec6af01624,c7fd2c730a70465e6baa0d7496f46c9d49c4cc944fadbd61ecba1116729d5817,Corin.FootPlacementRig,2997edf1c34f13f7e2a3033372226eb399379f30c4303fddfe3e97ec1e4bf38d,0,-288406,0.08428776,0.06735361,0.06735361,0.1445777,0.08428776,true,0,0.06735361,0,1,PelvisPreSolveTranslation,FootGrounding,ModifierNotCompiled,-1,-1,-1,0,,,true,-98088,Sphere,CurrentGrounding,0,-0.297801,1.976588,2.799965,0,0,0,0,-1,0,0.05,1,4608,0.5735765,-0.297801,1.44,2.799965,-0.297801,1.44,2.799965,0,1,0,0.4865878,Swing,None,false,0,0,0,0,0,0,1,0,0,0,0,0,0,1,0,false,false,false,ModifierNotCompiled,0,0,0,0,0,0,0,0,ModifierNotCompiled,0,0,0,0,FootPlacementEffectorTarget,FootGrounding,true,0,false,0.01649776,1,6.081832,0.04712856,-98088,-0.297801,1.44,2.799965,0,1,0,0,0,0,0,-0.297801,1.557384,2.799965,-0.2901783,1.487129,2.840042,-0.2912505,1.450978,2.77672,0.04712856,0.01097786,0,1,1,1,1,0.08428776,0.01693416,0.01344249,0,0.01344249,0.008645879,0.01693416,true,0,1,0,2.684889E-07,0.998984,-0.04506702,-7.847138E-06,0.3135399,1.305025,0,1,0,true,-0.08859821,0.2016716,0.1190918,-0.08859821,0.2016716,0.1190918,-0.08859821,0.2016716,0.1190918,-0.08859824,0.2016716,0.1190916,1.391883E-07,0,true,-98088,Sphere,CurrentGrounding,1,-0.5248981,1.947712,3.081498,0,0,0,0,-1,0,0.05,1,4608,0.5735765,-0.5248981,1.44,3.081498,-0.5248981,1.44,3.081498,0,1,0,0.4577122,Swing,None,false,0,0,0,0,0,0,1,0,0,0,0,0,0,1,0,false,false,false,ModifierNotCompiled,0,0,0,0,0,0,0,0,ModifierNotCompiled,0,0,0,0,FootPlacementEffectorTarget,FootGrounding,true,0.9076773,false,-0.003674199,1,1.926112,0.112976,-98088,-0.5248981,1.44,3.081498,0,1,0,0.003694892,0,0.003694892,0,-0.5248981,1.630344,3.081498,-0.5285292,1.552976,3.105743,-0.5149271,1.529974,3.029594,0.112976,0.08997405,0,1,1,1,1,0.08428776,0.02062905,0.1152785,0,0.1152785,-0.6532432,0.02062905,true,0,1,0,4.246638E-32,0.9965204,-0.08334947,-2.05476E-30,-0.09970111,-0.2401387,0,1,0,true,0.1513737,0.2746319,-0.1515501,0.1513737,0.2746319,-0.1515501,0.1513737,0.2746319,-0.1515501,0.1513737,0.2746318,-0.1515502,1.20137E-07,0
822,523,822,1,823,0,823,false,rootmotion.finalik.full-body-biped-ik/indexed-pose-backend,None,true,true,1,lyra-5.7/ABP_Mannequin_Base/CR_Mannequin_FootPlant,unreal-engine-5.7/SpringInterpV2/FMath.SpringDamper,corin.animation-rig,87731f0d0ca14844bbf861368b9847b3,corin.foot-placement,6d6118d2f41a5948ddd18dc6d88083c8c5bf77a4682a4ec3fce5d2ec6af01624,c7fd2c730a70465e6baa0d7496f46c9d49c4cc944fadbd61ecba1116729d5817,Corin.FootPlacementRig,2997edf1c34f13f7e2a3033372226eb399379f30c4303fddfe3e97ec1e4bf38d,0,-288406,0.1021787,0.0687914,0.0687914,0.2693882,0.1021787,true,0,0.0687914,0,1,PelvisPreSolveTranslation,FootGrounding,ModifierNotCompiled,-1,-1,-1,0,,,true,-98088,Sphere,CurrentGrounding,0,-0.3112035,1.953967,2.723794,0,0,0,0,-1,0,0.05,1,4608,0.5735765,-0.3112035,1.44,2.723794,-0.3112035,1.44,2.723794,0,1,0,0.4639671,Swing,None,false,0,0,0,0,0,0,1,0,0,0,0,0,0,1,0,false,false,false,ModifierNotCompiled,0,0,0,0,0,0,0,0,ModifierNotCompiled,0,0,0,0,FootPlacementEffectorTarget,FootGrounding,true,0,false,0.0135109,1,6.511513,0.02270401,-98088,-0.3112035,1.44,2.723794,0,1,0,0,0,0,0,-0.3112035,1.536705,2.723794,-0.3049846,1.462704,2.756735,-0.3088665,1.432886,2.690298,0.02270401,-0.007114291,0.007114291,1,1,1,1,0.1021787,0.03338729,0.01394698,0,0.01394698,0.1296962,0.03338729,true,0,1,0,2.179056E-07,0.9993287,-0.03663513,-6.928018E-06,0.2795657,1.157156,0,1,0,true,-0.08086012,0.198884,0.158872,-0.08086012,0.198884,0.158872,-0.08086012,0.198884,0.158872,-0.08086012,0.1988841,0.158872,6.188917E-08,0,true,-98088,Sphere,CurrentGrounding,1,-0.5240536,1.932302,3.052335,0,0,0,0,-1,0,0.05,1,4608,0.5735765,-0.5240536,1.44,3.052335,-0.5240536,1.44,3.052335,0,1,0,0.4423024,Swing,None,false,0,0,0,0,0,0,1,0,0,0,0,0,0,1,0,false,false,false,ModifierNotCompiled,0,0,0,0,0,0,0,0,ModifierNotCompiled,0,0,0,0,FootPlacementEffectorTarget,FootGrounding,true,1,false,-0.004668136,1,2.006241,0.09709394,-98088,-0.5240536,1.44,3.052335,0,1,0,0.004734039,0,0.004734039,0,-0.5240536,1.612364,3.052335,-0.5286157,1.537094,3.082342,-0.5174804,1.509168,3.007168,0.09709394,0.06916797,0,1,1,1,1,0.1021787,0.03812133,0.1112705,0,0.1112705,-0.5418127,0.03812133,true,0,1,0,3.044669E-32,0.996739,-0.08069288,-1.474005E-30,0.2599844,0.8739409,0,1,0,true,0.1502785,0.2745429,-0.1570702,0.1502785,0.2745429,-0.1570702,0.1502785,0.2745429,-0.1570702,0.1502785,0.274543,-0.1570701,1.46001E-07,0
823,524,823,1,824,0,824,false,rootmotion.finalik.full-body-biped-ik/indexed-pose-backend,None,true,true,1,lyra-5.7/ABP_Mannequin_Base/CR_Mannequin_FootPlant,unreal-engine-5.7/SpringInterpV2/FMath.SpringDamper,corin.animation-rig,87731f0d0ca14844bbf861368b9847b3,corin.foot-placement,6d6118d2f41a5948ddd18dc6d88083c8c5bf77a4682a4ec3fce5d2ec6af01624,c7fd2c730a70465e6baa0d7496f46c9d49c4cc944fadbd61ecba1116729d5817,Corin.FootPlacementRig,2997edf1c34f13f7e2a3033372226eb399379f30c4303fddfe3e97ec1e4bf38d,0,-288406,0.1112074,0.06983641,0.06983641,0.3291598,0.1112074,true,0,0.06983641,0,1,PelvisPreSolveTranslation,FootGrounding,ModifierNotCompiled,-1,-1,-1,0,,,true,-98088,Sphere,CurrentGrounding,0,-0.3175197,1.941929,2.68791,0,0,0,0,-1,0,0.05,1,4608,0.5735765,-0.3175198,1.440004,2.694999,-0.3175198,1.440004,2.694999,2.383968E-06,0.9898973,-0.1417865,0.45243,Swing,None,false,0,0,0,0,0,0,1,0,0,0,0,0,0,1,0,false,false,false,ModifierNotCompiled,0,0,0,0,0,0,0,0,ModifierNotCompiled,0,0,0,0,FootPlacementEffectorTarget,FootGrounding,true,0,false,0.01200347,1,6.194345,0.009524198,-98088,-0.3175198,1.440004,2.694999,2.383968E-06,0.9898973,-0.1417865,0,0,0,0,-0.3175197,1.526272,2.68791,-0.3121445,1.450847,2.717613,-0.3173662,1.423942,2.650031,0.007526861,-0.009524198,0.009524198,1,1,1,1,0.1112117,0.04137525,0.01450592,0,0.01450592,0.1857161,0.04137525,true,2.383968E-06,0.9898973,-0.1417865,2.265846E-07,0.9993986,-0.03467613,1.0814E-05,0.1864948,0.0475898,2.383968E-06,0.9898973,-0.1417865,true,-0.07731433,0.197479,0.1765432,-0.07731433,0.197479,0.1765432,-0.07731433,0.197479,0.1765432,-0.07731436,0.1974789,0.1765432,1.20137E-07,0,true,-98088,Sphere,CurrentGrounding,1,-0.5238326,1.924549,3.037797,0,0,0,0,-1,0,0.05,1,4608,0.5735765,-0.5238326,1.44,3.037797,-0.5238326,1.44,3.037797,0,1,0,0.4345486,Swing,None,false,0,0,0,0,0,0,1,0,0,0,0,0,0,1,0,false,false,false,ModifierNotCompiled,0,0,0,0,0,0,0,0,ModifierNotCompiled,0,0,0,0,FootPlacementEffectorTarget,FootGrounding,true,1,false,-0.004782707,1,2.09762,0.08985603,-98088,-0.5238326,1.44,3.037797,0,1,0,0.005132675,0,0.005132675,0,-0.5238326,1.603911,3.037797,-0.5287988,1.529856,3.070631,-0.5188758,1.499504,2.996141,0.08985603,0.05950415,0,1,1,1,1,0.1112074,0.04650363,0.109526,0,0.109526,-0.4876634,0.04650363,true,0,1,0,2.571802E-32,0.99703,-0.07701388,-1.246131E-30,0.360089,1.1816,0,1,0,true,0.1497351,0.2751182,-0.1602575,0.1497351,0.2751182,-0.1602575,0.1497351,0.2751182,-0.1602575,0.1497351,0.2751183,-0.1602576,9.541399E-08,0
824,525,824,1,825,0,825,false,rootmotion.finalik.full-body-biped-ik/indexed-pose-backend,None,true,true,1,lyra-5.7/ABP_Mannequin_Base/CR_Mannequin_FootPlant,unreal-engine-5.7/SpringInterpV2/FMath.SpringDamper,corin.animation-rig,87731f0d0ca14844bbf861368b9847b3,corin.foot-placement,6d6118d2f41a5948ddd18dc6d88083c8c5bf77a4682a4ec3fce5d2ec6af01624,c7fd2c730a70465e6baa0d7496f46c9d49c4cc944fadbd61ecba1116729d5817,Corin.FootPlacementRig,2997edf1c34f13f7e2a3033372226eb399379f30c4303fddfe3e97ec1e4bf38d,0,-288406,-0.1168225,0.06727032,0.06727032,-1.2426,-0.1168225,true,0,0.06727032,0,1,PelvisPreSolveTranslation,FootGrounding,ModifierNotCompiled,-1,-1,-1,0,,,true,-98078,Sphere,CurrentGrounding,0,-0.3248866,1.925062,2.640275,0,0,0,0,-1,0,0.05,1,4608,0.5735765,-0.3248866,1.2,2.640275,-0.3248866,1.2,2.640275,0,1,0,0.6750625,Swing,None,false,0,0,0,0,0,0,1,0,0,0,0,0,0,1,0,false,false,false,ModifierNotCompiled,0,0,0,0,0,0,0,0,ModifierNotCompiled,0,0,0,0,FootPlacementEffectorTarget,FootGrounding,true,0,false,0.01000472,1,5.774367,0.2265619,-98078,-0.3248866,1.2,2.640275,0,1,0,0,0,0,0,-0.3248866,1.503679,2.640275,-0.3208933,1.426562,2.665515,-0.3277288,1.403728,2.59659,0.2265619,0.203728,0,1,1,1,1,-0.1168225,-0.1840928,0.01134598,0,0.01134598,-1.364131,-0.1840928,true,0,1,0,2.604459E-07,0.9994317,-0.0337112,4.638497E-06,0.1882588,0.3412532,0,1,0,true,-0.0730928,0.1868563,0.2002942,-0.0730928,0.1868563,0.2002942,-0.0730928,0.1868563,0.2002942,-0.07309285,0.1868563,0.2002942,8.059035E-08,0,true,-98088,Sphere,CurrentGrounding,1,-0.5241523,1.914296,3.018551,0,0,0,0,-1,0,0.05,1,4608,0.5735765,-0.5241523,1.44,3.018551,-0.5241523,1.44,3.018551,0,1,0,0.4242959,Swing,None,false,0,0,0,0,0,0,1,0,0,0,0,0,0,1,0,false,false,false,ModifierNotCompiled,0,0,0,0,0,0,0,0,ModifierNotCompiled,0,0,0,0,FootPlacementEffectorTarget,FootGrounding,true,1,false,-0.004934622,1,2.219586,0.07687771,-98088,-0.5241523,1.44,3.018551,0,1,0,0.00539875,0,0.00539875,0,-0.5241523,1.589145,3.018551,-0.5296624,1.516878,3.055075,-0.521075,1.483394,2.981694,0.07687771,0.04339361,0,1,1,1,1,0.1231776,0.06130608,0.1075785,0,0.1075785,-0.3853874,0.06130608,true,0,1,0,2.0558E-32,0.9974843,-0.07088763,-9.9756E-31,0.436242,1.412919,0,1,0,true,0.1489669,0.2723223,-0.1650677,0.1489669,0.2723223,-0.1650677,0.1489669,0.2723223,-0.1650677,0.148967,0.2723224,-0.1650677,1.115101E-07,0
825,526,825,1,826,0,826,false,rootmotion.finalik.full-body-biped-ik/indexed-pose-backend,None,true,true,1,lyra-5.7/ABP_Mannequin_Base/CR_Mannequin_FootPlant,unreal-engine-5.7/SpringInterpV2/FMath.SpringDamper,corin.animation-rig,87731f0d0ca14844bbf861368b9847b3,corin.foot-placement,6d6118d2f41a5948ddd18dc6d88083c8c5bf77a4682a4ec3fce5d2ec6af01624,c7fd2c730a70465e6baa0d7496f46c9d49c4cc944fadbd61ecba1116729d5817,Corin.FootPlacementRig,2997edf1c34f13f7e2a3033372226eb399379f30c4303fddfe3e97ec1e4bf38d,0,-288406,-0.1084794,0.06341109,0.06341109,-1.203853,-0.1084794,true,0,0.06341109,0,1,PelvisPreSolveTranslation,FootGrounding,ModifierNotCompiled,-1,-1,-1,0,,,true,-98078,Sphere,CurrentGrounding,0,-0.329802,1.913191,2.607412,0,0,0,0,-1,0,0.05,1,4608,0.5735765,-0.329802,1.2,2.607412,-0.329802,1.2,2.607412,0,1,0,0.6631915,Swing,None,false,0,0,0,0,0,0,1,0,0,0,0,0,0,1,0,false,false,false,ModifierNotCompiled,0,0,0,0,0,0,0,0,ModifierNotCompiled,0,0,0,0,FootPlacementEffectorTarget,FootGrounding,true,0,false,0.008611596,1,5.482094,0.2056079,-98078,-0.329802,1.2,2.607412,0,1,0,0,0,0,0,-0.329802,1.483761,2.607412,-0.326824,1.405608,2.629396,-0.3347977,1.385768,2.559668,0.2056079,0.1857681,0,1,1,1,1,-0.1084794,-0.1718905,0.007158125,0,0.007158125,-1.296256,-0.1718905,true,0,1,0,2.698246E-07,0.9994753,-0.03238935,1.587968E-06,0.1842968,0.471991,0,1,0,true,-0.07037376,0.1752814,0.2165012,-0.07037376,0.1752814,0.2165012,-0.07037376,0.1752814,0.2165012,-0.07037371,0.1752813,0.2165012,8.688795E-08,0,true,-98088,Sphere,CurrentGrounding,1,-0.5242903,1.907153,3.005503,0,0,0,0,-1,0,0.05,1,4608,0.5735765,-0.5242903,1.44,3.005503,-0.5242903,1.44,3.005503,0,1,0,0.4171531,Swing,None,false,0,0,0,0,0,0,1,0,0,0,0,0,0,1,0,false,false,false,ModifierNotCompiled,0,0,0,0,0,0,0,0,ModifierNotCompiled,0,0,0,0,FootPlacementEffectorTarget,FootGrounding,true,1,false,-0.005040506,1,2.305067,0.06618071,-98088,-0.5242903,1.44,3.005503,0,1,0,0.00541079,0,0.00541079,0,-0.5242903,1.577086,3.005503,-0.530118,1.506181,3.04456,-0.5224719,1.470556,2.97207,0.06618071,0.03055608,0,1,1,1,1,0.1315209,0.07352056,0.1065215,0,0.1065215,-0.3007525,0.07352056,true,0,1,0,1.758114E-32,0.9978098,-0.06614842,-8.540999E-31,0.4612791,1.486732,0,1,0,true,0.1483748,0.2686065,-0.1687928,0.1483748,0.2686065,-0.1687928,0.1483748,0.2686065,-0.1687928,0.1483749,0.2686066,-0.1687927,1.692447E-07,0
826,527,826,1,827,0,827,false,rootmotion.finalik.full-body-biped-ik/indexed-pose-backend,None,true,true,1,lyra-5.7/ABP_Mannequin_Base/CR_Mannequin_FootPlant,unreal-engine-5.7/SpringInterpV2/FMath.SpringDamper,corin.animation-rig,87731f0d0ca14844bbf861368b9847b3,corin.foot-placement,6d6118d2f41a5948ddd18dc6d88083c8c5bf77a4682a4ec3fce5d2ec6af01624,c7fd2c730a70465e6baa0d7496f46c9d49c4cc944fadbd61ecba1116729d5817,Corin.FootPlacementRig,2997edf1c34f13f7e2a3033372226eb399379f30c4303fddfe3e97ec1e4bf38d,0,-288406,-0.1001105,0.05967351,0.05967351,-1.15966,-0.1001105,true,0,0.05967351,0,1,PelvisPreSolveTranslation,FootGrounding,ModifierNotCompiled,-1,-1,-1,0,,,true,-98078,Sphere,CurrentGrounding,0,-0.3345644,1.901444,2.575709,0,0,0,0,-1,0,0.05,1,4608,0.5735765,-0.3345644,1.2,2.575709,-0.3345644,1.2,2.575709,0,1,0,0.6514441,Swing,None,false,0,0,0,0,0,0,1,0,0,0,0,0,0,1,0,false,false,false,ModifierNotCompiled,0,0,0,0,0,0,0,0,ModifierNotCompiled,0,0,0,0,FootPlacementEffectorTarget,FootGrounding,true,0,false,0.007214179,1,5.189367,0.1852895,-98078,-0.3345644,1.2,2.575709,0,1,0,0,0,0,0,-0.3345644,1.4643,2.575709,-0.3325937,1.385289,2.594509,-0.3416601,1.368396,2.524139,0.1852895,0.1683965,0,1,1,1,1,-0.1001105,-0.159784,0.003182423,0,0.003182423,-1.223425,-0.159784,true,0,1,0,2.708743E-07,0.9995278,-0.03072729,-6.768707E-07,0.1774573,0.5575044,0,1,0,true,-0.06775609,0.1641897,0.2314925,-0.06775609,0.1641897,0.2314925,-0.06775609,0.1641897,0.2314925,-0.06775611,0.1641898,0.2314925,6.322027E-08,0,true,-98088,Sphere,CurrentGrounding,1,-0.5243361,1.89998,2.9927,0,0,0,0,-1,0,0.05,1,4608,0.5735765,-0.5243361,1.44,2.9927,-0.5243361,1.44,2.9927,0,1,0,0.4099805,Swing,None,false,0,0,0,0,0,0,1,0,0,0,0,0,0,1,0,false,false,false,ModifierNotCompiled,0,0,0,0,0,0,0,0,ModifierNotCompiled,0,0,0,0,FootPlacementEffectorTarget,FootGrounding,true,1,false,-0.005146717,1,2.391154,0.05593359,-98088,-0.5243361,1.44,2.9927,0,1,0,0.005300164,0,0.005300164,0,-0.5243361,1.565384,2.9927,-0.5304313,1.495934,3.034248,-0.5237339,1.458179,2.962759,0.05593359,0.01817882,0,1,1,1,1,0.1398897,0.08551636,0.1057304,0,0.1057304,-0.2158411,0.08551636,true,0,1,0,1.502705E-32,0.9981223,-0.06125291,-7.309172E-31,0.4697219,1.50891,0,1,0,true,0.1477109,0.265274,-0.1728204,0.1477109,0.265274,-0.1728204,0.1477109,0.265274,-0.1728204,0.1477108,0.2652742,-0.1728205,1.914089E-07,0
827,528,827,1,828,0,828,false,rootmotion.finalik.full-body-biped-ik/indexed-pose-backend,None,true,true,1,lyra-5.7/ABP_Mannequin_Base/CR_Mannequin_FootPlant,unreal-engine-5.7/SpringInterpV2/FMath.SpringDamper,corin.animation-rig,87731f0d0ca14844bbf861368b9847b3,corin.foot-placement,6d6118d2f41a5948ddd18dc6d88083c8c5bf77a4682a4ec3fce5d2ec6af01624,c7fd2c730a70465e6baa0d7496f46c9d49c4cc944fadbd61ecba1116729d5817,Corin.FootPlacementRig,2997edf1c34f13f7e2a3033372226eb399379f30c4303fddfe3e97ec1e4bf38d,0,-288406,-0.0872767,0.05425337,0.05425337,-1.080647,-0.0872767,true,0,0.05425337,0,1,PelvisPreSolveTranslation,FootGrounding,ModifierNotCompiled,-1,-1,-1,0,,,true,-98078,Sphere,CurrentGrounding,0,-0.341502,1.883886,2.531583,0,0,0,0,-1,0,0.05,1,4608,0.5735765,-0.341502,1.2,2.531583,-0.341502,1.2,2.531583,0,1,0,0.6338863,Swing,None,false,0,0,0,0,0,0,1,0,0,0,0,0,0,1,0,false,false,false,ModifierNotCompiled,0,0,0,0,0,0,0,0,ModifierNotCompiled,0,0,0,0,FootPlacementEffectorTarget,FootGrounding,true,0.1932941,false,0.005396601,1,4.203876,0.155774,-98078,-0.341502,1.2,2.531583,0,1,0,0,0,0,0,-0.341502,1.43571,2.531583,-0.3409491,1.355774,2.546072,-0.3514741,1.342905,2.475053,0.155774,0.1429052,0,1,1,1,1,-0.0872767,-0.1415301,-0.002429337,0,-0.002429337,-1.10124,-0.1415301,true,0,1,0,2.613196E-07,0.999613,-0.02781592,-2.977149E-06,0.1634971,0.6235715,0,1,0,true,-0.06382144,0.1484336,0.2499905,-0.06382144,0.1484336,0.2499905,-0.06382144,0.1484336,0.2499905,-0.06382146,0.1484336,0.2499904,1.066761E-07,0,true,-98088,Sphere,CurrentGrounding,1,-0.5241923,1.888942,2.973569,0,0,0,0,-1,0,0.05,1,4608,0.5735765,-0.5241923,1.44,2.973569,-0.5241923,1.44,2.973569,0,1,0,0.3989423,Swing,None,false,0,0,0,0,0,0,1,0,0,0,0,0,0,1,0,false,false,false,ModifierNotCompiled,0,0,0,0,0,0,0,0,ModifierNotCompiled,0,0,0,0,FootPlacementEffectorTarget,FootGrounding,true,0.9034963,false,-0.00462285,1,2.528372,0.04116797,-98088,-0.5241923,1.44,2.973569,0,1,0,0.004951477,0,0.004951477,0,-0.5241923,1.54824,2.973569,-0.5306067,1.481168,3.018813,-0.5253556,1.440148,2.949072,0.04116797,0.0001484156,0,1,1,1,1,0.1527236,0.1034217,0.1050449,0,0.1050449,-0.0831722,0.1034217,true,0,1,0,1.181545E-32,0.9985512,-0.05381076,-5.758099E-31,0.4600421,1.472738,0,1,0,true,0.1465103,0.2609639,-0.1795302,0.1465103,0.2609639,-0.1795302,0.1465103,0.2609639,-0.1795302,0.1465104,0.2609639,-0.1795303,1.273156E-07,0
828,529,828,1,829,0,829,false,rootmotion.finalik.full-body-biped-ik/indexed-pose-backend,None,true,true,1,lyra-5.7/ABP_Mannequin_Base/CR_Mannequin_FootPlant,unreal-engine-5.7/SpringInterpV2/FMath.SpringDamper,corin.animation-rig,87731f0d0ca14844bbf861368b9847b3,corin.foot-placement,6d6118d2f41a5948ddd18dc6d88083c8c5bf77a4682a4ec3fce5d2ec6af01624,c7fd2c730a70465e6baa0d7496f46c9d49c4cc944fadbd61ecba1116729d5817,Corin.FootPlacementRig,2997edf1c34f13f7e2a3033372226eb399379f30c4303fddfe3e97ec1e4bf38d,0,-288406,-0.06984997,0.04758596,0.04758596,-0.9565884,-0.06984997,true,0,0.04758596,0,1,PelvisPreSolveTranslation,FootGrounding,ModifierNotCompiled,-1,-1,-1,0,,,true,-98078,Sphere,CurrentGrounding,0,-0.3461342,1.859887,2.476781,0,0,0,0,-1,0,0.05,1,4608,0.5735765,-0.3461342,1.2,2.476781,-0.3461342,1.2,2.476781,0,1,0,0.6098868,Swing,None,false,0,0,0,0,0,0,1,0,0,0,0,0,0,1,0,false,false,false,ModifierNotCompiled,0,0,0,0,0,0,0,0,ModifierNotCompiled,0,0,0,0,FootPlacementEffectorTarget,FootGrounding,true,0.5907802,false,0.003159425,1,2.513706,0.1177498,-98078,-0.3461342,1.2,2.476781,0,1,0,0,0,0,0,-0.3461342,1.398438,2.476781,-0.3475526,1.31775,2.486134,-0.358733,1.309719,2.414499,0.1177498,0.1097192,0,1,1,1,1,-0.06984997,-0.1174359,-0.009034837,0,-0.009034837,-0.9222278,-0.1174359,true,0,1,0,2.356929E-07,0.9997205,-0.02363879,-4.53205E-06,0.1413822,0.6306577,0,1,0,true,-0.05809162,0.128588,0.2706145,-0.05809162,0.128588,0.2706145,-0.05809162,0.128588,0.2706145,-0.05809164,0.128588,0.2706144,3.514432E-08,0,true,-98088,Sphere,CurrentGrounding,1,-0.5250659,1.873821,2.94666,0,0,0,0,-1,0,0.05,1,4608,0.5735765,-0.5250659,1.44,2.94666,-0.5250659,1.44,2.94666,0,1,0,0.3838208,Swing,None,false,0,0,0,0,0,0,1,0,0,0,0,0,0,1,0,false,false,false,ModifierNotCompiled,0,0,0,0,0,0,0,0,ModifierNotCompiled,0,0,0,0,FootPlacementEffectorTarget,FootGrounding,true,0.7050478,false,-0.00343154,1,2.722588,0.02291644,-98088,-0.5250659,1.44,2.94666,0,1,0,0.004148483,0,0.004148483,0,-0.5250659,1.526549,2.94666,-0.5324385,1.462916,2.996493,-0.5281515,1.417562,2.929512,0.02291644,-0.02243793,0.02243793,1,1,1,1,0.1701502,0.1267127,0.105142,0,0.105142,0.0962238,0.1267127,true,0,1,0,8.529574E-33,0.9990171,-0.04432783,-4.167367E-31,0.4204995,1.342178,0,1,0,true,0.1444107,0.2566987,-0.1895973,0.1444107,0.2566987,-0.1895973,0.1444107,0.2566987,-0.1895973,0.1444108,0.2566988,-0.1895975,1.769415E-07,0
829,530,829,1,830,0,830,false,rootmotion.finalik.full-body-biped-ik/indexed-pose-backend,None,true,true,1,lyra-5.7/ABP_Mannequin_Base/CR_Mannequin_FootPlant,unreal-engine-5.7/SpringInterpV2/FMath.SpringDamper,corin.animation-rig,87731f0d0ca14844bbf861368b9847b3,corin.foot-placement,6d6118d2f41a5948ddd18dc6d88083c8c5bf77a4682a4ec3fce5d2ec6af01624,c7fd2c730a70465e6baa0d7496f46c9d49c4cc944fadbd61ecba1116729d5817,Corin.FootPlacementRig,2997edf1c34f13f7e2a3033372226eb399379f30c4303fddfe3e97ec1e4bf38d,0,-288406,-0.06176651,0.04476513,0.04476513,-0.8980152,-0.06176651,true,0,0.04476513,0,1,PelvisPreSolveTranslation,FootGrounding,ModifierNotCompiled,-1,-1,-1,0,,,true,-98078,Sphere,CurrentGrounding,0,-0.3479316,1.848983,2.453486,0,0,0,0,-1,0,0.05,1,4608,0.5735765,-0.3479316,1.2,2.453486,-0.3479316,1.2,2.453486,0,1,0,0.5989831,Swing,None,false,0,0,0,0,0,0,1,0,0,0,0,0,0,1,0,false,false,false,ModifierNotCompiled,0,0,0,0,0,0,0,0,ModifierNotCompiled,0,0,0,0,FootPlacementEffectorTarget,FootGrounding,true,0.7751582,false,0.002121689,1,1.75932,0.1011478,-98078,-0.3479316,1.2,2.453486,0,1,0,0,0,0,0,-0.3479316,1.38204,2.453486,-0.3501837,1.301148,2.460663,-0.3615458,1.29517,2.388852,0.1011478,0.09516954,0,1,1,1,1,-0.06176651,-0.1065316,-0.01170872,0,-0.01170872,-0.8414696,-0.1065316,true,0,1,0,2.212337E-07,0.9997639,-0.02172849,-4.841373E-06,0.130785,0.6136998,0,1,0,true,-0.05551466,0.120273,0.2780052,-0.05551466,0.120273,0.2780052,-0.05551466,0.120273,0.2780052,-0.05551467,0.1202731,0.2780052,8.560065E-08,0,true,-98088,Sphere,CurrentGrounding,1,-0.5253024,1.866736,2.934535,0,0,0,0,-1,0,0.05,1,4608,0.5735765,-0.5253024,1.44,2.934535,-0.5253024,1.44,2.934535,0,1,0,0.3767361,Swing,None,false,0,0,0,0,0,0,1,0,0,0,0,0,0,1,0,false,false,false,ModifierNotCompiled,0,0,0,0,0,0,0,0,ModifierNotCompiled,0,0,0,0,FootPlacementEffectorTarget,FootGrounding,true,0.6129956,false,-0.002878939,1,2.814548,0.03219378,-98088,-0.5253024,1.44,2.934535,0,1,0,0.003662348,0,0.003662348,0,-0.5253024,1.517081,2.934535,-0.5331254,1.455119,2.986364,-0.5292861,1.407806,2.920762,0.01511872,-0.03219378,0.03219378,1,1,1,1,0.1782335,0.1371307,0.1055802,0,0.1055802,0.1725712,0.1371307,true,0,1,0,7.331065E-33,0.9991888,-0.04026857,-3.585829E-31,0.3965012,1.264333,0,1,0,true,0.1432053,0.2553149,-0.1946237,0.1432053,0.2553149,-0.1946237,0.1432053,0.2553149,-0.1946237,0.1432053,0.255315,-0.1946237,5.575504E-08,0
830,531,830,1,831,0,831,false,rootmotion.finalik.full-body-biped-ik/indexed-pose-backend,None,true,true,1,lyra-5.7/ABP_Mannequin_Base/CR_Mannequin_FootPlant,unreal-engine-5.7/SpringInterpV2/FMath.SpringDamper,corin.animation-rig,87731f0d0ca14844bbf861368b9847b3,corin.foot-placement,6d6118d2f41a5948ddd18dc6d88083c8c5bf77a4682a4ec3fce5d2ec6af01624,c7fd2c730a70465e6baa0d7496f46c9d49c4cc944fadbd61ecba1116729d5817,Corin.FootPlacementRig,2997edf1c34f13f7e2a3033372226eb399379f30c4303fddfe3e97ec1e4bf38d,0,-288406,-0.05453086,0.04239489,0.04239489,-0.8438116,-0.05453086,true,0,0.04239489,0,1,PelvisPreSolveTranslation,FootGrounding,ModifierNotCompiled,-1,-1,-1,0,,,true,-98078,Sphere,CurrentGrounding,0,-0.3491333,1.839557,2.434901,0,0,0,0,-1,0,0.05,1,4608,0.5735765,-0.3491333,1.2,2.434901,-0.3491333,1.2,2.434901,0,1,0,0.5895571,Swing,None,false,0,0,0,0,0,0,1,0,0,0,0,0,0,1,0,false,false,false,ModifierNotCompiled,0,0,0,0,0,0,0,0,ModifierNotCompiled,0,0,0,0,FootPlacementEffectorTarget,FootGrounding,true,0.9402013,false,0.001192776,1,1.143672,0.08705235,-98078,-0.3491333,1.2,2.434901,0,1,0,0,0,0,0,-0.3491333,1.36806,2.434901,-0.3520449,1.287052,2.44031,-0.3634863,1.282737,2.368389,0.08705235,0.08273709,0,1,1,1,1,-0.05453086,-0.09692575,-0.01389164,0,-0.01389164,-0.7686466,-0.09692575,true,0,1,0,2.077241E-07,0.9997985,-0.02007335,-4.965234E-06,0.1214284,0.5917566,0,1,0,true,-0.05345305,0.1135294,0.2823225,-0.05345305,0.1135294,0.2823225,-0.05345305,0.1135294,0.2823225,-0.05345305,0.1135295,0.2823225,6.674406E-08,0,true,-98088,Sphere,CurrentGrounding,1,-0.5254066,1.860349,2.923871,0,0,0,0,-1,0,0.05,1,4608,0.5735765,-0.5254066,1.44,2.923871,-0.5254066,1.44,2.923871,0,1,0,0.3703494,Swing,None,false,0,0,0,0,0,0,1,0,0,0,0,0,0,1,0,false,false,false,ModifierNotCompiled,0,0,0,0,0,0,0,0,ModifierNotCompiled,0,0,0,0,FootPlacementEffectorTarget,FootGrounding,true,0.5305964,false,-0.002384286,1,2.89774,0.04055953,-98088,-0.5254066,1.44,2.923871,0,1,0,0.003183007,0,0.003183007,0,-0.5254066,1.508913,2.923871,-0.5336328,1.44848,2.977415,-0.5301909,1.399441,2.913101,0.00848043,-0.04055953,0.04055953,1,1,1,1,0.1854693,0.1462574,0.106169,0,0.106169,0.2393207,0.1462574,true,0,1,0,6.401717E-33,0.9993207,-0.03685197,-3.134273E-31,0.3735831,1.190368,0,1,0,true,0.1419803,0.2543825,-0.1993097,0.1419803,0.2543825,-0.1993097,0.1419803,0.2543825,-0.1993097,0.1419803,0.2543827,-0.1993098,2.091478E-07,0
831,532,831,1,832,0,832,false,rootmotion.finalik.full-body-biped-ik/indexed-pose-backend,None,true,true,1,lyra-5.7/ABP_Mannequin_Base/CR_Mannequin_FootPlant,unreal-engine-5.7/SpringInterpV2/FMath.SpringDamper,corin.animation-rig,87731f0d0ca14844bbf861368b9847b3,corin.foot-placement,6d6118d2f41a5948ddd18dc6d88083c8c5bf77a4682a4ec3fce5d2ec6af01624,c7fd2c730a70465e6baa0d7496f46c9d49c4cc944fadbd61ecba1116729d5817,Corin.FootPlacementRig,2997edf1c34f13f7e2a3033372226eb399379f30c4303fddfe3e97ec1e4bf38d,0,-288406,-0.04737675,0.04020035,0.04020035,-0.7885954,-0.04737675,true,0,0.04020035,0,1,PelvisPreSolveTranslation,FootGrounding,ModifierNotCompiled,-1,-1,-1,0,,,true,-98078,Sphere,CurrentGrounding,0,-0.3498292,1.830657,2.419349,0,0,0,0,-1,0,0.05,1,4608,0.5735765,-0.3498292,1.2,2.419349,-0.3498292,1.2,2.419349,0,1,0,0.5806566,Swing,None,false,0,0,0,0,0,0,1,0,0,0,0,0,0,1,0,false,false,false,ModifierNotCompiled,0,0,0,0,0,0,0,0,ModifierNotCompiled,0,0,0,0,FootPlacementEffectorTarget,FootGrounding,true,1,false,0.001019991,1,0.7758685,0.07392967,-98078,-0.3498292,1.2,2.419349,0,1,0,0,0,0,0,-0.3498292,1.355004,2.419349,-0.353286,1.27393,2.423224,-0.3647206,1.271052,2.351228,0.07392967,0.07105196,0,1,1,1,1,-0.04737675,-0.0875771,-0.01585268,0,-0.01585268,-0.6961597,-0.0875771,true,0,1,0,1.942039E-07,0.9998288,-0.01850359,-4.978725E-06,0.1124278,0.5657135,0,1,0,true,-0.05176661,0.1076275,0.2837371,-0.05176661,0.1076275,0.2837371,-0.05176661,0.1076275,0.2837371,-0.0517666,0.1076276,0.2837372,1.334881E-07,0,true,-98088,Sphere,CurrentGrounding,1,-0.5253992,1.853989,2.913499,0,0,0,0,-1,0,0.05,1,4608,0.5735765,-0.5253992,1.44,2.913499,-0.5253992,1.44,2.913499,0,1,0,0.3639894,Swing,None,false,0,0,0,0,0,0,1,0,0,0,0,0,0,1,0,false,false,false,ModifierNotCompiled,0,0,0,0,0,0,0,0,ModifierNotCompiled,0,0,0,0,FootPlacementEffectorTarget,FootGrounding,true,0.500703,false,-0.001895214,1,2.960454,0.04849684,-98088,-0.5253992,1.44,2.913499,0,1,0,0.00267756,0,0.00267756,0,-0.5253992,1.501119,2.913499,-0.5340226,1.442229,2.968676,-0.5309687,1.391503,2.905683,0.002228856,-0.04849684,0.04849684,1,1,1,1,0.1926234,0.1551006,0.1069292,0,0.1069292,0.3040358,0.1551006,true,0,1,0,5.598938E-33,0.9994325,-0.03368448,-2.743717E-31,0.3503127,1.115513,0,1,0,true,0.1406199,0.2537421,-0.2041119,0.1406199,0.2537421,-0.2041119,0.1406199,0.2537421,-0.2041119,0.1406199,0.2537421,-0.2041121,1.228781E-07,0
832,533,832,1,833,0,833,false,rootmotion.finalik.full-body-biped-ik/indexed-pose-backend,None,true,true,1,lyra-5.7/ABP_Mannequin_Base/CR_Mannequin_FootPlant,unreal-engine-5.7/SpringInterpV2/FMath.SpringDamper,corin.animation-rig,87731f0d0ca14844bbf861368b9847b3,corin.foot-placement,6d6118d2f41a5948ddd18dc6d88083c8c5bf77a4682a4ec3fce5d2ec6af01624,c7fd2c730a70465e6baa0d7496f46c9d49c4cc944fadbd61ecba1116729d5817,Corin.FootPlacementRig,2997edf1c34f13f7e2a3033372226eb399379f30c4303fddfe3e97ec1e4bf38d,0,-288406,-0.03997731,0.03809131,0.03809131,-0.7299293,-0.03997731,true,0,0.03809131,0,1,PelvisPreSolveTranslation,FootGrounding,ModifierNotCompiled,-1,-1,-1,0,,,true,-98078,Sphere,CurrentGrounding,0,-0.3499703,1.822045,2.407039,0,0,0,0,-1,0,0.05,1,4608,0.5735765,-0.3499703,1.2,2.407039,-0.3499703,1.2,2.407039,0,1,0,0.5720454,Swing,None,false,0,0,0,0,0,0,1,0,0,0,0,0,0,1,0,false,false,false,ModifierNotCompiled,0,0,0,0,0,0,0,0,ModifierNotCompiled,0,0,0,0,FootPlacementEffectorTarget,FootGrounding,true,1,false,0.001287331,1,0.8059502,0.06135619,-98078,-0.3499703,1.2,2.407039,0,1,0,0,0,0,0,-0.3499703,1.342463,2.407039,-0.3538566,1.261356,2.409599,-0.365238,1.259703,2.337552,0.06135619,0.05970347,0,1,1,1,1,-0.03997731,-0.07806862,-0.01767321,0,-0.01767321,-0.6208578,-0.07806862,true,0,1,0,1.803279E-07,0.9998561,-0.01696044,-4.905934E-06,0.1034747,0.535781,0,1,0,true,-0.05052972,0.1024861,0.2813708,-0.05052972,0.1024861,0.2813708,-0.05052972,0.1024861,0.2813708,-0.05052973,0.1024862,0.2813707,1.075184E-07,0,true,-98088,Sphere,CurrentGrounding,1,-0.5249729,1.847389,2.903113,0,0,0,0,-1,0,0.05,1,4608,0.5735765,-0.5249729,1.44,2.903113,-0.5249729,1.44,2.903113,0,1,0,0.3573888,Swing,None,false,0,0,0,0,0,0,1,0,0,0,0,0,0,1,0,false,false,false,ModifierNotCompiled,0,0,0,0,0,0,0,0,ModifierNotCompiled,0,0,0,0,FootPlacementEffectorTarget,FootGrounding,true,0.5006405,false,-0.001389452,1,3.014192,0.05633724,-98088,-0.5249729,1.44,2.903113,0,1,0,0.002105474,0,0.002105474,0,-0.5249729,1.493377,2.903113,-0.5339663,1.436119,2.959924,-0.5313473,1.383663,2.898354,-0.003881097,-0.05633724,0.05633724,1,1,1,1,0.2000228,0.164037,0.107897,0,0.107897,0.3694856,0.164037,true,0,1,0,4.874791E-33,0.9995307,-0.0306313,-2.390971E-31,0.3261658,1.038029,0,1,0,true,0.139033,0.2533997,-0.2093236,0.139033,0.2533997,-0.2093236,0.139033,0.2533997,-0.2093236,0.139033,0.2533997,-0.2093236,5.37269E-08,0
833,534,833,1,834,0,834,false,rootmotion.finalik.full-body-biped-ik/indexed-pose-backend,None,true,true,1,lyra-5.7/ABP_Mannequin_Base/CR_Mannequin_FootPlant,unreal-engine-5.7/SpringInterpV2/FMath.SpringDamper,corin.animation-rig,87731f0d0ca14844bbf861368b9847b3,corin.foot-placement,6d6118d2f41a5948ddd18dc6d88083c8c5bf77a4682a4ec3fce5d2ec6af01624,c7fd2c730a70465e6baa0d7496f46c9d49c4cc944fadbd61ecba1116729d5817,Corin.FootPlacementRig,2997edf1c34f13f7e2a3033372226eb399379f30c4303fddfe3e97ec1e4bf38d,0,-288406,-0.02773249,0.03497937,0.03497937,-0.6277707,-0.02773249,true,0,0.03497937,0,1,PelvisPreSolveTranslation,FootGrounding,ModifierNotCompiled,-1,-1,-1,0,,,true,-98078,Sphere,CurrentGrounding,0,-0.3490164,1.809309,2.395368,0,0,0,0,-1,0,0.05,1,4608,0.5735765,-0.3490164,1.2,2.395368,-0.3490164,1.2,2.395368,0,1,0,0.5593096,Swing,None,false,0,0,0,0,0,0,1,0,0,0,0,0,0,1,0,false,false,false,ModifierNotCompiled,0,0,0,0,0,0,0,0,ModifierNotCompiled,0,0,0,0,FootPlacementEffectorTarget,FootGrounding,true,1,false,0.001729645,1,1.502003,0.04295588,-98078,-0.3490164,1.2,2.395368,0,1,0,0,0,0,0,-0.3490164,1.324075,2.395368,-0.3533483,1.242956,2.396347,-0.3645806,1.242761,2.324247,0.04295588,0.04276097,0,1,1,1,1,-0.02773249,-0.06271186,-0.02021387,0,-0.02021387,-0.4935451,-0.06271186,true,0,1,0,1.581953E-07,0.9998933,-0.01460709,-4.651904E-06,0.08964506,0.4829321,0,1,0,true,-0.0496375,0.09634256,0.2686471,-0.0496375,0.09634256,0.2686471,-0.0496375,0.09634256,0.2686471,-0.04963753,0.09634253,0.2686471,4.214685E-08,0,true,-98088,Sphere,CurrentGrounding,1,-0.5231717,1.836602,2.887227,0,0,0,0,-1,0,0.05,1,4608,0.5735765,-0.5231717,1.44,2.887227,-0.5231717,1.44,2.887227,0,1,0,0.3466024,Swing,None,false,0,0,0,0,0,0,1,0,0,0,0,0,0,1,0,false,false,false,ModifierNotCompiled,0,0,0,0,0,0,0,0,ModifierNotCompiled,0,0,0,0,FootPlacementEffectorTarget,FootGrounding,true,0.500537,false,-0.0005526687,1,3.105371,0.06830382,-98088,-0.5231717,1.44,2.887227,0,1,0,0.0008766651,0,0.0008766651,0,-0.5231717,1.481469,2.887227,-0.5326569,1.427052,2.946687,-0.5308275,1.371696,2.887669,-0.01294851,-0.06830382,0.06830382,1,1,1,1,0.2122676,0.1781649,0.1098869,0,0.1098869,0.4755037,0.1781649,true,0,1,0,3.878395E-33,0.99966,-0.02607642,-1.904824E-31,0.2872264,0.9133772,0,1,0,true,0.1359235,0.2537363,-0.2190233,0.1359235,0.2537363,-0.2190233,0.1359235,0.2537363,-0.2190233,0.1359234,0.2537363,-0.2190233,9.657056E-08,0
834,535,834,1,835,0,835,false,rootmotion.finalik.full-body-biped-ik/indexed-pose-backend,None,true,true,1,lyra-5.7/ABP_Mannequin_Base/CR_Mannequin_FootPlant,unreal-engine-5.7/SpringInterpV2/FMath.SpringDamper,corin.animation-rig,87731f0d0ca14844bbf861368b9847b3,corin.foot-placement,6d6118d2f41a5948ddd18dc6d88083c8c5bf77a4682a4ec3fce5d2ec6af01624,c7fd2c730a70465e6baa0d7496f46c9d49c4cc944fadbd61ecba1116729d5817,Corin.FootPlacementRig,2997edf1c34f13f7e2a3033372226eb399379f30c4303fddfe3e97ec1e4bf38d,0,-288406,-0.01390779,0.03204554,0.03204554,-0.5089701,-0.01390779,true,0,0.03204554,0,1,PelvisPreSolveTranslation,FootGrounding,ModifierNotCompiled,-1,-1,-1,0,,,true,-98078,Sphere,CurrentGrounding,0,-0.3473828,1.796795,2.389008,0,0,0,0,-1,0,0.05,1,4608,0.5735765,-0.3473828,1.2,2.389008,-0.3473828,1.2,2.389008,0,1,0,0.5467952,Swing,None,false,0,0,0,0,0,0,1,0,0,0,0,0,0,1,0,false,false,false,ModifierNotCompiled,0,0,0,0,0,0,0,0,ModifierNotCompiled,0,0,0,0,FootPlacementEffectorTarget,FootGrounding,true,1,false,0.002229033,1,2.521631,0.02623403,-98078,-0.3473828,1.2,2.389008,0,1,0,0,0,0,0,-0.3473828,1.306463,2.389008,-0.3519783,1.225353,2.388798,-0.3628895,1.226234,2.316637,0.02535319,0.02623403,0,1,1,1,1,-0.01390779,-0.04595333,-0.02237716,0,-0.02237716,-0.3510786,-0.04595333,true,0,1,0,1.34991E-07,0.999925,-0.01225076,-4.243697E-06,0.07560802,0.4222681,0,1,0,true,-0.0492687,0.09255576,0.2474558,-0.0492687,0.09255576,0.2474558,-0.0492687,0.09255576,0.2474558,-0.04926867,0.09255591,0.2474557,1.63234E-07,0,true,-98088,Sphere,CurrentGrounding,1,-0.520648,1.824381,2.870504,0,0,0,0,-1,0,0.05,1,4608,0.5735765,-0.520648,1.44,2.870504,-0.520648,1.44,2.870504,0,1,0,0.3343809,Swing,None,false,0,0,0,0,0,0,1,0,0,0,0,0,0,1,0,false,false,false,ModifierNotCompiled,0,0,0,0,0,0,0,0,ModifierNotCompiled,0,0,0,0,FootPlacementEffectorTarget,FootGrounding,true,0.5004201,false,0.0003920877,1,3.211449,0.08049881,-98088,-0.520648,1.44,2.870504,0,1,0,0,0,0,0,-0.520648,1.469143,2.870504,-0.5306621,1.418083,2.932789,-0.5296743,1.359501,2.8769,-0.0219171,-0.08049881,0.08049881,1,1,1,1,0.2260923,0.1940468,0.1127168,0,0.1127168,0.5936641,0.1940468,true,0,1,0,2.996665E-33,0.9997661,-0.02162534,-1.473756E-31,0.2459611,0.7815847,0,1,0,true,0.1318038,0.2552354,-0.2311593,0.1318038,0.2552354,-0.2311593,0.1318038,0.2552354,-0.2311593,0.1318038,0.2552355,-0.2311594,1.273156E-07,0
835,536,835,1,836,0,836,false,rootmotion.finalik.full-body-biped-ik/indexed-pose-backend,None,true,true,1,lyra-5.7/ABP_Mannequin_Base/CR_Mannequin_FootPlant,unreal-engine-5.7/SpringInterpV2/FMath.SpringDamper,corin.animation-rig,87731f0d0ca14844bbf861368b9847b3,corin.foot-placement,6d6118d2f41a5948ddd18dc6d88083c8c5bf77a4682a4ec3fce5d2ec6af01624,c7fd2c730a70465e6baa0d7496f46c9d49c4cc944fadbd61ecba1116729d5817,Corin.FootPlacementRig,2997edf1c34f13f7e2a3033372226eb399379f30c4303fddfe3e97ec1e4bf38d,0,-288406,0.003721476,0.02922458,0.02922458,-0.3528193,0.003721476,true,0,0.02922458,0,1,PelvisPreSolveTranslation,FootGrounding,ModifierNotCompiled,-1,-1,-1,0,,,true,-98078,Sphere,CurrentGrounding,0,-0.3473108,1.781066,2.378567,0,0,0,0,-1,0,0.05,1,4608,0.5735765,-0.3473108,1.2,2.378567,-0.3473108,1.2,2.378567,0,1,0,0.5310658,Swing,None,false,0,0,0,0,0,0,1,0,0,0,0,0,0,1,0,false,false,false,ModifierNotCompiled,0,0,0,0,0,0,0,0,ModifierNotCompiled,0,0,0,0,FootPlacementEffectorTarget,FootGrounding,true,1,false,0.002865855,1,3.148388,0.007088661,-98078,-0.3473108,1.2,2.378567,0,1,0,0,0,0,0,-0.3473108,1.286225,2.378567,-0.3521497,1.205141,2.377175,-0.3627269,1.207089,2.304956,0.005140781,0.007088661,0,1,1,1,1,0.003721476,-0.0255031,-0.02406505,0,-0.02406505,-0.17231,-0.0255031,true,0,1,0,1.088068E-07,0.999953,-0.009698065,-3.64706E-06,0.06020993,0.3487693,0,1,0,true,-0.04774249,0.08994675,0.2226997,-0.04774249,0.08994675,0.2226997,-0.04774249,0.08994675,0.2226997,-0.04774254,0.08994666,0.2226997,1.045739E-07,0,true,-98088,Sphere,CurrentGrounding,1,-0.5165999,1.808097,2.850315,0,0,0,0,-1,0,0.05,1,4608,0.5735765,-0.5165999,1.44,2.850315,-0.5165999,1.44,2.850315,0,1,0,0.3180966,Swing,None,false,0,0,0,0,0,0,1,0,0,0,0,0,0,1,0,false,false,false,ModifierNotCompiled,0,0,0,0,0,0,0,0,ModifierNotCompiled,0,0,0,0,FootPlacementEffectorTarget,FootGrounding,true,0.5002711,false,0.001596849,1,3.219097,0.09459472,-98088,-0.5165999,1.44,2.850315,0,1,0,0,0,0,0,-0.5165999,1.454538,2.850315,-0.5271671,1.407822,2.915834,-0.5272949,1.345405,2.864157,-0.03217769,-0.09459472,0.09459472,1,1,1,1,0.2437215,0.2144969,0.117217,0,0.117217,0.7447795,0.2144969,true,0,1,0,2.157518E-33,0.9998569,-0.01691381,-1.062617E-31,0.1989695,0.6317925,0,1,0,true,0.1259014,0.2582597,-0.2474627,0.1259014,0.2582597,-0.2474627,0.1259014,0.2582597,-0.2474627,0.1259014,0.2582597,-0.2474626,3.332001E-08,0
836,537,836,1,837,0,837,false,rootmotion.finalik.full-body-biped-ik/indexed-pose-backend,None,true,true,1,lyra-5.7/ABP_Mannequin_Base/CR_Mannequin_FootPlant,unreal-engine-5.7/SpringInterpV2/FMath.SpringDamper,corin.animation-rig,87731f0d0ca14844bbf861368b9847b3,corin.foot-placement,6d6118d2f41a5948ddd18dc6d88083c8c5bf77a4682a4ec3fce5d2ec6af01624,c7fd2c730a70465e6baa0d7496f46c9d49c4cc944fadbd61ecba1116729d5817,Corin.FootPlacementRig,2997edf1c34f13f7e2a3033372226eb399379f30c4303fddfe3e97ec1e4bf38d,0,-288406,0.01918805,0.02760026,0.02760026,-0.2170709,0.01918805,true,0,0.02760026,0,1,PelvisPreSolveTranslation,FootGrounding,ModifierNotCompiled,-1,-1,-1,0,,,true,-98078,Sphere,CurrentGrounding,0,-0.3512719,1.766001,2.366854,0,0,0,0,-1,0,0.05,1,4608,0.5735765,-0.3512719,1.2,2.366854,-0.3512719,1.2,2.366854,0,1,0,0.5160013,Swing,None,false,0,0,0,0,0,0,1,0,0,0,0,0,0,1,0,false,false,false,ModifierNotCompiled,0,0,0,0,0,0,0,0,ModifierNotCompiled,0,0,0,0,FootPlacementEffectorTarget,FootGrounding,true,1,false,0.003424664,1,3.381972,0.0120585,-98078,-0.3512719,1.2,2.366854,0,1,0,0,0,0,0,-0.3512719,1.269006,2.366854,-0.3562586,1.187941,2.364937,-0.3673527,1.190407,2.292782,-0.0120585,-0.009592891,0.0120585,1,1,1,1,0.01918805,-0.008412218,-0.02459538,0,-0.02459538,-0.0244726,-0.008412218,true,0,1,0,8.913848E-08,0.9999692,-0.007842143,-3.119968E-06,0.04889862,0.2906307,0,1,0,true,-0.04543843,0.08819437,0.2030264,-0.04543843,0.08819437,0.2030264,-0.04543843,0.08819437,0.2030264,-0.04543842,0.0881944,0.2030264,4.60793E-08,0,true,-98088,Sphere,CurrentGrounding,1,-0.5103066,1.792748,2.833872,0,0,0,0,-1,0,0.05,1,4608,0.5735765,-0.5103066,1.44,2.833872,-0.5103066,1.44,2.833872,0,1,0,0.3027484,Swing,None,false,0,0,0,0,0,0,1,0,0,0,0,0,0,1,0,false,false,false,ModifierNotCompiled,0,0,0,0,0,0,0,0,ModifierNotCompiled,0,0,0,0,FootPlacementEffectorTarget,FootGrounding,true,0.5001404,false,0.002654021,1,3.170281,0.1060778,-98088,-0.5103066,1.44,2.833872,0,1,0,0,0,0,0,-0.5103066,1.442307,2.833872,-0.5206027,1.399293,2.901921,-0.5222335,1.333922,2.853975,-0.04070747,-0.1060778,0.1060778,1,1,1,1,0.2591882,0.2315879,0.1219581,0,0.1219581,0.8651747,0.2315879,true,0,1,0,1.617379E-33,0.9999081,-0.01355531,-7.974403E-32,0.1634217,0.5186446,0,1,0,true,0.1204074,0.261495,-0.2616171,0.1204074,0.261495,-0.2616171,0.1204074,0.261495,-0.2616171,0.1204074,0.261495,-0.2616172,1.491978E-07,0
837,538,837,1,838,0,838,false,rootmotion.finalik.full-body-biped-ik/indexed-pose-backend,None,true,true,1,lyra-5.7/ABP_Mannequin_Base/CR_Mannequin_FootPlant,unreal-engine-5.7/SpringInterpV2/FMath.SpringDamper,corin.animation-rig,87731f0d0ca14844bbf861368b9847b3,corin.foot-placement,6d6118d2f41a5948ddd18dc6d88083c8c5bf77a4682a4ec3fce5d2ec6af01624,c7fd2c730a70465e6baa0d7496f46c9d49c4cc944fadbd61ecba1116729d5817,Corin.FootPlacementRig,2997edf1c34f13f7e2a3033372226eb399379f30c4303fddfe3e97ec1e4bf38d,0,-288406,0.02945828,0.026955,0.026955,-0.1295222,0.02945828,true,0,0.026955,0,1,PelvisPreSolveTranslation,FootGrounding,ModifierNotCompiled,-1,-1,-1,0,,,true,-98078,Sphere,CurrentGrounding,0,-0.3539605,1.755708,2.359682,0,0,0,0,-1,0,0.05,1,4608,0.5735765,-0.3539605,1.2,2.359682,-0.3539605,1.2,2.359682,0,1,0,0.5057079,Swing,None,false,0,0,0,0,0,0,1,0,0,0,0,0,0,1,0,false,false,false,ModifierNotCompiled,0,0,0,0,0,0,0,0,ModifierNotCompiled,0,0,0,0,FootPlacementEffectorTarget,FootGrounding,true,1,false,0.00379573,1,3.53738,0.0228821,-98078,-0.3539605,1.2,2.359682,0,1,0,0,0,0,0,-0.3539605,1.25818,2.359682,-0.3589697,1.177118,2.357728,-0.3703952,1.17964,2.285605,-0.0228821,-0.02035964,0.0228821,1,1,1,1,0.02945828,0.002503283,-0.02448252,0,-0.02448252,0.06714264,0.002503283,true,0,1,0,7.772782E-08,0.999977,-0.006786974,-2.786506E-06,0.04242572,0.2558738,0,1,0,true,-0.04372323,0.08763874,0.1893763,-0.04372323,0.08763874,0.1893763,-0.04372323,0.08763874,0.1893763,-0.04372323,0.08763868,0.1893764,8.42937E-08,0,true,-98088,Sphere,CurrentGrounding,1,-0.5059857,1.782164,2.822576,0,0,0,0,-1,0,0.05,1,4608,0.5735765,-0.5059857,1.44,2.822576,-0.5059857,1.44,2.822576,0,1,0,0.2921644,Swing,None,false,0,0,0,0,0,0,1,0,0,0,0,0,0,1,0,false,false,false,ModifierNotCompiled,0,0,0,0,0,0,0,0,ModifierNotCompiled,0,0,0,0,FootPlacementEffectorTarget,FootGrounding,true,0.5000536,false,0.003356014,1,3.138742,0.1131314,-98088,-0.5059857,1.44,2.822576,0,1,0,0,0,0,0,-0.5059857,1.434605,2.822576,-0.516082,1.393988,2.89211,-0.5186653,1.326869,2.846646,-0.04601216,-0.1131314,0.1131314,1,1,1,1,0.2694585,0.2425035,0.1254859,0,0.1254859,0.9372492,0.2425035,true,0,1,0,1.335556E-33,0.9999319,-0.01167014,-6.588923E-32,0.1427103,0.4527788,0,1,0,true,0.1166962,0.2640637,-0.2706764,0.1166962,0.2640637,-0.2706764,0.1166962,0.2640637,-0.2706764,0.1166962,0.2640638,-0.2706765,9.453727E-08,0
838,539,838,1,839,0,839,false,rootmotion.finalik.full-body-biped-ik/indexed-pose-backend,None,true,true,1,lyra-5.7/ABP_Mannequin_Base/CR_Mannequin_FootPlant,unreal-engine-5.7/SpringInterpV2/FMath.SpringDamper,corin.animation-rig,87731f0d0ca14844bbf861368b9847b3,corin.foot-placement,6d6118d2f41a5948ddd18dc6d88083c8c5bf77a4682a4ec3fce5d2ec6af01624,c7fd2c730a70465e6baa0d7496f46c9d49c4cc944fadbd61ecba1116729d5817,Corin.FootPlacementRig,2997edf1c34f13f7e2a3033372226eb399379f30c4303fddfe3e97ec1e4bf38d,0,-288406,0.03984094,0.02664787,0.02664787,-0.04135948,0.03984094,true,0,0.02664787,0,1,PelvisPreSolveTranslation,FootGrounding,ModifierNotCompiled,-1,-1,-1,0,,,true,-98078,Sphere,CurrentGrounding,0,-0.3566902,1.745157,2.352763,0,0,0,0,-1,0,0.05,1,4608,0.5735765,-0.3566902,1.2,2.352763,-0.3566902,1.2,2.352763,0,1,0,0.4951574,Swing,None,false,0,0,0,0,0,0,1,0,0,0,0,0,0,1,0,false,false,false,ModifierNotCompiled,0,0,0,0,0,0,0,0,ModifierNotCompiled,0,0,0,0,FootPlacementEffectorTarget,FootGrounding,true,1,false,0.003897562,1,3.640741,0.03327692,-98078,-0.3566902,1.2,2.352763,0,1,0,0,0,0,0,-0.3566902,1.247791,2.352763,-0.3616672,1.166723,2.350968,-0.3734236,1.169121,2.27887,-0.03327692,-0.03087902,0.03327692,1,1,1,1,0.03984094,0.01319307,-0.02401393,0,-0.02401393,0.1564866,0.01319307,true,0,1,0,6.746756E-08,0.9999829,-0.005850817,-2.470433E-06,0.0366577,0.2240181,0,1,0,true,-0.04187192,0.0876323,0.1752608,-0.04187192,0.0876323,0.1752608,-0.04187192,0.0876323,0.1752608,-0.04187189,0.08763233,0.1752607,7.300049E-08,0,true,-98088,Sphere,CurrentGrounding,1,-0.5015738,1.771295,2.810707,0,0,0,0,-1,0,0.05,1,4608,0.5735765,-0.5015738,1.44,2.810707,-0.5015738,1.44,2.810707,0,1,0,0.2812946,Swing,None,false,0,0,0,0,0,0,1,0,0,0,0,0,0,1,0,false,false,false,ModifierNotCompiled,0,0,0,0,0,0,0,0,ModifierNotCompiled,0,0,0,0,FootPlacementEffectorTarget,FootGrounding,true,0.4538709,false,0.004270487,1,3.077268,0.1196821,-98088,-0.5015738,1.44,2.810707,0,1,0,0,0,0,0,-0.5015738,1.42727,2.810707,-0.5114489,1.38905,2.88162,-0.5149758,1.320318,2.838669,-0.05094993,-0.1196821,0.1196821,1,1,1,1,0.2798411,0.2531932,0.1293274,0,0.1293274,1.006038,0.2531932,true,0,1,0,1.100614E-33,0.9999499,-0.01001211,-5.432818E-32,0.1240351,0.3934224,0,1,0,true,0.1129584,0.2671109,-0.2794161,0.1129584,0.2671109,-0.2794161,0.1129584,0.2671109,-0.2794161,0.1129584,0.267111,-0.2794162,1.273156E-07,0
839,540,839,1,840,0,840,false,rootmotion.finalik.full-body-biped-ik/indexed-pose-backend,None,true,true,1,lyra-5.7/ABP_Mannequin_Base/CR_Mannequin_FootPlant,unreal-engine-5.7/SpringInterpV2/FMath.SpringDamper,corin.animation-rig,87731f0d0ca14844bbf861368b9847b3,corin.foot-placement,6d6118d2f41a5948ddd18dc6d88083c8c5bf77a4682a4ec3fce5d2ec6af01624,c7fd2c730a70465e6baa0d7496f46c9d49c4cc944fadbd61ecba1116729d5817,Corin.FootPlacementRig,2997edf1c34f13f7e2a3033372226eb399379f30c4303fddfe3e97ec1e4bf38d,0,-288406,0.05127263,0.02670912,0.02670912,0.0554365,0.05127263,true,0,0.02670912,0,1,PelvisPreSolveTranslation,FootGrounding,ModifierNotCompiled,-1,-1,-1,0,,,true,-98078,Sphere,CurrentGrounding,0,-0.3601632,1.733446,2.345328,0,0,0,0,-1,0,0.05,1,4608,0.5735765,-0.3601632,1.2,2.345328,-0.3601632,1.2,2.345328,0,1,0,0.4834464,Swing,None,false,0,0,0,0,0,0,1,0,0,0,0,0,0,1,0,false,false,false,ModifierNotCompiled,0,0,0,0,0,0,0,0,ModifierNotCompiled,0,0,0,0,FootPlacementEffectorTarget,FootGrounding,true,1,false,0.003538203,1,3.661755,0.04402685,-98078,-0.3601632,1.2,2.345328,0,1,0,0,0,0,0,-0.3601632,1.237054,2.345328,-0.3650513,1.155973,2.343884,-0.3772624,1.158073,2.271826,-0.04402685,-0.04192674,0.04402685,1,1,1,1,0.05127263,0.02456351,-0.02310163,0,-0.02310163,0.2512127,0.02456351,true,0,1,0,5.754446E-08,0.9999877,-0.004956441,-2.150585E-06,0.03112488,0.1926831,0,1,0,true,-0.03973251,0.08832645,0.1595088,-0.03973251,0.08832645,0.1595088,-0.03973251,0.08832645,0.1595088,-0.03973255,0.08832636,0.1595088,9.835048E-08,0,true,-98088,Sphere,CurrentGrounding,1,-0.4966242,1.759343,2.79724,0,0,0,0,-1,0,0.05,1,4608,0.5735765,-0.4966242,1.44,2.79724,-0.4966242,1.44,2.79724,0,1,0,0.2693427,Swing,None,false,0,0,0,0,0,0,1,0,0,0,0,0,0,1,0,false,false,false,ModifierNotCompiled,0,0,0,0,0,0,0,0,ModifierNotCompiled,0,0,0,0,FootPlacementEffectorTarget,FootGrounding,true,0.3234699,false,0.005631142,1,2.961919,0.1260188,-98088,-0.4966242,1.44,2.79724,0,1,0,0,0,0,0,-0.4966242,1.41991,2.79724,-0.5061307,1.384336,2.869565,-0.5107362,1.313981,2.829422,-0.05566418,-0.1260188,0.1260188,1,1,1,1,0.2912725,0.2645634,0.1338582,0,0.1338582,1.077401,0.2645634,true,0,1,0,8.894864E-34,0.9999644,-0.008440888,-4.392975E-32,0.1059283,0.3359021,0,1,0,true,0.1089041,0.2711824,-0.288546,0.1089041,0.2711824,-0.288546,0.1089041,0.2711824,-0.288546,0.1089042,0.2711824,-0.288546,6.705523E-08,0
840,541,840,1,841,0,841,false,rootmotion.finalik.full-body-biped-ik/indexed-pose-backend,None,true,true,1,lyra-5.7/ABP_Mannequin_Base/CR_Mannequin_FootPlant,unreal-engine-5.7/SpringInterpV2/FMath.SpringDamper,corin.animation-rig,87731f0d0ca14844bbf861368b9847b3,corin.foot-placement,6d6118d2f41a5948ddd18dc6d88083c8c5bf77a4682a4ec3fce5d2ec6af01624,c7fd2c730a70465e6baa0d7496f46c9d49c4cc944fadbd61ecba1116729d5817,Corin.FootPlacementRig,2997edf1c34f13f7e2a3033372226eb399379f30c4303fddfe3e97ec1e4bf38d,0,-288406,0.07686365,0.0284115,0.0284115,0.2809109,0.07686365,true,0,0.0284115,0,1,PelvisPreSolveTranslation,FootGrounding,ModifierNotCompiled,-1,-1,-1,0,,,true,-98078,Sphere,CurrentGrounding,0,-0.368629,1.707126,2.328571,0,0,0,0,-1,0,0.05,1,4608,0.5735765,-0.368629,1.2,2.328571,-0.368629,1.2,2.328571,0,1,0,0.4571263,Swing,None,false,0,0,0,0,0,0,1,0,0,0,0,0,0,1,0,false,false,false,ModifierNotCompiled,0,0,0,0,0,0,0,0,ModifierNotCompiled,0,0,0,0,FootPlacementEffectorTarget,FootGrounding,true,1,false,0.002733401,1,3.709793,0.06518042,-98078,-0.368629,1.2,2.328571,0,1,0,0,0,0,0,-0.368629,1.215933,2.328571,-0.3731532,1.134819,2.328264,-0.3866057,1.135924,2.256348,-0.06518042,-0.06407559,0.06518042,1,1,1,1,0.07686365,0.04845215,-0.01960423,0,-0.01960423,0.4582374,0.04845215,true,0,1,0,3.988925E-08,0.9999943,-0.00339158,-1.547542E-06,0.02139015,0.1356703,0,1,0,true,-0.03477458,0.09279728,0.1243477,-0.03477458,0.09279728,0.1243477,-0.03477458,0.09279728,0.1243477,-0.03477448,0.09279725,0.1243477,1.003065E-07,0,true,-98088,Sphere,CurrentGrounding,1,-0.4848986,1.734648,2.766635,0,0,0,0,-1,0,0.05,1,4608,0.5735765,-0.4848986,1.44,2.766635,-0.4848986,1.44,2.766635,0,1,0,0.2446478,Swing,None,false,0,0,0,0,0,0,1,0,0,0,0,0,0,1,0,false,false,false,ModifierNotCompiled,0,0,0,0,0,0,0,0,ModifierNotCompiled,0,0,0,0,FootPlacementEffectorTarget,FootGrounding,true,0.03143054,false,0.008678398,1,2.730867,0.1348656,-98088,-0.4848986,1.44,2.766635,0,1,0,0,0,0,0,-0.4848986,1.408114,2.766635,-0.4930663,1.378696,2.841833,-0.5000401,1.305134,2.808399,-0.06130385,-0.1348656,0.1348656,1,1,1,1,0.3168638,0.2884523,0.1450549,0,0.1450549,1.230568,0.2884523,true,0,1,0,5.523786E-34,0.9999837,-0.005722753,-2.730652E-32,0.07360452,0.2332884,0,1,0,true,0.09981351,0.284978,-0.3084401,0.09981351,0.284978,-0.3084401,0.09981351,0.284978,-0.3084401,0.09981357,0.2849781,-0.3084402,8.462233E-08,0
841,542,841,1,842,0,842,false,rootmotion.finalik.full-body-biped-ik/indexed-pose-backend,None,true,true,1,lyra-5.7/ABP_Mannequin_Base/CR_Mannequin_FootPlant,unreal-engine-5.7/SpringInterpV2/FMath.SpringDamper,corin.animation-rig,87731f0d0ca14844bbf861368b9847b3,corin.foot-placement,6d6118d2f41a5948ddd18dc6d88083c8c5bf77a4682a4ec3fce5d2ec6af01624,c7fd2c730a70465e6baa0d7496f46c9d49c4cc944fadbd61ecba1116729d5817,Corin.FootPlacementRig,2997edf1c34f13f7e2a3033372226eb399379f30c4303fddfe3e97ec1e4bf38d,0,-288406,0.09529388,0.0309356,0.0309356,0.4307664,0.09529388,true,0,0.0309356,0,1,PelvisPreSolveTranslation,FootGrounding,ModifierNotCompiled,-1,-1,-1,0,,,true,-98078,Sphere,CurrentGrounding,0,-0.3741586,1.68816,2.315731,0,0,0,0,-1,0,0.05,1,4608,0.5735765,-0.3741586,1.2,2.315731,-0.3741586,1.2,2.315731,0,1,0,0.4381603,Swing,None,false,0,0,0,0,0,0,1,0,0,0,0,0,0,1,0,false,false,false,ModifierNotCompiled,0,0,0,0,0,0,0,0,ModifierNotCompiled,0,0,0,0,FootPlacementEffectorTarget,FootGrounding,true,1,false,0.002153657,1,3.67156,0.0779705,-98078,-0.3741586,1.2,2.315731,0,1,0,0,0,0,0,-0.3741586,1.203161,2.315731,-0.3783305,1.122029,2.316247,-0.3925986,1.122391,2.244442,-0.0779705,-0.07760859,0.0779705,1,1,1,1,0.09529388,0.06435828,-0.01593456,0,-0.01593456,0.5844255,0.06435828,true,0,1,0,3.040329E-08,0.9999967,-0.002565034,-1.205222E-06,0.01621885,0.1043582,0,1,0,true,-0.03128516,0.09845519,0.09989756,-0.03128516,0.09845519,0.09989756,-0.03128516,0.09845519,0.09989756,-0.03128513,0.09845522,0.09989747,9.002571E-08,0,true,-98088,Sphere,CurrentGrounding,1,-0.4765668,1.719364,2.743104,0,0,0,0,-1,0,0.05,1,4608,0.5735765,-0.4765668,1.44,2.743104,-0.4765668,1.44,2.743104,0,1,0,0.2293644,Swing,None,false,0,0,0,0,0,0,1,0,0,0,0,0,0,1,0,false,false,false,ModifierNotCompiled,0,0,0,0,0,0,0,0,ModifierNotCompiled,0,0,0,0,FootPlacementEffectorTarget,FootGrounding,true,0,false,0.01577188,1,2.389465,0.1358861,-98088,-0.4765668,1.44,2.743104,0,1,0,0,0,0,0,-0.4765668,1.404254,2.743104,-0.4835327,1.379613,2.820118,-0.4919569,1.304114,2.791826,-0.06038702,-0.1358861,0.1358861,1,1,1,1,0.3352938,0.3043582,0.1539541,0,0.1539541,1.317068,0.3043582,true,0,1,0,3.919908E-34,0.9999908,-0.00430393,-1.938785E-32,0.05617994,0.1780088,0,1,0,true,0.09324943,0.2995479,-0.3215607,0.09324943,0.2995479,-0.3215607,0.09324943,0.2995479,-0.3215607,0.09324949,0.299548,-0.3215607,1.266599E-07,0
842,543,842,1,843,0,843,false,rootmotion.finalik.full-body-biped-ik/indexed-pose-backend,None,true,true,1,lyra-5.7/ABP_Mannequin_Base/CR_Mannequin_FootPlant,unreal-engine-5.7/SpringInterpV2/FMath.SpringDamper,corin.animation-rig,87731f0d0ca14844bbf861368b9847b3,corin.foot-placement,6d6118d2f41a5948ddd18dc6d88083c8c5bf77a4682a4ec3fce5d2ec6af01624,c7fd2c730a70465e6baa0d7496f46c9d49c4cc944fadbd61ecba1116729d5817,Corin.FootPlacementRig,2997edf1c34f13f7e2a3033372226eb399379f30c4303fddfe3e97ec1e4bf38d,0,-288406,0.1250269,0.03722314,0.03722314,0.6722452,0.1250269,true,0,0.03722314,0,1,PelvisPreSolveTranslation,FootGrounding,ModifierNotCompiled,-1,-1,-1,0,,,true,-98078,Sphere,CurrentGrounding,0,-0.3822939,1.657561,2.294522,0,0,0,0,-1,0,0.05,1,4608,0.5735765,-0.3822939,1.2,2.294522,-0.3822939,1.2,2.294522,0,1,0,0.4075612,Swing,None,false,0,0,0,0,0,0,1,0,0,0,0,0,0,1,0,false,false,false,ModifierNotCompiled,0,0,0,0,0,0,0,0,ModifierNotCompiled,0,0,0,0,FootPlacementEffectorTarget,FootGrounding,true,1,false,0.001217731,1,3.594554,0.09531546,-98078,-0.3822939,1.2,2.294522,0,1,0,0,0,0,0,-0.3822939,1.186512,2.294522,-0.3859255,1.105369,2.296169,-0.401149,1.104684,2.224513,-0.0946306,-0.09531546,0.09531546,1,1,1,1,0.1250269,0.0878038,-0.008272093,0,-0.008272093,0.7676938,0.0878038,true,0,1,0,1.939232E-08,0.9999987,-0.00161901,-7.906397E-07,0.01027261,0.06737337,0,1,0,true,-0.02609362,0.1115391,0.06110105,-0.02609362,0.1115391,0.06110105,-0.02609362,0.1115391,0.06110105,-0.02609361,0.1115391,0.06110103,2.107342E-08,0,true,-98088,Sphere,CurrentGrounding,1,-0.4663064,1.698341,2.697005,0,0,0,0,-1,0,0.05,1,4608,0.5735765,-0.4663064,1.44,2.697005,-0.4663064,1.44,2.697005,0,1,0,0.2083413,Swing,None,false,0,0,0,0,0,0,1,0,0,0,0,0,0,1,0,false,false,false,ModifierNotCompiled,0,0,0,0,0,0,0,0,ModifierNotCompiled,0,0,0,0,FootPlacementEffectorTarget,FootGrounding,true,0,false,0.0290368,1,2.034206,0.1293815,-98088,-0.4663064,1.44,2.697005,0,1,0,0,0,0,0,-0.4663064,1.405022,2.697005,-0.4712081,1.388512,2.776316,-0.4814878,1.310618,2.756541,-0.05148768,-0.1293815,0.1293815,1,1,1,1,0.3650268,0.3278037,0.1694575,0,0.1694575,1.436568,0.3278037,true,0,1,0,2.252966E-34,0.9999964,-0.002696005,-1.115011E-32,0.03590018,0.1137066,0,1,0,true,0.08392698,0.3300489,-0.3350627,0.08392698,0.3300489,-0.3350627,0.08392698,0.3300489,-0.3350627,0.08392699,0.330049,-0.3350628,1.084821E-07,0
843,544,843,1,844,0,844,false,rootmotion.finalik.full-body-biped-ik/indexed-pose-backend,None,true,true,1,lyra-5.7/ABP_Mannequin_Base/CR_Mannequin_FootPlant,unreal-engine-5.7/SpringInterpV2/FMath.SpringDamper,corin.animation-rig,87731f0d0ca14844bbf861368b9847b3,corin.foot-placement,6d6118d2f41a5948ddd18dc6d88083c8c5bf77a4682a4ec3fce5d2ec6af01624,c7fd2c730a70465e6baa0d7496f46c9d49c4cc944fadbd61ecba1116729d5817,Corin.FootPlacementRig,2997edf1c34f13f7e2a3033372226eb399379f30c4303fddfe3e97ec1e4bf38d,0,-288406,0.1398281,0.04131538,0.04131538,0.7762028,0.1398281,true,0,0.04131538,0,1,PelvisPreSolveTranslation,FootGrounding,ModifierNotCompiled,-1,-1,-1,0,,,true,-98078,Sphere,CurrentGrounding,0,-0.386112,1.642493,2.284041,0,0,0,0,-1,0,0.05,1,4608,0.5735765,-0.386112,1.2,2.284041,-0.386112,1.2,2.284041,0,1,0,0.3924931,Swing,None,false,0,0,0,0,0,0,1,0,0,0,0,0,0,1,0,false,false,false,ModifierNotCompiled,0,0,0,0,0,0,0,0,ModifierNotCompiled,0,0,0,0,FootPlacementEffectorTarget,FootGrounding,true,1,false,0.0007515568,1,3.60277,0.1020609,-98078,-0.386112,1.2,2.284041,0,1,0,0,0,0,0,-0.386112,1.180058,2.284041,-0.38957,1.098915,2.286007,-0.405261,1.097939,2.214438,-0.1010848,-0.1020609,0.1020609,1,1,1,1,0.1398281,0.09851271,-0.003750188,0,-0.003750188,0.8376979,0.09851271,true,0,1,0,1.543459E-08,0.9999992,-0.001282846,-6.366497E-07,0.008151357,0.05389549,0,1,0,true,-0.02365487,0.1198865,0.04171791,-0.02365487,0.1198865,0.04171791,-0.02365487,0.1198865,0.04171791,-0.02365489,0.1198866,0.04171792,6.463137E-08,0,true,-98088,Sphere,CurrentGrounding,1,-0.462667,1.688915,2.668002,0,0,0,0,-1,0,0.05,1,4608,0.5735765,-0.462667,1.44,2.695,-0.462667,1.44,2.695,0,0.8416916,-0.5399585,0.206831,Swing,None,false,0,0,0,0,0,0,1,0,0,0,0,0,0,1,0,false,false,false,ModifierNotCompiled,0,0,0,0,0,0,0,0,ModifierNotCompiled,0,0,0,0,FootPlacementEffectorTarget,FootGrounding,true,0,false,0.03929969,1,1.933147,0.1239737,-98088,-0.462667,1.44,2.695,0,0.8416916,-0.5399585,0,0,0,0,-0.462667,1.407863,2.668002,-0.4663613,1.396861,2.748327,-0.4774649,1.317873,2.734226,-0.06510386,-0.1239737,0.1239737,1,1,1,1,0.3798281,0.3385127,0.1776321,0,0.1776321,1.475166,0.3385127,true,0,0.8416916,-0.5399585,1.718506E-34,0.9998044,-0.01977802,-8.46491E-33,-1.654155,-5.648974,0,0.8416916,-0.5399585,true,0.08042105,0.3476912,-0.3357138,0.08042105,0.3476912,-0.3357138,0.08042105,0.3476912,-0.3357138,0.08042105,0.3476913,-0.3357138,1.228781E-07,0
844,545,844,1,845,0,845,false,rootmotion.finalik.full-body-biped-ik/indexed-pose-backend,None,true,true,1,lyra-5.7/ABP_Mannequin_Base/CR_Mannequin_FootPlant,unreal-engine-5.7/SpringInterpV2/FMath.SpringDamper,corin.animation-rig,87731f0d0ca14844bbf861368b9847b3,corin.foot-placement,6d6118d2f41a5948ddd18dc6d88083c8c5bf77a4682a4ec3fce5d2ec6af01624,c7fd2c730a70465e6baa0d7496f46c9d49c4cc944fadbd61ecba1116729d5817,Corin.FootPlacementRig,2997edf1c34f13f7e2a3033372226eb399379f30c4303fddfe3e97ec1e4bf38d,0,-288406,0.157689,0.04702091,0.04702091,0.8990565,0.157689,true,0,0.04702091,0,1,PelvisPreSolveTranslation,FootGrounding,ModifierNotCompiled,-1,-1,-1,0,,,true,-98078,Sphere,CurrentGrounding,0,-0.3909576,1.624384,2.271378,0,0,0,0,-1,0,0.05,1,4608,0.5735765,-0.3909576,1.2,2.271378,-0.3909576,1.2,2.271378,0,1,0,0.3743843,Swing,None,false,0,0,0,0,0,0,1,0,0,0,0,0,0,1,0,false,false,false,ModifierNotCompiled,0,0,0,0,0,0,0,0,ModifierNotCompiled,0,0,0,0,FootPlacementEffectorTarget,FootGrounding,true,1,false,0.0001884038,1,3.61283,0.1088223,-98078,-0.3909576,1.2,2.271378,0,1,0,0.0003613234,0,0.0003613234,0,-0.3909576,1.173612,2.271378,-0.3942454,1.092471,2.273698,-0.4104996,1.091178,2.202232,-0.1075286,-0.1088223,0.1088223,1,1,1,1,0.157689,0.1110294,0.002207082,0,0.002207082,0.9159489,0.1110294,true,0,1,0,1.167705E-08,0.9999995,-0.0009658366,-4.876875E-07,0.00614674,0.04099721,0,1,0,true,-0.02072889,0.1313013,0.01833547,-0.02072889,0.1313013,0.01833547,-0.02072889,0.1313013,0.01833547,-0.02072886,0.1313012,0.01833546,1.233994E-07,0,true,-98078,Sphere,CurrentGrounding,1,-0.4594784,1.679575,2.628557,0,0,0,0,-1,0,0.05,1,4608,0.5735765,-0.4594784,1.2,2.628557,-0.4594784,1.2,2.628557,0,1,0,0.4295751,Swing,None,false,0,0,0,0,0,0,1,0,0,0,0,0,0,1,0,false,false,false,ModifierNotCompiled,0,0,0,0,0,0,0,0,ModifierNotCompiled,0,0,0,0,FootPlacementEffectorTarget,FootGrounding,true,0,false,0.05169759,1,2.097543,0.2044629,-98078,-0.4594784,1.2,2.628557,0,1,0,0,0,0,0,-0.4594784,1.408033,2.628557,-0.4614704,1.404463,2.709613,-0.4734194,1.324631,2.703223,0.2044629,0.124631,0,1,1,1,1,0.157689,0.1106681,0.1814369,0,0.1814369,-0.2008224,0.1106681,true,0,1,0,1.240445E-34,0.9989212,-0.04643644,-6.068779E-33,-0.7108718,-2.429938,0,1,0,true,0.07696822,0.3657218,-0.3319897,0.07696822,0.3657218,-0.3319897,0.07696822,0.3657218,-0.3319897,0.07696814,0.3657219,-0.3319897,1.248945E-07,0
845,546,845,1,846,0,846,false,rootmotion.finalik.full-body-biped-ik/indexed-pose-backend,None,true,true,1,lyra-5.7/ABP_Mannequin_Base/CR_Mannequin_FootPlant,unreal-engine-5.7/SpringInterpV2/FMath.SpringDamper,corin.animation-rig,87731f0d0ca14844bbf861368b9847b3,corin.foot-placement,6d6118d2f41a5948ddd18dc6d88083c8c5bf77a4682a4ec3fce5d2ec6af01624,c7fd2c730a70465e6baa0d7496f46c9d49c4cc944fadbd61ecba1116729d5817,Corin.FootPlacementRig,2997edf1c34f13f7e2a3033372226eb399379f30c4303fddfe3e97ec1e4bf38d,0,-288406,0.1656059,0.04981877,0.04981877,0.9482307,0.1656059,true,0,0.04981877,0,1,PelvisPreSolveTranslation,FootGrounding,ModifierNotCompiled,-1,-1,-1,0,,,true,-98078,Sphere,CurrentGrounding,0,-0.3929646,1.616374,2.265763,0,0,0,0,-1,0,0.05,1,4608,0.5735765,-0.3929646,1.2,2.265763,-0.3929646,1.2,2.265763,0,1,0,0.3663737,Swing,None,false,0,0,0,0,0,0,1,0,0,0,0,0,0,1,0,false,false,false,ModifierNotCompiled,0,0,0,0,0,0,0,0,ModifierNotCompiled,0,0,0,0,FootPlacementEffectorTarget,FootGrounding,true,1,false,-6.12177E-05,1,3.617336,0.1113249,-98078,-0.3929646,1.2,2.265763,0,1,0,0.0005559921,0,0.0005559921,0,-0.3929646,1.171211,2.265763,-0.3961844,1.09007,2.268195,-0.4126589,1.088675,2.196767,-0.1099297,-0.1113249,0.1113249,1,1,1,1,0.1656059,0.1163431,0.005018255,0,0.005018255,0.9448674,0.1163431,true,0,1,0,1.030452E-08,0.9999996,-0.00085062,-4.325325E-07,0.005416872,0.03625834,0,1,0,true,-0.01942089,0.1368166,0.007980734,-0.01942089,0.1368166,0.007980734,-0.01942089,0.1368166,0.007980734,-0.01942096,0.1368165,0.007980719,1.375838E-07,0,true,-98078,Sphere,CurrentGrounding,1,-0.458478,1.675988,2.609604,0,0,0,0,-1,0,0.05,1,4608,0.5735765,-0.458478,1.2,2.609604,-0.458478,1.2,2.609604,0,1,0,0.4259881,Swing,None,false,0,0,0,0,0,0,1,0,0,0,0,0,0,1,0,false,false,false,ModifierNotCompiled,0,0,0,0,0,0,0,0,ModifierNotCompiled,0,0,0,0,FootPlacementEffectorTarget,FootGrounding,true,0,false,0.05719305,1,2.257176,0.2059308,-98078,-0.458478,1.2,2.609604,0,1,0,0,0,0,0,-0.458478,1.406644,2.609604,-0.459671,1.405931,2.690752,-0.4719365,1.325981,2.687392,0.2059308,0.1259806,0,1,1,1,1,0.1656059,0.1157871,0.1808376,0,0.1808376,-0.197988,0.1157871,true,0,1,0,1.071462E-34,0.9986295,-0.05233732,-5.234797E-33,-0.4328458,-1.48103,0,1,0,true,0.07570031,0.3722504,-0.3288738,0.07570031,0.3722504,-0.3288738,0.07570031,0.3722504,-0.3288738,0.07570032,0.3722505,-0.3288738,6.705523E-08,0
846,547,846,1,847,0,847,false,rootmotion.finalik.full-body-biped-ik/indexed-pose-backend,None,true,true,1,lyra-5.7/ABP_Mannequin_Base/CR_Mannequin_FootPlant,unreal-engine-5.7/SpringInterpV2/FMath.SpringDamper,corin.animation-rig,87731f0d0ca14844bbf861368b9847b3,corin.foot-placement,6d6118d2f41a5948ddd18dc6d88083c8c5bf77a4682a4ec3fce5d2ec6af01624,c7fd2c730a70465e6baa0d7496f46c9d49c4cc944fadbd61ecba1116729d5817,Corin.FootPlacementRig,2997edf1c34f13f7e2a3033372226eb399379f30c4303fddfe3e97ec1e4bf38d,0,-288406,0.1728876,0.05252232,0.05252232,0.9924896,0.1728876,true,0,0.05252232,0,1,PelvisPreSolveTranslation,FootGrounding,ModifierNotCompiled,-1,-1,-1,0,,,true,-98078,Sphere,CurrentGrounding,0,-0.3947387,1.609016,2.260607,0,0,0,0,-1,0,0.05,1,4608,0.5735765,-0.3947387,1.2,2.260607,-0.3947387,1.2,2.260607,0,1,0,0.3590161,Swing,None,false,0,0,0,0,0,0,1,0,0,0,0,0,0,1,0,false,false,false,ModifierNotCompiled,0,0,0,0,0,0,0,0,ModifierNotCompiled,0,0,0,0,FootPlacementEffectorTarget,FootGrounding,true,1,false,-0.000290812,1,3.617321,0.1134019,-98078,-0.3947387,1.2,2.260607,0,1,0,0.0007151365,0,0.0007151365,0,-0.3947387,1.169217,2.260607,-0.3978992,1.088077,2.263132,-0.4145672,1.086598,2.191736,-0.1119229,-0.1134019,0.1134019,1,1,1,1,0.1728876,0.1210804,0.007678438,0,0.007678438,0.96956,0.1210804,true,0,1,0,9.179698E-09,0.9999997,-0.0007564463,-3.870118E-07,0.004819886,0.0323629,0,1,0,true,-0.01820692,0.1421046,-0.001547091,-0.01820692,0.1421046,-0.001547091,-0.01820692,0.1421046,-0.001547091,-0.01820693,0.1421046,-0.001547158,7.354648E-08,0,true,-98078,Sphere,CurrentGrounding,1,-0.4578011,1.672872,2.591377,0,0,0,0,-1,0,0.05,1,4608,0.5735765,-0.4578011,1.2,2.591377,-0.4578011,1.2,2.591377,0,1,0,0.4228724,Swing,None,false,0,0,0,0,0,0,1,0,0,0,0,0,0,1,0,false,false,false,ModifierNotCompiled,0,0,0,0,0,0,0,0,ModifierNotCompiled,0,0,0,0,FootPlacementEffectorTarget,FootGrounding,true,0,false,0.06332181,1,2.374027,0.2074015,-98078,-0.4578011,1.2,2.591377,0,1,0,0,0,0,0,-0.4578011,1.405692,2.591377,-0.4582334,1.407401,2.672518,-0.4707642,1.327448,2.671773,0.2074015,0.127448,0,1,1,1,1,0.1728877,0.1203654,0.1802978,0,0.1802978,-0.193053,0.1203654,true,0,1,0,9.358713E-35,0.9984589,-0.05549626,-4.56909E-33,-0.2336336,-0.8010504,0,1,0,true,0.07468048,0.3785802,-0.3252104,0.07468048,0.3785802,-0.3252104,0.07468048,0.3785802,-0.3252104,0.0746805,0.3785802,-0.3252104,3.72529E-08,0
847,548,847,1,848,0,848,false,rootmotion.finalik.full-body-biped-ik/indexed-pose-backend,None,true,true,1,lyra-5.7/ABP_Mannequin_Base/CR_Mannequin_FootPlant,unreal-engine-5.7/SpringInterpV2/FMath.SpringDamper,corin.animation-rig,87731f0d0ca14844bbf861368b9847b3,corin.foot-placement,6d6118d2f41a5948ddd18dc6d88083c8c5bf77a4682a4ec3fce5d2ec6af01624,c7fd2c730a70465e6baa0d7496f46c9d49c4cc944fadbd61ecba1116729d5817,Corin.FootPlacementRig,2997edf1c34f13f7e2a3033372226eb399379f30c4303fddfe3e97ec1e4bf38d,0,-288406,0.1795975,0.05512226,0.05512226,1.03245,0.1795975,true,0,0.05512226,0,1,PelvisPreSolveTranslation,FootGrounding,ModifierNotCompiled,-1,-1,-1,0,,,true,-98078,Sphere,CurrentGrounding,0,-0.3963442,1.602248,2.255888,0,0,0,0,-1,0,0.05,1,4608,0.5735765,-0.3963442,1.2,2.255888,-0.3963442,1.2,2.255888,0,1,0,0.3522483,Swing,None,false,0,0,0,0,0,0,1,0,0,0,0,0,0,1,0,false,false,false,ModifierNotCompiled,0,0,0,0,0,0,0,0,ModifierNotCompiled,0,0,0,0,FootPlacementEffectorTarget,FootGrounding,true,1,false,-0.0005024211,1,3.616299,0.1151366,-98078,-0.3963442,1.2,2.255888,0,1,0,0.0008504391,0,0.0008504391,0,-0.3963442,1.16756,2.255888,-0.3994513,1.08642,2.2585,-0.4162953,1.084863,2.187133,-0.1135795,-0.1151366,0.1151366,1,1,1,1,0.1795975,0.1253257,0.01018909,0,0.01018909,0.9907655,0.1253257,true,0,1,0,8.248162E-09,0.9999998,-0.0006786351,-3.490825E-07,0.004326127,0.02912832,0,1,0,true,-0.01707848,0.1471572,-0.01035582,-0.01707848,0.1471572,-0.01035582,-0.01707848,0.1471572,-0.01035582,-0.01707847,0.1471572,-0.01035579,4.616392E-08,0,true,-98078,Sphere,CurrentGrounding,1,-0.4574244,1.670094,2.573905,0,0,0,0,-1,0,0.05,1,4608,0.5735765,-0.4574244,1.2,2.573905,-0.4574244,1.2,2.573905,0,1,0,0.4200946,Swing,None,false,0,0,0,0,0,0,1,0,0,0,0,0,0,1,0,false,false,false,ModifierNotCompiled,0,0,0,0,0,0,0,0,ModifierNotCompiled,0,0,0,0,FootPlacementEffectorTarget,FootGrounding,true,0,false,0.06923077,1,2.481188,0.2088128,-98078,-0.4574244,1.2,2.573905,0,1,0,0,0,0,0,-0.4574244,1.405032,2.573905,-0.4571314,1.408813,2.654977,-0.4698887,1.328933,2.656514,0.2088128,0.1289334,0,1,1,1,1,0.1795975,0.1244752,0.1798151,0,0.1798151,-0.1867599,0.1244752,true,0,1,0,8.258209E-35,0.9983801,-0.05689565,-4.030608E-33,-0.08933897,-0.3084692,0,1,0,true,0.07386269,0.3846294,-0.3211537,0.07386269,0.3846294,-0.3211537,0.07386269,0.3846294,-0.3211537,0.07386271,0.3846295,-0.3211537,1.248945E-07,0
848,549,848,1,849,0,849,false,rootmotion.finalik.full-body-biped-ik/indexed-pose-backend,None,true,true,1,lyra-5.7/ABP_Mannequin_Base/CR_Mannequin_FootPlant,unreal-engine-5.7/SpringInterpV2/FMath.SpringDamper,corin.animation-rig,87731f0d0ca14844bbf861368b9847b3,corin.foot-placement,6d6118d2f41a5948ddd18dc6d88083c8c5bf77a4682a4ec3fce5d2ec6af01624,c7fd2c730a70465e6baa0d7496f46c9d49c4cc944fadbd61ecba1116729d5817,Corin.FootPlacementRig,2997edf1c34f13f7e2a3033372226eb399379f30c4303fddfe3e97ec1e4bf38d,0,-288406,0.192081,0.060228,0.060228,1.108218,0.192081,true,0,0.060228,0,1,PelvisPreSolveTranslation,FootGrounding,ModifierNotCompiled,-1,-1,-1,0,,,true,-98078,Sphere,CurrentGrounding,0,-0.399621,1.58976,2.247823,0,0,0,0,-1,0,0.05,1,4608,0.5735765,-0.399621,1.2,2.247823,-0.399621,1.2,2.247823,0,1,0,0.3397604,Swing,None,false,0,0,0,0,0,0,1,0,0,0,0,0,0,1,0,false,false,false,ModifierNotCompiled,0,0,0,0,0,0,0,0,ModifierNotCompiled,0,0,0,0,FootPlacementEffectorTarget,FootGrounding,true,1,false,-0.000896879,1,3.614402,0.1179595,-98078,-0.399621,1.2,2.247823,0,1,0,0.001101971,0,0.001101971,0,-0.399621,1.164984,2.247823,-0.4026127,1.08385,2.250713,-0.4198129,1.08204,2.17941,-0.1161504,-0.1179595,0.1179595,1,1,1,1,0.192081,0.1329549,0.01499543,0,0.01499543,1.028752,0.1329549,true,0,1,0,6.75275E-09,0.9999998,-0.0005540851,-2.877298E-07,0.003535143,0.02391866,0,1,0,true,-0.015013,0.1570648,-0.02745817,-0.015013,0.1570648,-0.02745817,-0.015013,0.1570648,-0.02745817,-0.01501293,0.1570648,-0.02745819,8.703258E-08,0,true,-98078,Sphere,CurrentGrounding,1,-0.4578249,1.664995,2.539658,0,0,0,0,-1,0,0.05,1,4608,0.5735765,-0.4578249,1.2,2.539658,-0.4578249,1.2,2.539658,0,1,0,0.4149953,Swing,None,false,0,0,0,0,0,0,1,0,0,0,0,0,0,1,0,false,false,false,ModifierNotCompiled,0,0,0,0,0,0,0,0,ModifierNotCompiled,0,0,0,0,FootPlacementEffectorTarget,FootGrounding,true,0,false,0.08024563,1,2.711153,0.2115189,-98078,-0.4578249,1.2,2.539658,0,1,0,0,0,0,0,-0.4578249,1.404199,2.539658,-0.4561069,1.411519,2.620468,-0.4692466,1.331954,2.626029,0.2115189,0.1319537,0,1,1,1,1,0.192081,0.131853,0.1789753,0,0.1789753,-0.1692652,0.131853,true,0,1,0,6.539287E-35,0.9983917,-0.05669062,-3.191973E-33,0.1007074,0.3404168,0,1,0,true,0.07260246,0.3962796,-0.3118502,0.07260246,0.3962796,-0.3118502,0.07260246,0.3962796,-0.3118502,0.0726025,0.3962796,-0.3118502,7.028864E-08,0
849,550,849,1,850,0,850,false,rootmotion.finalik.full-body-biped-ik/indexed-pose-backend,None,true,true,1,lyra-5.7/ABP_Mannequin_Base/CR_Mannequin_FootPlant,unreal-engine-5.7/SpringInterpV2/FMath.SpringDamper,corin.animation-rig,87731f0d0ca14844bbf861368b9847b3,corin.foot-placement,6d6118d2f41a5948ddd18dc6d88083c8c5bf77a4682a4ec3fce5d2ec6af01624,c7fd2c730a70465e6baa0d7496f46c9d49c4cc944fadbd61ecba1116729d5817,Corin.FootPlacementRig,2997edf1c34f13f7e2a3033372226eb399379f30c4303fddfe3e97ec1e4bf38d,0,-288406,0.2053936,0.06606014,0.06606014,1.186545,0.2053936,true,0,0.06606014,0,1,PelvisPreSolveTranslation,FootGrounding,ModifierNotCompiled,-1,-1,-1,0,,,true,-98078,Sphere,CurrentGrounding,0,-0.4027748,1.576535,2.239516,0,0,0,0,-1,0,0.05,1,4608,0.5735765,-0.4027748,1.2,2.239516,-0.4027748,1.2,2.239516,0,1,0,0.3265346,Swing,None,false,0,0,0,0,0,0,1,0,0,0,0,0,0,1,0,false,false,false,ModifierNotCompiled,0,0,0,0,0,0,0,0,ModifierNotCompiled,0,0,0,0,FootPlacementEffectorTarget,FootGrounding,true,1,false,-0.001317534,1,3.61239,0.1203932,-98078,-0.4027748,1.2,2.239516,0,1,0,0.001363516,0,0.001363516,0,-0.4027748,1.162899,2.239516,-0.405628,1.081775,2.242805,-0.4232426,1.079607,2.171581,-0.1182255,-0.1203932,0.1203932,1,1,1,1,0.2053937,0.140697,0.02030386,0,0.02030386,1.064304,0.140697,true,0,1,0,5.447954E-09,0.9999999,-0.0004458148,-2.336797E-07,0.002846488,0.01935395,0,1,0,true,-0.01285017,0.1682922,-0.04599418,-0.01285017,0.1682922,-0.04599418,-0.01285017,0.1682922,-0.04599418,-0.01285016,0.1682921,-0.04599413,5.656587E-08,0,true,-98078,Sphere,CurrentGrounding,1,-0.4588811,1.659589,2.501176,0,0,0,0,-1,0,0.05,1,4608,0.5735765,-0.4588811,1.2,2.501176,-0.4588811,1.2,2.501176,0,1,0,0.4095887,Swing,None,false,0,0,0,0,0,0,1,0,0,0,0,0,0,1,0,false,false,false,ModifierNotCompiled,0,0,0,0,0,0,0,0,ModifierNotCompiled,0,0,0,0,FootPlacementEffectorTarget,FootGrounding,true,0,false,0.09199201,1,2.990859,0.2145224,-98078,-0.4588811,1.2,2.501176,0,1,0,0,0,0,0,-0.4588811,1.403833,2.501176,-0.4555647,1.414522,2.58156,-0.469034,1.335497,2.591086,0.2145224,0.1354967,0,1,1,1,1,0.2053936,0.1393334,0.1781845,0,0.1781845,-0.1459984,0.1393334,true,0,1,0,5.095443E-35,0.998553,-0.05377648,-2.489041E-33,0.2200998,0.7482317,0,1,0,true,0.07152887,0.409227,-0.2999506,0.07152887,0.409227,-0.2999506,0.07152887,0.409227,-0.2999506,0.07152888,0.409227,-0.2999505,6.143906E-08,0
850,551,850,1,851,0,851,false,rootmotion.finalik.full-body-biped-ik/indexed-pose-backend,None,true,true,1,lyra-5.7/ABP_Mannequin_Base/CR_Mannequin_FootPlant,unreal-engine-5.7/SpringInterpV2/FMath.SpringDamper,corin.animation-rig,87731f0d0ca14844bbf861368b9847b3,corin.foot-placement,6d6118d2f41a5948ddd18dc6d88083c8c5bf77a4682a4ec3fce5d2ec6af01624,c7fd2c730a70465e6baa0d7496f46c9d49c4cc944fadbd61ecba1116729d5817,Corin.FootPlacementRig,2997edf1c34f13f7e2a3033372226eb399379f30c4303fddfe3e97ec1e4bf38d,0,-288406,0.2185946,0.07222638,0.07222638,1.261085,0.2185946,true,0,0.07222638,0,1,PelvisPreSolveTranslation,FootGrounding,ModifierNotCompiled,-1,-1,-1,0,,,true,-98078,Sphere,CurrentGrounding,0,-0.4057822,1.563278,2.230366,0,0,0,0,-1,0,0.05,1,4608,0.5735765,-0.4057822,1.2,2.230366,-0.4057822,1.2,2.230366,0,1,0,0.3132785,Swing,None,false,0,0,0,0,0,0,1,0,0,0,0,0,0,1,0,false,false,false,ModifierNotCompiled,0,0,0,0,0,0,0,0,ModifierNotCompiled,0,0,0,0,FootPlacementEffectorTarget,FootGrounding,true,0.8201972,false,-0.001954328,1,3.61332,0.1223624,-98078,-0.4057822,1.2,2.230366,0,1,0,0.001727343,0,0.001727343,0,-0.4057822,1.161238,2.230366,-0.4085076,1.080125,2.23401,-0.4265378,1.077638,2.162869,-0.1198751,-0.1223624,0.1223624,1,1,1,1,0.2185946,0.1480955,0.0257332,0,0.0257332,1.095105,0.1480955,true,0,1,0,4.397227E-09,0.9999999,-0.0003589345,-1.897601E-07,0.002293221,0.01566354,0,1,0,true,-0.01065556,0.1798326,-0.06344954,-0.01065556,0.1798326,-0.06344954,-0.01065556,0.1798326,-0.06344954,-0.01065564,0.1798326,-0.0634497,1.791241E-07,0,true,-98078,Sphere,CurrentGrounding,1,-0.460391,1.654196,2.461733,0,0,0,0,-1,0,0.05,1,4608,0.5735765,-0.460391,1.2,2.461733,-0.460391,1.2,2.461733,0,1,0,0.4041961,Swing,None,false,0,0,0,0,0,0,1,0,0,0,0,0,0,1,0,false,false,false,ModifierNotCompiled,0,0,0,0,0,0,0,0,ModifierNotCompiled,0,0,0,0,FootPlacementEffectorTarget,FootGrounding,true,0,false,0.10364,1,3.14632,0.2175817,-98078,-0.460391,1.2,2.461733,0,1,0,0,0,0,0,-0.460391,1.403948,2.461733,-0.4554543,1.417582,2.541586,-0.4691465,1.33923,2.554664,0.2175817,0.13923,0,1,1,1,1,0.2185946,0.1463682,0.1775258,0,0.1775258,-0.119691,0.1463682,true,0,1,0,3.977137E-35,0.9987813,-0.04935349,-1.944921E-33,0.280885,0.9560342,0,1,0,true,0.07060029,0.4225429,-0.2868558,0.07060029,0.4225429,-0.2868558,0.07060029,0.4225429,-0.2868558,0.07060035,0.422543,-0.2868561,2.615143E-07,0
851,552,851,1,852,0,852,false,rootmotion.finalik.full-body-biped-ik/indexed-pose-backend,None,true,true,1,lyra-5.7/ABP_Mannequin_Base/CR_Mannequin_FootPlant,unreal-engine-5.7/SpringInterpV2/FMath.SpringDamper,corin.animation-rig,87731f0d0ca14844bbf861368b9847b3,corin.foot-placement,6d6118d2f41a5948ddd18dc6d88083c8c5bf77a4682a4ec3fce5d2ec6af01624,c7fd2c730a70465e6baa0d7496f46c9d49c4cc944fadbd61ecba1116729d5817,Corin.FootPlacementRig,2997edf1c34f13f7e2a3033372226eb399379f30c4303fddfe3e97ec1e4bf38d,0,-288406,0.2269588,0.07633509,0.07633509,1.304946,0.2269588,true,0,0.07633509,0,1,PelvisPreSolveTranslation,FootGrounding,ModifierNotCompiled,-1,-1,-1,0,,,true,-98078,Sphere,CurrentGrounding,0,-0.4079003,1.554701,2.223859,0,0,0,0,-1,0,0.05,1,4608,0.5735765,-0.4079003,1.2,2.223859,-0.4079003,1.2,2.223859,0,1,0,0.3047014,Swing,None,false,0,0,0,0,0,0,1,0,0,0,0,0,0,1,0,false,false,false,ModifierNotCompiled,0,0,0,0,0,0,0,0,ModifierNotCompiled,0,0,0,0,FootPlacementEffectorTarget,FootGrounding,true,0.628159,false,-0.002453548,1,3.615448,0.123468,-98078,-0.4079003,1.2,2.223859,0,1,0,0.002104163,0,0.002104163,0,-0.4079003,1.160296,2.223859,-0.4105549,1.07919,2.227694,-0.4288371,1.076532,2.156603,-0.1208103,-0.123468,0.123468,1,1,1,1,0.2269589,0.152728,0.02926007,0,0.02926007,1.112001,0.152728,true,0,1,0,3.835019E-09,0.9999999,-0.0003125743,-1.660981E-07,0.001997738,0.01368296,0,1,0,true,-0.009199828,0.1872553,-0.07378646,-0.009199828,0.1872553,-0.07378646,-0.009199828,0.1872553,-0.07378646,-0.009199848,0.1872553,-0.07378651,5.603436E-08,0,true,-98078,Sphere,CurrentGrounding,1,-0.4617093,1.650771,2.436384,0,0,0,0,-1,0,0.05,1,4608,0.5735765,-0.4617093,1.2,2.436384,-0.4617093,1.2,2.436384,0,1,0,0.4007715,Swing,None,false,0,0,0,0,0,0,1,0,0,0,0,0,0,1,0,false,false,false,ModifierNotCompiled,0,0,0,0,0,0,0,0,ModifierNotCompiled,0,0,0,0,FootPlacementEffectorTarget,FootGrounding,true,0,false,0.1110289,1,3.186537,0.2195873,-98078,-0.4617093,1.2,2.436384,0,1,0,0,0,0,0,-0.4617093,1.404283,2.436384,-0.4557545,1.419587,2.515864,-0.4695287,1.341703,2.530982,0.2195873,0.1417028,0,1,1,1,1,0.2269588,0.1506237,0.1771768,0,0.1771768,-0.1027281,0.1506237,true,0,1,0,3.39749E-35,0.9989352,-0.04613621,-1.662811E-33,0.2988568,1.017588,0,1,0,true,0.07001523,0.4312422,-0.2782057,0.07001523,0.4312422,-0.2782057,0.07001523,0.4312422,-0.2782057,0.07001515,0.4312422,-0.2782057,9.996003E-08,0
852,553,852,1,853,0,853,false,rootmotion.finalik.full-body-biped-ik/indexed-pose-backend,None,true,true,1,lyra-5.7/ABP_Mannequin_Base/CR_Mannequin_FootPlant,unreal-engine-5.7/SpringInterpV2/FMath.SpringDamper,corin.animation-rig,87731f0d0ca14844bbf861368b9847b3,corin.foot-placement,6d6118d2f41a5948ddd18dc6d88083c8c5bf77a4682a4ec3fce5d2ec6af01624,c7fd2c730a70465e6baa0d7496f46c9d49c4cc944fadbd61ecba1116729d5817,Corin.FootPlacementRig,2997edf1c34f13f7e2a3033372226eb399379f30c4303fddfe3e97ec1e4bf38d,0,-288406,0.2387557,0.08236549,0.08236549,1.366771,0.2387557,true,0,0.08236549,0,1,PelvisPreSolveTranslation,FootGrounding,ModifierNotCompiled,-1,-1,-1,0,,,true,-98078,Sphere,CurrentGrounding,0,-0.4109154,1.542637,2.215313,0,0,0,0,-1,0,0.05,1,4608,0.5735765,-0.4109154,1.2,2.215313,-0.4109154,1.2,2.215313,0,1,0,0.2926372,Swing,None,false,0,0,0,0,0,0,1,0,0,0,0,0,0,1,0,false,false,false,ModifierNotCompiled,0,0,0,0,0,0,0,0,ModifierNotCompiled,0,0,0,0,FootPlacementEffectorTarget,FootGrounding,true,0.3569351,false,-0.003158619,1,3.61893,0.1248617,-98078,-0.4109154,1.2,2.215313,0,1,0,0.002794027,0,0.002794027,0,-0.4109154,1.159325,2.215313,-0.4134309,1.078239,2.219638,-0.4320927,1.075138,2.148637,-0.1217613,-0.1248617,0.1248617,1,1,1,1,0.2387558,0.1591844,0.03432249,0,0.03432249,1.134922,0.1591844,true,0,1,0,3.159463E-09,0.9999999,-0.0002569958,-1.375011E-07,0.001643147,0.011297,0,1,0,true,-0.00719917,0.1980809,-0.089006,-0.00719917,0.1980809,-0.089006,-0.00719917,0.1980809,-0.089006,-0.007199157,0.1980809,-0.08900596,3.946874E-08,0,true,-98078,Sphere,CurrentGrounding,1,-0.464088,1.64627,2.400401,0,0,0,0,-1,0,0.05,1,4608,0.5735765,-0.464088,1.2,2.400401,-0.464088,1.2,2.400401,0,1,0,0.3962697,Swing,None,false,0,0,0,0,0,0,1,0,0,0,0,0,0,1,0,false,false,false,ModifierNotCompiled,0,0,0,0,0,0,0,0,ModifierNotCompiled,0,0,0,0,FootPlacementEffectorTarget,FootGrounding,true,0,false,0.1214647,1,3.248362,0.2228748,-98078,-0.464088,1.2,2.400401,0,1,0,0,0,0,0,-0.464088,1.405417,2.400401,-0.4567442,1.422875,2.479319,-0.4705644,1.345706,2.49712,0.2228748,0.1457063,0,1,1,1,1,0.2387557,0.1563902,0.1767816,0,0.1767816,-0.07659392,0.1563902,true,0,1,0,2.720284E-35,0.9991422,-0.04141164,-1.332986E-33,0.3056885,1.041196,0,1,0,true,0.06919162,0.4441724,-0.2657805,0.06919162,0.4441724,-0.2657805,0.06919162,0.4441724,-0.2657805,0.06919164,0.4441724,-0.2657805,4.770699E-08,0
853,554,853,1,854,0,854,false,rootmotion.finalik.full-body-biped-ik/indexed-pose-backend,None,true,true,1,lyra-5.7/ABP_Mannequin_Base/CR_Mannequin_FootPlant,unreal-engine-5.7/SpringInterpV2/FMath.SpringDamper,corin.animation-rig,87731f0d0ca14844bbf861368b9847b3,corin.foot-placement,6d6118d2f41a5948ddd18dc6d88083c8c5bf77a4682a4ec3fce5d2ec6af01624,c7fd2c730a70465e6baa0d7496f46c9d49c4cc944fadbd61ecba1116729d5817,Corin.FootPlacementRig,2997edf1c34f13f7e2a3033372226eb399379f30c4303fddfe3e97ec1e4bf38d,0,-288406,0.2472207,0.08686798,0.08686798,1.408439,0.2472207,true,0,0.08686798,0,1,PelvisPreSolveTranslation,FootGrounding,ModifierNotCompiled,-1,-1,-1,0,,,true,-98078,Sphere,CurrentGrounding,0,-0.4128802,1.533958,2.209382,0,0,0,0,-1,0,0.05,1,4608,0.5735765,-0.4128802,1.199997,2.214975,-0.4128802,1.199997,2.214975,0,0.9937251,-0.1118501,0.2842745,Swing,None,false,0,0,0,0,0,0,1,0,0,0,0,0,0,1,0,false,false,false,ModifierNotCompiled,0,0,0,0,0,0,0,0,ModifierNotCompiled,0,0,0,0,FootPlacementEffectorTarget,FootGrounding,true,0.1622469,false,-0.003664728,1,3.621774,0.1213663,-98078,-0.4128802,1.199997,2.214975,0,0.9937251,-0.1118501,0.003333993,0,0.003333993,0,-0.4128802,1.158846,2.209382,-0.4152641,1.077791,2.214326,-0.4342175,1.074133,2.14341,-0.1213663,-0.1170695,0.1213663,1,1,1,1,0.2472207,0.1636867,0.03802057,0,0.03802057,1.148776,0.1636867,true,0,0.9937251,-0.1118501,2.747385E-09,0.9999988,-0.001550925,-1.199507E-07,-0.04178266,-0.7603789,0,0.9937251,-0.1118501,true,-0.005813609,0.2060701,-0.1001441,-0.005813609,0.2060701,-0.1001441,-0.005813609,0.2060701,-0.1001441,-0.00581362,0.2060702,-0.1001441,1.371932E-07,0,true,-98078,Sphere,CurrentGrounding,1,-0.4659319,1.643213,2.374499,0,0,0,0,-1,0,0.05,1,4608,0.5735765,-0.4659319,1.2,2.374499,-0.4659319,1.2,2.374499,0,1,0,0.3932127,Swing,None,false,0,0,0,0,0,0,1,0,0,0,0,0,0,1,0,false,false,false,ModifierNotCompiled,0,0,0,0,0,0,0,0,ModifierNotCompiled,0,0,0,0,FootPlacementEffectorTarget,FootGrounding,true,0,false,0.1289556,1,3.296204,0.2254872,-98078,-0.4659319,1.2,2.374499,0,1,0,0,0,0,0,-0.4659319,1.406651,2.374499,-0.4576354,1.425487,2.453005,-0.4714489,1.348848,2.472548,0.2254872,0.1488483,0,1,1,1,1,0.2472237,0.1603557,0.1765706,0,0.1765706,-0.05780646,0.1603557,true,0,1,0,2.318619E-35,0.9992771,-0.03801793,-1.137168E-33,0.301044,1.025541,0,1,0,true,0.06862913,0.4538749,-0.2567848,0.06862913,0.4538749,-0.2567848,0.06862913,0.4538749,-0.2567848,0.06862913,0.4538749,-0.2567848,0,0
854,555,854,1,855,0,855,false,rootmotion.finalik.full-body-biped-ik/indexed-pose-backend,None,true,true,1,lyra-5.7/ABP_Mannequin_Base/CR_Mannequin_FootPlant,unreal-engine-5.7/SpringInterpV2/FMath.SpringDamper,corin.animation-rig,87731f0d0ca14844bbf861368b9847b3,corin.foot-placement,6d6118d2f41a5948ddd18dc6d88083c8c5bf77a4682a4ec3fce5d2ec6af01624,c7fd2c730a70465e6baa0d7496f46c9d49c4cc944fadbd61ecba1116729d5817,Corin.FootPlacementRig,2997edf1c34f13f7e2a3033372226eb399379f30c4303fddfe3e97ec1e4bf38d,0,-288406,0.2560705,0.09171294,0.09171294,1.45102,0.2560705,true,0,0.09171294,0,1,PelvisPreSolveTranslation,FootGrounding,ModifierNotCompiled,-1,-1,-1,0,,,true,-98078,Sphere,CurrentGrounding,0,-0.4148114,1.524781,2.203018,0,0,0,0,-1,0,0.05,1,4608,0.5735765,-0.4148114,1.2,2.215,-0.4148114,1.2,2.215,0,0.9708626,-0.2396368,0.2762383,Swing,None,false,0,0,0,0,0,0,1,0,0,0,0,0,0,1,0,false,false,false,ModifierNotCompiled,0,0,0,0,0,0,0,0,ModifierNotCompiled,0,0,0,0,FootPlacementEffectorTarget,FootGrounding,true,0.02053393,false,-0.004407991,1,3.625081,0.1175566,-98078,-0.4148114,1.2,2.215,0,0.9708626,-0.2396368,0.003874158,0,0.003874158,0,-0.4148114,1.158422,2.203018,-0.4170303,1.077431,2.208988,-0.4362967,1.072853,2.138191,-0.1175566,-0.1050363,0.1175566,1,1,1,1,0.2560705,0.1682317,0.04192761,0,0.04192761,1.161469,0.1682317,true,0,0.9708626,-0.2396368,2.374037E-09,0.9999771,-0.006765879,-1.0394E-07,-0.2367303,-2.235079,0,0.9708626,-0.2396368,true,-0.004399429,0.2144924,-0.1116193,-0.004399429,0.2144924,-0.1116193,-0.004399429,0.2144924,-0.1116193,-0.004399497,0.2144925,-0.1116194,1.302063E-07,0,true,-98078,Sphere,CurrentGrounding,1,-0.467988,1.640092,2.347437,0,0,0,0,-1,0,0.05,1,4608,0.5735765,-0.467988,1.2,2.347437,-0.467988,1.2,2.347437,0,1,0,0.3900915,Swing,None,false,0,0,0,0,0,0,1,0,0,0,0,0,0,1,0,false,false,false,ModifierNotCompiled,0,0,0,0,0,0,0,0,ModifierNotCompiled,0,0,0,0,FootPlacementEffectorTarget,FootGrounding,true,0,false,0.1365442,1,3.321495,0.228323,-98078,-0.467988,1.2,2.347437,0,1,0,0,0,0,0,-0.467988,1.408221,2.347437,-0.4587502,1.428323,2.425523,-0.4725332,1.352219,2.446683,0.228323,0.1522195,0,1,1,1,1,0.2560705,0.1643576,0.1764162,0,0.1764162,-0.03766324,0.1643576,true,0,1,0,1.96225E-35,0.9994023,-0.03456924,-9.632651E-34,0.2904694,0.9896424,0,1,0,true,0.06808296,0.4642912,-0.24738,0.06808296,0.4642912,-0.24738,0.06808296,0.4642912,-0.24738,0.06808297,0.4642913,-0.2473801,1.692447E-07,0
855,556,855,1,856,0,856,false,rootmotion.finalik.full-body-biped-ik/indexed-pose-backend,None,true,true,1,lyra-5.7/ABP_Mannequin_Base/CR_Mannequin_FootPlant,unreal-engine-5.7/SpringInterpV2/FMath.SpringDamper,corin.animation-rig,87731f0d0ca14844bbf861368b9847b3,corin.foot-placement,6d6118d2f41a5948ddd18dc6d88083c8c5bf77a4682a4ec3fce5d2ec6af01624,c7fd2c730a70465e6baa0d7496f46c9d49c4cc944fadbd61ecba1116729d5817,Corin.FootPlacementRig,2997edf1c34f13f7e2a3033372226eb399379f30c4303fddfe3e97ec1e4bf38d,0,-288406,0.2650591,0.09678087,0.09678087,1.493113,0.2650591,true,0,0.09678087,0,1,PelvisPreSolveTranslation,FootGrounding,ModifierNotCompiled,-1,-1,-1,0,,,true,-98078,Sphere,CurrentGrounding,0,-0.4167204,1.515225,2.196023,0,0,0,0,-1,0,0.05,1,4608,0.5735765,-0.4167204,1.199998,2.214996,-0.4167204,1.199998,2.214996,0,0.9252002,-0.3794792,0.2689668,Swing,None,false,0,0,0,0,0,0,1,0,0,0,0,0,0,1,0,false,false,false,ModifierNotCompiled,0,0,0,0,0,0,0,0,ModifierNotCompiled,0,0,0,0,FootPlacementEffectorTarget,FootGrounding,true,0.1236738,false,-0.006022792,1,3.629201,0.1093899,-98078,-0.4167204,1.199998,2.214996,0,0.9252003,-0.3794792,0.00456222,0,0.00456222,0,-0.4167204,1.157946,2.196023,-0.418746,1.077083,2.203582,-0.4383302,1.071086,2.132961,-0.1093899,-0.08813903,0.1093899,1,1,1,1,0.2650591,0.1728405,0.04593982,0,0.04593982,1.173527,0.1728405,true,0,0.9252002,-0.3794792,2.047757E-09,0.9998354,-0.01813925,-8.980204E-08,-0.7025331,-4.259704,0,0.9252003,-0.3794792,true,-0.002977242,0.2230066,-0.122753,-0.002977242,0.2230066,-0.122753,-0.002977242,0.2230066,-0.122753,-0.002977239,0.2230066,-0.1227531,8.041932E-09,0,true,-98078,Sphere,CurrentGrounding,1,-0.4702141,1.636908,2.319993,0,0,0,0,-1,0,0.05,1,4608,0.5735765,-0.4702141,1.2,2.319993,-0.4702141,1.2,2.319993,0,1,0,0.3869079,Swing,None,false,0,0,0,0,0,0,1,0,0,0,0,0,0,1,0,false,false,false,ModifierNotCompiled,0,0,0,0,0,0,0,0,ModifierNotCompiled,0,0,0,0,FootPlacementEffectorTarget,FootGrounding,true,0,false,0.1433046,1,3.240288,0.2312002,-98078,-0.4702141,1.2,2.319993,0,1,0,0,0,0,0,-0.4702141,1.410018,2.319993,-0.4600873,1.4312,2.397682,-0.4738276,1.355589,2.420231,0.2312002,0.1555889,0,1,1,1,1,0.2650605,0.1682797,0.1763295,0,0.1763295,-0.01690185,0.1682797,true,0,1,0,1.656227E-35,0.9995125,-0.03122211,-8.1377E-34,0.275687,0.9393719,0,1,0,true,0.06757963,0.4750789,-0.2378698,0.06757963,0.4750789,-0.2378698,0.06757963,0.4750789,-0.2378698,0.06757962,0.475079,-0.2378698,8.971687E-08,0
856,557,856,1,857,0,857,false,rootmotion.finalik.full-body-biped-ik/indexed-pose-backend,None,true,true,1,lyra-5.7/ABP_Mannequin_Base/CR_Mannequin_FootPlant,unreal-engine-5.7/SpringInterpV2/FMath.SpringDamper,corin.animation-rig,87731f0d0ca14844bbf861368b9847b3,corin.foot-placement,6d6118d2f41a5948ddd18dc6d88083c8c5bf77a4682a4ec3fce5d2ec6af01624,c7fd2c730a70465e6baa0d7496f46c9d49c4cc944fadbd61ecba1116729d5817,Corin.FootPlacementRig,2997edf1c34f13f7e2a3033372226eb399379f30c4303fddfe3e97ec1e4bf38d,0,-288406,0.2784923,0.1045908,0.1045908,1.556404,0.2784923,true,0,0.1045908,0,1,PelvisPreSolveTranslation,FootGrounding,ModifierNotCompiled,-1,-1,-1,0,,,true,-98078,Sphere,CurrentGrounding,0,-0.4204745,1.500162,2.185948,0,0,0,0,-1,0,0.05,1,4608,0.5735765,-0.4204745,1.2,2.215,-0.4204745,1.2,2.215,0,0.8138803,-0.5810326,0.2594683,Swing,None,false,0,0,0,0,0,0,1,0,0,0,0,0,0,1,0,false,false,false,ModifierNotCompiled,0,0,0,0,0,0,0,0,ModifierNotCompiled,0,0,0,0,FootPlacementEffectorTarget,FootGrounding,true,0.2774431,false,-0.008430271,1,3.636939,0.09033466,-98078,-0.4204745,1.2,2.215,0,0.8138803,-0.5810326,0.007082658,0,0.007082658,0,-0.4204745,1.156765,2.185948,-0.4222701,1.076334,2.197248,-0.4414852,1.066993,2.126869,-0.09033466,-0.05704467,0.09033466,1,1,1,1,0.2784923,0.1809842,0.05201231,0,0.05201231,1.200293,0.1809842,true,0,0.8138803,-0.5810326,1.64911E-09,0.9987126,-0.05072543,-7.215544E-08,-2.230762,-8.048052,0,0.8138803,-0.5810326,true,-0.0008631111,0.2352577,-0.1395226,-0.0008631111,0.2352577,-0.1395226,-0.0008631111,0.2352577,-0.1395226,-0.0008631045,0.2352577,-0.1395226,1.631186E-08,0,true,-98078,Sphere,CurrentGrounding,1,-0.4760556,1.631923,2.278813,0,0,0,0,-1,0,0.05,1,4608,0.5735765,-0.4760556,1.2,2.278813,-0.4760556,1.2,2.278813,0,1,0,0.3819236,Swing,None,false,0,0,0,0,0,0,1,0,0,0,0,0,0,1,0,false,false,false,ModifierNotCompiled,0,0,0,0,0,0,0,0,ModifierNotCompiled,0,0,0,0,FootPlacementEffectorTarget,FootGrounding,true,0,false,0.1533834,1,3.127884,0.2351987,-98078,-0.4760556,1.2,2.278813,0,1,0,0,0,0,0,-0.4760556,1.41285,2.278813,-0.4656992,1.435199,2.356144,-0.4796519,1.360166,2.380067,0.2351987,0.1601661,0,1,1,1,1,0.2784923,0.1739015,0.1763357,0,0.1763357,0.0154455,0.1739015,true,0,1,0,1.28677E-35,0.9996459,-0.02661099,-6.330388E-34,0.2493854,0.849849,0,1,0,true,0.0669307,0.4913422,-0.2238853,0.0669307,0.4913422,-0.2238853,0.0669307,0.4913422,-0.2238853,0.06693067,0.4913423,-0.2238853,4.770699E-08,0
857,558,857,1,858,0,858,false,rootmotion.finalik.full-body-biped-ik/indexed-pose-backend,None,true,true,1,lyra-5.7/ABP_Mannequin_Base/CR_Mannequin_FootPlant,unreal-engine-5.7/SpringInterpV2/FMath.SpringDamper,corin.animation-rig,87731f0d0ca14844bbf861368b9847b3,corin.foot-placement,6d6118d2f41a5948ddd18dc6d88083c8c5bf77a4682a4ec3fce5d2ec6af01624,c7fd2c730a70465e6baa0d7496f46c9d49c4cc944fadbd61ecba1116729d5817,Corin.FootPlacementRig,2997edf1c34f13f7e2a3033372226eb399379f30c4303fddfe3e97ec1e4bf38d,0,-288406,0.05735743,0.1093773,0.1093773,-0.08038894,0.05735743,true,0,0.1093773,0,1,PelvisPreSolveTranslation,FootGrounding,ModifierNotCompiled,-1,-1,-1,0,,,true,-98068,Sphere,CurrentGrounding,0,-0.4258556,1.47928,2.173418,0,0,0,0,-1,0,0.05,1,4608,0.5735765,-0.4258556,0.9599999,2.173418,-0.4258556,0.9599999,2.173418,0,1,0,0.4692799,Swing,None,false,0,0,0,0,0,0,1,0,0,0,0,0,0,1,0,false,false,false,ModifierNotCompiled,0,0,0,0,0,0,0,0,ModifierNotCompiled,0,0,0,0,FootPlacementEffectorTarget,FootGrounding,true,0.4933308,false,-0.0118103,1,3.651,0.1033888,-98068,-0.4258556,0.9599999,2.173418,0,1,0,0.01182467,0,0.01182467,0,-0.4258556,1.142915,2.173418,-0.4272676,1.063389,2.189958,-0.4458206,1.049325,2.120166,0.1033888,0.08932459,0,1,1,1,1,0.05735743,-0.04019518,0.05425823,0,0.05425823,-0.4340022,-0.04019518,true,0,1,0,1.213402E-09,0.9960054,-0.08929329,-5.297099E-08,-0.8756369,-2.983354,0,1,0,true,0.001759037,0.2402729,-0.1646931,0.001759037,0.2402729,-0.1646931,0.001759037,0.2402729,-0.1646931,0.001759023,0.2402729,-0.1646931,2.082793E-08,0,true,-98078,Sphere,CurrentGrounding,1,-0.4846663,1.624078,2.221452,0,0,0,0,-1,0,0.05,1,4608,0.5735765,-0.4846663,1.2,2.221452,-0.4846663,1.2,2.221452,0,1,0,0.3740777,Swing,None,false,0,0,0,0,0,0,1,0,0,0,0,0,0,1,0,false,false,false,ModifierNotCompiled,0,0,0,0,0,0,0,0,ModifierNotCompiled,0,0,0,0,FootPlacementEffectorTarget,FootGrounding,true,0,false,0.1675339,1,2.989565,0.2331803,-98078,-0.4846663,1.2,2.221452,0,1,0,0,0,0,0,-0.4846663,1.410267,2.221452,-0.4745698,1.43318,2.298652,-0.4890201,1.358578,2.323263,0.2331803,0.1585782,0,1,1,1,1,0.2973574,0.1879802,0.1768123,0,0.1768123,0.1096218,0.1879802,true,0,1,0,9.0313E-36,0.9997799,-0.02097661,-4.450057E-34,0.2094822,0.7139484,0,1,0,true,0.06620021,0.5076246,-0.2048598,0.06620021,0.5076246,-0.2048598,0.06620021,0.5076246,-0.2048598,0.06620021,0.5076247,-0.2048598,1.228781E-07,0
858,559,858,1,859,0,859,false,rootmotion.finalik.full-body-biped-ik/indexed-pose-backend,None,true,true,1,lyra-5.7/ABP_Mannequin_Base/CR_Mannequin_FootPlant,unreal-engine-5.7/SpringInterpV2/FMath.SpringDamper,corin.animation-rig,87731f0d0ca14844bbf861368b9847b3,corin.foot-placement,6d6118d2f41a5948ddd18dc6d88083c8c5bf77a4682a4ec3fce5d2ec6af01624,c7fd2c730a70465e6baa0d7496f46c9d49c4cc944fadbd61ecba1116729d5817,Corin.FootPlacementRig,2997edf1c34f13f7e2a3033372226eb399379f30c4303fddfe3e97ec1e4bf38d,0,-288406,0.07057762,0.1090989,0.1090989,-0.03583422,0.07057762,true,0,0.1090989,0,1,PelvisPreSolveTranslation,FootGrounding,ModifierNotCompiled,-1,-1,-1,0,,,true,-98068,Sphere,CurrentGrounding,0,-0.4295607,1.46658,2.163625,0,0,0,0,-1,0,0.05,1,4608,0.5735765,-0.4295607,0.9599999,2.163625,-0.4295607,0.9599999,2.163625,0,1,0,0.4565804,Swing,None,false,0,0,0,0,0,0,1,0,0,0,0,0,0,1,0,false,false,false,ModifierNotCompiled,0,0,0,0,0,0,0,0,ModifierNotCompiled,0,0,0,0,FootPlacementEffectorTarget,FootGrounding,true,0.3533822,false,-0.01148507,1,3.614216,0.08902955,-98068,-0.4295607,0.9599999,2.163625,0,1,0,0.01299387,0,0.01299387,0,-0.4295607,1.127921,2.163625,-0.4305561,1.049029,2.182993,-0.4486873,1.032359,2.113645,0.08902955,0.07235861,0,1,1,1,1,0.07057762,-0.02552739,0.05224204,0,0.05224204,-0.3753127,-0.02552739,true,0,1,0,9.739524E-10,0.9950987,-0.09888766,-4.259223E-08,-0.3081136,-0.878985,0,1,0,true,0.003106272,0.238499,-0.1813746,0.003106272,0.238499,-0.1813746,0.003106272,0.238499,-0.1813746,0.003106307,0.238499,-0.1813746,7.556385E-08,0,true,-98078,Sphere,CurrentGrounding,1,-0.4904966,1.617638,2.181764,0,0,0,0,-1,0,0.05,1,4608,0.5735765,-0.4904966,1.199999,2.214999,-0.4904966,1.199999,2.214999,0,0.7471032,-0.6647081,0.3802833,Swing,None,false,0,0,0,0,0,0,1,0,0,0,0,0,0,1,0,false,false,false,ModifierNotCompiled,0,0,0,0,0,0,0,0,ModifierNotCompiled,0,0,0,0,FootPlacementEffectorTarget,FootGrounding,true,0,false,0.1721317,1,2.890104,0.1413805,-98078,-0.4904966,1.199999,2.214999,0,0.7471032,-0.6647081,0,0,0,0,-0.4904966,1.404355,2.181764,-0.480859,1.428164,2.258751,-0.4957478,1.353985,2.28422,0.1413805,0.06903209,0,1,1,1,1,0.3105772,0.2014783,0.177618,0,0.177618,0.1998474,0.2014783,true,0,0.7471032,-0.6647081,7.091615E-36,0.9993649,-0.03563382,-3.475662E-34,-2.297662,-5.89704,0,0.7471032,-0.6647081,true,0.06577998,0.5149324,-0.1920619,0.06577998,0.5149324,-0.1920619,0.06577998,0.5149324,-0.1920619,0.06578007,0.5149324,-0.192062,1.013389E-07,0
859,560,859,1,860,0,860,false,rootmotion.finalik.full-body-biped-ik/indexed-pose-backend,None,true,true,1,lyra-5.7/ABP_Mannequin_Base/CR_Mannequin_FootPlant,unreal-engine-5.7/SpringInterpV2/FMath.SpringDamper,corin.animation-rig,87731f0d0ca14844bbf861368b9847b3,corin.foot-placement,6d6118d2f41a5948ddd18dc6d88083c8c5bf77a4682a4ec3fce5d2ec6af01624,c7fd2c730a70465e6baa0d7496f46c9d49c4cc944fadbd61ecba1116729d5817,Corin.FootPlacementRig,2997edf1c34f13f7e2a3033372226eb399379f30c4303fddfe3e97ec1e4bf38d,0,-288406,0.07889986,0.1090454,0.1090454,-0.004812088,0.07889986,true,0,0.1090454,0,1,PelvisPreSolveTranslation,FootGrounding,ModifierNotCompiled,-1,-1,-1,0,,,true,-98068,Sphere,CurrentGrounding,0,-0.4329491,1.45961,2.156768,0,0,0,0,-1,0,0.05,1,4608,0.5735765,-0.4329491,0.9599999,2.156768,-0.4329491,0.9599999,2.156768,0,1,0,0.4496096,Swing,None,false,0,0,0,0,0,0,1,0,0,0,0,0,0,1,0,false,false,false,ModifierNotCompiled,0,0,0,0,0,0,0,0,ModifierNotCompiled,0,0,0,0,FootPlacementEffectorTarget,FootGrounding,true,0.258639,false,-0.01121572,1,3.595391,0.08130646,-98068,-0.4329491,0.9599999,2.156768,0,1,0,0.01288074,0,0.01288074,0,-0.4329491,1.119778,2.156768,-0.4337943,1.041306,2.177779,-0.4506581,1.023064,2.108487,0.08130646,0.06306362,0,1,1,1,1,0.07889986,-0.01726484,0.05112339,0,0.05112339,-0.341297,-0.01726484,true,0,1,0,8.474574E-10,0.9949672,-0.1002006,-3.712713E-08,-0.0634779,0.02105302,0,1,0,true,0.003715062,0.2386783,-0.1909605,0.003715062,0.2386783,-0.1909605,0.003715062,0.2386783,-0.1909605,0.003715042,0.2386783,-0.1909605,2.440283E-08,0,true,-98068,Sphere,CurrentGrounding,1,-0.4951553,1.613123,2.156288,0,0,0,0,-1,0,0.05,1,4608,0.5735765,-0.4951553,0.96,2.156288,-0.4951553,0.96,2.156288,0,1,0,0.6031226,Swing,None,false,0,0,0,0,0,0,1,0,0,0,0,0,0,1,0,false,false,false,ModifierNotCompiled,0,0,0,0,0,0,0,0,ModifierNotCompiled,0,0,0,0,FootPlacementEffectorTarget,FootGrounding,true,0,false,0.1748815,1,2.839851,0.4618611,-98068,-0.4951553,0.96,2.156288,0,1,0,0,0,0,0,-0.4951553,1.397426,2.156288,-0.4870546,1.421861,2.233256,-0.5025687,1.347942,2.259051,0.4618611,0.3879417,0,1,1,1,1,0.07889998,-0.03014546,0.1752576,0,0.1752576,-1.356811,-0.03014546,true,0,1,0,6.106053E-36,0.998677,-0.05142214,-2.976607E-34,-1.575135,-4.01064,0,1,0,true,0.06555119,0.5163256,-0.1841675,0.06555119,0.5163256,-0.1841675,0.06555119,0.5163256,-0.1841675,0.06555118,0.5163257,-0.1841675,6.143906E-08,0
860,561,860,1,861,0,861,false,rootmotion.finalik.full-body-biped-ik/indexed-pose-backend,None,true,true,1,lyra-5.7/ABP_Mannequin_Base/CR_Mannequin_FootPlant,unreal-engine-5.7/SpringInterpV2/FMath.SpringDamper,corin.animation-rig,87731f0d0ca14844bbf861368b9847b3,corin.foot-placement,6d6118d2f41a5948ddd18dc6d88083c8c5bf77a4682a4ec3fce5d2ec6af01624,c7fd2c730a70465e6baa0d7496f46c9d49c4cc944fadbd61ecba1116729d5817,Corin.FootPlacementRig,2997edf1c34f13f7e2a3033372226eb399379f30c4303fddfe3e97ec1e4bf38d,0,-288406,0.09113556,0.1091632,0.1091632,0.04849592,0.09113556,true,0,0.1091632,0,1,PelvisPreSolveTranslation,FootGrounding,ModifierNotCompiled,-1,-1,-1,0,,,true,-98068,Sphere,CurrentGrounding,0,-0.4385998,1.450331,2.145862,0,0,0,0,-1,0,0.05,1,4608,0.5735765,-0.4385998,0.9599999,2.145862,-0.4385998,0.9599999,2.145862,0,1,0,0.4403315,Swing,None,false,0,0,0,0,0,0,1,0,0,0,0,0,0,1,0,false,false,false,ModifierNotCompiled,0,0,0,0,0,0,0,0,ModifierNotCompiled,0,0,0,0,FootPlacementEffectorTarget,FootGrounding,true,0.1194194,false,-0.01081992,1,3.575588,0.07137477,-98068,-0.4385998,0.9599999,2.145862,0,1,0,0.01190513,0,0.01190513,0,-0.4385998,1.109174,2.145862,-0.4392798,1.031375,2.169247,-0.4541309,1.010853,2.100089,0.07137477,0.05085289,0,1,1,1,1,0.09113556,-0.006122537,0.04967929,0,0.04967929,-0.2897553,-0.006122537,true,0,1,0,6.900822E-10,0.9952042,-0.09781871,-3.033024E-08,0.1827201,0.9175937,0,1,0,true,0.00436242,0.2403097,-0.2043231,0.00436242,0.2403097,-0.2043231,0.00436242,0.2403097,-0.2043231,0.004362457,0.2403096,-0.2043233,1.737385E-07,0,true,-98068,Sphere,CurrentGrounding,1,-0.5016205,1.606031,2.118521,0,0,0,0,-1,0,0.05,1,4608,0.5735765,-0.5016205,0.96,2.118521,-0.5016205,0.96,2.118521,0,1,0,0.5960306,Swing,None,false,0,0,0,0,0,0,1,0,0,0,0,0,0,1,0,false,false,false,ModifierNotCompiled,0,0,0,0,0,0,0,0,ModifierNotCompiled,0,0,0,0,FootPlacementEffectorTarget,FootGrounding,true,0,false,0.1789221,1,2.784896,0.4483428,-98068,-0.5016205,0.96,2.118521,0,1,0,0,0,0,0,-0.5016205,1.384311,2.118521,-0.4961548,1.408343,2.195848,-0.5126023,1.334325,2.220728,0.4483428,0.3743249,0,1,1,1,1,0.09113568,-0.01802755,0.1691174,0,0.1691174,-1.303856,-0.01802755,true,0,1,0,4.88598E-36,0.9978589,-0.06540423,-2.370964E-34,-0.7975975,-1.984309,0,1,0,true,0.06525522,0.5154468,-0.1725237,0.06525522,0.5154468,-0.1725237,0.06525522,0.5154468,-0.1725237,0.06525523,0.5154469,-0.1725237,6.82857E-08,0
861,562,861,1,862,0,862,false,rootmotion.finalik.full-body-biped-ik/indexed-pose-backend,None,true,true,1,lyra-5.7/ABP_Mannequin_Base/CR_Mannequin_FootPlant,unreal-engine-5.7/SpringInterpV2/FMath.SpringDamper,corin.animation-rig,87731f0d0ca14844bbf861368b9847b3,corin.foot-placement,6d6118d2f41a5948ddd18dc6d88083c8c5bf77a4682a4ec3fce5d2ec6af01624,c7fd2c730a70465e6baa0d7496f46c9d49c4cc944fadbd61ecba1116729d5817,Corin.FootPlacementRig,2997edf1c34f13f7e2a3033372226eb399379f30c4303fddfe3e97ec1e4bf38d,0,-288406,0.09967113,0.1093967,0.1093967,0.08764803,0.09967113,true,0,0.1093967,0,1,PelvisPreSolveTranslation,FootGrounding,ModifierNotCompiled,-1,-1,-1,0,,,true,-98068,Sphere,CurrentGrounding,0,-0.4428902,1.44437,2.137739,0,0,0,0,-1,0,0.05,1,4608,0.5735765,-0.4428902,0.9599999,2.137739,-0.4428902,0.9599999,2.137739,0,1,0,0.4343696,Swing,None,false,0,0,0,0,0,0,1,0,0,0,0,0,0,1,0,false,false,false,ModifierNotCompiled,0,0,0,0,0,0,0,0,ModifierNotCompiled,0,0,0,0,FootPlacementEffectorTarget,FootGrounding,true,0.02230161,false,-0.01054381,1,3.567384,0.06529689,-98068,-0.4428902,0.9599999,2.137739,0,1,0,0.01077998,0,0.01077998,0,-0.4428902,1.102576,2.137739,-0.4435,1.025297,2.162791,-0.4569631,1.003181,2.093797,0.06529689,0.0431813,0,1,1,1,1,0.09967113,0.001054376,0.04880992,0,0.04880992,-0.2552671,0.001054376,true,0,1,0,5.973919E-10,0.9955657,-0.09406873,-2.632278E-08,0.2939476,1.315954,0,1,0,true,0.004663529,0.2422475,-0.2132302,0.004663529,0.2422475,-0.2132302,0.004663529,0.2422475,-0.2132302,0.004663443,0.2422475,-0.2132302,1.058117E-07,0,true,-98068,Sphere,CurrentGrounding,1,-0.5057094,1.600808,2.092042,0,0,0,0,-1,0,0.05,1,4608,0.5735765,-0.5057094,0.96,2.092042,-0.5057094,0.96,2.092042,0,1,0,0.590808,Swing,None,false,0,0,0,0,0,0,1,0,0,0,0,0,0,1,0,false,false,false,ModifierNotCompiled,0,0,0,0,0,0,0,0,ModifierNotCompiled,0,0,0,0,FootPlacementEffectorTarget,FootGrounding,true,0,false,0.1817408,1,2.7605,0.4381639,-98068,-0.5057094,0.96,2.092042,0,1,0,0,0,0,0,-0.5057094,1.375188,2.092042,-0.5022171,1.398164,2.169803,-0.519248,1.323812,2.193249,0.4381639,0.3638121,0,1,1,1,1,0.09967124,-0.009725481,0.1649835,0,0.1649835,-1.26198,-0.009725481,true,0,1,0,4.174807E-36,0.9975284,-0.07026488,-2.022658E-34,-0.4099187,-0.9764819,0,1,0,true,0.06506354,0.5148594,-0.1643801,0.06506354,0.5148594,-0.1643801,0.06506354,0.5148594,-0.1643801,0.06506354,0.5148596,-0.1643801,1.203678E-07,0
862,563,862,1,863,0,863,false,rootmotion.finalik.full-body-biped-ik/indexed-pose-backend,None,true,true,1,lyra-5.7/ABP_Mannequin_Base/CR_Mannequin_FootPlant,unreal-engine-5.7/SpringInterpV2/FMath.SpringDamper,corin.animation-rig,87731f0d0ca14844bbf861368b9847b3,corin.foot-placement,6d6118d2f41a5948ddd18dc6d88083c8c5bf77a4682a4ec3fce5d2ec6af01624,c7fd2c730a70465e6baa0d7496f46c9d49c4cc944fadbd61ecba1116729d5817,Corin.FootPlacementRig,2997edf1c34f13f7e2a3033372226eb399379f30c4303fddfe3e97ec1e4bf38d,0,-288406,0.1124992,0.1100013,0.1100013,0.1532313,0.1124992,true,0,0.1100013,0,1,PelvisPreSolveTranslation,FootGrounding,ModifierNotCompiled,-1,-1,-1,0,,,true,-98068,Sphere,CurrentGrounding,0,-0.4498422,1.435925,2.124897,0,0,0,0,-1,0,0.05,1,4608,0.5735765,-0.4498422,0.9599999,2.124897,-0.4498422,0.9599999,2.124897,0,1,0,0.4259247,Swing,None,false,0,0,0,0,0,0,1,0,0,0,0,0,0,1,0,false,false,false,ModifierNotCompiled,0,0,0,0,0,0,0,0,ModifierNotCompiled,0,0,0,0,FootPlacementEffectorTarget,FootGrounding,true,0,false,-0.008288618,1,3.566357,0.05724001,-98068,-0.4498422,0.9599999,2.124897,0,1,0,0.008596063,0,0.008596063,0,-0.4498422,1.093644,2.124897,-0.4504511,1.01724,2.152503,-0.4618731,0.9926941,2.083876,0.05724001,0.03269416,0,1,1,1,1,0.1124992,0.01109395,0.047718,0,0.047718,-0.2017642,0.01109395,true,0,1,0,4.806646E-10,0.9962462,-0.0865657,-2.126523E-08,0.394139,1.664468,0,1,0,true,0.004911847,0.2461433,-0.2261514,0.004911847,0.2461433,-0.2261514,0.004911847,0.2461433,-0.2261514,0.004911843,0.2461434,-0.2261515,5.392832E-08,0,true,-98068,Sphere,CurrentGrounding,1,-0.511183,1.592608,2.052085,0,0,0,0,-1,0,0.05,1,4608,0.5735765,-0.511183,0.9600001,2.052085,-0.511183,0.9600001,2.052085,0,1,0,0.5826077,Swing,None,false,0,0,0,0,0,0,1,0,0,0,0,0,0,1,0,false,false,false,ModifierNotCompiled,0,0,0,0,0,0,0,0,ModifierNotCompiled,0,0,0,0,FootPlacementEffectorTarget,FootGrounding,true,0,false,0.1825972,1,2.792171,0.4220992,-98068,-0.511183,0.9600001,2.052085,0,1,0,0,0,0,0,-0.511183,1.36167,2.052085,-0.5108457,1.382099,2.13063,-0.5285835,1.306987,2.150938,0.4220992,0.3469873,0,1,1,1,1,0.1124994,0.002498068,0.1590613,0,0.1590613,-1.188975,0.002498068,true,0,1,0,3.291453E-36,0.9973798,-0.0723429,-1.593483E-34,-0.004447328,0.07410359,0,1,0,true,0.06478714,0.5141697,-0.1521295,0.06478714,0.5141697,-0.1521295,0.06478714,0.5141697,-0.1521295,0.06478711,0.5141698,-0.1521295,6.82857E-08,0
863,564,863,1,864,0,864,false,rootmotion.finalik.full-body-biped-ik/indexed-pose-backend,None,true,true,1,lyra-5.7/ABP_Mannequin_Base/CR_Mannequin_FootPlant,unreal-engine-5.7/SpringInterpV2/FMath.SpringDamper,corin.animation-rig,87731f0d0ca14844bbf861368b9847b3,corin.foot-placement,6d6118d2f41a5948ddd18dc6d88083c8c5bf77a4682a4ec3fce5d2ec6af01624,c7fd2c730a70465e6baa0d7496f46c9d49c4cc944fadbd61ecba1116729d5817,Corin.FootPlacementRig,2997edf1c34f13f7e2a3033372226eb399379f30c4303fddfe3e97ec1e4bf38d,0,-288406,0.126972,0.1110837,0.1110837,0.2329957,0.126972,true,0,0.1110837,0,1,PelvisPreSolveTranslation,FootGrounding,ModifierNotCompiled,-1,-1,-1,0,,,true,-98068,Sphere,CurrentGrounding,0,-0.455183,1.426784,2.109819,0,0,0,0,-1,0,0.05,1,4608,0.5735765,-0.455183,0.9599999,2.109819,-0.455183,0.9599999,2.109819,0,1,0,0.416784,Swing,None,false,0,0,0,0,0,0,1,0,0,0,0,0,0,1,0,false,false,false,ModifierNotCompiled,0,0,0,0,0,0,0,0,ModifierNotCompiled,0,0,0,0,FootPlacementEffectorTarget,FootGrounding,true,0,false,-0.005364873,1,3.569417,0.04939008,-98068,-0.455183,0.9599999,2.109819,0,1,0,0.005668342,0,0.005668342,0,-0.455183,1.084665,2.109819,-0.4558399,1.00939,2.14037,-0.46542,0.9820639,2.072373,0.04939008,0.02206397,0,1,1,1,1,0.126972,0.02155659,0.04679672,0,0.04679672,-0.1412501,0.02155659,true,0,1,0,3.755647E-10,0.9970509,-0.07674205,-1.669445E-08,0.4403601,1.809293,0,1,0,true,0.004940201,0.2516366,-0.2403596,0.004940201,0.2516366,-0.2403596,0.004940201,0.2516366,-0.2403596,0.004940158,0.2516367,-0.2403597,1.158524E-07,0,true,-98068,Sphere,CurrentGrounding,1,-0.5137045,1.582969,2.00717,0,0,0,0,-1,0,0.05,1,4608,0.5735765,-0.5137045,0.96,2.00717,-0.5137045,0.96,2.00717,0,1,0,0.5729686,Swing,None,false,0,0,0,0,0,0,1,0,0,0,0,0,0,1,0,false,false,false,ModifierNotCompiled,0,0,0,0,0,0,0,0,ModifierNotCompiled,0,0,0,0,FootPlacementEffectorTarget,FootGrounding,true,0,false,0.1828763,1,2.850335,0.4033366,-98068,-0.5137045,0.96,2.00717,0,1,0,0,0,0,0,-0.5137045,1.346879,2.00717,-0.5167444,1.363337,2.086585,-0.5348973,1.287222,2.10233,0.4033366,0.3272222,0,1,1,1,1,0.1269721,0.01588836,0.1528262,0,0.1528262,-1.097184,0.01588836,true,0,1,0,2.512275E-36,0.9975658,-0.06973165,-1.217087E-34,0.2695608,0.7794093,0,1,0,true,0.06449042,0.5138506,-0.1383042,0.06449042,0.5138506,-0.1383042,0.06449042,0.5138506,-0.1383042,0.06449045,0.5138506,-0.1383042,2.980232E-08,0
864,565,864,1,865,0,865,false,rootmotion.finalik.full-body-biped-ik/indexed-pose-backend,None,true,true,1,lyra-5.7/ABP_Mannequin_Base/CR_Mannequin_FootPlant,unreal-engine-5.7/SpringInterpV2/FMath.SpringDamper,corin.animation-rig,87731f0d0ca14844bbf861368b9847b3,corin.foot-placement,6d6118d2f41a5948ddd18dc6d88083c8c5bf77a4682a4ec3fce5d2ec6af01624,c7fd2c730a70465e6baa0d7496f46c9d49c4cc944fadbd61ecba1116729d5817,Corin.FootPlacementRig,2997edf1c34f13f7e2a3033372226eb399379f30c4303fddfe3e97ec1e4bf38d,0,-288406,0.1451278,0.113087,0.113087,0.340749,0.1451278,true,0,0.113087,0,1,PelvisPreSolveTranslation,FootGrounding,ModifierNotCompiled,-1,-1,-1,0,,,true,-98068,Sphere,CurrentGrounding,0,-0.4615736,1.415313,2.090588,0,0,0,0,-1,0,0.05,1,4608,0.5735765,-0.4615736,0.9599999,2.090588,-0.4615736,0.9599999,2.090588,0,1,0,0.4053131,Swing,None,false,0,0,0,0,0,0,1,0,0,0,0,0,0,1,0,false,false,false,ModifierNotCompiled,0,0,0,0,0,0,0,0,ModifierNotCompiled,0,0,0,0,FootPlacementEffectorTarget,FootGrounding,true,0,false,-0.001695212,1,3.577758,0.04090238,-98068,-0.4615736,0.9599999,2.090588,0,1,0,0.001772881,0,0.001772881,0,-0.4615736,1.074516,2.090588,-0.4624877,1.000902,2.124942,-0.4700377,0.9699985,2.058,0.04090238,0.00999856,0,1,1,1,1,0.1451278,0.03381366,0.04611619,0,0.04611619,-0.06372447,0.03381366,true,0,1,0,2.752055E-10,0.9979432,-0.06410362,-1.230634E-08,0.4376636,1.767656,0,1,0,true,0.004700721,0.2596442,-0.2581474,0.004700721,0.2596442,-0.2581474,0.004700721,0.2596442,-0.2581474,0.004700733,0.2596442,-0.2581474,1.257285E-08,0,true,-98068,Sphere,CurrentGrounding,1,-0.5146961,1.57048,1.950923,0,0,0,0,-1,0,0.05,1,4608,0.5735765,-0.5146961,0.96,1.950923,-0.5146961,0.96,1.950923,0,1,0,0.5604802,Swing,None,false,0,0,0,0,0,0,1,0,0,0,0,0,0,1,0,false,false,false,ModifierNotCompiled,0,0,0,0,0,0,0,0,ModifierNotCompiled,0,0,0,0,FootPlacementEffectorTarget,FootGrounding,true,0,false,0.1832265,1,2.939529,0.3796357,-98068,-0.5146961,0.96,1.950923,0,1,0,0,0,0,0,-0.5146961,1.329327,1.950923,-0.5220623,1.339636,2.031088,-0.5401921,1.262399,2.039985,0.3796357,0.3023989,0,1,1,1,1,0.1451279,0.03204089,0.14576,0,0.14576,-0.9712381,0.03204089,true,0,1,0,1.787717E-36,0.9980465,-0.06247514,-8.67918E-35,0.434459,1.197252,0,1,0,true,0.06415876,0.5144551,-0.12106,0.06415876,0.5144551,-0.12106,0.06415876,0.5144551,-0.12106,0.06415875,0.5144551,-0.12106,6.322027E-08,0
865,566,865,1,866,0,866,false,rootmotion.finalik.full-body-biped-ik/indexed-pose-backend,None,true,true,1,lyra-5.7/ABP_Mannequin_Base/CR_Mannequin_FootPlant,unreal-engine-5.7/SpringInterpV2/FMath.SpringDamper,corin.animation-rig,87731f0d0ca14844bbf861368b9847b3,corin.foot-placement,6d6118d2f41a5948ddd18dc6d88083c8c5bf77a4682a4ec3fce5d2ec6af01624,c7fd2c730a70465e6baa0d7496f46c9d49c4cc944fadbd61ecba1116729d5817,Corin.FootPlacementRig,2997edf1c34f13f7e2a3033372226eb399379f30c4303fddfe3e97ec1e4bf38d,0,-288406,0.1528629,0.1141672,0.1141672,0.3842718,0.1528629,true,0,0.1141672,0,1,PelvisPreSolveTranslation,FootGrounding,ModifierNotCompiled,-1,-1,-1,0,,,true,-98068,Sphere,CurrentGrounding,0,-0.4646389,1.410291,2.082444,0,0,0,0,-1,0,0.05,1,4608,0.5735765,-0.4646389,0.9599999,2.082444,-0.4646389,0.9599999,2.082444,0,1,0,0.4002907,Swing,None,false,0,0,0,0,0,0,1,0,0,0,0,0,0,1,0,false,false,false,ModifierNotCompiled,0,0,0,0,0,0,0,0,ModifierNotCompiled,0,0,0,0,FootPlacementEffectorTarget,FootGrounding,true,0,false,-0.0001317831,1,3.658577,0.0376367,-98068,-0.4646389,0.9599999,2.082444,0,1,0,0.0001577139,0,0.0001577139,0,-0.4646389,1.070443,2.082444,-0.4657629,0.9976366,2.118471,-0.4724915,0.9651603,2.05208,0.0376367,0.005160332,0,1,1,1,1,0.1528629,0.03885338,0.04598519,0,0.04598519,-0.03281728,0.03885338,true,0,1,0,2.40894E-10,0.9982634,-0.05890749,-1.079883E-08,0.4241085,1.704877,0,1,0,true,0.004552026,0.2633061,-0.265881,0.004552026,0.2633061,-0.265881,0.004552026,0.2633061,-0.265881,0.004551968,0.2633063,-0.265881,1.628963E-07,0,true,-98068,Sphere,CurrentGrounding,1,-0.514744,1.565079,1.926991,0,0,0,0,-1,0,0.05,1,4608,0.5735765,-0.514744,0.96,1.926991,-0.514744,0.96,1.926991,0,1,0,0.555079,Swing,None,false,0,0,0,0,0,0,1,0,0,0,0,0,0,1,0,false,false,false,ModifierNotCompiled,0,0,0,0,0,0,0,0,ModifierNotCompiled,0,0,0,0,FootPlacementEffectorTarget,FootGrounding,true,0,false,0.1828541,1,2.923413,0.369664,-98068,-0.514744,0.96,1.926991,0,1,0,0,0,0,0,-0.514744,1.322248,1.926991,-0.5240021,1.329664,2.007279,-0.5419288,1.252076,2.013,0.369664,0.2920759,0,1,1,1,1,0.152863,0.03869578,0.1430022,0,0.1430022,-0.9187174,0.03869578,true,0,1,0,1.545596E-36,0.9982747,-0.05871719,-7.512308E-35,0.4647736,1.271237,0,1,0,true,0.06404009,0.5151114,-0.1137717,0.06404009,0.5151114,-0.1137717,0.06404009,0.5151114,-0.1137717,0.06404014,0.5151115,-0.1137716,1.13972E-07,0
866,567,866,1,867,0,867,false,rootmotion.finalik.full-body-biped-ik/indexed-pose-backend,None,true,true,1,lyra-5.7/ABP_Mannequin_Base/CR_Mannequin_FootPlant,unreal-engine-5.7/SpringInterpV2/FMath.SpringDamper,corin.animation-rig,87731f0d0ca14844bbf861368b9847b3,corin.foot-placement,6d6118d2f41a5948ddd18dc6d88083c8c5bf77a4682a4ec3fce5d2ec6af01624,c7fd2c730a70465e6baa0d7496f46c9d49c4cc944fadbd61ecba1116729d5817,Corin.FootPlacementRig,2997edf1c34f13f7e2a3033372226eb399379f30c4303fddfe3e97ec1e4bf38d,0,-288406,0.1610885,0.1154575,0.1154575,0.4315032,0.1610885,true,0,0.1154575,0,1,PelvisPreSolveTranslation,FootGrounding,ModifierNotCompiled,-1,-1,-1,0,,,true,-98068,Sphere,CurrentGrounding,0,-0.4676468,1.404825,2.073902,0,0,0,0,-1,0,0.05,1,4608,0.5735765,-0.4676468,0.9599999,2.073902,-0.4676468,0.9599999,2.073902,0,1,0,0.3948247,Swing,None,false,0,0,0,0,0,0,1,0,0,0,0,0,0,1,0,false,false,false,ModifierNotCompiled,0,0,0,0,0,0,0,0,ModifierNotCompiled,0,0,0,0,FootPlacementEffectorTarget,FootGrounding,true,0,false,0.001530726,1,3.748413,0.03437817,-98068,-0.4676468,0.9599999,2.073902,0,1,0,0,0,0,0,-0.4676468,1.066248,2.073902,-0.4690058,0.9943781,2.111756,-0.4750175,0.9601883,2.046042,0.03437817,0.0001883507,0,1,1,1,1,0.1610885,0.04563096,0.0459654,0,0.0459654,0.01056271,0.04563096,true,0,1,0,2.090522E-10,0.998561,-0.05362731,-9.395636E-09,0.4048889,1.6211,0,1,0,true,0.004394051,0.2673362,-0.2742539,0.004394051,0.2673362,-0.2742539,0.004394051,0.2673362,-0.2742539,0.004394032,0.2673363,-0.274254,1.531573E-07,0,true,-98068,Sphere,CurrentGrounding,1,-0.5143731,1.559305,1.9017,0,0,0,0,-1,0,0.05,1,4608,0.5735765,-0.5143731,0.96,1.9017,-0.5143731,0.96,1.9017,0,1,0,0.5493054,Swing,None,false,0,0,0,0,0,0,1,0,0,0,0,0,0,1,0,false,false,false,ModifierNotCompiled,0,0,0,0,0,0,0,0,ModifierNotCompiled,0,0,0,0,FootPlacementEffectorTarget,FootGrounding,true,0,false,0.1824362,1,2.903959,0.3592249,-98068,-0.5143731,0.96,1.9017,0,1,0,0,0,0,0,-0.5143731,1.315004,1.9017,-0.5254998,1.319225,1.981982,-0.5430827,1.24138,1.984258,0.3592249,0.2813799,0,1,1,1,1,0.1610886,0.04563108,0.1402414,0,0.1402414,-0.861703,0.04563108,true,0,1,0,1.323939E-36,0.9985104,-0.05456321,-6.443277E-35,0.4792213,1.303735,0,1,0,true,0.06393601,0.5160929,-0.1060526,0.06393601,0.5160929,-0.1060526,0.06393601,0.5160929,-0.1060526,0.06393597,0.516093,-0.1060526,1.275334E-07,0
867,568,867,1,868,0,868,false,rootmotion.finalik.full-body-biped-ik/indexed-pose-backend,None,true,true,1,lyra-5.7/ABP_Mannequin_Base/CR_Mannequin_FootPlant,unreal-engine-5.7/SpringInterpV2/FMath.SpringDamper,corin.animation-rig,87731f0d0ca14844bbf861368b9847b3,corin.foot-placement,6d6118d2f41a5948ddd18dc6d88083c8c5bf77a4682a4ec3fce5d2ec6af01624,c7fd2c730a70465e6baa0d7496f46c9d49c4cc944fadbd61ecba1116729d5817,Corin.FootPlacementRig,2997edf1c34f13f7e2a3033372226eb399379f30c4303fddfe3e97ec1e4bf38d,0,-288406,0.1728408,0.1175584,0.1175584,0.501744,0.1728408,true,0,0.1175584,0,1,PelvisPreSolveTranslation,FootGrounding,ModifierNotCompiled,-1,-1,-1,0,,,true,-98068,Sphere,CurrentGrounding,0,-0.4661379,1.397059,2.061344,0,0,0,0,-1,0,0.05,1,4608,0.5735765,-0.4661379,0.9599999,2.061344,-0.4661379,0.9599999,2.061344,0,1,0,0.3870593,Swing,None,false,0,0,0,0,0,0,1,0,0,0,0,0,0,1,0,false,false,false,ModifierNotCompiled,0,0,0,0,0,0,0,0,ModifierNotCompiled,0,0,0,0,FootPlacementEffectorTarget,FootGrounding,true,0,false,0.003905537,1,3.877915,0.03048104,-98068,-0.4661379,0.9599999,2.061344,0,1,0,0,0,0,0,-0.4661379,1.060795,2.061344,-0.4671538,0.990481,2.102025,-0.4735909,0.9536726,2.037611,0.03048104,-0.006327271,0.006327271,1,1,1,1,0.1728408,0.05528242,0.04617685,0,0.04617685,0.07519926,0.05528242,true,0,1,0,1.707159E-10,0.998913,-0.04661398,-7.699966E-09,0.3722032,1.483551,0,1,0,true,0.004049482,0.2736355,-0.2853616,0.004049482,0.2736355,-0.2853616,0.004049482,0.2736355,-0.2853616,0.004049465,0.2736355,-0.2853615,1.499516E-07,0,true,-98068,Sphere,CurrentGrounding,1,-0.511672,1.550959,1.866718,0,0,0,0,-1,0,0.05,1,4608,0.5735765,-0.511672,0.96,1.866718,-0.511672,0.96,1.866718,0,1,0,0.5409592,Swing,None,false,0,0,0,0,0,0,1,0,0,0,0,0,0,1,0,false,false,false,ModifierNotCompiled,0,0,0,0,0,0,0,0,ModifierNotCompiled,0,0,0,0,FootPlacementEffectorTarget,FootGrounding,true,0,false,0.1818392,1,2.876369,0.3445864,-98068,-0.511672,0.96,1.866718,0,1,0,0,0,0,0,-0.511672,1.305134,1.866718,-0.5237334,1.304586,1.946975,-0.5407503,1.226622,1.944506,0.3445864,0.2666217,0,1,1,1,1,0.172841,0.05528254,0.1366162,0,0.1366162,-0.7777529,0.05528254,true,0,1,0,1.061511E-36,0.9988179,-0.04860961,-5.175903E-35,0.4769537,1.2909,0,1,0,true,0.06388053,0.5179747,-0.09464547,0.06388053,0.5179747,-0.09464547,0.06388053,0.5179747,-0.09464547,0.06388058,0.5179747,-0.09464535,1.301188E-07,0
868,569,868,1,869,0,869,false,rootmotion.finalik.full-body-biped-ik/indexed-pose-backend,None,true,true,1,lyra-5.7/ABP_Mannequin_Base/CR_Mannequin_FootPlant,unreal-engine-5.7/SpringInterpV2/FMath.SpringDamper,corin.animation-rig,87731f0d0ca14844bbf861368b9847b3,corin.foot-placement,6d6118d2f41a5948ddd18dc6d88083c8c5bf77a4682a4ec3fce5d2ec6af01624,c7fd2c730a70465e6baa0d7496f46c9d49c4cc944fadbd61ecba1116729d5817,Corin.FootPlacementRig,2997edf1c34f13f7e2a3033372226eb399379f30c4303fddfe3e97ec1e4bf38d,0,-288406,0.1859096,0.1202639,0.1202639,0.5811811,0.1859096,true,0,0.1202639,0,1,PelvisPreSolveTranslation,FootGrounding,ModifierNotCompiled,-1,-1,-1,0,,,true,-98068,Sphere,CurrentGrounding,0,-0.4642916,1.388075,2.047367,0,0,0,0,-1,0,0.05,1,4608,0.5735765,-0.4642916,0.9599999,2.047367,-0.4642916,0.9599999,2.047367,0,1,0,0.3780746,Swing,None,false,0,0,0,0,0,0,1,0,0,0,0,0,0,1,0,false,false,false,ModifierNotCompiled,0,0,0,0,0,0,0,0,ModifierNotCompiled,0,0,0,0,FootPlacementEffectorTarget,FootGrounding,true,0,false,0.00654638,1,4.023403,0.02680743,-98068,-0.4642916,0.9599999,2.047367,0,1,0,0,0,0,0,-0.4642916,1.055086,2.047367,-0.4649498,0.9868073,2.091386,-0.4718039,0.9469025,2.028707,0.02680743,-0.01309741,0.01309741,1,1,1,1,0.1859096,0.06564564,0.04674726,0,0.04674726,0.1463219,0.06564564,true,0,1,0,1.362364E-10,0.9992158,-0.03959597,-6.167881E-09,0.3324316,1.319968,0,1,0,true,0.003527749,0.2809954,-0.2976909,0.003527749,0.2809954,-0.2976909,0.003527749,0.2809954,-0.2976909,0.003527746,0.2809954,-0.2976909,2.998005E-08,0,true,-98068,Sphere,CurrentGrounding,1,-0.5087769,1.541763,1.827922,0,0,0,0,-1,0,0.05,1,4608,0.5735765,-0.5087769,0.96,1.827922,-0.5087769,0.96,1.827922,0,1,0,0.5317626,Swing,None,false,0,0,0,0,0,0,1,0,0,0,0,0,0,1,0,false,false,false,ModifierNotCompiled,0,0,0,0,0,0,0,0,ModifierNotCompiled,0,0,0,0,FootPlacementEffectorTarget,FootGrounding,true,0,false,0.1811754,1,2.845974,0.3291485,-98068,-0.5087769,0.96,1.827922,0,1,0,0,0,0,0,-0.5087769,1.295054,1.827922,-0.5218337,1.289149,1.907806,-0.5381591,1.211387,1.900013,0.3291485,0.2513866,0,1,1,1,1,0.1859097,0.06564575,0.1330275,0,0.1330275,-0.6835991,0.06564575,true,0,1,0,8.30365E-37,0.9991081,-0.04222726,-4.057297E-35,0.4535525,1.222903,0,1,0,true,0.0638903,0.5209637,-0.08207195,0.0638903,0.5209637,-0.08207195,0.0638903,0.5209637,-0.08207195,0.06389032,0.5209637,-0.08207199,4.998001E-08,0
869,570,869,1,870,0,870,false,rootmotion.finalik.full-body-biped-ik/indexed-pose-backend,None,true,true,1,lyra-5.7/ABP_Mannequin_Base/CR_Mannequin_FootPlant,unreal-engine-5.7/SpringInterpV2/FMath.SpringDamper,corin.animation-rig,87731f0d0ca14844bbf861368b9847b3,corin.foot-placement,6d6118d2f41a5948ddd18dc6d88083c8c5bf77a4682a4ec3fce5d2ec6af01624,c7fd2c730a70465e6baa0d7496f46c9d49c4cc944fadbd61ecba1116729d5817,Corin.FootPlacementRig,2997edf1c34f13f7e2a3033372226eb399379f30c4303fddfe3e97ec1e4bf38d,0,-288406,0.1998114,0.1235739,0.1235739,0.666183,0.1998114,true,0,0.1235739,0,1,PelvisPreSolveTranslation,FootGrounding,ModifierNotCompiled,-1,-1,-1,0,,,true,-98068,Sphere,CurrentGrounding,0,-0.4624586,1.377635,2.034916,0,0,0,0,-1,0,0.05,1,4608,0.5735765,-0.4624586,0.9599999,2.034916,-0.4624586,0.9599999,2.034916,0,1,0,0.3676348,Swing,None,false,0,0,0,0,0,0,1,0,0,0,0,0,0,1,0,false,false,false,ModifierNotCompiled,0,0,0,0,0,0,0,0,ModifierNotCompiled,0,0,0,0,FootPlacementEffectorTarget,FootGrounding,true,0,false,0.008080237,1,4.057968,0.02311522,-98068,-0.4624586,0.9599999,2.034916,0,1,0,0,0,0,0,-0.4624586,1.048943,2.034916,-0.4628026,0.9831151,2.082526,-0.470001,0.9398745,2.021975,0.02311522,-0.02012539,0.02012539,1,1,1,1,0.1998114,0.07623752,0.0477342,0,0.0477342,0.2199922,0.07623752,true,0,1,0,1.071281E-10,0.9994537,-0.03304983,-4.868186E-09,0.2897389,1.146831,0,1,0,true,0.002963106,0.2887544,-0.3132282,0.002963106,0.2887544,-0.3132282,0.002963106,0.2887544,-0.3132282,0.002963103,0.2887544,-0.3132282,2.328306E-09,0,true,-98068,Sphere,CurrentGrounding,1,-0.5058177,1.532347,1.788131,0,0,0,0,-1,0,0.05,1,4608,0.5735765,-0.5058177,0.96,1.788131,-0.5058177,0.96,1.788131,0,1,0,0.522347,Swing,None,false,0,0,0,0,0,0,1,0,0,0,0,0,0,1,0,false,false,false,ModifierNotCompiled,0,0,0,0,0,0,0,0,ModifierNotCompiled,0,0,0,0,FootPlacementEffectorTarget,FootGrounding,true,0,false,0.182563,1,2.76614,0.3143743,-98068,-0.5058177,0.96,1.788131,0,1,0,0,0,0,0,-0.5058177,1.285642,1.788131,-0.5198407,1.274374,1.867272,-0.5353799,1.197169,1.854156,0.3143743,0.2371688,0,1,1,1,1,0.1998115,0.07623764,0.1297208,0,0.1297208,-0.5840182,0.07623764,true,0,1,0,6.395499E-37,0.9993538,-0.03594313,-3.131538E-35,0.4150293,1.115901,0,1,0,true,0.06388137,0.5254532,-0.07018057,0.06388137,0.5254532,-0.07018057,0.06388137,0.5254532,-0.07018057,0.0638814,0.5254532,-0.07018062,8.940697E-08,0
870,571,870,1,871,0,871,false,rootmotion.finalik.full-body-biped-ik/indexed-pose-backend,None,true,true,1,lyra-5.7/ABP_Mannequin_Base/CR_Mannequin_FootPlant,unreal-engine-5.7/SpringInterpV2/FMath.SpringDamper,corin.animation-rig,87731f0d0ca14844bbf861368b9847b3,corin.foot-placement,6d6118d2f41a5948ddd18dc6d88083c8c5bf77a4682a4ec3fce5d2ec6af01624,c7fd2c730a70465e6baa0d7496f46c9d49c4cc944fadbd61ecba1116729d5817,Corin.FootPlacementRig,2997edf1c34f13f7e2a3033372226eb399379f30c4303fddfe3e97ec1e4bf38d,0,-288406,0.2068757,0.1254302,0.1254302,0.7070832,0.2068757,true,0,0.1254302,0,1,PelvisPreSolveTranslation,FootGrounding,ModifierNotCompiled,-1,-1,-1,0,,,true,-98068,Sphere,CurrentGrounding,0,-0.4614439,1.371855,2.030232,0,0,0,0,-1,0,0.05,1,4608,0.5735765,-0.4614439,0.9599999,2.030232,-0.4614439,0.9599999,2.030232,0,1,0,0.361855,Swing,None,false,0,0,0,0,0,0,1,0,0,0,0,0,0,1,0,false,false,false,ModifierNotCompiled,0,0,0,0,0,0,0,0,ModifierNotCompiled,0,0,0,0,FootPlacementEffectorTarget,FootGrounding,true,0,false,0.008659559,1,4.057594,0.02372706,-98068,-0.4614439,0.9599999,2.030232,0,1,0,0,0,0,0,-0.4614439,1.045668,2.030232,-0.4616108,0.981149,2.079601,-0.4690056,0.9362729,2.020205,0.0211491,-0.02372706,0.02372706,1,1,1,1,0.2068757,0.08144544,0.04838328,0,0.04838328,0.2547165,0.08144544,true,0,1,0,9.477361E-11,0.9995478,-0.03006857,-4.314507E-09,0.2686322,1.061868,0,1,0,true,0.002722176,0.2925442,-0.3227465,0.002722176,0.2925442,-0.3227465,0.002722176,0.2925442,-0.3227465,0.002722152,0.2925443,-0.3227466,1.538433E-07,0,true,-98068,Sphere,CurrentGrounding,1,-0.504425,1.527844,1.768937,0,0,0,0,-1,0,0.05,1,4608,0.5735765,-0.504425,0.9599999,1.768937,-0.504425,0.9599999,1.768937,0,1,0,0.517844,Swing,None,false,0,0,0,0,0,0,1,0,0,0,0,0,0,1,0,false,false,false,ModifierNotCompiled,0,0,0,0,0,0,0,0,ModifierNotCompiled,0,0,0,0,FootPlacementEffectorTarget,FootGrounding,true,0,false,0.183596,1,2.719691,0.3077489,-98068,-0.504425,0.9599999,1.768937,0,1,0,0,0,0,0,-0.504425,1.281511,1.768937,-0.5188079,1.267749,1.847617,-0.5339561,1.190923,1.832044,0.3077489,0.2309233,0,1,1,1,1,0.2068757,0.08144544,0.1282365,0,0.1282365,-0.535639,0.08144544,true,0,1,0,5.599827E-37,0.9994559,-0.03298423,-2.744714E-35,0.3925303,1.054237,0,1,0,true,0.06385721,0.5283864,-0.0650929,0.06385721,0.5283864,-0.0650929,0.06385721,0.5283864,-0.0650929,0.06385719,0.5283864,-0.06509295,5.424105E-08,0
871,572,871,1,872,0,872,false,rootmotion.finalik.full-body-biped-ik/indexed-pose-backend,None,true,true,1,lyra-5.7/ABP_Mannequin_Base/CR_Mannequin_FootPlant,unreal-engine-5.7/SpringInterpV2/FMath.SpringDamper,corin.animation-rig,87731f0d0ca14844bbf861368b9847b3,corin.foot-placement,6d6118d2f41a5948ddd18dc6d88083c8c5bf77a4682a4ec3fce5d2ec6af01624,c7fd2c730a70465e6baa0d7496f46c9d49c4cc944fadbd61ecba1116729d5817,Corin.FootPlacementRig,2997edf1c34f13f7e2a3033372226eb399379f30c4303fddfe3e97ec1e4bf38d,0,-288406,0.2181088,0.1286019,0.1286019,0.7740167,0.2181088,true,0,0.1286019,0,1,PelvisPreSolveTranslation,FootGrounding,ModifierNotCompiled,-1,-1,-1,0,,,true,-98068,Sphere,CurrentGrounding,0,-0.4590149,1.361239,2.023853,0,0,0,0,-1,0,0.05,1,4608,0.5735765,-0.4590149,0.9599999,2.023853,-0.4590149,0.9599999,2.023853,0,1,0,0.3512387,Swing,None,false,0,0,0,0,0,0,1,0,0,0,0,0,0,1,0,false,false,false,ModifierNotCompiled,0,0,0,0,0,0,0,0,ModifierNotCompiled,0,0,0,0,FootPlacementEffectorTarget,FootGrounding,true,0,false,0.009580032,1,4.058731,0.03029722,-98068,-0.4590149,0.9599999,2.023853,0,1,0,0,0,0,0,-0.4590149,1.039443,2.023853,-0.4587302,0.9769589,2.075774,-0.4666061,0.9297027,2.018205,0.01695901,-0.03029722,0.03029722,1,1,1,1,0.2181088,0.08950689,0.04960198,0,0.04960198,0.3099628,0.08950689,true,0,1,0,7.801745E-11,0.9996669,-0.02580594,-3.561334E-09,0.2367686,0.9341943,0,1,0,true,0.002304484,0.2975514,-0.3388653,0.002304484,0.2975514,-0.3388653,0.002304484,0.2975514,-0.3388653,0.002304446,0.2975514,-0.3388653,9.721955E-08,0,true,-98068,Sphere,CurrentGrounding,1,-0.5025487,1.521647,1.738873,0,0,0,0,-1,0,0.05,1,4608,0.5735765,-0.5025487,0.9599999,1.738873,-0.5025487,0.9599999,1.738873,0,1,0,0.5116475,Swing,None,false,0,0,0,0,0,0,1,0,0,0,0,0,0,1,0,false,false,false,ModifierNotCompiled,0,0,0,0,0,0,0,0,ModifierNotCompiled,0,0,0,0,FootPlacementEffectorTarget,FootGrounding,true,0,false,0.1852373,1,2.648672,0.2986891,-98068,-0.5025487,0.9599999,1.738873,0,1,0,0,0,0,0,-0.5025487,1.276397,1.738873,-0.5171936,1.258689,1.816712,-0.5317848,1.182632,1.797304,0.2986891,0.2226324,0,1,1,1,1,0.2181088,0.08950689,0.1261471,0,0.1261471,-0.4582858,0.08950689,true,0,1,0,4.536092E-37,0.9995893,-0.02865675,-2.226673E-35,0.3553518,0.9529945,0,1,0,true,0.06391837,0.5345054,-0.05724061,0.06391837,0.5345054,-0.05724061,0.06391837,0.5345054,-0.05724061,0.06391833,0.5345054,-0.05724064,4.770699E-08,0
872,573,872,1,873,0,873,false,rootmotion.finalik.full-body-biped-ik/indexed-pose-backend,None,true,true,1,lyra-5.7/ABP_Mannequin_Base/CR_Mannequin_FootPlant,unreal-engine-5.7/SpringInterpV2/FMath.SpringDamper,corin.animation-rig,87731f0d0ca14844bbf861368b9847b3,corin.foot-placement,6d6118d2f41a5948ddd18dc6d88083c8c5bf77a4682a4ec3fce5d2ec6af01624,c7fd2c730a70465e6baa0d7496f46c9d49c4cc944fadbd61ecba1116729d5817,Corin.FootPlacementRig,2997edf1c34f13f7e2a3033372226eb399379f30c4303fddfe3e97ec1e4bf38d,0,-288406,0.2264555,0.1311446,0.1311446,0.8223203,0.2264555,true,0,0.1311446,0,1,PelvisPreSolveTranslation,FootGrounding,ModifierNotCompiled,-1,-1,-1,0,,,true,-98068,Sphere,CurrentGrounding,0,-0.4569535,1.353339,2.018902,0,0,0,0,-1,0,0.05,1,4608,0.5735765,-0.4569535,0.9599999,2.018902,-0.4569535,0.9599999,2.018902,0,1,0,0.343339,Swing,None,false,0,0,0,0,0,0,1,0,0,0,0,0,0,1,0,false,false,false,ModifierNotCompiled,0,0,0,0,0,0,0,0,ModifierNotCompiled,0,0,0,0,FootPlacementEffectorTarget,FootGrounding,true,0,false,0.01026398,1,4.060949,0.03473675,-98068,-0.4569535,0.9599999,2.018902,0,1,0,0,0,0,0,-0.4569535,1.035141,2.018902,-0.4563363,0.9741887,2.072609,-0.4645281,0.9252632,2.016427,0.01418877,-0.03473675,0.03473675,1,1,1,1,0.2264555,0.09531094,0.05065783,0,0.05065783,0.348825,0.09531094,true,0,1,0,6.749544E-11,0.9997359,-0.02298155,-3.086903E-09,0.2145755,0.8456265,0,1,0,true,0.001878596,0.3015968,-0.3506289,0.001878596,0.3015968,-0.3506289,0.001878596,0.3015968,-0.3506289,0.001878556,0.3015969,-0.3506288,1.292032E-07,0,true,-98068,Sphere,CurrentGrounding,1,-0.5012176,1.517113,1.716559,0,0,0,0,-1,0,0.05,1,4608,0.5735765,-0.5012176,0.96,1.735,-0.5012176,0.96,1.735,0,0.9295039,-0.3688123,0.5106379,Swing,None,false,0,0,0,0,0,0,1,0,0,0,0,0,0,1,0,false,false,false,ModifierNotCompiled,0,0,0,0,0,0,0,0,ModifierNotCompiled,0,0,0,0,FootPlacementEffectorTarget,FootGrounding,true,0,false,0.1864568,1,2.598256,0.2505073,-98068,-0.5012176,0.96,1.735,0,0.9295039,-0.3688123,0,0,0,0,-0.5012176,1.273062,1.716559,-0.5160117,1.252817,1.793748,-0.5301962,1.177353,1.771883,0.2505073,0.1884271,0,1,1,1,1,0.2264556,0.09531106,0.1248038,0,0.1248038,-0.4026847,0.09531106,true,0,0.9295039,-0.3688123,3.881202E-37,0.9995501,-0.02999368,-1.905846E-35,-0.1490931,-1.615886,0,0.9295039,-0.3688123,true,0.06396421,0.5395171,-0.05143674,0.06396421,0.5395171,-0.05143674,0.06396421,0.5395171,-0.05143674,0.06396423,0.5395171,-0.05143681,7.778635E-08,0
873,574,873,1,874,0,874,false,rootmotion.finalik.full-body-biped-ik/indexed-pose-backend,None,true,true,1,lyra-5.7/ABP_Mannequin_Base/CR_Mannequin_FootPlant,unreal-engine-5.7/SpringInterpV2/FMath.SpringDamper,corin.animation-rig,87731f0d0ca14844bbf861368b9847b3,corin.foot-placement,6d6118d2f41a5948ddd18dc6d88083c8c5bf77a4682a4ec3fce5d2ec6af01624,c7fd2c730a70465e6baa0d7496f46c9d49c4cc944fadbd61ecba1116729d5817,Corin.FootPlacementRig,2997edf1c34f13f7e2a3033372226eb399379f30c4303fddfe3e97ec1e4bf38d,0,-288406,0.234006,0.1335767,0.1335767,0.8654745,0.234006,true,0,0.1335767,0,1,PelvisPreSolveTranslation,FootGrounding,ModifierNotCompiled,-1,-1,-1,0,,,true,-98068,Sphere,CurrentGrounding,0,-0.4548721,1.346889,2.013696,0,0,0,0,-1,0,0.05,1,4608,0.5735765,-0.4548721,0.9599999,2.013696,-0.4548721,0.9599999,2.013696,0,1,0,0.3368889,Swing,None,false,0,0,0,0,0,0,1,0,0,0,0,0,0,1,0,false,false,false,ModifierNotCompiled,0,0,0,0,0,0,0,0,ModifierNotCompiled,0,0,0,0,FootPlacementEffectorTarget,FootGrounding,true,0,false,0.01128629,1,4.053817,0.0377354,-98068,-0.4548721,0.9599999,2.013696,0,1,0,0,0,0,0,-0.4548721,1.032183,2.013696,-0.4539793,0.9726939,2.069016,-0.4624152,0.9222645,2.014173,0.012694,-0.0377354,0.0377354,1,1,1,1,0.234006,0.1004293,0.05171739,0,0.05171739,0.3827437,0.1004293,true,0,1,0,5.919573E-11,0.9997865,-0.0206629,-2.711779E-09,0.1957247,0.7705957,0,1,0,true,0.001409625,0.3061892,-0.3605402,0.001409625,0.3061892,-0.3605402,0.001409625,0.3061892,-0.3605402,0.001409616,0.3061893,-0.3605402,1.231637E-07,0,true,-98068,Sphere,CurrentGrounding,1,-0.4999857,1.512462,1.696354,0,0,0,0,-1,0,0.05,1,4608,0.5735765,-0.4999857,0.96,1.735,-0.4999857,0.96,1.735,0,0.634501,-0.772922,0.5207368,Swing,None,false,0,0,0,0,0,0,1,0,0,0,0,0,0,1,0,false,false,false,ModifierNotCompiled,0,0,0,0,0,0,0,0,ModifierNotCompiled,0,0,0,0,FootPlacementEffectorTarget,FootGrounding,true,0,false,0.187141,1,2.564127,0.1533266,-98068,-0.4999857,0.96,1.735,0,0.634501,-0.772922,0,0,0,0,-0.4999857,1.269777,1.696354,-0.5148723,1.248106,1.773137,-0.5286953,1.172984,1.749904,0.1533266,0.1236192,0,1,1,1,1,0.2340062,0.1004294,0.1237383,0,0.1237383,-0.3534667,0.1004294,true,0,0.634501,-0.772922,3.382808E-37,0.9991481,-0.04126918,-1.655546E-35,-2.315657,-5.815455,0,0.634501,-0.772922,true,0.06393467,0.5437831,-0.04616522,0.06393467,0.5437831,-0.04616522,0.06393467,0.5437831,-0.04616522,0.06393463,0.5437832,-0.04616526,1.314452E-07,0
874,575,874,1,875,0,875,false,rootmotion.finalik.full-body-biped-ik/indexed-pose-backend,None,true,true,1,lyra-5.7/ABP_Mannequin_Base/CR_Mannequin_FootPlant,unreal-engine-5.7/SpringInterpV2/FMath.SpringDamper,corin.animation-rig,87731f0d0ca14844bbf861368b9847b3,corin.foot-placement,6d6118d2f41a5948ddd18dc6d88083c8c5bf77a4682a4ec3fce5d2ec6af01624,c7fd2c730a70465e6baa0d7496f46c9d49c4cc944fadbd61ecba1116729d5817,Corin.FootPlacementRig,2997edf1c34f13f7e2a3033372226eb399379f30c4303fddfe3e97ec1e4bf38d,0,-288406,0.002955079,0.1333247,0.1333247,-0.7019621,0.002955079,true,0,0.1333247,0,1,PelvisPreSolveTranslation,FootGrounding,ModifierNotCompiled,-1,-1,-1,0,,,true,-98068,Sphere,CurrentGrounding,0,-0.4522083,1.340474,2.006169,0,0,0,0,-1,0,0.05,1,4608,0.5735765,-0.4522083,0.9599999,2.006169,-0.4522083,0.9599999,2.006169,0,1,0,0.3304737,Swing,None,false,0,0,0,0,0,0,1,0,0,0,0,0,0,1,0,false,false,false,ModifierNotCompiled,0,0,0,0,0,0,0,0,ModifierNotCompiled,0,0,0,0,FootPlacementEffectorTarget,FootGrounding,true,0,false,0.01557076,1,3.977175,0.04290438,-98068,-0.4522083,0.9599999,2.006169,0,1,0,0,0,0,0,-0.4522083,1.026939,2.006169,-0.4510527,0.9693659,2.063476,-0.4597104,0.9170955,2.010408,0.009365976,-0.04290438,0.04290438,1,1,1,1,0.242955,0.1096303,0.05314069,0,0.05314069,0.4441736,0.1096303,true,0,1,0,5.066873E-11,0.9998346,-0.01818786,-2.325476E-09,0.1749794,0.6882136,0,1,0,true,0.0008312466,0.3098942,-0.3709356,0.0008312466,0.3098942,-0.3709356,0.0008312466,0.3098942,-0.3709356,0.0008312576,0.3098942,-0.3709356,1.094304E-08,0,true,-98058,Sphere,CurrentGrounding,1,-0.4984107,1.505601,1.672312,0,0,0,0,-1,0,0.05,1,4608,0.5735765,-0.4984107,0.72,1.672312,-0.4984107,0.72,1.672312,0,1,0,0.7356009,Swing,None,false,0,0,0,0,0,0,1,0,0,0,0,0,0,1,0,false,false,false,ModifierNotCompiled,0,0,0,0,0,0,0,0,ModifierNotCompiled,0,0,0,0,FootPlacementEffectorTarget,FootGrounding,true,0,false,0.1847618,1,2.611094,0.5153977,-98058,-0.4984107,0.72,1.672312,0,1,0,0,0,0,0,-0.4984107,1.258335,1.672312,-0.513344,1.235398,1.748717,-0.5267515,1.16058,1.724288,0.5153977,0.4405802,0,1,1,1,1,0.002955079,-0.1303696,0.119409,0,0.119409,-1.892527,-0.1303696,true,0,1,0,2.879391E-37,0.9983294,-0.05777863,-1.401237E-35,-1.524362,-3.789969,0,1,0,true,0.06373483,0.5412897,-0.03981829,0.06373483,0.5412897,-0.03981829,0.06373483,0.5412897,-0.03981829,0.06373478,0.5412897,-0.03981835,7.450581E-08,0
875,576,875,1,876,0,876,false,rootmotion.finalik.full-body-biped-ik/indexed-pose-backend,None,true,true,1,lyra-5.7/ABP_Mannequin_Base/CR_Mannequin_FootPlant,unreal-engine-5.7/SpringInterpV2/FMath.SpringDamper,corin.animation-rig,87731f0d0ca14844bbf861368b9847b3,corin.foot-placement,6d6118d2f41a5948ddd18dc6d88083c8c5bf77a4682a4ec3fce5d2ec6af01624,c7fd2c730a70465e6baa0d7496f46c9d49c4cc944fadbd61ecba1116729d5817,Corin.FootPlacementRig,2997edf1c34f13f7e2a3033372226eb399379f30c4303fddfe3e97ec1e4bf38d,0,-288406,0.01685488,0.1297842,0.1297842,-0.6511872,0.01685488,true,0,0.1297842,0,1,PelvisPreSolveTranslation,FootGrounding,ModifierNotCompiled,-1,-1,-1,0,,,true,-98068,Sphere,CurrentGrounding,0,-0.4486604,1.33263,1.990954,0,0,0,0,-1,0,0.05,1,4608,0.5735765,-0.4486604,0.9599999,1.990954,-0.4486604,0.9599999,1.990954,0,1,0,0.3226297,Swing,None,false,0,0,0,0,0,0,1,0,0,0,0,0,0,1,0,false,false,false,ModifierNotCompiled,0,0,0,0,0,0,0,0,ModifierNotCompiled,0,0,0,0,FootPlacementEffectorTarget,FootGrounding,true,0,false,0.02222238,1,3.890198,0.05110747,-98068,-0.4486604,0.9599999,1.990954,0,1,0,0,0,0,0,-0.4486604,1.018241,1.990954,-0.4473698,0.9643279,2.051713,-0.4561596,0.9088925,2.002049,0.004328012,-0.05110747,0.05110747,1,1,1,1,0.2568548,0.1270706,0.0558273,0,0.0558273,0.5641539,0.1270706,true,0,1,0,3.98016E-11,0.9998893,-0.01487713,-1.831665E-09,0.1462171,0.5742942,0,1,0,true,0.0002682647,0.315096,-0.3836,0.0002682647,0.315096,-0.3836,0.0002682647,0.315096,-0.3836,0.0002682209,0.3150961,-0.3836,1.160492E-07,0,true,-98058,Sphere,CurrentGrounding,1,-0.4959512,1.490986,1.634665,0,0,0,0,-1,0,0.05,1,4608,0.5735765,-0.4959512,0.72,1.634665,-0.4959512,0.72,1.634665,0,1,0,0.7209855,Swing,None,false,0,0,0,0,0,0,1,0,0,0,0,0,0,1,0,false,false,false,ModifierNotCompiled,0,0,0,0,0,0,0,0,ModifierNotCompiled,0,0,0,0,FootPlacementEffectorTarget,FootGrounding,true,0,false,0.181068,1,2.728133,0.485334,-98058,-0.4959512,0.72,1.634665,0,1,0,0,0,0,0,-0.4959512,1.230577,1.634665,-0.510865,1.205334,1.710344,-0.5236452,1.131151,1.68374,0.485334,0.4111514,0,1,1,1,1,0.01685488,-0.1129293,0.1098073,0,0.1098073,-1.774791,-0.1129293,true,0,1,0,2.233754E-37,0.9974084,-0.07194778,-1.081959E-35,-0.6578928,-1.577072,0,1,0,true,0.06295917,0.5274318,-0.02969649,0.06295917,0.5274318,-0.02969649,0.06295917,0.5274318,-0.02969649,0.06295913,0.5274318,-0.02969643,6.715862E-08,0
876,577,876,1,877,0,877,false,rootmotion.finalik.full-body-biped-ik/indexed-pose-backend,None,true,true,1,lyra-5.7/ABP_Mannequin_Base/CR_Mannequin_FootPlant,unreal-engine-5.7/SpringInterpV2/FMath.SpringDamper,corin.animation-rig,87731f0d0ca14844bbf861368b9847b3,corin.foot-placement,6d6118d2f41a5948ddd18dc6d88083c8c5bf77a4682a4ec3fce5d2ec6af01624,c7fd2c730a70465e6baa0d7496f46c9d49c4cc944fadbd61ecba1116729d5817,Corin.FootPlacementRig,2997edf1c34f13f7e2a3033372226eb399379f30c4303fddfe3e97ec1e4bf38d,0,-288406,0.0364576,0.1253559,0.1253559,-0.5540968,0.0364576,true,0,0.1253559,0,1,PelvisPreSolveTranslation,FootGrounding,ModifierNotCompiled,-1,-1,-1,0,,,true,-98068,Sphere,CurrentGrounding,0,-0.4446521,1.32288,1.964841,0,0,0,0,-1,0,0.05,1,4608,0.5735765,-0.4446521,0.9599999,1.964841,-0.4446521,0.9599999,1.964841,0,1,0,0.3128803,Swing,None,false,0,0,0,0,0,0,1,0,0,0,0,0,0,1,0,false,false,false,ModifierNotCompiled,0,0,0,0,0,0,0,0,ModifierNotCompiled,0,0,0,0,FootPlacementEffectorTarget,FootGrounding,true,0,false,0.03159957,1,3.837906,0.05865371,-98068,-0.4446521,0.9599999,1.964841,0,1,0,0,0,0,0,-0.4446521,1.008913,1.964841,-0.4436834,0.9614472,2.030766,-0.4523299,0.9013462,1.987084,0.00144726,-0.05865371,0.05865371,1,1,1,1,0.2764575,0.1511016,0.06067641,0,0.06067641,0.7328634,0.1511016,true,0,1,0,2.830934E-11,0.9999379,-0.0111438,-1.307312E-09,0.1123502,0.4405617,0,1,0,true,0.0002698156,0.3253701,-0.3968716,0.0002698156,0.3253701,-0.3968716,0.0002698156,0.3253701,-0.3968716,0.0002697557,0.3253702,-0.3968716,8.445849E-08,0,true,-98058,Sphere,CurrentGrounding,1,-0.4924467,1.464454,1.581356,0,0,0,0,-1,0,0.05,1,4608,0.5735765,-0.4924467,0.72,1.581356,-0.4924467,0.72,1.581356,0,1,0,0.6944542,Swing,None,false,0,0,0,0,0,0,1,0,0,0,0,0,0,1,0,false,false,false,ModifierNotCompiled,0,0,0,0,0,0,0,0,ModifierNotCompiled,0,0,0,0,FootPlacementEffectorTarget,FootGrounding,true,0,false,0.1758607,1,2.972402,0.4384673,-98058,-0.4924467,0.72,1.581356,0,1,0,0,0,0,0,-0.4924467,1.187249,1.581356,-0.5071497,1.158467,1.655802,-0.5191166,1.085426,1.625869,0.4384673,0.3654262,0,1,1,1,1,0.0364576,-0.08889829,0.09743936,0,0.09743936,-1.584769,-0.08889829,true,0,1,0,1.554094E-37,0.9970742,-0.07643973,-7.51544E-36,0.0470999,0.2147475,0,1,0,true,0.06125204,0.503707,-0.01526115,0.06125204,0.503707,-0.01526115,0.06125204,0.503707,-0.01526115,0.06125207,0.5037071,-0.01526126,1.693266E-07,0
877,578,877,1,878,0,878,false,rootmotion.finalik.full-body-biped-ik/indexed-pose-backend,None,true,true,1,lyra-5.7/ABP_Mannequin_Base/CR_Mannequin_FootPlant,unreal-engine-5.7/SpringInterpV2/FMath.SpringDamper,corin.animation-rig,87731f0d0ca14844bbf861368b9847b3,corin.foot-placement,6d6118d2f41a5948ddd18dc6d88083c8c5bf77a4682a4ec3fce5d2ec6af01624,c7fd2c730a70465e6baa0d7496f46c9d49c4cc944fadbd61ecba1116729d5817,Corin.FootPlacementRig,2997edf1c34f13f7e2a3033372226eb399379f30c4303fddfe3e97ec1e4bf38d,0,-288406,0.04447997,0.1237491,0.1237491,-0.5126064,0.04447997,true,0,0.1237491,0,1,PelvisPreSolveTranslation,FootGrounding,ModifierNotCompiled,-1,-1,-1,0,,,true,-98068,Sphere,CurrentGrounding,0,-0.442878,1.319415,1.953849,0,0,0,0,-1,0,0.05,1,4608,0.5735765,-0.442878,0.9599999,1.953849,-0.442878,0.9599999,1.953849,0,1,0,0.3094152,Swing,None,false,0,0,0,0,0,0,1,0,0,0,0,0,0,1,0,false,false,false,ModifierNotCompiled,0,0,0,0,0,0,0,0,ModifierNotCompiled,0,0,0,0,FootPlacementEffectorTarget,FootGrounding,true,0,false,0.03896357,1,3.883691,0.06034195,-98068,-0.442878,0.9599999,1.953849,0,1,0,0,0,0,0,-0.442878,1.006183,1.953849,-0.4421256,0.961324,2.021578,-0.450618,0.899658,1.980372,0.001324058,-0.06034195,0.06034195,1,1,1,1,0.2844799,0.1607308,0.06301893,0,0.06301893,0.7943639,0.1607308,true,0,1,0,2.46123E-11,0.9999512,-0.009880434,-1.138078E-09,0.1005282,0.3939772,0,1,0,true,0.0002144934,0.3306631,-0.4020026,0.0002144934,0.3306631,-0.4020026,0.0002144934,0.3306631,-0.4020026,0.0002145022,0.3306631,-0.4020026,6.025559E-08,0,true,-98058,Sphere,CurrentGrounding,1,-0.4909284,1.452099,1.559293,0,0,0,0,-1,0,0.05,1,4608,0.5735765,-0.4909284,0.72,1.559293,-0.4909284,0.72,1.559293,0,1,0,0.6820995,Swing,None,false,0,0,0,0,0,0,1,0,0,0,0,0,0,1,0,false,false,false,ModifierNotCompiled,0,0,0,0,0,0,0,0,ModifierNotCompiled,0,0,0,0,FootPlacementEffectorTarget,FootGrounding,true,0,false,0.1698935,1,3.094038,0.4183534,-98058,-0.4909284,0.72,1.559293,0,1,0,0,0,0,0,-0.4909284,1.168615,1.559293,-0.5054846,1.138353,1.63318,-0.5171473,1.065847,1.601859,0.4183534,0.3458469,0,1,1,1,1,0.04447997,-0.07926909,0.09276689,0,0.09276689,-1.507231,-0.07926909,true,0,1,0,1.337879E-37,0.9971808,-0.07503649,-6.472104E-36,0.2169849,0.6434942,0,1,0,true,0.06040451,0.4930953,-0.009115219,0.06040451,0.4930953,-0.009115219,0.06040451,0.4930953,-0.009115219,0.06040447,0.4930953,-0.009115219,4.097819E-08,0
878,579,878,1,879,0,879,false,rootmotion.finalik.full-body-biped-ik/indexed-pose-backend,None,true,true,1,lyra-5.7/ABP_Mannequin_Base/CR_Mannequin_FootPlant,unreal-engine-5.7/SpringInterpV2/FMath.SpringDamper,corin.animation-rig,87731f0d0ca14844bbf861368b9847b3,corin.foot-placement,6d6118d2f41a5948ddd18dc6d88083c8c5bf77a4682a4ec3fce5d2ec6af01624,c7fd2c730a70465e6baa0d7496f46c9d49c4cc944fadbd61ecba1116729d5817,Corin.FootPlacementRig,2997edf1c34f13f7e2a3033372226eb399379f30c4303fddfe3e97ec1e4bf38d,0,-288406,0.05260485,0.1222561,0.1222561,-0.4674724,0.05260485,true,0,0.1222561,0,1,PelvisPreSolveTranslation,FootGrounding,ModifierNotCompiled,-1,-1,-1,0,,,true,-98068,Sphere,CurrentGrounding,0,-0.4408348,1.316447,1.943151,0,0,0,0,-1,0,0.05,1,4608,0.5735765,-0.4408348,0.9599999,1.943151,-0.4408348,0.9599999,1.943151,0,1,0,0.3064466,Swing,None,false,0,0,0,0,0,0,1,0,0,0,0,0,0,1,0,false,false,false,ModifierNotCompiled,0,0,0,0,0,0,0,0,ModifierNotCompiled,0,0,0,0,FootPlacementEffectorTarget,FootGrounding,true,0,false,0.0465971,1,3.936846,0.06112194,-98068,-0.4408348,0.9599999,1.943151,0,1,0,0,0,0,0,-0.4408348,1.004282,1.943151,-0.4403095,0.9617542,2.01237,-0.4485853,0.898878,1.973449,0.001754284,-0.06112194,0.06112194,1,1,1,1,0.2926047,0.1703486,0.06557923,0,0.06557923,0.8553171,0.1703486,true,0,1,0,2.135762E-11,0.9999619,-0.008738617,-9.888389E-10,0.08968013,0.3512742,0,1,0,true,-6.18101E-05,0.3368868,-0.4076326,-6.18101E-05,0.3368868,-0.4076326,-6.18101E-05,0.3368868,-0.4076326,-6.173179E-05,0.3368868,-0.4076326,1.150617E-07,0,true,-98058,Sphere,CurrentGrounding,1,-0.4893656,1.438935,1.536713,0,0,0,0,-1,0,0.05,1,4608,0.5735765,-0.4893656,0.72,1.536713,-0.4893656,0.72,1.536713,0,1,0,0.6689351,Swing,None,false,0,0,0,0,0,0,1,0,0,0,0,0,0,1,0,false,false,false,ModifierNotCompiled,0,0,0,0,0,0,0,0,ModifierNotCompiled,0,0,0,0,FootPlacementEffectorTarget,FootGrounding,true,0,false,0.1636591,1,3.219373,0.3977069,-98058,-0.4893656,0.72,1.536713,0,1,0,0,0,0,0,-0.4893656,1.14947,1.536713,-0.5037467,1.117707,1.61,-0.5151155,1.045777,1.577274,0.3977069,0.3257768,0,1,1,1,1,0.05260485,-0.06965127,0.08827922,0,0.08827922,-1.426474,-0.06965127,true,0,1,0,1.149117E-37,0.9973722,-0.07244801,-5.562983E-36,0.3394657,0.9506777,0,1,0,true,0.05948258,0.4820752,-0.002660667,0.05948258,0.4820752,-0.002660667,0.05948258,0.4820752,-0.002660667,0.05948257,0.4820752,-0.002660722,8.136723E-08,0
879,580,879,1,880,0,880,false,rootmotion.finalik.full-body-biped-ik/indexed-pose-backend,None,true,true,1,lyra-5.7/ABP_Mannequin_Base/CR_Mannequin_FootPlant,unreal-engine-5.7/SpringInterpV2/FMath.SpringDamper,corin.animation-rig,87731f0d0ca14844bbf861368b9847b3,corin.foot-placement,6d6118d2f41a5948ddd18dc6d88083c8c5bf77a4682a4ec3fce5d2ec6af01624,c7fd2c730a70465e6baa0d7496f46c9d49c4cc944fadbd61ecba1116729d5817,Corin.FootPlacementRig,2997edf1c34f13f7e2a3033372226eb399379f30c4303fddfe3e97ec1e4bf38d,0,-288406,0.06013685,0.1209999,0.1209999,-0.4233899,0.06013685,true,0,0.1209999,0,1,PelvisPreSolveTranslation,FootGrounding,ModifierNotCompiled,-1,-1,-1,0,,,true,-98068,Sphere,CurrentGrounding,0,-0.4398866,1.314615,1.934181,0,0,0,0,-1,0,0.05,1,4608,0.5735765,-0.4398866,0.9599999,1.934181,-0.4398866,0.9599999,1.934181,0,1,0,0.304615,Swing,None,false,0,0,0,0,0,0,1,0,0,0,0,0,0,1,0,false,false,false,ModifierNotCompiled,0,0,0,0,0,0,0,0,ModifierNotCompiled,0,0,0,0,FootPlacementEffectorTarget,FootGrounding,true,0,false,0.05367467,1,3.989957,0.06056595,-98068,-0.4398866,0.9599999,1.934181,0,1,0,0,0,0,0,-0.4398866,1.003734,1.934181,-0.4397776,0.963097,2.004528,-0.4476535,0.899434,1.967526,0.003097117,-0.06056595,0.06056595,1,1,1,1,0.3001367,0.1791368,0.06811891,0,0.06811891,0.9102143,0.1791368,true,0,1,0,1.872325E-11,0.9999697,-0.007791652,-8.678523E-10,0.08056095,0.3154091,0,1,0,true,-0.0004000904,0.3438707,-0.4138258,-0.0004000904,0.3438707,-0.4138258,-0.0004000904,0.3438707,-0.4138258,-0.0004000887,0.3438706,-0.4138258,6.666066E-08,0,true,-98058,Sphere,CurrentGrounding,1,-0.4879615,1.426284,1.515382,0,0,0,0,-1,0,0.05,1,4608,0.5735765,-0.4879615,0.72,1.515382,-0.4879615,0.72,1.515382,0,1,0,0.6562842,Swing,None,false,0,0,0,0,0,0,1,0,0,0,0,0,0,1,0,false,false,false,ModifierNotCompiled,0,0,0,0,0,0,0,0,ModifierNotCompiled,0,0,0,0,FootPlacementEffectorTarget,FootGrounding,true,0,false,0.1578789,1,3.337142,0.3784651,-98058,-0.4879615,0.72,1.515382,0,1,0,0,0,0,0,-0.4879615,1.131626,1.515382,-0.5023284,1.098465,1.588051,-0.5133433,1.027101,1.553993,0.3784651,0.3071005,0,1,1,1,1,0.06013685,-0.06086309,0.08434216,0,0.08434216,-1.350319,-0.06086309,true,0,1,0,9.976989E-38,0.9975948,-0.06931542,-4.834369E-36,0.4177667,1.145246,0,1,0,true,0.05858565,0.4717632,0.00357621,0.05858565,0.4717632,0.00357621,0.05858565,0.4717632,0.00357621,0.05858565,0.4717631,0.003576219,1.195202E-07,0
880,581,880,1,881,0,881,false,rootmotion.finalik.full-body-biped-ik/indexed-pose-backend,None,true,true,1,lyra-5.7/ABP_Mannequin_Base/CR_Mannequin_FootPlant,unreal-engine-5.7/SpringInterpV2/FMath.SpringDamper,corin.animation-rig,87731f0d0ca14844bbf861368b9847b3,corin.foot-placement,6d6118d2f41a5948ddd18dc6d88083c8c5bf77a4682a4ec3fce5d2ec6af01624,c7fd2c730a70465e6baa0d7496f46c9d49c4cc944fadbd61ecba1116729d5817,Corin.FootPlacementRig,2997edf1c34f13f7e2a3033372226eb399379f30c4303fddfe3e97ec1e4bf38d,0,-288406,0.07295084,0.1191732,0.1191732,-0.3410409,0.07295084,true,0,0.1191732,0,1,PelvisPreSolveTranslation,FootGrounding,ModifierNotCompiled,-1,-1,-1,0,,,true,-98068,Sphere,CurrentGrounding,0,-0.4385481,1.313448,1.920724,0,0,0,0,-1,0,0.05,1,4608,0.5735765,-0.4385481,0.9599999,1.920724,-0.4385481,0.9599999,1.920724,0,1,0,0.3034482,Swing,None,false,0,0,0,0,0,0,1,0,0,0,0,0,0,1,0,false,false,false,ModifierNotCompiled,0,0,0,0,0,0,0,0,ModifierNotCompiled,0,0,0,0,FootPlacementEffectorTarget,FootGrounding,true,0,false,0.06571592,1,4.088357,0.05678558,-98068,-0.4385481,0.9599999,1.920724,0,1,0,0,0,0,0,-0.4385481,1.005406,1.920724,-0.4393229,0.9676843,1.992672,-0.4463291,0.9032143,1.958699,0.00768441,-0.05678558,0.05678558,1,1,1,1,0.3129508,0.1937777,0.07278516,0,0.07278516,1.003493,0.1937777,true,0,1,0,1.496929E-11,0.9999795,-0.006402405,-6.951202E-10,0.06697419,0.2620261,0,1,0,true,-0.0009179655,0.3583574,-0.4261747,-0.0009179655,0.3583574,-0.4261747,-0.0009179655,0.3583574,-0.4261747,-0.0009179823,0.3583574,-0.4261748,6.193298E-08,0,true,-98058,Sphere,CurrentGrounding,1,-0.4855361,1.404135,1.478395,0,0,0,0,-1,0,0.05,1,4608,0.5735765,-0.4855361,0.7199999,1.478395,-0.4855361,0.7199999,1.478395,0,1,0,0.6341348,Swing,None,false,0,0,0,0,0,0,1,0,0,0,0,0,0,1,0,false,false,false,ModifierNotCompiled,0,0,0,0,0,0,0,0,ModifierNotCompiled,0,0,0,0,FootPlacementEffectorTarget,FootGrounding,true,0,false,0.1480447,1,3.540523,0.3459154,-98058,-0.4855361,0.7199999,1.478395,0,1,0,0,0,0,0,-0.4855361,1.101474,1.478395,-0.4998744,1.065915,1.549927,-0.5102768,0.9955949,1.513582,0.3459154,0.2755949,0,1,1,1,1,0.07295084,-0.04622231,0.07816651,0,0.07816651,-1.215511,-0.04622231,true,0,1,0,7.845619E-38,0.9980106,-0.06304561,-3.808821E-36,0.4928609,1.327832,0,1,0,true,0.05700435,0.4544253,0.01485561,0.05700435,0.4544253,0.01485561,0.05700435,0.4544253,0.01485561,0.05700435,0.4544255,0.01485547,1.829782E-07,0
881,582,881,1,882,0,882,false,rootmotion.finalik.full-body-biped-ik/indexed-pose-backend,None,true,true,1,lyra-5.7/ABP_Mannequin_Base/CR_Mannequin_FootPlant,unreal-engine-5.7/SpringInterpV2/FMath.SpringDamper,corin.animation-rig,87731f0d0ca14844bbf861368b9847b3,corin.foot-placement,6d6118d2f41a5948ddd18dc6d88083c8c5bf77a4682a4ec3fce5d2ec6af01624,c7fd2c730a70465e6baa0d7496f46c9d49c4cc944fadbd61ecba1116729d5817,Corin.FootPlacementRig,2997edf1c34f13f7e2a3033372226eb399379f30c4303fddfe3e97ec1e4bf38d,0,-288406,0.08664256,0.1176776,0.1176776,-0.2478221,0.08664256,true,0,0.1176776,0,1,PelvisPreSolveTranslation,FootGrounding,ModifierNotCompiled,-1,-1,-1,0,,,true,-98068,Sphere,CurrentGrounding,0,-0.4369247,1.31329,1.906801,0,0,0,0,-1,0,0.05,1,4608,0.5735765,-0.4369247,0.9599999,1.906801,-0.4369247,0.9599999,1.906801,0,1,0,0.3032897,Swing,None,false,0,0,0,0,0,0,1,0,0,0,0,0,0,1,0,false,false,false,ModifierNotCompiled,0,0,0,0,0,0,0,0,ModifierNotCompiled,0,0,0,0,FootPlacementEffectorTarget,FootGrounding,true,0,false,0.07965456,1,4.156313,0.0505479,-98068,-0.4369247,0.9599999,1.906801,0,1,0,0,0,0,0,-0.4369247,1.009221,1.906801,-0.4387128,0.9743689,1.980164,-0.4448581,0.909452,1.949047,0.01436895,-0.0505479,0.0505479,1,1,1,1,0.3266426,0.208965,0.07825335,0,0.07825335,1.097929,0.208965,true,0,1,0,1.178298E-11,0.9999866,-0.00517975,-5.481617E-10,0.05479584,0.2142327,0,1,0,true,-0.001638136,0.3758633,-0.439822,-0.001638136,0.3758633,-0.439822,-0.001638136,0.3758633,-0.439822,-0.001638111,0.3758634,-0.439822,1.218566E-07,0,true,-98058,Sphere,CurrentGrounding,1,-0.4829323,1.380174,1.437773,0,0,0,0,-1,0,0.05,1,4608,0.5735765,-0.4829323,0.7199999,1.437773,-0.4829323,0.7199999,1.437773,0,1,0,0.6101736,Swing,None,false,0,0,0,0,0,0,1,0,0,0,0,0,0,1,0,false,false,false,ModifierNotCompiled,0,0,0,0,0,0,0,0,ModifierNotCompiled,0,0,0,0,FootPlacementEffectorTarget,FootGrounding,true,0,false,0.1375372,1,3.78968,0.3119484,-98058,-0.4829323,0.7199999,1.437773,0,1,0,0,0,0,0,-0.4829323,1.070146,1.437773,-0.4972098,1.031948,1.507944,-0.5069568,0.9628923,1.46908,0.3119484,0.2428924,0,1,1,1,1,0.08664256,-0.03103503,0.07229506,0,0.07229506,-1.070153,-0.03103503,true,0,1,0,6.067484E-38,0.9984438,-0.05576623,-2.952316E-36,0.5167302,1.379351,0,1,0,true,0.05529533,0.4367889,0.02800492,0.05529533,0.4367889,0.02800492,0.05529533,0.4367889,0.02800492,0.05529525,0.4367889,0.02800491,8.37362E-08,0
882,583,882,1,883,0,883,false,rootmotion.finalik.full-body-biped-ik/indexed-pose-backend,None,true,true,1,lyra-5.7/ABP_Mannequin_Base/CR_Mannequin_FootPlant,unreal-engine-5.7/SpringInterpV2/FMath.SpringDamper,corin.animation-rig,87731f0d0ca14844bbf861368b9847b3,corin.foot-placement,6d6118d2f41a5948ddd18dc6d88083c8c5bf77a4682a4ec3fce5d2ec6af01624,c7fd2c730a70465e6baa0d7496f46c9d49c4cc944fadbd61ecba1116729d5817,Corin.FootPlacementRig,2997edf1c34f13f7e2a3033372226eb399379f30c4303fddfe3e97ec1e4bf38d,0,-288406,0.1013414,0.1166231,0.1166231,-0.1432234,0.1013414,true,0,0.1166231,0,1,PelvisPreSolveTranslation,FootGrounding,ModifierNotCompiled,-1,-1,-1,0,,,true,-98068,Sphere,CurrentGrounding,0,-0.4346414,1.312072,1.890144,0,0,0,0,-1,0,0.05,1,4608,0.5735765,-0.4346414,0.9599999,1.890144,-0.4346414,0.9599999,1.890144,0,1,0,0.3020721,Swing,None,false,0,0,0,0,0,0,1,0,0,0,0,0,0,1,0,false,false,false,ModifierNotCompiled,0,0,0,0,0,0,0,0,ModifierNotCompiled,0,0,0,0,FootPlacementEffectorTarget,FootGrounding,true,0,false,0.09611407,1,4.167096,0.0438745,-98068,-0.4346414,0.9599999,1.890144,0,1,0,0,0,0,0,-0.4346414,1.01334,1.890144,-0.4374249,0.981584,1.964869,-0.44309,0.9161254,1.936561,0.02158403,-0.0438745,0.0438745,1,1,1,1,0.3413414,0.2247183,0.08464523,0,0.08464523,1.192773,0.2247183,true,0,1,0,9.110349E-12,0.9999915,-0.004116724,-4.246071E-10,0.04402382,0.1720055,0,1,0,true,-0.003014613,0.394682,-0.4527555,-0.003014613,0.394682,-0.4527555,-0.003014613,0.394682,-0.4527555,-0.003014594,0.3946819,-0.4527555,1.207285E-07,0,true,-98058,Sphere,CurrentGrounding,1,-0.4801831,1.354798,1.392862,0,0,0,0,-1,0,0.05,1,4608,0.5735765,-0.4801831,0.7199999,1.392862,-0.4801831,0.7199999,1.392862,0,1,0,0.5847977,Swing,None,false,0,0,0,0,0,0,1,0,0,0,0,0,0,1,0,false,false,false,ModifierNotCompiled,0,0,0,0,0,0,0,0,ModifierNotCompiled,0,0,0,0,FootPlacementEffectorTarget,FootGrounding,true,0,false,0.1262566,1,4.108725,0.27709,-98058,-0.4801831,0.7199999,1.392862,0,1,0,0,0,0,0,-0.4801831,1.03825,1.392862,-0.494401,0.9970899,1.461349,-0.5034125,0.9296061,1.419649,0.27709,0.2096062,0,1,1,1,1,0.1013414,-0.01528172,0.06682918,0,0.06682918,-0.914589,-0.01528172,true,0,1,0,4.604277E-38,0.9988479,-0.04798853,-2.246004E-36,0.5023479,1.333291,0,1,0,true,0.05350006,0.4195916,0.0433998,0.05350006,0.4195916,0.0433998,0.05350006,0.4195916,0.0433998,0.05350009,0.4195915,0.04339978,7.087849E-08,0
883,584,883,1,884,0,884,false,rootmotion.finalik.full-body-biped-ik/indexed-pose-backend,None,true,true,1,lyra-5.7/ABP_Mannequin_Base/CR_Mannequin_FootPlant,unreal-engine-5.7/SpringInterpV2/FMath.SpringDamper,corin.animation-rig,87731f0d0ca14844bbf861368b9847b3,corin.foot-placement,6d6118d2f41a5948ddd18dc6d88083c8c5bf77a4682a4ec3fce5d2ec6af01624,c7fd2c730a70465e6baa0d7496f46c9d49c4cc944fadbd61ecba1116729d5817,Corin.FootPlacementRig,2997edf1c34f13f7e2a3033372226eb399379f30c4303fddfe3e97ec1e4bf38d,0,-288406,0.1142648,0.11618,0.11618,-0.0499698,0.1142648,true,0,0.11618,0,1,PelvisPreSolveTranslation,FootGrounding,ModifierNotCompiled,-1,-1,-1,0,,,true,-98068,Sphere,CurrentGrounding,0,-0.4321477,1.311247,1.875986,0,0,0,0,-1,0,0.05,1,4608,0.5735765,-0.4321477,0.9599999,1.875986,-0.4321477,0.9599999,1.875986,0,1,0,0.3012471,Swing,None,false,0,0,0,0,0,0,1,0,0,0,0,0,0,1,0,false,false,false,ModifierNotCompiled,0,0,0,0,0,0,0,0,ModifierNotCompiled,0,0,0,0,FootPlacementEffectorTarget,FootGrounding,true,0,false,0.1105853,1,4.177899,0.03674984,-98068,-0.4321477,0.9599999,1.875986,0,1,0,0,0,0,0,-0.4321477,1.018111,1.875986,-0.4358077,0.9893681,1.951883,-0.4413571,0.9232501,1.926173,0.02936816,-0.03674984,0.03674984,1,1,1,1,0.3542648,0.2380849,0.09068388,0,0.09068388,1.268679,0.2380849,true,0,1,0,7.263678E-12,0.9999944,-0.003357787,-3.390543E-10,0.03621846,0.1414351,0,1,0,true,-0.00510037,0.4123759,-0.464601,-0.00510037,0.4123759,-0.464601,-0.00510037,0.4123759,-0.464601,-0.005100191,0.4123758,-0.464601,1.912644E-07,0,true,-98058,Sphere,CurrentGrounding,1,-0.4777875,1.332562,1.353737,0,0,0,0,-1,0,0.05,1,4608,0.5735765,-0.4777875,0.7199999,1.353737,-0.4777875,0.7199999,1.353737,0,1,0,0.5625621,Swing,None,false,0,0,0,0,0,0,1,0,0,0,0,0,0,1,0,false,false,false,ModifierNotCompiled,0,0,0,0,0,0,0,0,ModifierNotCompiled,0,0,0,0,FootPlacementEffectorTarget,FootGrounding,true,0,false,0.1163388,1,4.400154,0.247937,-98058,-0.4777875,0.7199999,1.353737,0,1,0,0,0,0,0,-0.4777875,1.011469,1.353737,-0.4920118,0.9679369,1.420741,-0.500294,0.901816,1.376769,0.247937,0.1818161,0,1,1,1,1,0.1142648,-0.001915164,0.06272668,0,0.06272668,-0.7811374,-0.001915164,true,0,1,0,3.612297E-38,0.9991371,-0.04153469,-1.765908E-36,0.4699679,1.243231,0,1,0,true,0.05193475,0.4057336,0.05652595,0.05193475,0.4057336,0.05652595,0.05193475,0.4057336,0.05652595,0.05193476,0.4057337,0.05652601,7.998538E-08,0
884,585,884,1,885,0,885,false,rootmotion.finalik.full-body-biped-ik/indexed-pose-backend,None,true,true,1,lyra-5.7/ABP_Mannequin_Base/CR_Mannequin_FootPlant,unreal-engine-5.7/SpringInterpV2/FMath.SpringDamper,corin.animation-rig,87731f0d0ca14844bbf861368b9847b3,corin.foot-placement,6d6118d2f41a5948ddd18dc6d88083c8c5bf77a4682a4ec3fce5d2ec6af01624,c7fd2c730a70465e6baa0d7496f46c9d49c4cc944fadbd61ecba1116729d5817,Corin.FootPlacementRig,2997edf1c34f13f7e2a3033372226eb399379f30c4303fddfe3e97ec1e4bf38d,0,-288406,0.1226456,0.1161365,0.1161365,0.009677968,0.1226456,true,0,0.1161365,0,1,PelvisPreSolveTranslation,FootGrounding,ModifierNotCompiled,-1,-1,-1,0,,,true,-98068,Sphere,CurrentGrounding,0,-0.4304807,1.31104,1.867229,0,0,0,0,-1,0,0.05,1,4608,0.5735765,-0.4304807,0.9599999,1.867229,-0.4304807,0.9599999,1.867229,0,1,0,0.3010404,Swing,None,false,0,0,0,0,0,0,1,0,0,0,0,0,0,1,0,false,false,false,ModifierNotCompiled,0,0,0,0,0,0,0,0,ModifierNotCompiled,0,0,0,0,FootPlacementEffectorTarget,FootGrounding,true,0,false,0.1199697,1,4.185561,0.03526026,-98068,-0.4304807,0.9599999,1.867229,0,1,0,0,0,0,0,-0.4304807,1.021975,1.867229,-0.4346631,0.9952602,1.943838,-0.4402652,0.9286931,1.919848,0.03526026,-0.03130686,0.03130686,1,1,1,1,0.3626456,0.2465091,0.0947982,0,0.0947982,1.313026,0.2465091,true,0,1,0,6.269075E-12,0.9999957,-0.002939097,-2.929042E-10,0.03186704,0.1244041,0,1,0,true,-0.006508921,0.4246207,-0.4727078,-0.006508921,0.4246207,-0.4727078,-0.006508921,0.4246207,-0.4727078,-0.006508932,0.4246207,-0.4727078,3.151395E-08,0,true,-98058,Sphere,CurrentGrounding,1,-0.4762404,1.318171,1.328192,0,0,0,0,-1,0,0.05,1,4608,0.5735765,-0.4762404,0.7199999,1.328192,-0.4762404,0.7199999,1.328192,0,1,0,0.548171,Swing,None,false,0,0,0,0,0,0,1,0,0,0,0,0,0,1,0,false,false,false,ModifierNotCompiled,0,0,0,0,0,0,0,0,ModifierNotCompiled,0,0,0,0,FootPlacementEffectorTarget,FootGrounding,true,0,false,0.1099072,1,4.593644,0.229705,-98058,-0.4762404,0.7199999,1.328192,0,1,0,0,0,0,0,-0.4762404,0.9947146,1.328192,-0.4904625,0.9497049,1.394213,-0.4982512,0.8844856,1.348826,0.229705,0.1644857,0,1,1,1,1,0.1226456,0.006509103,0.06040723,0,0.06040723,-0.6977414,0.006509103,true,0,1,0,3.085869E-38,0.999292,-0.03762298,-1.510571E-36,0.4434008,1.171041,0,1,0,true,0.05092645,0.3973603,0.06521066,0.05092645,0.3973603,0.06521066,0.05092645,0.3973603,0.06521066,0.05092647,0.3973603,0.06521069,2.686345E-08,0
885,586,885,1,886,0,886,false,rootmotion.finalik.full-body-biped-ik/indexed-pose-backend,None,true,true,1,lyra-5.7/ABP_Mannequin_Base/CR_Mannequin_FootPlant,unreal-engine-5.7/SpringInterpV2/FMath.SpringDamper,corin.animation-rig,87731f0d0ca14844bbf861368b9847b3,corin.foot-placement,6d6118d2f41a5948ddd18dc6d88083c8c5bf77a4682a4ec3fce5d2ec6af01624,c7fd2c730a70465e6baa0d7496f46c9d49c4cc944fadbd61ecba1116729d5817,Corin.FootPlacementRig,2997edf1c34f13f7e2a3033372226eb399379f30c4303fddfe3e97ec1e4bf38d,0,-288406,0.1303478,0.1162644,0.1162644,0.06474189,0.1303478,true,0,0.1162644,0,1,PelvisPreSolveTranslation,FootGrounding,ModifierNotCompiled,-1,-1,-1,0,,,true,-98068,Sphere,CurrentGrounding,0,-0.4292018,1.310954,1.859255,0,0,0,0,-1,0,0.05,1,4608,0.5735765,-0.4292018,0.9599999,1.859255,-0.4292018,0.9599999,1.859255,0,1,0,0.3009543,Swing,None,false,0,0,0,0,0,0,1,0,0,0,0,0,0,1,0,false,false,false,ModifierNotCompiled,0,0,0,0,0,0,0,0,ModifierNotCompiled,0,0,0,0,FootPlacementEffectorTarget,FootGrounding,true,0,false,0.1285945,1,4.119599,0.04104567,-98068,-0.4292018,0.9599999,1.859255,0,1,0,0,0,0,0,-0.4292018,1.02592,1.859255,-0.4338064,1.001046,1.936456,-0.4395463,0.934084,1.914017,0.04104567,-0.02591592,0.02591592,1,1,1,1,0.3703478,0.2540834,0.09870099,0,0.09870099,1.3515,0.2540834,true,0,1,0,5.474799E-12,0.9999966,-0.002599005,-2.560086E-10,0.02830717,0.110477,0,1,0,true,-0.007549583,0.4362676,-0.4802369,-0.007549583,0.4362676,-0.4802369,-0.007549583,0.4362676,-0.4802369,-0.007549599,0.4362676,-0.480237,1.498019E-07,0,true,-98058,Sphere,CurrentGrounding,1,-0.4748158,1.305053,1.304111,0,0,0,0,-1,0,0.05,1,4608,0.5735765,-0.4748158,0.7199999,1.304111,-0.4748158,0.7199999,1.304111,0,1,0,0.5350528,Swing,None,false,0,0,0,0,0,0,1,0,0,0,0,0,0,1,0,false,false,false,ModifierNotCompiled,0,0,0,0,0,0,0,0,ModifierNotCompiled,0,0,0,0,FootPlacementEffectorTarget,FootGrounding,true,0,false,0.1047549,1,4.644983,0.2134165,-98058,-0.4748158,0.7199999,1.304111,0,1,0,0,0,0,0,-0.4748158,0.9798237,1.304111,-0.4890251,0.9334164,1.36916,-0.4963498,0.8690936,1.322436,0.2134165,0.1490937,0,1,1,1,1,0.1303478,0.0140834,0.05850659,0,0.05850659,-0.6224583,0.0140834,true,0,1,0,2.670027E-38,0.9994133,-0.03424905,-1.308536E-36,0.4169157,1.099719,0,1,0,true,0.05000772,0.3901716,0.07379563,0.05000772,0.3901716,0.07379563,0.05000772,0.3901716,0.07379563,0.05000768,0.3901715,0.07379562,7.18508E-08,0
886,587,886,1,887,0,887,false,rootmotion.finalik.full-body-biped-ik/indexed-pose-backend,None,true,true,1,lyra-5.7/ABP_Mannequin_Base/CR_Mannequin_FootPlant,unreal-engine-5.7/SpringInterpV2/FMath.SpringDamper,corin.animation-rig,87731f0d0ca14844bbf861368b9847b3,corin.foot-placement,6d6118d2f41a5948ddd18dc6d88083c8c5bf77a4682a4ec3fce5d2ec6af01624,c7fd2c730a70465e6baa0d7496f46c9d49c4cc944fadbd61ecba1116729d5817,Corin.FootPlacementRig,2997edf1c34f13f7e2a3033372226eb399379f30c4303fddfe3e97ec1e4bf38d,0,-288406,0.1382525,0.1165634,0.1165634,0.1216492,0.1382525,true,0,0.1165634,0,1,PelvisPreSolveTranslation,FootGrounding,ModifierNotCompiled,-1,-1,-1,0,,,true,-98068,Sphere,CurrentGrounding,0,-0.4283812,1.310863,1.850958,0,0,0,0,-1,0,0.05,1,4608,0.5735765,-0.4283812,0.9599999,1.850958,-0.4283812,0.9599999,1.850958,0,1,0,0.3008628,Swing,None,false,0,0,0,0,0,0,1,0,0,0,0,0,0,1,0,false,false,false,ModifierNotCompiled,0,0,0,0,0,0,0,0,ModifierNotCompiled,0,0,0,0,FootPlacementEffectorTarget,FootGrounding,true,0,false,0.1374458,1,4.028917,0.0471735,-98068,-0.4283812,0.9599999,1.850958,0,1,0,0,0,0,0,-0.4283812,1.030245,1.850958,-0.4333405,1.007173,1.928695,-0.4393125,0.939847,1.907768,0.0471735,-0.02015293,0.02015293,1,1,1,1,0.3782525,0.2616891,0.102819,0,0.102819,1.389014,0.2616891,true,0,1,0,4.763771E-12,0.9999974,-0.002289715,-2.229461E-10,0.02504852,0.09773383,0,1,0,true,-0.00812105,0.4484979,-0.487862,-0.00812105,0.4484979,-0.487862,-0.00812105,0.4484979,-0.487862,-0.008121144,0.4484979,-0.487862,1.030743E-07,0,true,-98058,Sphere,CurrentGrounding,1,-0.4733424,1.291801,1.278374,0,0,0,0,-1,0,0.05,1,4608,0.5735765,-0.4733424,0.7199999,1.278374,-0.4733424,0.7199999,1.278374,0,1,0,0.5218008,Swing,None,false,0,0,0,0,0,0,1,0,0,0,0,0,0,1,0,false,false,false,ModifierNotCompiled,0,0,0,0,0,0,0,0,ModifierNotCompiled,0,0,0,0,FootPlacementEffectorTarget,FootGrounding,true,0,false,0.09972057,1,4.657236,0.1972023,-98058,-0.4733424,0.7199999,1.278374,0,1,0,0,0,0,0,-0.4733424,0.9651464,1.278374,-0.4875212,0.9172022,1.342305,-0.4943628,0.8539205,1.29411,0.1972023,0.1339206,0,1,1,1,1,0.1382525,0.02168909,0.05678222,0,0.05678222,-0.5464287,0.02168909,true,0,1,0,2.301621E-38,0.9995188,-0.03101821,-1.129264E-36,0.3887531,1.024316,0,1,0,true,0.04907249,0.383399,0.08362946,0.04907249,0.383399,0.08362946,0.04907249,0.383399,0.08362946,0.04907246,0.3833989,0.0836293,1.885232E-07,0
887,588,887,1,888,0,888,false,rootmotion.finalik.full-body-biped-ik/indexed-pose-backend,None,true,true,1,lyra-5.7/ABP_Mannequin_Base/CR_Mannequin_FootPlant,unreal-engine-5.7/SpringInterpV2/FMath.SpringDamper,corin.animation-rig,87731f0d0ca14844bbf861368b9847b3,corin.foot-placement,6d6118d2f41a5948ddd18dc6d88083c8c5bf77a4682a4ec3fce5d2ec6af01624,c7fd2c730a70465e6baa0d7496f46c9d49c4cc944fadbd61ecba1116729d5817,Corin.FootPlacementRig,2997edf1c34f13f7e2a3033372226eb399379f30c4303fddfe3e97ec1e4bf38d,0,-288406,0.1461724,0.1170343,0.1170343,0.1788491,0.1461724,true,0,0.1170343,0,1,PelvisPreSolveTranslation,FootGrounding,ModifierNotCompiled,-1,-1,-1,0,,,true,-98068,Sphere,CurrentGrounding,0,-0.4278655,1.310638,1.842351,0,0,0,0,-1,0,0.05,1,4608,0.5735765,-0.4278655,0.9599999,1.842351,-0.4278655,0.9599999,1.842351,0,1,0,0.300638,Swing,None,false,0,0,0,0,0,0,1,0,0,0,0,0,0,1,0,false,false,false,ModifierNotCompiled,0,0,0,0,0,0,0,0,ModifierNotCompiled,0,0,0,0,FootPlacementEffectorTarget,FootGrounding,true,0,false,0.1463137,1,3.939883,0.05331671,-98068,-0.4278655,0.9599999,1.842351,0,1,0,0,0,0,0,-0.4278655,1.034726,1.842351,-0.4330335,1.013317,1.920549,-0.439348,0.9456717,1.901019,0.05331671,-0.01432824,0.01432824,1,1,1,1,0.3861724,0.2691382,0.1070535,0,0.1070535,1.42451,0.2691382,true,0,1,0,4.143627E-12,0.999998,-0.002015762,-1.940805E-10,0.02214427,0.08638069,0,1,0,true,-0.008055573,0.4608983,-0.4952195,-0.008055573,0.4608983,-0.4952195,-0.008055573,0.4608983,-0.4952195,-0.008055666,0.4608983,-0.4952195,9.313226E-08,0,true,-98058,Sphere,CurrentGrounding,1,-0.4719517,1.278825,1.250801,0,0,0,0,-1,0,0.05,1,4608,0.5735765,-0.4719517,0.7199999,1.255,-0.4719517,0.7199999,1.255,0,0.9964668,-0.0839878,0.509002,Swing,None,false,0,0,0,0,0,0,1,0,0,0,0,0,0,1,0,false,false,false,ModifierNotCompiled,0,0,0,0,0,0,0,0,ModifierNotCompiled,0,0,0,0,FootPlacementEffectorTarget,FootGrounding,true,0,false,0.09467681,1,4.672244,0.1759439,-98058,-0.4719517,0.7199999,1.255,0,0.9964668,-0.0839878,0,0,0,0,-0.4719517,0.9511399,1.250801,-0.4860198,0.9014937,1.313444,-0.4924076,0.8394357,1.263623,0.1759439,0.1182896,0,1,1,1,1,0.1461724,0.02913813,0.05528031,0,0.05528031,-0.4717402,0.02913813,true,0,0.9964668,-0.0839878,1.983657E-38,0.9995824,-0.02889666,-9.742833E-37,0.3374983,0.4057709,0,0.9964668,-0.0839878,true,0.04809866,0.3773124,0.09530748,0.04809866,0.3773124,0.09530748,0.04809866,0.3773124,0.09530748,0.04809862,0.3773124,0.09530738,1.134839E-07,0
888,589,888,1,889,0,889,false,rootmotion.finalik.full-body-biped-ik/indexed-pose-backend,None,true,true,1,lyra-5.7/ABP_Mannequin_Base/CR_Mannequin_FootPlant,unreal-engine-5.7/SpringInterpV2/FMath.SpringDamper,corin.animation-rig,87731f0d0ca14844bbf861368b9847b3,corin.foot-placement,6d6118d2f41a5948ddd18dc6d88083c8c5bf77a4682a4ec3fce5d2ec6af01624,c7fd2c730a70465e6baa0d7496f46c9d49c4cc944fadbd61ecba1116729d5817,Corin.FootPlacementRig,2997edf1c34f13f7e2a3033372226eb399379f30c4303fddfe3e97ec1e4bf38d,0,-288406,-0.07547325,0.1123257,0.1123257,-1.399779,-0.07547325,true,0,0.1123257,0,1,PelvisPreSolveTranslation,FootGrounding,ModifierNotCompiled,-1,-1,-1,0,,,true,-98068,Sphere,CurrentGrounding,0,-0.4271638,1.309224,1.820894,0,0,0,0,-1,0,0.05,1,4608,0.5735765,-0.4271638,0.9599999,1.820894,-0.4271638,0.9599999,1.820894,0,1,0,0.299224,Swing,None,false,0,0,0,0,0,0,1,0,0,0,0,0,0,1,0,false,false,false,ModifierNotCompiled,0,0,0,0,0,0,0,0,ModifierNotCompiled,0,0,0,0,FootPlacementEffectorTarget,FootGrounding,true,0,false,0.1668635,1,3.74127,0.06085479,-98068,-0.4271638,0.9599999,1.820894,0,1,0,0,0,0,0,-0.4271638,1.038954,1.820894,-0.4325075,1.020855,1.899912,-0.4399545,0.9525622,1.883187,0.06085479,-0.007437766,0.007437766,1,1,1,1,0.4045267,0.292201,0.1174043,0,0.1174043,1.552099,0.292201,true,0,1,0,3.000443E-12,0.9999989,-0.001498783,-1.407878E-10,0.01661318,0.06477127,0,1,0,true,-0.006542194,0.4834808,-0.5107807,-0.006542194,0.4834808,-0.5107807,-0.006542194,0.4834808,-0.5107807,-0.006542202,0.4834809,-0.5107808,1.492472E-07,0,true,-98048,Sphere,CurrentGrounding,1,-0.4687288,1.250456,1.179032,0,0,0,0,-1,0,0.05,1,4608,0.5735765,-0.4687288,0.48,1.179032,-0.4687288,0.48,1.179032,0,1,0,0.7204561,Swing,None,false,0,0,0,0,0,0,1,0,0,0,0,0,0,1,0,false,false,false,ModifierNotCompiled,0,0,0,0,0,0,0,0,ModifierNotCompiled,0,0,0,0,FootPlacementEffectorTarget,FootGrounding,true,0,false,0.08298878,1,4.717384,0.3746263,-98048,-0.4687288,0.48,1.179032,0,1,0,0,0,0,0,-0.4687288,0.9091451,1.179032,-0.4823067,0.8546263,1.237599,-0.4876814,0.7965182,1.183113,0.3746263,0.3165182,0,1,1,1,1,-0.07547325,-0.187799,0.04636338,0,0.04636338,-1.970921,-0.187799,true,0,1,0,1.406992E-38,0.9996755,-0.02547335,-6.925269E-37,0.2868128,0.5397875,0,1,0,true,0.04546483,0.3536719,0.1303202,0.04546483,0.3536719,0.1303202,0.04546483,0.3536719,0.1303202,0.04546475,0.3536719,0.1303203,1.043746E-07,0
889,590,889,1,890,0,890,false,rootmotion.finalik.full-body-biped-ik/indexed-pose-backend,None,true,true,1,lyra-5.7/ABP_Mannequin_Base/CR_Mannequin_FootPlant,unreal-engine-5.7/SpringInterpV2/FMath.SpringDamper,corin.animation-rig,87731f0d0ca14844bbf861368b9847b3,corin.foot-placement,6d6118d2f41a5948ddd18dc6d88083c8c5bf77a4682a4ec3fce5d2ec6af01624,c7fd2c730a70465e6baa0d7496f46c9d49c4cc944fadbd61ecba1116729d5817,Corin.FootPlacementRig,2997edf1c34f13f7e2a3033372226eb399379f30c4303fddfe3e97ec1e4bf38d,0,-288406,-0.06157887,0.1052389,0.1052389,-1.309385,-0.06157887,true,0,0.1052389,0,1,PelvisPreSolveTranslation,FootGrounding,ModifierNotCompiled,-1,-1,-1,0,,,true,-98068,Sphere,CurrentGrounding,0,-0.427417,1.307491,1.803281,0,0,0,0,-1,0,0.05,1,4608,0.5735765,-0.427417,0.9599999,1.803281,-0.427417,0.9599999,1.803281,0,1,0,0.2974908,Swing,None,false,0,0,0,0,0,0,1,0,0,0,0,0,0,1,0,false,false,false,ModifierNotCompiled,0,0,0,0,0,0,0,0,ModifierNotCompiled,0,0,0,0,FootPlacementEffectorTarget,FootGrounding,true,0,false,0.1810161,1,3.620946,0.06243634,-98068,-0.427417,0.9599999,1.803281,0,1,0,0,0,0,0,-0.427417,1.03862,1.803281,-0.4327695,1.022436,1.882713,-0.4412937,0.9538082,1.867617,0.06243634,-0.006191671,0.006191671,1,1,1,1,0.4184211,0.3131822,0.1258901,0,0.1258901,1.66596,0.3131822,true,0,1,0,2.34891E-12,0.9999993,-0.001195613,-1.103579E-10,0.01333474,0.05197066,0,1,0,true,-0.004509275,0.4970409,-0.5211974,-0.004509275,0.4970409,-0.5211974,-0.004509275,0.4970409,-0.5211974,-0.004509291,0.497041,-0.5211974,1.202561E-07,0,true,-98048,Sphere,CurrentGrounding,1,-0.4667459,1.230946,1.125534,0,0,0,0,-1,0,0.05,1,4608,0.5735765,-0.4667459,0.48,1.125534,-0.4667459,0.48,1.125534,0,1,0,0.7009456,Swing,None,false,0,0,0,0,0,0,1,0,0,0,0,0,0,1,0,false,false,false,ModifierNotCompiled,0,0,0,0,0,0,0,0,ModifierNotCompiled,0,0,0,0,FootPlacementEffectorTarget,FootGrounding,true,0,false,0.07711899,1,4.342106,0.3346424,-98048,-0.4667459,0.48,1.125534,0,1,0,0,0,0,0,-0.4667459,0.8727036,1.125534,-0.4799886,0.8146424,1.180673,-0.4846494,0.759865,1.122778,0.3346424,0.279865,0,1,1,1,1,-0.06157887,-0.1668178,0.03651903,0,0.03651903,-1.79792,-0.1668178,true,0,1,0,1.084961E-38,0.9997463,-0.02252603,-5.347585E-37,0.2486834,0.5626006,0,1,0,true,0.04372447,0.3311247,0.1559744,0.04372447,0.3311247,0.1559744,0.04372447,0.3311247,0.1559744,0.04372446,0.3311248,0.1559744,9.132661E-08,0
890,591,890,1,891,0,891,false,rootmotion.finalik.full-body-biped-ik/indexed-pose-backend,None,true,true,1,lyra-5.7/ABP_Mannequin_Base/CR_Mannequin_FootPlant,unreal-engine-5.7/SpringInterpV2/FMath.SpringDamper,corin.animation-rig,87731f0d0ca14844bbf861368b9847b3,corin.foot-placement,6d6118d2f41a5948ddd18dc6d88083c8c5bf77a4682a4ec3fce5d2ec6af01624,c7fd2c730a70465e6baa0d7496f46c9d49c4cc944fadbd61ecba1116729d5817,Corin.FootPlacementRig,2997edf1c34f13f7e2a3033372226eb399379f30c4303fddfe3e97ec1e4bf38d,0,-288406,-0.05323493,0.101211,0.101211,-1.251576,-0.05323493,true,0,0.101211,0,1,PelvisPreSolveTranslation,FootGrounding,ModifierNotCompiled,-1,-1,-1,0,,,true,-98068,Sphere,CurrentGrounding,0,-0.4277709,1.306251,1.792156,0,0,0,0,-1,0,0.05,1,4608,0.5735765,-0.4277709,0.9599999,1.792156,-0.4277709,0.9599999,1.792156,0,1,0,0.2962508,Swing,None,false,0,0,0,0,0,0,1,0,0,0,0,0,0,1,0,false,false,false,ModifierNotCompiled,0,0,0,0,0,0,0,0,ModifierNotCompiled,0,0,0,0,FootPlacementEffectorTarget,FootGrounding,true,0,false,0.1891901,1,3.557461,0.06357455,-98068,-0.4277709,0.9599999,1.792156,0,1,0,0,0,0,0,-0.4277709,1.038738,1.792156,-0.4330866,1.023574,1.871792,-0.4423234,0.9548139,1.857562,0.06357455,-0.005186021,0.005186021,1,1,1,1,0.426765,0.325554,0.1312767,0,0.1312767,1.728441,0.325554,true,0,1,0,2.02701E-12,0.9999995,-0.001042999,-9.530494E-11,0.01167315,0.04548573,0,1,0,true,-0.003056399,0.5055035,-0.5269046,-0.003056399,0.5055035,-0.5269046,-0.003056399,0.5055035,-0.5269046,-0.003056344,0.5055035,-0.5269046,5.518086E-08,0,true,-98048,Sphere,CurrentGrounding,1,-0.4660869,1.219566,1.097475,0,0,0,0,-1,0,0.05,1,4608,0.5735765,-0.4660869,0.48,1.097475,-0.4660869,0.48,1.097475,0,1,0,0.689566,Swing,None,false,0,0,0,0,0,0,1,0,0,0,0,0,0,1,0,false,false,false,ModifierNotCompiled,0,0,0,0,0,0,0,0,ModifierNotCompiled,0,0,0,0,FootPlacementEffectorTarget,FootGrounding,true,0,false,0.07428294,1,4.020625,0.3120966,-98048,-0.4660869,0.48,1.097475,0,1,0,0,0,0,0,-0.4660869,0.8518134,1.097475,-0.4792058,0.7920966,1.150847,-0.4835002,0.7390306,1.091352,0.3120966,0.2590306,0,1,1,1,1,-0.05323493,-0.1544459,0.03103647,0,0.03103647,-1.693498,-0.1544459,true,0,1,0,9.280248E-39,0.9997849,-0.02074069,-4.577446E-37,0.2267809,0.5561124,0,1,0,true,0.0430897,0.3185785,0.1673009,0.0430897,0.3185785,0.1673009,0.0430897,0.3185785,0.1673009,0.04308975,0.3185786,0.167301,7.487741E-08,0
891,592,891,1,892,0,892,false,rootmotion.finalik.full-body-biped-ik/indexed-pose-backend,None,true,true,1,lyra-5.7/ABP_Mannequin_Base/CR_Mannequin_FootPlant,unreal-engine-5.7/SpringInterpV2/FMath.SpringDamper,corin.animation-rig,87731f0d0ca14844bbf861368b9847b3,corin.foot-placement,6d6118d2f41a5948ddd18dc6d88083c8c5bf77a4682a4ec3fce5d2ec6af01624,c7fd2c730a70465e6baa0d7496f46c9d49c4cc944fadbd61ecba1116729d5817,Corin.FootPlacementRig,2997edf1c34f13f7e2a3033372226eb399379f30c4303fddfe3e97ec1e4bf38d,0,-288406,-0.04136693,0.09582251,0.09582251,-1.161607,-0.04136693,true,0,0.09582251,0,1,PelvisPreSolveTranslation,FootGrounding,ModifierNotCompiled,-1,-1,-1,0,,,true,-98068,Sphere,CurrentGrounding,0,-0.4292979,1.304606,1.775868,0,0,0,0,-1,0,0.05,1,4608,0.5735765,-0.4292979,0.9599999,1.775868,-0.4292979,0.9599999,1.775868,0,1,0,0.2946064,Swing,None,false,0,0,0,0,0,0,1,0,0,0,0,0,0,1,0,false,false,false,ModifierNotCompiled,0,0,0,0,0,0,0,0,ModifierNotCompiled,0,0,0,0,FootPlacementEffectorTarget,FootGrounding,true,0,false,0.2008164,1,3.472279,0.0658052,-98068,-0.4292979,0.9599999,1.775868,0,1,0,0,0,0,0,-0.4292979,1.03969,1.775868,-0.4346333,1.025805,1.855735,-0.4449346,0.9569283,1.842577,0.0658052,-0.003071606,0.003071606,1,1,1,1,0.438633,0.3428105,0.1392611,0,0.1392611,1.816245,0.3428105,true,0,1,0,1.64381E-12,0.9999996,-0.0008584702,-7.736694E-11,0.009652792,0.03760383,0,1,0,true,-0.0008500638,0.5183231,-0.5345573,-0.0008500638,0.5183231,-0.5345573,-0.0008500638,0.5183231,-0.5345573,-0.0008500628,0.5183232,-0.5345573,1.332837E-07,0,true,-98048,Sphere,CurrentGrounding,1,-0.4655154,1.203524,1.061717,0,0,0,0,-1,0,0.05,1,4608,0.5735765,-0.4655154,0.48,1.061717,-0.4655154,0.48,1.061717,0,1,0,0.6735238,Swing,None,false,0,0,0,0,0,0,1,0,0,0,0,0,0,1,0,false,false,false,ModifierNotCompiled,0,0,0,0,0,0,0,0,ModifierNotCompiled,0,0,0,0,FootPlacementEffectorTarget,FootGrounding,true,0,false,0.07024915,1,3.563564,0.2815343,-98048,-0.4655154,0.48,1.061717,0,1,0,0,0,0,0,-0.4655154,0.8231744,1.061717,-0.4786053,0.7615342,1.112863,-0.482358,0.710602,1.051496,0.2815343,0.2306021,0,1,1,1,1,-0.04136693,-0.1371894,0.02382805,0,0.02382805,-1.539464,-0.1371894,true,0,1,0,7.433709E-39,0.9998328,-0.01828391,-3.670088E-37,0.1976149,0.5304614,0,1,0,true,0.04262212,0.3018075,0.1791893,0.04262212,0.3018075,0.1791893,0.04262212,0.3018075,0.1791893,0.04262211,0.3018075,0.1791893,6.674406E-08,0
892,593,892,1,893,0,893,false,rootmotion.finalik.full-body-biped-ik/indexed-pose-backend,None,true,true,1,lyra-5.7/ABP_Mannequin_Base/CR_Mannequin_FootPlant,unreal-engine-5.7/SpringInterpV2/FMath.SpringDamper,corin.animation-rig,87731f0d0ca14844bbf861368b9847b3,corin.foot-placement,6d6118d2f41a5948ddd18dc6d88083c8c5bf77a4682a4ec3fce5d2ec6af01624,c7fd2c730a70465e6baa0d7496f46c9d49c4cc944fadbd61ecba1116729d5817,Corin.FootPlacementRig,2997edf1c34f13f7e2a3033372226eb399379f30c4303fddfe3e97ec1e4bf38d,0,-288406,-0.03296173,0.09225155,0.09225155,-1.095549,-0.03296173,true,0,0.09225155,0,1,PelvisPreSolveTranslation,FootGrounding,ModifierNotCompiled,-1,-1,-1,0,,,true,-98068,Sphere,CurrentGrounding,0,-0.4303722,1.303749,1.764124,0,0,0,0,-1,0,0.05,1,4608,0.5735765,-0.4303722,0.9599999,1.764124,-0.4303722,0.9599999,1.764124,0,1,0,0.2937492,Swing,None,false,0,0,0,0,0,0,1,0,0,0,0,0,0,1,0,false,false,false,ModifierNotCompiled,0,0,0,0,0,0,0,0,ModifierNotCompiled,0,0,0,0,FootPlacementEffectorTarget,FootGrounding,true,0,false,0.2090503,1,3.415804,0.06810677,-98068,-0.4303722,0.9599999,1.764124,0,1,0,0,0,0,0,-0.4303722,1.041156,1.764124,-0.4356856,1.028107,1.844134,-0.4467869,0.9591779,1.831678,0.06810677,-0.0008220673,0.0008220673,1,1,1,1,0.4470382,0.3547867,0.1451554,0,0.1451554,1.873603,0.3547867,true,0,1,0,1.41668E-12,0.9999997,-0.0007473871,-6.672381E-11,0.008430151,0.03283507,0,1,0,true,0.0007178435,0.5281945,-0.5397672,0.0007178435,0.5281945,-0.5397672,0.0007178435,0.5281945,-0.5397672,0.0007178299,0.5281945,-0.5397673,8.538705E-08,0,true,-98048,Sphere,CurrentGrounding,1,-0.4653246,1.192273,1.038124,0,0,0,0,-1,0,0.05,1,4608,0.5735765,-0.4653246,0.48,1.038124,-0.4653246,0.48,1.038124,0,1,0,0.6622732,Swing,None,false,0,0,0,0,0,0,1,0,0,0,0,0,0,1,0,false,false,false,ModifierNotCompiled,0,0,0,0,0,0,0,0,ModifierNotCompiled,0,0,0,0,FootPlacementEffectorTarget,FootGrounding,true,0,false,0.06739233,1,3.240046,0.2608224,-98048,-0.4653246,0.48,1.038124,0,1,0,0,0,0,0,-0.4653246,0.803661,1.038124,-0.4784119,0.7408223,1.087791,-0.4818161,0.6913086,1.025254,0.2608224,0.2113086,0,1,1,1,1,-0.03296173,-0.1252133,0.01913617,0,0.01913617,-1.430906,-0.1252133,true,0,1,0,6.35209E-39,0.9998617,-0.0166294,-3.137945E-37,0.1784751,0.5045155,0,1,0,true,0.04247297,0.2906993,0.1858741,0.04247297,0.2906993,0.1858741,0.04247297,0.2906993,0.1858741,0.042473,0.2906993,0.1858742,2.686345E-08,0
893,594,893,1,894,0,894,false,rootmotion.finalik.full-body-biped-ik/indexed-pose-backend,None,true,true,1,lyra-5.7/ABP_Mannequin_Base/CR_Mannequin_FootPlant,unreal-engine-5.7/SpringInterpV2/FMath.SpringDamper,corin.animation-rig,87731f0d0ca14844bbf861368b9847b3,corin.foot-placement,6d6118d2f41a5948ddd18dc6d88083c8c5bf77a4682a4ec3fce5d2ec6af01624,c7fd2c730a70465e6baa0d7496f46c9d49c4cc944fadbd61ecba1116729d5817,Corin.FootPlacementRig,2997edf1c34f13f7e2a3033372226eb399379f30c4303fddfe3e97ec1e4bf38d,0,-288406,-0.02598423,0.08944847,0.08944847,-1.039175,-0.02598423,true,0,0.08944847,0,1,PelvisPreSolveTranslation,FootGrounding,ModifierNotCompiled,-1,-1,-1,0,,,true,-98068,Sphere,CurrentGrounding,0,-0.4312065,1.303327,1.754284,0,0,0,0,-1,0,0.05,1,4608,0.5735765,-0.4312065,0.9599999,1.754284,-0.4312065,0.9599999,1.754284,0,1,0,0.2933271,Swing,None,false,0,0,0,0,0,0,1,0,0,0,0,0,0,1,0,false,false,false,ModifierNotCompiled,0,0,0,0,0,0,0,0,ModifierNotCompiled,0,0,0,0,FootPlacementEffectorTarget,FootGrounding,true,0,false,0.2161839,1,3.37205,0.07058322,-98068,-0.4312065,0.9599999,1.754284,0,1,0,0,0,0,0,-0.4312065,1.042963,1.754284,-0.436481,1.030583,1.834403,-0.4482682,0.9616264,1.822513,0.07058322,0.001626432,0,1,1,1,1,0.4540157,0.3645673,0.1501873,0,0.1501873,1.918758,0.3645673,true,0,1,0,1.251967E-12,0.9999998,-0.000665918,-5.899967E-11,0.007530116,0.02932502,0,1,0,true,0.001968495,0.5369787,-0.5439985,0.001968495,0.5369787,-0.5439985,0.001968495,0.5369787,-0.5439985,0.001968529,0.5369787,-0.5439984,6.850168E-08,0,true,-98048,Sphere,CurrentGrounding,1,-0.4652677,1.182974,1.019416,0,0,0,0,-1,0,0.05,1,4608,0.5735765,-0.4652677,0.48,1.019416,-0.4652677,0.48,1.019416,0,1,0,0.6529742,Swing,None,false,0,0,0,0,0,0,1,0,0,0,0,0,0,1,0,false,false,false,ModifierNotCompiled,0,0,0,0,0,0,0,0,ModifierNotCompiled,0,0,0,0,FootPlacementEffectorTarget,FootGrounding,true,0,false,0.06515168,1,3.00552,0.2441741,-98048,-0.4652677,0.48,1.019416,0,1,0,0,0,0,0,-0.4652677,0.7879252,1.019416,-0.4783592,0.724174,1.067906,-0.4814901,0.67579,1.004476,0.2441741,0.19579,0,1,1,1,1,-0.02598423,-0.1154327,0.01550249,0,0.01550249,-1.340949,-0.1154327,true,0,1,0,5.574512E-39,0.9998826,-0.01532384,-2.755062E-37,0.1636063,0.4799666,0,1,0,true,0.04243467,0.281941,0.1905453,0.04243467,0.281941,0.1905453,0.04243467,0.281941,0.1905453,0.04243465,0.281941,0.1905453,2.686345E-08,0
894,595,894,1,895,0,895,false,rootmotion.finalik.full-body-biped-ik/indexed-pose-backend,None,true,true,1,lyra-5.7/ABP_Mannequin_Base/CR_Mannequin_FootPlant,unreal-engine-5.7/SpringInterpV2/FMath.SpringDamper,corin.animation-rig,87731f0d0ca14844bbf861368b9847b3,corin.foot-placement,6d6118d2f41a5948ddd18dc6d88083c8c5bf77a4682a4ec3fce5d2ec6af01624,c7fd2c730a70465e6baa0d7496f46c9d49c4cc944fadbd61ecba1116729d5817,Corin.FootPlacementRig,2997edf1c34f13f7e2a3033372226eb399379f30c4303fddfe3e97ec1e4bf38d,0,-288406,-0.0114578,0.08412912,0.08412912,-0.9127649,-0.0114578,true,0,0.08412912,0,1,PelvisPreSolveTranslation,FootGrounding,ModifierNotCompiled,-1,-1,-1,0,,,true,-98068,Sphere,CurrentGrounding,0,-0.4326096,1.303599,1.733644,0,0,0,0,-1,0,0.05,1,4608,0.5735765,-0.4326096,0.96,1.735,-0.4326096,0.96,1.735,0,0.9996325,-0.02711059,0.2936172,Swing,None,false,0,0,0,0,0,0,1,0,0,0,0,0,0,1,0,false,false,false,ModifierNotCompiled,0,0,0,0,0,0,0,0,ModifierNotCompiled,0,0,0,0,FootPlacementEffectorTarget,FootGrounding,true,0,false,0.2328639,1,3.294751,0.07558059,-98068,-0.4326096,0.96,1.735,0,0.9996325,-0.02711059,0,0,0,0,-0.4326096,1.048738,1.733644,-0.4377441,1.03775,1.813974,-0.4510047,0.9687685,1.803272,0.07558059,0.006914388,0,1,1,1,1,0.4685423,0.3844132,0.1610098,0,0.1610098,2.013543,0.3844132,true,0,0.9996325,-0.02711059,9.683319E-13,0.999999,-0.001371222,-4.568524E-11,0.002102699,-0.260617,0,0.9996325,-0.02711059,true,0.004258129,0.55728,-0.5526472,0.004258129,0.55728,-0.5526472,0.004258129,0.55728,-0.5526472,0.004258124,0.5572801,-0.5526473,1.333784E-07,0,true,-98048,Sphere,CurrentGrounding,1,-0.465332,1.163722,0.9823127,0,0,0,0,-1,0,0.05,1,4608,0.5735765,-0.465332,0.48,0.9823127,-0.465332,0.48,0.9823127,0,1,0,0.6337218,Swing,None,false,0,0,0,0,0,0,1,0,0,0,0,0,0,1,0,false,false,false,ModifierNotCompiled,0,0,0,0,0,0,0,0,ModifierNotCompiled,0,0,0,0,FootPlacementEffectorTarget,FootGrounding,true,0,false,0.0612897,1,2.725263,0.2111097,-98048,-0.465332,0.48,0.9823127,0,1,0,0,0,0,0,-0.465332,0.7565806,0.9823127,-0.4784336,0.6911097,1.028451,-0.4810257,0.6449814,0.963339,0.2111097,0.1649814,0,1,1,1,1,-0.0114578,-0.09558693,0.008729697,0,0.008729697,-1.147897,-0.09558693,true,0,1,0,4.250685E-39,0.9999176,-0.01283786,-2.102529E-37,0.1357754,0.4247862,0,1,0,true,0.04250509,0.2651228,0.1984237,0.04250509,0.2651228,0.1984237,0.04250509,0.2651228,0.1984237,0.04250506,0.2651228,0.1984237,7.028864E-08,0
895,596,895,1,896,0,896,false,rootmotion.finalik.full-body-biped-ik/indexed-pose-backend,None,true,true,1,lyra-5.7/ABP_Mannequin_Base/CR_Mannequin_FootPlant,unreal-engine-5.7/SpringInterpV2/FMath.SpringDamper,corin.animation-rig,87731f0d0ca14844bbf861368b9847b3,corin.foot-placement,6d6118d2f41a5948ddd18dc6d88083c8c5bf77a4682a4ec3fce5d2ec6af01624,c7fd2c730a70465e6baa0d7496f46c9d49c4cc944fadbd61ecba1116729d5817,Corin.FootPlacementRig,2997edf1c34f13f7e2a3033372226eb399379f30c4303fddfe3e97ec1e4bf38d,0,-288406,0.002848893,0.07957996,0.07957996,-0.7843228,0.002848893,true,0,0.07957996,0,1,PelvisPreSolveTranslation,FootGrounding,ModifierNotCompiled,-1,-1,-1,0,,,true,-98068,Sphere,CurrentGrounding,0,-0.4316635,1.304905,1.712593,0,0,0,0,-1,0,0.05,1,4608,0.5735765,-0.4316635,0.9599999,1.735,-0.4316635,0.9599999,1.735,0,0.8939595,-0.448148,0.3002066,Swing,None,false,0,0,0,0,0,0,1,0,0,0,0,0,0,1,0,false,false,false,ModifierNotCompiled,0,0,0,0,0,0,0,0,ModifierNotCompiled,0,0,0,0,FootPlacementEffectorTarget,FootGrounding,true,0,false,0.2492923,1,3.234074,0.05280689,-98068,-0.4316635,0.9599999,1.735,0,0.8939593,-0.4481479,0,0,0,0,-0.4316635,1.056636,1.712593,-0.4362776,1.048282,1.793271,-0.4510558,0.97918,1.784892,0.05280689,-0.005212727,0.005212727,1,1,1,1,0.4828489,0.4032689,0.1721514,0,0.1721514,2.09787,0.4032689,true,0,0.8939595,-0.448148,7.539953E-13,0.9998707,-0.01607942,-3.550086E-11,-1.095067,-4.770456,0,0.8939593,-0.4481479,true,0.006072599,0.5794848,-0.5603979,0.006072599,0.5794848,-0.5603979,0.006072599,0.5794848,-0.5603979,0.006072605,0.5794849,-0.5603979,8.454542E-08,0,true,-98048,Sphere,CurrentGrounding,1,-0.4667745,1.14497,0.9472356,0,0,0,0,-1,0,0.05,1,4608,0.5735765,-0.4667745,0.48,0.9472356,-0.4667745,0.48,0.9472356,0,1,0,0.6149699,Swing,None,false,0,0,0,0,0,0,1,0,0,0,0,0,0,1,0,false,false,false,ModifierNotCompiled,0,0,0,0,0,0,0,0,ModifierNotCompiled,0,0,0,0,FootPlacementEffectorTarget,FootGrounding,true,0,false,0.05748601,1,2.449376,0.180623,-98048,-0.4667745,0.48,0.9472356,0,1,0,0,0,0,0,-0.4667745,0.727635,0.9472356,-0.4796815,0.660623,0.9911633,-0.4820354,0.6166693,0.9245552,0.180623,0.1366693,0,1,1,1,1,0.002848893,-0.07673107,0.003084989,0,0.003084989,-0.9609952,-0.07673107,true,0,1,0,3.25488E-39,0.9999428,-0.01069408,-1.611072E-37,0.112222,0.3693391,0,1,0,true,0.04260016,0.2504839,0.2048928,0.04260016,0.2504839,0.2048928,0.04260016,0.2504839,0.2048928,0.04260018,0.2504839,0.2048929,1.248945E-07,0
896,597,896,1,897,0,897,false,rootmotion.finalik.full-body-biped-ik/indexed-pose-backend,None,true,true,1,lyra-5.7/ABP_Mannequin_Base/CR_Mannequin_FootPlant,unreal-engine-5.7/SpringInterpV2/FMath.SpringDamper,corin.animation-rig,87731f0d0ca14844bbf861368b9847b3,corin.foot-placement,6d6118d2f41a5948ddd18dc6d88083c8c5bf77a4682a4ec3fce5d2ec6af01624,c7fd2c730a70465e6baa0d7496f46c9d49c4cc944fadbd61ecba1116729d5817,Corin.FootPlacementRig,2997edf1c34f13f7e2a3033372226eb399379f30c4303fddfe3e97ec1e4bf38d,0,-288406,0.0157336,0.07608033,0.07608033,-0.6671337,0.0157336,true,0,0.07608033,0,1,PelvisPreSolveTranslation,FootGrounding,ModifierNotCompiled,-1,-1,-1,0,,,true,-98058,Sphere,CurrentGrounding,0,-0.4301431,1.30583,1.6921,0,0,0,0,-1,0,0.05,1,4608,0.5735765,-0.4301431,0.7199999,1.6921,-0.4301431,0.7199999,1.6921,0,1,0,0.5358305,Swing,None,false,0,0,0,0,0,0,1,0,0,0,0,0,0,1,0,false,false,false,ModifierNotCompiled,0,0,0,0,0,0,0,0,ModifierNotCompiled,0,0,0,0,FootPlacementEffectorTarget,FootGrounding,true,0,false,0.2640878,1,3.193285,0.3340617,-98058,-0.4301431,0.7199999,1.6921,0,1,0,0,0,0,0,-0.4301431,1.059903,1.6921,-0.434227,1.054062,1.773027,-0.4503624,0.9849242,1.76688,0.3340617,0.2649243,0,1,1,1,1,0.2557335,0.1796532,0.177992,0,0.177992,0.5027523,0.1796532,true,0,1,0,6.022274E-13,0.999424,-0.03393701,-2.827816E-11,-0.6181169,-2.679326,0,1,0,true,0.007478093,0.5956365,-0.5658386,0.007478093,0.5956365,-0.5658386,0.007478093,0.5956365,-0.5658386,0.007478131,0.5956365,-0.5658385,1.923153E-07,0,true,-98048,Sphere,CurrentGrounding,1,-0.4682331,1.128362,0.9156265,0,0,0,0,-1,0,0.05,1,4608,0.5735765,-0.4682331,0.48,0.9156265,-0.4682331,0.48,0.9156265,0,1,0,0.5983621,Swing,None,false,0,0,0,0,0,0,1,0,0,0,0,0,0,1,0,false,false,false,ModifierNotCompiled,0,0,0,0,0,0,0,0,ModifierNotCompiled,0,0,0,0,FootPlacementEffectorTarget,FootGrounding,true,0,false,0.05406036,1,2.201072,0.1549501,-98048,-0.4682331,0.48,0.9156265,0,1,0,0,0,0,0,-0.4682331,0.7032939,0.9156265,-0.4808969,0.6349501,0.9575267,-0.483089,0.5930022,0.8896315,0.1549501,0.1130022,0,1,1,1,1,0.0157336,-0.06034673,-0.001148508,0,-0.001148508,-0.7975839,-0.06034673,true,0,1,0,2.559431E-39,0.9999593,-0.009016917,-1.267504E-37,0.09405082,0.3214412,0,1,0,true,0.04251983,0.2390276,0.210778,0.04251983,0.2390276,0.210778,0.04251983,0.2390276,0.210778,0.04251983,0.2390276,0.2107781,8.971687E-08,0
897,598,897,1,898,0,898,false,rootmotion.finalik.full-body-biped-ik/indexed-pose-backend,None,true,true,1,lyra-5.7/ABP_Mannequin_Base/CR_Mannequin_FootPlant,unreal-engine-5.7/SpringInterpV2/FMath.SpringDamper,corin.animation-rig,87731f0d0ca14844bbf861368b9847b3,corin.foot-placement,6d6118d2f41a5948ddd18dc6d88083c8c5bf77a4682a4ec3fce5d2ec6af01624,c7fd2c730a70465e6baa0d7496f46c9d49c4cc944fadbd61ecba1116729d5817,Corin.FootPlacementRig,2997edf1c34f13f7e2a3033372226eb399379f30c4303fddfe3e97ec1e4bf38d,0,-288406,0.02371395,0.07419616,0.07419616,-0.5954862,0.02371395,true,0,0.07419616,0,1,PelvisPreSolveTranslation,FootGrounding,ModifierNotCompiled,-1,-1,-1,0,,,true,-98058,Sphere,CurrentGrounding,0,-0.4290509,1.306166,1.678619,0,0,0,0,-1,0,0.05,1,4608,0.5735765,-0.4290509,0.7199999,1.678619,-0.4290509,0.7199999,1.678619,0,1,0,0.536166,Swing,None,false,0,0,0,0,0,0,1,0,0,0,0,0,0,1,0,false,false,false,ModifierNotCompiled,0,0,0,0,0,0,0,0,ModifierNotCompiled,0,0,0,0,FootPlacementEffectorTarget,FootGrounding,true,0,false,0.2729197,1,3.133002,0.3352152,-98058,-0.4290509,0.7199999,1.678619,0,1,0,0,0,0,0,-0.4290509,1.059914,1.678619,-0.4328146,1.055215,1.759636,-0.4497702,0.9861231,1.75452,0.3352152,0.2661232,0,1,1,1,1,0.2637139,0.1895177,0.1795523,0,0.1795523,0.5242429,0.1895177,true,0,1,0,5.232819E-13,0.9991764,-0.04057769,-2.455354E-11,-0.4033831,-1.73862,0,1,0,true,0.008223835,0.6036285,-0.5684224,0.008223835,0.6036285,-0.5684224,0.008223835,0.6036285,-0.5684224,0.008223876,0.6036285,-0.5684224,7.233206E-08,0,true,-98048,Sphere,CurrentGrounding,1,-0.4690118,1.118269,0.8955564,0,0,0,0,-1,0,0.05,1,4608,0.5735765,-0.4690118,0.48,0.8955564,-0.4690118,0.48,0.8955564,0,1,0,0.5882692,Swing,None,false,0,0,0,0,0,0,1,0,0,0,0,0,0,1,0,false,false,false,ModifierNotCompiled,0,0,0,0,0,0,0,0,ModifierNotCompiled,0,0,0,0,FootPlacementEffectorTarget,FootGrounding,true,0,false,0.05280399,1,2.219347,0.1399189,-98048,-0.4690118,0.48,0.8955564,0,1,0,0,0,0,0,-0.4690118,0.6890853,0.8955564,-0.4814994,0.6199189,0.9361388,-0.4835813,0.5792738,0.8674528,0.1399189,0.0992738,0,1,1,1,1,0.02371395,-0.05048221,-0.003380109,0,-0.003380109,-0.7006376,-0.05048221,true,0,1,0,2.204966E-39,0.9999673,-0.008090843,-1.092272E-37,0.08410782,0.2933944,0,1,0,true,0.04230822,0.2327993,0.2149179,0.04230822,0.2327993,0.2149179,0.04230822,0.2327993,0.2149179,0.04230814,0.2327993,0.2149179,9.010275E-08,0
898,599,898,1,899,0,899,false,rootmotion.finalik.full-body-biped-ik/indexed-pose-backend,None,true,true,1,lyra-5.7/ABP_Mannequin_Base/CR_Mannequin_FootPlant,unreal-engine-5.7/SpringInterpV2/FMath.SpringDamper,corin.animation-rig,87731f0d0ca14844bbf861368b9847b3,corin.foot-placement,6d6118d2f41a5948ddd18dc6d88083c8c5bf77a4682a4ec3fce5d2ec6af01624,c7fd2c730a70465e6baa0d7496f46c9d49c4cc944fadbd61ecba1116729d5817,Corin.FootPlacementRig,2997edf1c34f13f7e2a3033372226eb399379f30c4303fddfe3e97ec1e4bf38d,0,-288406,0.03156358,0.07255491,0.07255491,-0.5246358,0.03156358,true,0,0.07255491,0,1,PelvisPreSolveTranslation,FootGrounding,ModifierNotCompiled,-1,-1,-1,0,,,true,-98058,Sphere,CurrentGrounding,0,-0.4278631,1.30625,1.664749,0,0,0,0,-1,0,0.05,1,4608,0.5735765,-0.4278631,0.7199999,1.664749,-0.4278631,0.7199999,1.664749,0,1,0,0.5362498,Swing,None,false,0,0,0,0,0,0,1,0,0,0,0,0,0,1,0,false,false,false,ModifierNotCompiled,0,0,0,0,0,0,0,0,ModifierNotCompiled,0,0,0,0,FootPlacementEffectorTarget,FootGrounding,true,0,false,0.2815913,1,3.078515,0.3361465,-98058,-0.4278631,0.7199999,1.664749,0,1,0,0,0,0,0,-0.4278631,1.059959,1.664749,-0.4313211,1.056146,1.745826,-0.4490597,0.9871287,1.741523,0.3361465,0.2671288,0,1,1,1,1,0.2715635,0.1990086,0.1811548,0,0.1811548,0.5477083,0.1990086,true,0,1,0,4.554715E-13,0.9990028,-0.0446483,-2.136686E-11,-0.2390245,-1.019142,0,1,0,true,0.008854992,0.611523,-0.5703568,0.008854992,0.611523,-0.5703568,0.008854992,0.611523,-0.5703568,0.008854991,0.611523,-0.5703567,5.961192E-08,0,true,-98048,Sphere,CurrentGrounding,1,-0.4696372,1.108538,0.8751583,0,0,0,0,-1,0,0.05,1,4608,0.5735765,-0.4696372,0.48,0.8751583,-0.4696372,0.48,0.8751583,0,1,0,0.5785382,Swing,None,false,0,0,0,0,0,0,1,0,0,0,0,0,0,1,0,false,false,false,ModifierNotCompiled,0,0,0,0,0,0,0,0,ModifierNotCompiled,0,0,0,0,FootPlacementEffectorTarget,FootGrounding,true,0,false,0.05160959,1,2.246627,0.1258147,-98048,-0.4696372,0.48,0.8751583,0,1,0,0,0,0,0,-0.4696372,0.6758008,0.8751583,-0.4819262,0.6058147,0.9143728,-0.483887,0.5665207,0.8449012,0.1258147,0.08652073,0,1,1,1,1,0.03156358,-0.04099133,-0.005292382,0,-0.005292382,-0.6070445,-0.04099133,true,0,1,0,1.904264E-39,0.9999737,-0.007260576,-9.435517E-38,0.07524583,0.2673227,0,1,0,true,0.04192366,0.2273644,0.219646,0.04192366,0.2273644,0.219646,0.04192366,0.2273644,0.219646,0.04192362,0.2273644,0.219646,8.330002E-08,0
899,600,899,1,900,0,900,false,rootmotion.finalik.full-body-biped-ik/indexed-pose-backend,None,true,true,1,lyra-5.7/ABP_Mannequin_Base/CR_Mannequin_FootPlant,unreal-engine-5.7/SpringInterpV2/FMath.SpringDamper,corin.animation-rig,87731f0d0ca14844bbf861368b9847b3,corin.foot-placement,6d6118d2f41a5948ddd18dc6d88083c8c5bf77a4682a4ec3fce5d2ec6af01624,c7fd2c730a70465e6baa0d7496f46c9d49c4cc944fadbd61ecba1116729d5817,Corin.FootPlacementRig,2997edf1c34f13f7e2a3033372226eb399379f30c4303fddfe3e97ec1e4bf38d,0,-288406,0.03893238,0.07120587,0.07120587,-0.4580534,0.03893238,true,0,0.07120587,0,1,PelvisPreSolveTranslation,FootGrounding,ModifierNotCompiled,-1,-1,-1,0,,,true,-98058,Sphere,CurrentGrounding,0,-0.4267058,1.306159,1.65123,0,0,0,0,-1,0,0.05,1,4608,0.5735765,-0.4267058,0.7199999,1.65123,-0.4267058,0.7199999,1.65123,0,1,0,0.5361595,Swing,None,false,0,0,0,0,0,0,1,0,0,0,0,0,0,1,0,false,false,false,ModifierNotCompiled,0,0,0,0,0,0,0,0,ModifierNotCompiled,0,0,0,0,FootPlacementEffectorTarget,FootGrounding,true,0,false,0.2897334,1,3.033861,0.3369433,-98058,-0.4267058,0.7199999,1.65123,0,1,0,0,0,0,0,-0.4267058,1.060092,1.65123,-0.4298663,1.056943,1.732349,-0.4483232,0.9880142,1.728672,0.3369433,0.2680143,0,1,1,1,1,0.2789323,0.2077265,0.1827263,0,0.1827263,0.5713369,0.2077265,true,0,1,0,3.996529E-13,0.9989073,-0.04673472,-1.875027E-11,-0.1190938,-0.4946198,0,1,0,true,0.009370278,0.6190242,-0.5716787,0.009370278,0.6190242,-0.5716787,0.009370278,0.6190242,-0.5716787,0.009370243,0.6190242,-0.5716787,6.884861E-08,0,true,-98048,Sphere,CurrentGrounding,1,-0.4703174,1.099581,0.8554411,0,0,0,0,-1,0,0.05,1,4608,0.5735765,-0.4703174,0.48,0.8554411,-0.4703174,0.48,0.8554411,0,1,0,0.5695814,Swing,None,false,0,0,0,0,0,0,1,0,0,0,0,0,0,1,0,false,false,false,ModifierNotCompiled,0,0,0,0,0,0,0,0,ModifierNotCompiled,0,0,0,0,FootPlacementEffectorTarget,FootGrounding,true,0,false,0.05048812,1,2.273201,0.1131904,-98048,-0.4703174,0.48,0.8554411,0,1,0,0,0,0,0,-0.4703174,0.6639497,0.8554411,-0.4823916,0.5931903,0.8933118,-0.4842434,0.5552255,0.8231019,0.1131904,0.07522553,0,1,1,1,1,0.03893238,-0.03227349,-0.006837678,0,-0.006837678,-0.5210671,-0.03227349,true,0,1,0,1.659342E-39,0.9999785,-0.006549396,-8.223706E-38,0.06769375,0.2443047,0,1,0,true,0.04142046,0.2228821,0.22466,0.04142046,0.2228821,0.22466,0.04142046,0.2228821,0.22466,0.04142046,0.2228821,0.2246601,5.38559E-08,0
900,601,900,1,901,0,901,false,rootmotion.finalik.full-body-biped-ik/indexed-pose-backend,None,true,true,1,lyra-5.7/ABP_Mannequin_Base/CR_Mannequin_FootPlant,unreal-engine-5.7/SpringInterpV2/FMath.SpringDamper,corin.animation-rig,87731f0d0ca14844bbf861368b9847b3,corin.foot-placement,6d6118d2f41a5948ddd18dc6d88083c8c5bf77a4682a4ec3fce5d2ec6af01624,c7fd2c730a70465e6baa0d7496f46c9d49c4cc944fadbd61ecba1116729d5817,Corin.FootPlacementRig,2997edf1c34f13f7e2a3033372226eb399379f30c4303fddfe3e97ec1e4bf38d,0,-288406,0.05754814,0.06865948,0.06865948,-0.2816191,0.05754814,true,0,0.06865948,0,1,PelvisPreSolveTranslation,FootGrounding,ModifierNotCompiled,-1,-1,-1,0,,,true,-98058,Sphere,CurrentGrounding,0,-0.4238153,1.306585,1.615821,0,0,0,0,-1,0,0.05,1,4608,0.5735765,-0.4238153,0.7199999,1.615821,-0.4238153,0.7199999,1.615821,0,1,0,0.5365846,Swing,None,false,0,0,0,0,0,0,1,0,0,0,0,0,0,1,0,false,false,false,ModifierNotCompiled,0,0,0,0,0,0,0,0,ModifierNotCompiled,0,0,0,0,FootPlacementEffectorTarget,FootGrounding,true,0,false,0.3103073,1,2.950962,0.3403491,-98058,-0.4238153,0.7199999,1.615821,0,1,0,0,0,0,0,-0.4238153,1.062272,1.615821,-0.4261489,1.060349,1.697006,-0.4464314,0.9917199,1.694557,0.3403491,0.27172,0,1,1,1,1,0.2975481,0.2288886,0.1870281,0,0.1870281,0.6460428,0.2288886,true,0,1,0,2.871127E-13,0.9988989,-0.04691348,-1.348579E-11,0.07425397,0.3492963,0,1,0,true,0.01059771,0.6398203,-0.5737786,0.01059771,0.6398203,-0.5737786,0.01059771,0.6398203,-0.5737786,0.01059761,0.6398205,-0.5737786,1.512761E-07,0,true,-98048,Sphere,CurrentGrounding,1,-0.4729712,1.077018,0.8062944,0,0,0,0,-1,0,0.05,1,4608,0.5735765,-0.4729712,0.48,0.8062944,-0.4729712,0.48,0.8062944,0,1,0,0.5470179,Swing,None,false,0,0,0,0,0,0,1,0,0,0,0,0,0,1,0,false,false,false,ModifierNotCompiled,0,0,0,0,0,0,0,0,ModifierNotCompiled,0,0,0,0,FootPlacementEffectorTarget,FootGrounding,true,0,false,0.0476543,1,2.344271,0.08345079,-98048,-0.4729712,0.48,0.8062944,0,1,0,0,0,0,0,-0.4729712,0.6360091,0.8062944,-0.4844871,0.5634508,0.8407838,-0.4861465,0.5288382,0.7688576,0.08345079,0.0488382,0,1,1,1,1,0.05754814,-0.01111135,-0.009668275,0,-0.009668275,-0.3030547,-0.01111135,true,0,1,0,1.172863E-39,0.9999874,-0.005024548,-5.815387E-38,0.05162035,0.1928536,0,1,0,true,0.04034865,0.2135573,0.2366935,0.04034865,0.2135573,0.2366935,0.04034865,0.2135573,0.2366935,0.04034868,0.2135573,0.2366936,3.003425E-08,0
901,602,901,1,902,0,902,false,rootmotion.finalik.full-body-biped-ik/indexed-pose-backend,None,true,true,1,lyra-5.7/ABP_Mannequin_Base/CR_Mannequin_FootPlant,unreal-engine-5.7/SpringInterpV2/FMath.SpringDamper,corin.animation-rig,87731f0d0ca14844bbf861368b9847b3,corin.foot-placement,6d6118d2f41a5948ddd18dc6d88083c8c5bf77a4682a4ec3fce5d2ec6af01624,c7fd2c730a70465e6baa0d7496f46c9d49c4cc944fadbd61ecba1116729d5817,Corin.FootPlacementRig,2997edf1c34f13f7e2a3033372226eb399379f30c4303fddfe3e97ec1e4bf38d,0,-288406,0.07162294,0.06754306,0.06754306,-0.1527052,0.07162294,true,0,0.06754306,0,1,PelvisPreSolveTranslation,FootGrounding,ModifierNotCompiled,-1,-1,-1,0,,,true,-98058,Sphere,CurrentGrounding,0,-0.4214563,1.307234,1.587678,0,0,0,0,-1,0,0.05,1,4608,0.5735765,-0.4214563,0.7199999,1.587678,-0.4214563,0.7199999,1.587678,0,1,0,0.5372337,Swing,None,false,0,0,0,0,0,0,1,0,0,0,0,0,0,1,0,false,false,false,ModifierNotCompiled,0,0,0,0,0,0,0,0,ModifierNotCompiled,0,0,0,0,FootPlacementEffectorTarget,FootGrounding,true,0,false,0.3258626,1,2.867438,0.3441722,-98058,-0.4214563,0.7199999,1.587678,0,1,0,0,0,0,0,-0.4214563,1.065408,1.587678,-0.4231482,1.064172,1.668892,-0.4447732,0.995815,1.66719,0.3441722,0.2758151,0,1,1,1,1,0.3116229,0.2440798,0.1906307,0,0.1906307,0.701351,0.2440798,true,0,1,0,2.233894E-13,0.9990281,-0.04407769,-1.050715E-11,0.1486135,0.6723091,0,1,0,true,0.01133679,0.6570305,-0.5740194,0.01133679,0.6570305,-0.5740194,0.01133679,0.6570305,-0.5740194,0.01133681,0.6570305,-0.5740193,8.745015E-08,0,true,-98048,Sphere,CurrentGrounding,1,-0.4752147,1.059952,0.7696061,0,0,0,0,-1,0,0.05,1,4608,0.5735765,-0.4752147,0.48,0.775,-0.4752147,0.48,0.775,0,0.9941642,-0.1078773,0.5302433,Swing,None,false,0,0,0,0,0,0,1,0,0,0,0,0,0,1,0,false,false,false,ModifierNotCompiled,0,0,0,0,0,0,0,0,ModifierNotCompiled,0,0,0,0,FootPlacementEffectorTarget,FootGrounding,true,0.1328859,false,0.0461301,1,2.435145,0.05970544,-98048,-0.4752147,0.48,0.775,0,0.9941642,-0.1078773,0,0,0,0,-0.4752147,0.6166632,0.7696061,-0.4862974,0.542955,0.8017173,-0.4878368,0.5107004,0.728701,0.05970544,0.03551589,0,1,1,1,1,0.07162294,0.004079878,-0.01083135,0,-0.01083135,-0.1514083,0.004079878,true,0,0.9941642,-0.1078773,9.023199E-40,0.9999734,-0.007285507,-4.474533E-38,-0.01782965,-0.9438394,0,0.9941642,-0.1078773,true,0.03964168,0.2082862,0.2453287,0.03964168,0.2082862,0.2453287,0.03964168,0.2082862,0.2453287,0.03964172,0.2082862,0.2453288,8.330002E-08,0
902,603,902,1,903,0,903,false,rootmotion.finalik.full-body-biped-ik/indexed-pose-backend,None,true,true,1,lyra-5.7/ABP_Mannequin_Base/CR_Mannequin_FootPlant,unreal-engine-5.7/SpringInterpV2/FMath.SpringDamper,corin.animation-rig,87731f0d0ca14844bbf861368b9847b3,corin.foot-placement,6d6118d2f41a5948ddd18dc6d88083c8c5bf77a4682a4ec3fce5d2ec6af01624,c7fd2c730a70465e6baa0d7496f46c9d49c4cc944fadbd61ecba1116729d5817,Corin.FootPlacementRig,2997edf1c34f13f7e2a3033372226eb399379f30c4303fddfe3e97ec1e4bf38d,0,-288406,-0.1546279,0.06224827,0.06224827,-1.700636,-0.1546279,true,0,0.06224827,0,1,PelvisPreSolveTranslation,FootGrounding,ModifierNotCompiled,-1,-1,-1,0,,,true,-98058,Sphere,CurrentGrounding,0,-0.4192581,1.307779,1.558877,0,0,0,0,-1,0,0.05,1,4608,0.5735765,-0.4192581,0.7199999,1.558877,-0.4192581,0.7199999,1.558877,0,1,0,0.5377789,Swing,None,false,0,0,0,0,0,0,1,0,0,0,0,0,0,1,0,false,false,false,ModifierNotCompiled,0,0,0,0,0,0,0,0,ModifierNotCompiled,0,0,0,0,FootPlacementEffectorTarget,FootGrounding,true,0,false,0.3410625,1,2.80077,0.343943,-98058,-0.4192581,0.7199999,1.558877,0,1,0,0,0,0,0,-0.4192581,1.064562,1.558877,-0.4203293,1.063943,1.640109,-0.4431829,0.9958662,1.639099,0.343943,0.2758663,0,1,1,1,1,0.325372,0.2631238,0.1945352,0,0.1945352,0.7895392,0.2631238,true,0,1,0,1.747276E-13,0.9991957,-0.04009932,-8.231143E-12,0.1837711,0.8236231,0,1,0,true,0.01178419,0.6699345,-0.5729713,0.01178419,0.6699345,-0.5729713,0.01178419,0.6699345,-0.5729713,0.01178411,0.6699345,-0.5729712,1.559764E-07,0,true,-98038,Sphere,CurrentGrounding,1,-0.4776616,1.043271,0.7338428,0,0,0,0,-1,0,0.05,1,4608,0.5735765,-0.4776616,0.24,0.7338428,-0.4776616,0.24,0.7338428,0,1,0,0.7532713,Swing,None,false,0,0,0,0,0,0,1,0,0,0,0,0,0,1,0,false,false,false,ModifierNotCompiled,0,0,0,0,0,0,0,0,ModifierNotCompiled,0,0,0,0,FootPlacementEffectorTarget,FootGrounding,true,0.289442,false,0.04476495,1,2.535369,0.2747857,-98038,-0.4776616,0.24,0.7338428,0,1,0,0,0,0,0,-0.4776616,0.5895438,0.7338428,-0.4882941,0.5147857,0.7635924,-0.4897099,0.4848695,0.6895844,0.2747857,0.2448695,0,1,1,1,1,-0.1546279,-0.2168761,-0.01597575,0,-0.01597575,-1.64994,-0.2168761,true,0,1,0,6.984015E-40,0.9999412,-0.01084109,-3.463431E-38,0.001660046,-0.4661223,0,1,0,true,0.03891059,0.194916,0.253683,0.03891059,0.194916,0.253683,0.03891059,0.194916,0.253683,0.03891057,0.1949159,0.2536832,2.007859E-07,0
903,604,903,1,904,0,904,false,rootmotion.finalik.full-body-biped-ik/indexed-pose-backend,None,true,true,1,lyra-5.7/ABP_Mannequin_Base/CR_Mannequin_FootPlant,unreal-engine-5.7/SpringInterpV2/FMath.SpringDamper,corin.animation-rig,87731f0d0ca14844bbf861368b9847b3,corin.foot-placement,6d6118d2f41a5948ddd18dc6d88083c8c5bf77a4682a4ec3fce5d2ec6af01624,c7fd2c730a70465e6baa0d7496f46c9d49c4cc944fadbd61ecba1116729d5817,Corin.FootPlacementRig,2997edf1c34f13f7e2a3033372226eb399379f30c4303fddfe3e97ec1e4bf38d,0,-288406,-0.1426204,0.05473951,0.05473951,-1.613725,-0.1426204,true,0,0.05473951,0,1,PelvisPreSolveTranslation,FootGrounding,ModifierNotCompiled,-1,-1,-1,0,,,true,-98058,Sphere,CurrentGrounding,0,-0.4175572,1.307929,1.532583,0,0,0,0,-1,0,0.05,1,4608,0.5735765,-0.4175572,0.7199999,1.532583,-0.4175572,0.7199999,1.532583,0,1,0,0.5379291,Swing,None,false,0,0,0,0,0,0,1,0,0,0,0,0,0,1,0,false,false,false,ModifierNotCompiled,0,0,0,0,0,0,0,0,ModifierNotCompiled,0,0,0,0,FootPlacementEffectorTarget,FootGrounding,true,0,false,0.3543433,1,2.764203,0.3409973,-98058,-0.4175572,0.7199999,1.532583,0,1,0,0,0,0,0,-0.4175572,1.061051,1.532583,-0.4180977,1.060997,1.613822,-0.4419212,0.9931629,1.613446,0.3409973,0.273163,0,1,1,1,1,0.3373795,0.28264,0.1983825,0,0.1983825,0.8887576,0.28264,true,0,1,0,1.40924E-13,0.9993446,-0.03619936,-6.64825E-12,0.1946309,0.8689319,0,1,0,true,0.01188068,0.6784304,-0.5709388,0.01188068,0.6784304,-0.5709388,0.01188068,0.6784304,-0.5709388,0.0118806,0.6784304,-0.5709388,9.396671E-08,0,true,-98038,Sphere,CurrentGrounding,1,-0.4800181,1.028718,0.7024512,0,0,0,0,-1,0,0.05,1,4608,0.5735765,-0.4800181,0.24,0.7024512,-0.4800181,0.24,0.7024512,0,1,0,0.7387177,Swing,None,false,0,0,0,0,0,0,1,0,0,0,0,0,0,1,0,false,false,false,ModifierNotCompiled,0,0,0,0,0,0,0,0,ModifierNotCompiled,0,0,0,0,FootPlacementEffectorTarget,FootGrounding,true,0.4262306,false,0.04357218,1,2.626447,0.2446479,-98038,-0.4800181,0.24,0.7024512,0,1,0,0,0,0,0,-0.4800181,0.5603623,0.7024512,-0.490222,0.4846479,0.7298378,-0.491509,0.4570663,0.6549264,0.2446479,0.2170663,0,1,1,1,1,-0.1426204,-0.1973599,-0.02309492,0,-0.02309492,-1.50158,-0.1973599,true,0,1,0,5.582591E-40,0.9999247,-0.01227725,-2.768687E-38,0.01206088,-0.1890318,0,1,0,true,0.03815018,0.1777419,0.2611253,0.03815018,0.1777419,0.2611253,0.03815018,0.1777419,0.2611253,0.03815017,0.1777419,0.2611253,4.60793E-08,0
904,605,904,1,905,0,905,false,rootmotion.finalik.full-body-biped-ik/indexed-pose-backend,None,true,true,1,lyra-5.7/ABP_Mannequin_Base/CR_Mannequin_FootPlant,unreal-engine-5.7/SpringInterpV2/FMath.SpringDamper,corin.animation-rig,87731f0d0ca14844bbf861368b9847b3,corin.foot-placement,6d6118d2f41a5948ddd18dc6d88083c8c5bf77a4682a4ec3fce5d2ec6af01624,c7fd2c730a70465e6baa0d7496f46c9d49c4cc944fadbd61ecba1116729d5817,Corin.FootPlacementRig,2997edf1c34f13f7e2a3033372226eb399379f30c4303fddfe3e97ec1e4bf38d,0,-288406,-0.1356198,0.05054147,0.05054147,-1.560434,-0.1356198,true,0,0.05054147,0,1,PelvisPreSolveTranslation,FootGrounding,ModifierNotCompiled,-1,-1,-1,0,,,true,-98058,Sphere,CurrentGrounding,0,-0.4164503,1.307784,1.516741,0,0,0,0,-1,0,0.05,1,4608,0.5735765,-0.4164503,0.7199999,1.516741,-0.4164503,0.7199999,1.516741,0,1,0,0.5377842,Swing,None,false,0,0,0,0,0,0,1,0,0,0,0,0,0,1,0,false,false,false,ModifierNotCompiled,0,0,0,0,0,0,0,0,ModifierNotCompiled,0,0,0,0,FootPlacementEffectorTarget,FootGrounding,true,0,false,0.3619706,1,2.748117,0.3394718,-98058,-0.4164503,0.7199999,1.516741,0,1,0,0,0,0,0,-0.4164503,1.059163,1.516741,-0.4166763,1.059472,1.597981,-0.4410076,0.9917723,1.598005,0.3394718,0.2717724,0,1,1,1,1,0.3443801,0.2938386,0.2008378,0,0.2008378,0.944311,0.2938386,true,0,1,0,1.242803E-13,0.9994262,-0.0338692,-5.868043E-12,0.1950775,0.8696324,0,1,0,true,0.0117874,0.6835436,-0.5692559,0.0117874,0.6835436,-0.5692559,0.0117874,0.6835436,-0.5692559,0.01178739,0.6835436,-0.5692559,5.996011E-08,0,true,-98038,Sphere,CurrentGrounding,1,-0.4813535,1.020253,0.6840105,0,0,0,0,-1,0,0.05,1,4608,0.5735765,-0.4813535,0.24,0.6840105,-0.4813535,0.24,0.6840105,0,1,0,0.7302534,Swing,None,false,0,0,0,0,0,0,1,0,0,0,0,0,0,1,0,false,false,false,ModifierNotCompiled,0,0,0,0,0,0,0,0,ModifierNotCompiled,0,0,0,0,FootPlacementEffectorTarget,FootGrounding,true,0.499,false,0.04298161,1,2.684979,0.2275751,-98038,-0.4813535,0.24,0.6840105,0,1,0,0,0,0,0,-0.4813535,0.543856,0.6840105,-0.4912829,0.4675751,0.7098845,-0.4924929,0.4414879,0.6344385,0.2275751,0.2014879,0,1,1,1,1,-0.1356198,-0.1861613,-0.02693881,0,-0.02693881,-1.415004,-0.1861613,true,0,1,0,4.897959E-40,0.9999205,-0.0126109,-2.429297E-38,0.01604914,-0.07236128,0,1,0,true,0.03762341,0.1682362,0.2656007,0.03762341,0.1682362,0.2656007,0.03762341,0.1682362,0.2656007,0.03762335,0.168236,0.2656007,1.349872E-07,0
905,606,905,1,906,0,906,false,rootmotion.finalik.full-body-biped-ik/indexed-pose-backend,None,true,true,1,lyra-5.7/ABP_Mannequin_Base/CR_Mannequin_FootPlant,unreal-engine-5.7/SpringInterpV2/FMath.SpringDamper,corin.animation-rig,87731f0d0ca14844bbf861368b9847b3,corin.foot-placement,6d6118d2f41a5948ddd18dc6d88083c8c5bf77a4682a4ec3fce5d2ec6af01624,c7fd2c730a70465e6baa0d7496f46c9d49c4cc944fadbd61ecba1116729d5817,Corin.FootPlacementRig,2997edf1c34f13f7e2a3033372226eb399379f30c4303fddfe3e97ec1e4bf38d,0,-288406,-0.1283826,0.04635574,0.04635574,-1.502447,-0.1283826,true,0,0.04635574,0,1,PelvisPreSolveTranslation,FootGrounding,ModifierNotCompiled,-1,-1,-1,0,,,true,-98058,Sphere,CurrentGrounding,0,-0.4152093,1.3074,1.499959,0,0,0,0,-1,0,0.05,1,4608,0.5735765,-0.4152093,0.7199999,1.499959,-0.4152093,0.7199999,1.499959,0,1,0,0.5374002,Swing,None,false,0,0,0,0,0,0,1,0,0,0,0,0,0,1,0,false,false,false,ModifierNotCompiled,0,0,0,0,0,0,0,0,ModifierNotCompiled,0,0,0,0,FootPlacementEffectorTarget,FootGrounding,true,0,false,0.3686099,1,2.692238,0.3380059,-98058,-0.4152093,0.7199999,1.499959,0,1,0,0,0,0,0,-0.4152093,1.057287,1.499959,-0.4151039,1.058006,1.581197,-0.4399076,0.9904377,1.581669,0.3380059,0.2704378,0,1,1,1,1,0.3516173,0.3052616,0.203531,0,0.203531,1.001865,0.3052616,true,0,1,0,1.091334E-13,0.9995043,-0.03148165,-5.157362E-12,0.1922882,0.8561796,0,1,0,true,0.01156269,0.6889043,-0.5671238,0.01156269,0.6889043,-0.5671238,0.01156269,0.6889043,-0.5671238,0.01156267,0.6889043,-0.5671238,6.143906E-08,0,true,-98038,Sphere,CurrentGrounding,1,-0.4826882,1.011532,0.6647925,0,0,0,0,-1,0,0.05,1,4608,0.5735765,-0.4826882,0.24,0.6647925,-0.4826882,0.24,0.6647925,0,1,0,0.7215316,Swing,None,false,0,0,0,0,0,0,1,0,0,0,0,0,0,1,0,false,false,false,ModifierNotCompiled,0,0,0,0,0,0,0,0,ModifierNotCompiled,0,0,0,0,FootPlacementEffectorTarget,FootGrounding,true,0.499,false,0.0435009,1,2.790277,0.2103514,-98038,-0.4826882,0.24,0.6647925,0,1,0,0,0,0,0,-0.4826882,0.5272195,0.6647925,-0.4923115,0.4503514,0.68899,-0.4934397,0.4259197,0.6129904,0.2103514,0.1859196,0,1,1,1,1,-0.1283826,-0.1747384,-0.03066781,0,-0.03066781,-1.323886,-0.1747384,true,0,1,0,4.27836E-40,0.9999197,-0.01267108,-2.122137E-38,0.01894043,0.02094522,0,1,0,true,0.03699486,0.1588369,0.2703782,0.03699486,0.1588369,0.2703782,0.03699486,0.1588369,0.2703782,0.03699481,0.1588368,0.2703783,8.024521E-08,0
906,607,906,1,907,0,907,false,rootmotion.finalik.full-body-biped-ik/indexed-pose-backend,None,true,true,1,lyra-5.7/ABP_Mannequin_Base/CR_Mannequin_FootPlant,unreal-engine-5.7/SpringInterpV2/FMath.SpringDamper,corin.animation-rig,87731f0d0ca14844bbf861368b9847b3,corin.foot-placement,6d6118d2f41a5948ddd18dc6d88083c8c5bf77a4682a4ec3fce5d2ec6af01624,c7fd2c730a70465e6baa0d7496f46c9d49c4cc944fadbd61ecba1116729d5817,Corin.FootPlacementRig,2997edf1c34f13f7e2a3033372226eb399379f30c4303fddfe3e97ec1e4bf38d,0,-288406,-0.120856,0.04217688,0.04217688,-1.439373,-0.120856,true,0,0.04217688,0,1,PelvisPreSolveTranslation,FootGrounding,ModifierNotCompiled,-1,-1,-1,0,,,true,-98058,Sphere,CurrentGrounding,0,-0.4138095,1.306701,1.482066,0,0,0,0,-1,0,0.05,1,4608,0.5735765,-0.4138095,0.7199999,1.482066,-0.4138095,0.7199999,1.482066,0,1,0,0.5367014,Swing,None,false,0,0,0,0,0,0,1,0,0,0,0,0,0,1,0,false,false,false,ModifierNotCompiled,0,0,0,0,0,0,0,0,ModifierNotCompiled,0,0,0,0,FootPlacementEffectorTarget,FootGrounding,true,0,false,0.3755147,1,2.645204,0.3365707,-98058,-0.4138095,0.7199999,1.482066,0,1,0,0,0,0,0,-0.4138095,1.055377,1.482066,-0.4133513,1.056571,1.563296,-0.4385812,0.9891276,1.564278,0.3365707,0.2691277,0,1,1,1,1,0.3591439,0.316967,0.2064988,0,0.2064988,1.061593,0.316967,true,0,1,0,9.533256E-14,0.9995778,-0.02905814,-4.509212E-12,0.1867721,0.8308062,0,1,0,true,0.011181,0.6945211,-0.5644825,0.011181,0.6945211,-0.5644825,0.011181,0.6945211,-0.5644825,0.01118092,0.6945212,-0.5644826,1.55017E-07,0,true,-98038,Sphere,CurrentGrounding,1,-0.4840133,1.002506,0.6445966,0,0,0,0,-1,0,0.05,1,4608,0.5735765,-0.4840133,0.24,0.6445966,-0.4840133,0.24,0.6445966,0,1,0,0.7125064,Swing,None,false,0,0,0,0,0,0,1,0,0,0,0,0,0,1,0,false,false,false,ModifierNotCompiled,0,0,0,0,0,0,0,0,ModifierNotCompiled,0,0,0,0,FootPlacementEffectorTarget,FootGrounding,true,0.499,false,0.04404096,1,2.900801,0.1929303,-98038,-0.4840133,0.24,0.6445966,0,1,0,0,0,0,0,-0.4840133,0.5104053,0.6445966,-0.4932916,0.4329304,0.6669214,-0.4943321,0.4103472,0.5903511,0.1929303,0.1703472,0,1,1,1,1,-0.120856,-0.1630329,-0.03427795,0,-0.03427795,-1.227836,-0.1630329,true,0,1,0,3.717042E-40,0.9999219,-0.01249933,-1.84385E-38,0.02088764,0.09398261,0,1,0,true,0.03623289,0.1495493,0.275551,0.03623289,0.1495493,0.275551,0.03623289,0.1495493,0.275551,0.03623291,0.1495492,0.275551,9.132661E-08,0
907,608,907,1,908,0,908,false,rootmotion.finalik.full-body-biped-ik/indexed-pose-backend,None,true,true,1,lyra-5.7/ABP_Mannequin_Base/CR_Mannequin_FootPlant,unreal-engine-5.7/SpringInterpV2/FMath.SpringDamper,corin.animation-rig,87731f0d0ca14844bbf861368b9847b3,corin.foot-placement,6d6118d2f41a5948ddd18dc6d88083c8c5bf77a4682a4ec3fce5d2ec6af01624,c7fd2c730a70465e6baa0d7496f46c9d49c4cc944fadbd61ecba1116729d5817,Corin.FootPlacementRig,2997edf1c34f13f7e2a3033372226eb399379f30c4303fddfe3e97ec1e4bf38d,0,-288406,-0.1128,0.03340161,0.03790763,-1.369057,-0.1128,true,0,0.03340161,0,1,PelvisPreSolveTranslation,FootGrounding,ModifierNotCompiled,-1,-1,-1,0,,,true,-98058,Sphere,CurrentGrounding,0,-0.4122038,1.305546,1.462399,0,0,0,0,-1,0,0.05,1,4608,0.5735765,-0.4122038,0.7199999,1.462399,-0.4122038,0.7199999,1.462399,0,1,0,0.5355457,Swing,None,false,0,0,0,0,0,0,1,0,0,0,0,0,0,1,0,false,false,false,ModifierNotCompiled,0,0,0,0,0,0,0,0,ModifierNotCompiled,0,0,0,0,FootPlacementEffectorTarget,FootGrounding,true,0,false,0.3829087,1,2.608042,0.3350365,-98058,-0.4122038,0.7199999,1.462399,0,1,0,0,0,0,0,-0.4122038,1.053317,1.462399,-0.4113281,1.055036,1.543616,-0.4369631,0.9877242,1.545171,0.3350365,0.2677243,0,1,1,1,1,0.3671999,0.3292922,0.2098641,0,0.2098641,1.125196,0.3292922,true,0,1,0,8.248191E-14,0.9996472,-0.02656186,-3.90505E-12,0.178759,0.7944956,0,1,0,true,0.01061385,0.7005174,-0.5611625,0.01061385,0.7005174,-0.5611625,0.01061385,0.7005174,-0.5611625,0.01061385,0.7005174,-0.5611625,6.00685E-08,0,true,-98038,Sphere,CurrentGrounding,1,-0.4855196,0.9930693,0.6225448,0,0,0,0,-1,0,0.05,1,4608,0.5735765,-0.4855196,0.24,0.6225448,-0.4855196,0.24,0.6225448,0,1,0,0.7030693,Swing,None,false,0,0,0,0,0,0,1,0,0,0,0,0,0,1,0,false,false,false,ModifierNotCompiled,0,0,0,0,0,0,0,0,ModifierNotCompiled,0,0,0,0,FootPlacementEffectorTarget,FootGrounding,true,0.499,false,0.04461927,1,3.020176,0.1750337,-98038,-0.4855196,0.24,0.6225448,0,1,0,0,0,0,0,-0.4855196,0.4931395,0.6225448,-0.4943867,0.4150338,0.6427366,-0.495358,0.3945576,0.5655751,0.1750337,0.1545576,0,1,1,1,1,-0.1128,-0.1507077,-0.03783746,0,-0.03783746,-1.123962,-0.1507077,true,0,1,0,3.197455E-40,0.9999266,-0.01212033,-1.586234E-38,0.02203636,0.1504135,0,1,0,true,0.03522554,0.1403394,0.281526,0.03522554,0.1403394,0.281526,0.03522554,0.1403394,0.281526,0.03522556,0.1403394,0.281526,2.235174E-08,0
908,609,908,1,909,0,909,false,rootmotion.finalik.full-body-biped-ik/indexed-pose-backend,None,true,true,1,lyra-5.7/ABP_Mannequin_Base/CR_Mannequin_FootPlant,unreal-engine-5.7/SpringInterpV2/FMath.SpringDamper,corin.animation-rig,87731f0d0ca14844bbf861368b9847b3,corin.foot-placement,6d6118d2f41a5948ddd18dc6d88083c8c5bf77a4682a4ec3fce5d2ec6af01624,c7fd2c730a70465e6baa0d7496f46c9d49c4cc944fadbd61ecba1116729d5817,Corin.FootPlacementRig,2997edf1c34f13f7e2a3033372226eb399379f30c4303fddfe3e97ec1e4bf38d,0,-288406,-0.09482911,0.01212496,0.02922992,-1.197623,-0.09482911,true,0,0.01212496,0,1,PelvisPreSolveTranslation,FootGrounding,ModifierNotCompiled,-1,-1,-1,0,,,true,-98058,Sphere,CurrentGrounding,0,-0.4086781,1.300896,1.416439,0,0,0,0,-1,0,0.05,1,4608,0.5735765,-0.4086781,0.7199999,1.416439,-0.4086781,0.7199999,1.416439,0,1,0,0.5308959,Swing,None,false,0,0,0,0,0,0,1,0,0,0,0,0,0,1,0,false,false,false,ModifierNotCompiled,0,0,0,0,0,0,0,0,ModifierNotCompiled,0,0,0,0,FootPlacementEffectorTarget,FootGrounding,true,0,false,0.3994175,1,2.57697,0.3306682,-98058,-0.4086781,0.7199999,1.416439,0,1,0,0,0,0,0,-0.4086781,1.048194,1.416439,-0.4066663,1.050668,1.497617,-0.4333208,0.9837569,1.500174,0.3306682,0.263757,0,1,1,1,1,0.3851708,0.3559409,0.218068,0,0.218068,1.273696,0.3559409,true,0,1,0,5.973035E-14,0.9997694,-0.02147362,-2.833554E-12,0.1565286,0.6947417,0,1,0,true,0.009156148,0.7133648,-0.5517514,0.009156148,0.7133648,-0.5517514,0.009156148,0.7133648,-0.5517514,0.009156093,0.7133648,-0.5517513,1.441626E-07,0,true,-98038,Sphere,CurrentGrounding,1,-0.4888361,0.9745203,0.5698137,0,0,0,0,-1,0,0.05,1,4608,0.5735765,-0.4888361,0.24,0.5698137,-0.4888361,0.24,0.5698137,0,1,0,0.6845203,Swing,None,false,0,0,0,0,0,0,1,0,0,0,0,0,0,1,0,false,false,false,ModifierNotCompiled,0,0,0,0,0,0,0,0,ModifierNotCompiled,0,0,0,0,FootPlacementEffectorTarget,FootGrounding,true,0.499,false,0.0459105,1,3.289935,0.1398104,-98038,-0.4888361,0.24,0.5698137,0,1,0,0,0,0,0,-0.4888361,0.4591638,0.5698137,-0.4965844,0.3798104,0.5849745,-0.4975817,0.3643173,0.5066603,0.1398104,0.1243173,0,1,1,1,1,-0.09482911,-0.124059,-0.04458646,0,-0.04458646,-0.8819245,-0.124059,true,0,1,0,2.286092E-40,0.9999413,-0.01083694,-1.134328E-38,0.02221324,0.2179583,0,1,0,true,0.03163119,0.1243347,0.2983626,0.03163119,0.1243347,0.2983626,0.03163119,0.1243347,0.2983626,0.03163118,0.1243346,0.2983626,6.82857E-08,0
909,610,909,1,910,0,910,false,rootmotion.finalik.full-body-biped-ik/indexed-pose-backend,None,true,true,1,lyra-5.7/ABP_Mannequin_Base/CR_Mannequin_FootPlant,unreal-engine-5.7/SpringInterpV2/FMath.SpringDamper,corin.animation-rig,87731f0d0ca14844bbf861368b9847b3,corin.foot-placement,6d6118d2f41a5948ddd18dc6d88083c8c5bf77a4682a4ec3fce5d2ec6af01624,c7fd2c730a70465e6baa0d7496f46c9d49c4cc944fadbd61ecba1116729d5817,Corin.FootPlacementRig,2997edf1c34f13f7e2a3033372226eb399379f30c4303fddfe3e97ec1e4bf38d,0,-288406,-0.08106682,-0.00316757,0.02337213,-1.064172,-0.08106682,true,0,-0.00316757,0,1,PelvisPreSolveTranslation,FootGrounding,ModifierNotCompiled,-1,-1,-1,0,,,true,-98058,Sphere,CurrentGrounding,0,-0.406085,1.295331,1.379467,0,0,0,0,-1,0,0.05,1,4608,0.5735765,-0.406085,0.7199999,1.379467,-0.406085,0.7199999,1.379467,0,1,0,0.5253308,Swing,None,false,0,0,0,0,0,0,1,0,0,0,0,0,0,1,0,false,false,false,ModifierNotCompiled,0,0,0,0,0,0,0,0,ModifierNotCompiled,0,0,0,0,FootPlacementEffectorTarget,FootGrounding,true,0,false,0.4089815,1,2.611161,0.3272213,-98058,-0.406085,0.7199999,1.379467,0,1,0,0,0,0,0,-0.406085,1.043717,1.379467,-0.4032807,1.047221,1.460583,-0.4302273,0.980455,1.46426,0.3272213,0.2604551,0,1,1,1,1,0.3989331,0.3755609,0.2250139,0,0.2250139,1.37744,0.3755609,true,0,1,0,4.663944E-14,0.9998368,-0.01806478,-2.215691E-12,0.1379372,0.611769,0,1,0,true,0.007885313,0.7226499,-0.5428248,0.007885313,0.7226499,-0.5428248,0.007885313,0.7226499,-0.5428248,0.007885341,0.72265,-0.5428248,6.58281E-08,0,true,-98038,Sphere,CurrentGrounding,1,-0.4912057,0.95982,0.5289764,0,0,0,0,-1,0,0.05,1,4608,0.5735765,-0.4912057,0.24,0.5289764,-0.4912057,0.24,0.5289764,0,1,0,0.66982,Swing,None,false,0,0,0,0,0,0,1,0,0,0,0,0,0,1,0,false,false,false,ModifierNotCompiled,0,0,0,0,0,0,0,0,ModifierNotCompiled,0,0,0,0,FootPlacementEffectorTarget,FootGrounding,true,0.3690109,false,0.0457653,1,3.239303,0.1143146,-98038,-0.4912057,0.24,0.5289764,0,1,0,0,0,0,0,-0.4912057,0.4345254,0.5289764,-0.4979832,0.3543146,0.5393274,-0.4989641,0.3435677,0.4602219,0.1143146,0.1035677,0,1,1,1,1,-0.08106682,-0.1044389,-0.04866673,0,-0.04866673,-0.7035742,-0.1044389,true,0,1,0,1.767892E-40,0.9999533,-0.009657036,-8.773289E-39,0.02097584,0.2334856,0,1,0,true,0.02844738,0.1134585,0.311667,0.02844738,0.1134585,0.311667,0.02844738,0.1134585,0.311667,0.02844742,0.1134585,0.3116668,1.27873E-07,0
910,611,910,1,911,0,911,false,rootmotion.finalik.full-body-biped-ik/indexed-pose-backend,None,true,true,1,lyra-5.7/ABP_Mannequin_Base/CR_Mannequin_FootPlant,unreal-engine-5.7/SpringInterpV2/FMath.SpringDamper,corin.animation-rig,87731f0d0ca14844bbf861368b9847b3,corin.foot-placement,6d6118d2f41a5948ddd18dc6d88083c8c5bf77a4682a4ec3fce5d2ec6af01624,c7fd2c730a70465e6baa0d7496f46c9d49c4cc944fadbd61ecba1116729d5817,Corin.FootPlacementRig,2997edf1c34f13f7e2a3033372226eb399379f30c4303fddfe3e97ec1e4bf38d,0,-288406,-0.07263264,-0.01275021,0.02012121,-0.9828348,-0.07263264,true,0,-0.01275021,0,1,PelvisPreSolveTranslation,FootGrounding,ModifierNotCompiled,-1,-1,-1,0,,,true,-98058,Sphere,CurrentGrounding,0,-0.404546,1.291064,1.356121,0,0,0,0,-1,0,0.05,1,4608,0.5735765,-0.404546,0.7199999,1.356121,-0.404546,0.7199999,1.356121,0,1,0,0.5210639,Swing,None,false,0,0,0,0,0,0,1,0,0,0,0,0,0,1,0,false,false,false,ModifierNotCompiled,0,0,0,0,0,0,0,0,ModifierNotCompiled,0,0,0,0,FootPlacementEffectorTarget,FootGrounding,true,0,false,0.4144509,1,2.645071,0.3254592,-98058,-0.404546,0.7199999,1.356121,0,1,0,0,0,0,0,-0.404546,1.040725,1.356121,-0.401361,1.045459,1.43716,-0.4279792,0.9785951,1.441979,0.3254592,0.2585952,0,1,1,1,1,0.4073673,0.387246,0.2295394,0,0.2295394,1.435495,0.387246,true,0,1,0,4.006667E-14,0.9998689,-0.0161875,-1.905013E-12,0.1266005,0.5612813,0,1,0,true,0.007033172,0.7280918,-0.5366909,0.007033172,0.7280918,-0.5366909,0.007033172,0.7280918,-0.5366909,0.00703319,0.7280918,-0.5366908,6.217581E-08,0,true,-98038,Sphere,CurrentGrounding,1,-0.4928937,0.9492608,0.5051661,0,0,0,0,-1,0,0.05,1,4608,0.5735765,-0.4928937,0.24,0.5051661,-0.4928937,0.24,0.5051661,0,1,0,0.6592608,Swing,None,false,0,0,0,0,0,0,1,0,0,0,0,0,0,1,0,false,false,false,ModifierNotCompiled,0,0,0,0,0,0,0,0,ModifierNotCompiled,0,0,0,0,FootPlacementEffectorTarget,FootGrounding,true,0.2727951,false,0.04553192,1,3.177072,0.09801334,-98038,-0.4928937,0.24,0.5051661,0,1,0,0,0,0,0,-0.4928937,0.418665,0.5051661,-0.4990537,0.3380134,0.5118155,-0.499948,0.3309079,0.4322992,0.09801334,0.09090787,0,1,1,1,1,-0.07263264,-0.09275385,-0.05071702,0,-0.05071702,-0.5988609,-0.09275385,true,0,1,0,1.509857E-40,0.9999603,-0.008912289,-7.493382E-39,0.01989204,0.2332253,0,1,0,true,0.02672807,0.1060323,0.3186108,0.02672807,0.1060323,0.3186108,0.02672807,0.1060323,0.3186108,0.02672806,0.1060323,0.3186108,5.963374E-08,0
911,612,911,1,912,0,912,false,rootmotion.finalik.full-body-biped-ik/indexed-pose-backend,None,true,true,1,lyra-5.7/ABP_Mannequin_Base/CR_Mannequin_FootPlant,unreal-engine-5.7/SpringInterpV2/FMath.SpringDamper,corin.animation-rig,87731f0d0ca14844bbf861368b9847b3,corin.foot-placement,6d6118d2f41a5948ddd18dc6d88083c8c5bf77a4682a4ec3fce5d2ec6af01624,c7fd2c730a70465e6baa0d7496f46c9d49c4cc944fadbd61ecba1116729d5817,Corin.FootPlacementRig,2997edf1c34f13f7e2a3033372226eb399379f30c4303fddfe3e97ec1e4bf38d,0,-288406,-0.06541783,-0.0213204,0.01754305,-0.9128826,-0.06541783,true,0,-0.0213204,0,1,PelvisPreSolveTranslation,FootGrounding,ModifierNotCompiled,-1,-1,-1,0,,,true,-98058,Sphere,CurrentGrounding,0,-0.4034514,1.287014,1.335657,0,0,0,0,-1,0,0.05,1,4608,0.5735765,-0.4034514,0.7199999,1.335657,-0.4034514,0.7199999,1.335657,0,1,0,0.5170139,Swing,None,false,0,0,0,0,0,0,1,0,0,0,0,0,0,1,0,false,false,false,ModifierNotCompiled,0,0,0,0,0,0,0,0,ModifierNotCompiled,0,0,0,0,FootPlacementEffectorTarget,FootGrounding,true,0,false,0.4191368,1,2.680375,0.3244277,-98058,-0.4034514,0.7199999,1.335657,0,1,0,0,0,0,0,-0.4034514,1.038121,1.335657,-0.3999853,1.044428,1.416578,-0.4258983,0.9773492,1.42279,0.3244277,0.2573493,0,1,1,1,1,0.4145821,0.397039,0.2335638,0,0.2335638,1.483039,0.397039,true,0,1,0,3.517368E-14,0.9998919,-0.014706,-1.673505E-12,0.1171452,0.5192169,0,1,0,true,0.006167985,0.7327029,-0.5309756,0.006167985,0.7327029,-0.5309756,0.006167985,0.7327029,-0.5309756,0.006167964,0.732703,-0.5309756,8.674809E-08,0,true,-98038,Sphere,CurrentGrounding,1,-0.4947169,0.9390762,0.4854116,0,0,0,0,-1,0,0.05,1,4608,0.5735765,-0.4947169,0.24,0.4854116,-0.4947169,0.24,0.4854116,0,1,0,0.6490762,Swing,None,false,0,0,0,0,0,0,1,0,0,0,0,0,0,1,0,false,false,false,ModifierNotCompiled,0,0,0,0,0,0,0,0,ModifierNotCompiled,0,0,0,0,FootPlacementEffectorTarget,FootGrounding,true,0.1903634,false,0.04533197,1,3.125025,0.08348954,-98038,-0.4947169,0.24,0.4854116,0,1,0,0,0,0,0,-0.4947169,0.4044095,0.4854116,-0.5003102,0.3234895,0.4881527,-0.5010531,0.3202227,0.4083845,0.08348954,0.08022267,0,1,1,1,1,-0.06541783,-0.08296087,-0.05220971,0,-0.05220971,-0.5109865,-0.08296087,true,0,1,0,1.318874E-40,0.9999657,-0.008280591,-6.545898E-39,0.01885048,0.2289432,0,1,0,true,0.02531354,0.09899169,0.3239397,0.02531354,0.09899169,0.3239397,0.02531354,0.09899169,0.3239397,0.02531358,0.09899166,0.3239397,7.727171E-08,0
912,613,912,1,913,0,913,false,rootmotion.finalik.full-body-biped-ik/indexed-pose-backend,None,true,true,1,lyra-5.7/ABP_Mannequin_Base/CR_Mannequin_FootPlant,unreal-engine-5.7/SpringInterpV2/FMath.SpringDamper,corin.animation-rig,87731f0d0ca14844bbf861368b9847b3,corin.foot-placement,6d6118d2f41a5948ddd18dc6d88083c8c5bf77a4682a4ec3fce5d2ec6af01624,c7fd2c730a70465e6baa0d7496f46c9d49c4cc944fadbd61ecba1116729d5817,Corin.FootPlacementRig,2997edf1c34f13f7e2a3033372226eb399379f30c4303fddfe3e97ec1e4bf38d,0,-288406,-0.05282596,-0.03607553,0.01351664,-0.7869772,-0.05282596,true,0,-0.03607553,0,1,PelvisPreSolveTranslation,FootGrounding,ModifierNotCompiled,-1,-1,-1,0,,,true,-98058,Sphere,CurrentGrounding,0,-0.4014778,1.279347,1.298847,0,0,0,0,-1,0,0.05,1,4608,0.5735765,-0.4014778,0.7199999,1.298847,-0.4014778,0.7199999,1.298847,0,1,0,0.5093471,Swing,None,false,0,0,0,0,0,0,1,0,0,0,0,0,0,1,0,false,false,false,ModifierNotCompiled,0,0,0,0,0,0,0,0,ModifierNotCompiled,0,0,0,0,FootPlacementEffectorTarget,FootGrounding,true,0,false,0.4273178,1,2.755133,0.3237224,-98058,-0.4014778,0.7199999,1.298847,0,1,0,0,0,0,0,-0.4014778,1.033746,1.298847,-0.3975992,1.043722,1.37938,-0.4214828,0.9761441,1.388789,0.3237224,0.2561442,0,1,1,1,1,0.4271739,0.4136573,0.2408824,0,0.2408824,1.56609,0.4136573,true,0,1,0,2.802999E-14,0.9999232,-0.01239553,-1.335114E-12,0.1015551,0.4499297,0,1,0,true,0.004276799,0.7409202,-0.5199651,0.004276799,0.7409202,-0.5199651,0.004276799,0.7409202,-0.5199651,0.004276765,0.7409202,-0.519965,1.240898E-07,0,true,-98038,Sphere,CurrentGrounding,1,-0.4977162,0.9202717,0.4512157,0,0,0,0,-1,0,0.05,1,4608,0.5735765,-0.4977162,0.24,0.4512157,-0.4977162,0.24,0.4512157,0,1,0,0.6302717,Swing,None,false,0,0,0,0,0,0,1,0,0,0,0,0,0,1,0,false,false,false,ModifierNotCompiled,0,0,0,0,0,0,0,0,ModifierNotCompiled,0,0,0,0,FootPlacementEffectorTarget,FootGrounding,true,0.04644543,false,0.04498289,1,3.037152,0.06356606,-98038,-0.4977162,0.24,0.4512157,0,1,0,0,0,0,0,-0.4977162,0.3795498,0.4512157,-0.5021858,0.2987031,0.4456774,-0.5025599,0.3035661,0.3659884,0.05870306,0.06356606,0,1,1,1,1,-0.05282596,-0.06634259,-0.05423853,0,-0.05423853,-0.3572846,-0.06634259,true,0,1,0,1.041935E-40,0.999974,-0.007222504,-5.17198E-39,0.01691758,0.2155039,0,1,0,true,0.02245929,0.08672383,0.3329181,0.02245929,0.08672383,0.3329181,0.02245929,0.08672383,0.3329181,0.02245933,0.08672377,0.3329181,7.028864E-08,0
913,614,913,1,914,0,914,false,rootmotion.finalik.full-body-biped-ik/indexed-pose-backend,None,true,true,1,lyra-5.7/ABP_Mannequin_Base/CR_Mannequin_FootPlant,unreal-engine-5.7/SpringInterpV2/FMath.SpringDamper,corin.animation-rig,87731f0d0ca14844bbf861368b9847b3,corin.foot-placement,6d6118d2f41a5948ddd18dc6d88083c8c5bf77a4682a4ec3fce5d2ec6af01624,c7fd2c730a70465e6baa0d7496f46c9d49c4cc944fadbd61ecba1116729d5817,Corin.FootPlacementRig,2997edf1c34f13f7e2a3033372226eb399379f30c4303fddfe3e97ec1e4bf38d,0,-288406,-0.04466432,-0.0445143,0.01122448,-0.7066779,-0.04466432,true,0,-0.0445143,0,1,PelvisPreSolveTranslation,FootGrounding,ModifierNotCompiled,-1,-1,-1,0,,,true,-98058,Sphere,CurrentGrounding,0,-0.4002123,1.273974,1.274464,0,0,0,0,-1,0,0.05,1,4608,0.5735765,-0.4002123,0.7199999,1.274464,-0.4002123,0.7199999,1.274464,0,1,0,0.5039737,Swing,None,false,0,0,0,0,0,0,1,0,0,0,0,0,0,1,0,false,false,false,ModifierNotCompiled,0,0,0,0,0,0,0,0,ModifierNotCompiled,0,0,0,0,FootPlacementEffectorTarget,FootGrounding,true,0,false,0.4326206,1,2.750847,0.3237466,-98058,-0.4002123,0.7199999,1.274464,0,1,0,0,0,0,0,-0.4002123,1.031038,1.274464,-0.3961899,1.043746,1.354603,-0.4183934,0.9758745,1.366377,0.3237466,0.2558746,0,1,1,1,1,0.4353356,0.4241112,0.2458397,0,0.2458397,1.614825,0.4241112,true,0,1,0,2.41883E-14,0.9999387,-0.01106756,-1.152916E-12,0.09213572,0.4081038,0,1,0,true,0.002929969,0.7463735,-0.5123351,0.002929969,0.7463735,-0.5123351,0.002929969,0.7463735,-0.5123351,0.002929949,0.7463735,-0.512335,8.663928E-08,0,true,-98038,Sphere,CurrentGrounding,1,-0.4994745,0.9081415,0.4296784,0,0,0,0,-1,0,0.05,1,4608,0.5735765,-0.4994745,0.2399999,0.4296784,-0.4994745,0.2399999,0.4296784,0,1,0,0.6181415,Swing,None,false,0,0,0,0,0,0,1,0,0,0,0,0,0,1,0,false,false,false,ModifierNotCompiled,0,0,0,0,0,0,0,0,ModifierNotCompiled,0,0,0,0,FootPlacementEffectorTarget,FootGrounding,true,0,false,0.04385056,1,2.828218,0.05443248,-98038,-0.4994745,0.2399999,0.4296784,0,1,0,0,0,0,0,-0.4994745,0.3641975,0.4296784,-0.5031614,0.2839125,0.4183843,-0.5033257,0.2944324,0.3392424,0.0439125,0.05443248,0,1,1,1,1,-0.04466432,-0.05588881,-0.0551685,0,-0.0551685,-0.2625396,-0.05588881,true,0,1,0,8.941265E-41,0.9999784,-0.006574754,-4.438599E-39,0.01563911,0.2041082,0,1,0,true,0.02041658,0.07953322,0.338082,0.02041658,0.07953322,0.338082,0.02041658,0.07953322,0.338082,0.0204165,0.0795331,0.3380822,2.069549E-07,0
914,615,914,1,915,0,915,false,rootmotion.finalik.full-body-biped-ik/indexed-pose-backend,None,true,true,1,lyra-5.7/ABP_Mannequin_Base/CR_Mannequin_FootPlant,unreal-engine-5.7/SpringInterpV2/FMath.SpringDamper,corin.animation-rig,87731f0d0ca14844bbf861368b9847b3,corin.foot-placement,6d6118d2f41a5948ddd18dc6d88083c8c5bf77a4682a4ec3fce5d2ec6af01624,c7fd2c730a70465e6baa0d7496f46c9d49c4cc944fadbd61ecba1116729d5817,Corin.FootPlacementRig,2997edf1c34f13f7e2a3033372226eb399379f30c4303fddfe3e97ec1e4bf38d,0,-288406,-0.03186402,-0.05479401,0.008140385,-0.5783002,-0.03186402,true,0,-0.05479401,0,1,PelvisPreSolveTranslation,FootGrounding,ModifierNotCompiled,-1,-1,-1,0,,,true,-98058,Sphere,CurrentGrounding,0,-0.3984737,1.264875,1.235851,0,0,0,0,-1,0,0.05,1,4608,0.5735765,-0.3984737,0.7199979,1.254995,-0.3984737,0.7199979,1.254995,0,0.9237964,-0.3828841,0.4986869,Swing,None,false,0,0,0,0,0,0,1,0,0,0,0,0,0,1,0,false,false,false,ModifierNotCompiled,0,0,0,0,0,0,0,0,ModifierNotCompiled,0,0,0,0,FootPlacementEffectorTarget,FootGrounding,true,0,false,0.440937,1,2.656214,0.2769894,-98058,-0.3984737,0.7199979,1.254995,0,0.9237964,-0.3828841,0,0,0,0,-0.3984737,1.026912,1.235851,-0.3945208,1.044714,1.315018,-0.4138784,0.9767181,1.331183,0.2769894,0.2079859,0,1,1,1,1,0.4481339,0.4399935,0.2538969,0,0.2538969,1.6898,0.4399935,true,0,0.9237964,-0.3828841,1.92353E-14,0.9998216,-0.01888887,-9.161288E-13,-0.6499428,-3.312532,0,0.9237964,-0.3828841,true,0.000880983,0.7550479,-0.5000217,0.000880983,0.7550479,-0.5000217,0.000880983,0.7550479,-0.5000217,0.0008809532,0.7550479,-0.5000217,2.980232E-08,0,true,-98038,Sphere,CurrentGrounding,1,-0.5020185,0.8900273,0.3974905,0,0,0,0,-1,0,0.05,1,4608,0.5735765,-0.5020185,0.24,0.3974905,-0.5020185,0.24,0.3974905,0,1,0,0.6000273,Swing,None,false,0,0,0,0,0,0,1,0,0,0,0,0,0,1,0,false,false,false,ModifierNotCompiled,0,0,0,0,0,0,0,0,ModifierNotCompiled,0,0,0,0,FootPlacementEffectorTarget,FootGrounding,true,0,false,0.04066563,1,2.268015,0.04233405,-98038,-0.5020185,0.24,0.3974905,0,1,0,0,0,0,0,-0.5020185,0.3421253,0.3974905,-0.5044889,0.2634541,0.3777019,-0.5045333,0.2823341,0.3001283,0.0234541,0.04233405,0,1,1,1,1,-0.03186402,-0.0400044,-0.05604238,0,-0.05604238,-0.1156674,-0.0400044,true,0,1,0,7.03634E-41,0.9999841,-0.00563689,-3.493319E-39,0.01368463,0.1841792,0,1,0,true,0.01706829,0.07026127,0.3445537,0.01706829,0.07026127,0.3445537,0.01706829,0.07026127,0.3445537,0.01706826,0.07026127,0.3445538,6.50594E-08,0
915,616,915,1,916,0,916,false,rootmotion.finalik.full-body-biped-ik/indexed-pose-backend,None,true,true,1,lyra-5.7/ABP_Mannequin_Base/CR_Mannequin_FootPlant,unreal-engine-5.7/SpringInterpV2/FMath.SpringDamper,corin.animation-rig,87731f0d0ca14844bbf861368b9847b3,corin.foot-placement,6d6118d2f41a5948ddd18dc6d88083c8c5bf77a4682a4ec3fce5d2ec6af01624,c7fd2c730a70465e6baa0d7496f46c9d49c4cc944fadbd61ecba1116729d5817,Corin.FootPlacementRig,2997edf1c34f13f7e2a3033372226eb399379f30c4303fddfe3e97ec1e4bf38d,0,-288406,-0.01880273,-0.06178921,0.005631584,-0.448037,-0.01880273,true,0,-0.06178921,0,1,PelvisPreSolveTranslation,FootGrounding,ModifierNotCompiled,-1,-1,-1,0,,,true,-98048,Sphere,CurrentGrounding,0,-0.3978567,1.255103,1.19628,0,0,0,0,-1,0,0.05,1,4608,0.5735765,-0.3978567,0.48,1.19628,-0.3978567,0.48,1.19628,0,1,0,0.7251028,Swing,None,false,0,0,0,0,0,0,1,0,0,0,0,0,0,1,0,false,false,false,ModifierNotCompiled,0,0,0,0,0,0,0,0,ModifierNotCompiled,0,0,0,0,FootPlacementEffectorTarget,FootGrounding,true,0,false,0.449434,1,2.567463,0.5618969,-98048,-0.3978567,0.48,1.19628,0,1,0,0,0,0,0,-0.3978567,1.01857,1.19628,-0.3945727,1.041897,1.274031,-0.4109335,0.974245,1.294934,0.5618969,0.4942451,0,1,1,1,1,0.2211973,0.2155657,0.2578358,0,0.2578358,0.09465816,0.2155657,true,0,1,0,1.522899E-14,0.9995116,-0.03125083,-7.242424E-13,-0.342898,-1.762592,0,1,0,true,-0.000971673,0.7597677,-0.4872591,-0.000971673,0.7597677,-0.4872591,-0.000971673,0.7597677,-0.4872591,-0.0009717937,0.7597677,-0.4872591,1.345832E-07,0,true,-98038,Sphere,CurrentGrounding,1,-0.5046065,0.8719633,0.3673682,0,0,0,0,-1,0,0.05,1,4608,0.5735765,-0.5046065,0.2399999,0.3673682,-0.5046065,0.2399999,0.3673682,0,1,0,0.5819633,Swing,None,false,0,0,0,0,0,0,1,0,0,0,0,0,0,1,0,false,false,false,ModifierNotCompiled,0,0,0,0,0,0,0,0,ModifierNotCompiled,0,0,0,0,FootPlacementEffectorTarget,FootGrounding,true,0,false,0.03741153,1,1.713601,0.03147197,-98038,-0.5046065,0.2399999,0.3673682,0,1,0,0,0,0,0,-0.5046065,0.3213772,0.3673682,-0.5059319,0.2450202,0.3398966,-0.5061159,0.2714719,0.2645683,0.005020276,0.03147197,0,1,1,1,1,-0.01880273,-0.02443432,-0.05621757,0,-0.05621757,0.02733049,-0.02443432,true,0,1,0,5.508504E-41,0.9999886,-0.004781086,-2.735102E-39,0.01180868,0.1629231,0,1,0,true,0.01373815,0.06257457,0.3483689,0.01373815,0.06257457,0.3483689,0.01373815,0.06257457,0.3483689,0.01373811,0.0625746,0.3483688,5.625065E-08,0
916,617,916,1,917,0,917,false,rootmotion.finalik.full-body-biped-ik/indexed-pose-backend,None,true,true,1,lyra-5.7/ABP_Mannequin_Base/CR_Mannequin_FootPlant,unreal-engine-5.7/SpringInterpV2/FMath.SpringDamper,corin.animation-rig,87731f0d0ca14844bbf861368b9847b3,corin.foot-placement,6d6118d2f41a5948ddd18dc6d88083c8c5bf77a4682a4ec3fce5d2ec6af01624,c7fd2c730a70465e6baa0d7496f46c9d49c4cc944fadbd61ecba1116729d5817,Corin.FootPlacementRig,2997edf1c34f13f7e2a3033372226eb399379f30c4303fddfe3e97ec1e4bf38d,0,-288406,-0.006490976,-0.065956,0.003853108,-0.3270046,-0.006490976,true,0,-0.065956,0,1,PelvisPreSolveTranslation,FootGrounding,ModifierNotCompiled,-1,-1,-1,0,,,true,-98048,Sphere,CurrentGrounding,0,-0.3977952,1.24606,1.158743,0,0,0,0,-1,0,0.05,1,4608,0.5735765,-0.3977952,0.48,1.158743,-0.3977952,0.48,1.158743,0,1,0,0.7160596,Swing,None,false,0,0,0,0,0,0,1,0,0,0,0,0,0,1,0,false,false,false,ModifierNotCompiled,0,0,0,0,0,0,0,0,ModifierNotCompiled,0,0,0,0,FootPlacementEffectorTarget,FootGrounding,true,0,false,0.4574494,1,2.491861,0.5568269,-98048,-0.3977952,0.48,1.158743,0,1,0,0,0,0,0,-0.3977952,1.008296,1.158743,-0.3957283,1.036827,1.234781,-0.408874,0.9698741,1.260179,0.5568269,0.4898741,0,1,1,1,1,0.233509,0.2296559,0.2583834,0,0.2583834,0.1337898,0.2296559,true,0,1,0,1.220284E-14,0.9993125,-0.03707572,-5.801223E-13,-0.1486378,-0.7805684,0,1,0,true,-0.002767863,0.7618052,-0.4749997,-0.002767863,0.7618052,-0.4749997,-0.002767863,0.7618052,-0.4749997,-0.002767855,0.7618053,-0.4749997,1.231328E-07,0,true,-98038,Sphere,CurrentGrounding,1,-0.507215,0.8540724,0.3421917,0,0,0,0,-1,0,0.05,1,4608,0.5735765,-0.507215,0.2399999,0.3421917,-0.507215,0.2399999,0.3421917,0,1,0,0.5640724,Swing,None,false,0,0,0,0,0,0,1,0,0,0,0,0,0,1,0,false,false,false,ModifierNotCompiled,0,0,0,0,0,0,0,0,ModifierNotCompiled,0,0,0,0,FootPlacementEffectorTarget,FootGrounding,true,0,false,0.03434189,1,1.22937,0.02216649,-98038,-0.507215,0.2399999,0.3421917,0,1,0,0,0,0,0,-0.507215,0.3021744,0.3421917,-0.5075564,0.2287363,0.3076434,-0.5080054,0.2621664,0.235143,-0.01126365,0.02216649,0.01126365,1,1,1,1,-0.006490976,-0.01034408,-0.05575115,0,-0.05575115,0.1547064,-0.01034408,true,0,1,0,4.372612E-41,0.9999917,-0.004069218,-2.17127E-39,0.01018892,0.1432742,0,1,0,true,0.01103495,0.05568343,0.3487351,0.01103495,0.05568343,0.3487351,0.01103495,0.05568343,0.3487351,0.01103492,0.05568343,0.3487351,4.021977E-08,0
917,618,917,1,918,0,918,false,rootmotion.finalik.full-body-biped-ik/indexed-pose-backend,None,true,true,1,lyra-5.7/ABP_Mannequin_Base/CR_Mannequin_FootPlant,unreal-engine-5.7/SpringInterpV2/FMath.SpringDamper,corin.animation-rig,87731f0d0ca14844bbf861368b9847b3,corin.foot-placement,6d6118d2f41a5948ddd18dc6d88083c8c5bf77a4682a4ec3fce5d2ec6af01624,c7fd2c730a70465e6baa0d7496f46c9d49c4cc944fadbd61ecba1116729d5817,Corin.FootPlacementRig,2997edf1c34f13f7e2a3033372226eb399379f30c4303fddfe3e97ec1e4bf38d,0,-288406,0.0008811504,-0.06711799,0.003056791,-0.2568902,0.0008811504,true,0,-0.06711799,0,1,PelvisPreSolveTranslation,FootGrounding,ModifierNotCompiled,-1,-1,-1,0,,,true,-98048,Sphere,CurrentGrounding,0,-0.3977509,1.240429,1.136502,0,0,0,0,-1,0,0.05,1,4608,0.5735765,-0.3977509,0.48,1.136502,-0.3977509,0.48,1.136502,0,1,0,0.7104291,Swing,None,false,0,0,0,0,0,0,1,0,0,0,0,0,0,1,0,false,false,false,ModifierNotCompiled,0,0,0,0,0,0,0,0,ModifierNotCompiled,0,0,0,0,FootPlacementEffectorTarget,FootGrounding,true,0,false,0.4598519,1,2.339906,0.5535548,-98048,-0.3977509,0.48,1.136502,0,1,0,0,0,0,0,-0.3977509,1.002288,1.136502,-0.3964794,1.033555,1.211474,-0.4076946,0.9671366,1.239282,0.5535548,0.4871366,0,1,1,1,1,0.2408812,0.2378244,0.2588024,0,0.2588024,0.1580484,0.2378244,true,0,1,0,1.068035E-14,0.999253,-0.03864543,-5.077934E-13,-0.06527964,-0.3585263,0,1,0,true,-0.003892906,0.7631695,-0.4679119,-0.003892906,0.7631695,-0.4679119,-0.003892906,0.7631695,-0.4679119,-0.003892961,0.7631696,-0.4679119,8.637232E-08,0,true,-98038,Sphere,CurrentGrounding,1,-0.508961,0.8434368,0.328176,0,0,0,0,-1,0,0.05,1,4608,0.5735765,-0.508961,0.2399999,0.328176,-0.508961,0.2399999,0.328176,0,1,0,0.5534368,Swing,None,false,0,0,0,0,0,0,1,0,0,0,0,0,0,1,0,false,false,false,ModifierNotCompiled,0,0,0,0,0,0,0,0,ModifierNotCompiled,0,0,0,0,FootPlacementEffectorTarget,FootGrounding,true,0,false,0.03194063,1,0.9403684,0.02040079,-98038,-0.508961,0.2399999,0.328176,0,1,0,0,0,0,0,-0.508961,0.2913029,0.328176,-0.5087903,0.2195992,0.2901576,-0.5094793,0.2564518,0.2193374,-0.02040079,0.01645187,0.02040079,1,1,1,1,0.0008811504,-0.00217564,-0.05519072,0,-0.05519072,0.2259069,-0.00217564,true,0,1,0,3.807048E-41,0.9999932,-0.003685091,-1.890497E-39,0.009294081,0.1319807,0,1,0,true,0.009723971,0.05218406,0.3479147,0.009723971,0.05218406,0.3479147,0.009723971,0.05218406,0.3479147,0.009724032,0.05218405,0.3479147,6.32477E-08,0
918,619,918,1,919,0,919,false,rootmotion.finalik.full-body-biped-ik/indexed-pose-backend,None,true,true,1,lyra-5.7/ABP_Mannequin_Base/CR_Mannequin_FootPlant,unreal-engine-5.7/SpringInterpV2/FMath.SpringDamper,corin.animation-rig,87731f0d0ca14844bbf861368b9847b3,corin.foot-placement,6d6118d2f41a5948ddd18dc6d88083c8c5bf77a4682a4ec3fce5d2ec6af01624,c7fd2c730a70465e6baa0d7496f46c9d49c4cc944fadbd61ecba1116729d5817,Corin.FootPlacementRig,2997edf1c34f13f7e2a3033372226eb399379f30c4303fddfe3e97ec1e4bf38d,0,-288406,0.009329066,-0.06738299,0.002385528,-0.1768749,0.009329066,true,0,-0.06738299,0,1,PelvisPreSolveTranslation,FootGrounding,ModifierNotCompiled,-1,-1,-1,0,,,true,-98048,Sphere,CurrentGrounding,0,-0.3976803,1.233504,1.111557,0,0,0,0,-1,0,0.05,1,4608,0.5735765,-0.3976803,0.48,1.111557,-0.3976803,0.48,1.111557,0,1,0,0.7035038,Swing,None,false,0,0,0,0,0,0,1,0,0,0,0,0,0,1,0,false,false,false,ModifierNotCompiled,0,0,0,0,0,0,0,0,ModifierNotCompiled,0,0,0,0,FootPlacementEffectorTarget,FootGrounding,true,0,false,0.4619929,1,2.141172,0.5490161,-98048,-0.3976803,0.48,1.111557,0,1,0,0,0,0,0,-0.3976803,0.9952601,1.111557,-0.397197,1.029016,1.185451,-0.4063551,0.9631901,1.215498,0.5490161,0.4831902,0,1,1,1,1,0.249329,0.2469435,0.2593707,0,0.2593707,0.1883719,0.2469435,true,0,1,0,9.16615E-15,0.9992324,-0.03917343,-4.359364E-13,0.006786295,0.006921927,0,1,0,true,-0.005196857,0.7645891,-0.4603473,-0.005196857,0.7645891,-0.4603473,-0.005196857,0.7645891,-0.4603473,-0.005196954,0.7645892,-0.4603472,1.446641E-07,0,true,-98038,Sphere,CurrentGrounding,1,-0.5112503,0.8315101,0.3125443,0,0,0,0,-1,0,0.05,1,4608,0.5735765,-0.5112503,0.24,0.3125443,-0.5112503,0.24,0.3125443,0,1,0,0.54151,Swing,None,false,0,0,0,0,0,0,1,0,0,0,0,0,0,1,0,false,false,false,ModifierNotCompiled,0,0,0,0,0,0,0,0,ModifierNotCompiled,0,0,0,0,FootPlacementEffectorTarget,FootGrounding,true,0,false,0.02904526,1,0.8563465,0.03058404,-98038,-0.5112503,0.24,0.3125443,0,1,0,0,0,0,0,-0.5112503,0.2795871,0.3125443,-0.5105813,0.209416,0.2717718,-0.5116134,0.2489829,0.2024357,-0.03058404,0.008982852,0.03058404,1,1,1,1,0.009329066,0.006943537,-0.05430849,0,-0.05430849,0.3050301,0.006943537,true,0,1,0,3.24849E-41,0.9999946,-0.00328304,-1.613221E-39,0.008342721,0.1196716,0,1,0,true,0.008568624,0.04891615,0.346579,0.008568624,0.04891615,0.346579,0.008568624,0.04891615,0.346579,0.008568645,0.04891622,0.346579,8.281966E-08,0
919,620,919,1,920,0,920,false,rootmotion.finalik.full-body-biped-ik/indexed-pose-backend,None,true,true,1,lyra-5.7/ABP_Mannequin_Base/CR_Mannequin_FootPlant,unreal-engine-5.7/SpringInterpV2/FMath.SpringDamper,corin.animation-rig,87731f0d0ca14844bbf861368b9847b3,corin.foot-placement,6d6118d2f41a5948ddd18dc6d88083c8c5bf77a4682a4ec3fce5d2ec6af01624,c7fd2c730a70465e6baa0d7496f46c9d49c4cc944fadbd61ecba1116729d5817,Corin.FootPlacementRig,2997edf1c34f13f7e2a3033372226eb399379f30c4303fddfe3e97ec1e4bf38d,0,-288406,0.01683266,-0.06682843,0.002004067,-0.1068731,0.01683266,true,0,-0.06682843,0,1,PelvisPreSolveTranslation,FootGrounding,ModifierNotCompiled,-1,-1,-1,0,,,true,-98048,Sphere,CurrentGrounding,0,-0.3976121,1.226716,1.090139,0,0,0,0,-1,0,0.05,1,4608,0.5735765,-0.3976121,0.48,1.090139,-0.3976121,0.48,1.090139,0,1,0,0.6967164,Swing,None,false,0,0,0,0,0,0,1,0,0,0,0,0,0,1,0,false,false,false,ModifierNotCompiled,0,0,0,0,0,0,0,0,ModifierNotCompiled,0,0,0,0,FootPlacementEffectorTarget,FootGrounding,true,0,false,0.4638947,1,1.968771,0.5438734,-98048,-0.3976121,0.48,1.090139,0,1,0,0,0,0,0,-0.3976121,0.9886805,1.090139,-0.3975704,1.023873,1.163362,-0.4051597,0.9584238,1.194739,0.5438734,0.4784238,0,1,1,1,1,0.2568327,0.2548286,0.25996,0,0.25996,0.2164589,0.2548286,true,0,1,0,8.000269E-15,0.9992477,-0.0387818,-3.806422E-13,0.05393017,0.2465035,0,1,0,true,-0.006318552,0.7655132,-0.4543781,-0.006318552,0.7655132,-0.4543781,-0.006318552,0.7655132,-0.4543781,-0.006318581,0.7655132,-0.454378,1.22766E-07,0,true,-98038,Sphere,CurrentGrounding,1,-0.5136342,0.8212368,0.2986288,0,0,0,0,-1,0,0.05,1,4608,0.5735765,-0.5136342,0.2399999,0.2986288,-0.5136342,0.2399999,0.2986288,0,1,0,0.5312368,Swing,None,false,0,0,0,0,0,0,1,0,0,0,0,0,0,1,0,false,false,false,ModifierNotCompiled,0,0,0,0,0,0,0,0,ModifierNotCompiled,0,0,0,0,FootPlacementEffectorTarget,FootGrounding,true,0,false,0.02647348,1,1.072912,0.03965116,-98038,-0.5136342,0.2399999,0.2986288,0,1,0,0,0,0,0,-0.5136342,0.2699255,0.2986288,-0.5126016,0.2003488,0.256857,-0.5139966,0.2408939,0.1880946,-0.03965116,0.0008939058,0.03965116,1,1,1,1,0.01683266,0.0148286,-0.05331535,0,-0.05331535,0.372293,0.0148286,true,0,1,0,2.821374E-41,0.9999956,-0.002957864,-1.401149E-39,0.007562646,0.1093573,0,1,0,true,0.00789549,0.04675822,0.3454644,0.00789549,0.04675822,0.3454644,0.00789549,0.04675822,0.3454644,0.007895404,0.0467582,0.3454644,9.193243E-08,0
920,621,920,1,921,0,921,false,rootmotion.finalik.full-body-biped-ik/indexed-pose-backend,None,true,true,1,lyra-5.7/ABP_Mannequin_Base/CR_Mannequin_FootPlant,unreal-engine-5.7/SpringInterpV2/FMath.SpringDamper,corin.animation-rig,87731f0d0ca14844bbf861368b9847b3,corin.foot-placement,6d6118d2f41a5948ddd18dc6d88083c8c5bf77a4682a4ec3fce5d2ec6af01624,c7fd2c730a70465e6baa0d7496f46c9d49c4cc944fadbd61ecba1116729d5817,Corin.FootPlacementRig,2997edf1c34f13f7e2a3033372226eb399379f30c4303fddfe3e97ec1e4bf38d,0,-288406,0.02406093,-0.06562752,0.001824379,-0.04019605,0.02406093,true,0,-0.06562752,0,1,PelvisPreSolveTranslation,FootGrounding,ModifierNotCompiled,-1,-1,-1,0,,,true,-98048,Sphere,CurrentGrounding,0,-0.3977427,1.21955,1.070286,0,0,0,0,-1,0,0.05,1,4608,0.5735765,-0.3977427,0.48,1.070286,-0.3977427,0.48,1.070286,0,1,0,0.6895496,Swing,None,false,0,0,0,0,0,0,1,0,0,0,0,0,0,1,0,false,false,false,ModifierNotCompiled,0,0,0,0,0,0,0,0,ModifierNotCompiled,0,0,0,0,FootPlacementEffectorTarget,FootGrounding,true,0,false,0.4657319,1,1.807,0.5378409,-98048,-0.3977427,0.48,1.070286,0,1,0,0,0,0,0,-0.3977427,0.9819814,1.070286,-0.3978345,1.017841,1.143184,-0.4041595,0.9525483,1.175209,0.5378409,0.4725483,0,1,1,1,1,0.2640609,0.2622366,0.2606073,0,0.2606073,0.2444441,0.2622366,true,0,1,0,7.013991E-15,0.9992839,-0.0378385,-3.338754E-13,0.08742587,0.4171905,0,1,0,true,-0.007203131,0.7660424,-0.4494406,-0.007203131,0.7660424,-0.4494406,-0.007203131,0.7660424,-0.4494406,-0.007203227,0.7660424,-0.4494406,1.000045E-07,0,true,-98038,Sphere,CurrentGrounding,1,-0.5170112,0.8115513,0.285275,0,0,0,0,-1,0,0.05,1,4608,0.5735765,-0.5170112,0.2399999,0.295,-0.5170112,0.2399999,0.295,0,0.9809024,-0.1945008,0.5225062,Swing,None,false,0,0,0,0,0,0,1,0,0,0,0,0,0,1,0,false,false,false,ModifierNotCompiled,0,0,0,0,0,0,0,0,ModifierNotCompiled,0,0,0,0,FootPlacementEffectorTarget,FootGrounding,true,0,false,0.0239891,1,1.431021,0.0379159,-98038,-0.5170112,0.2399999,0.295,0,0.9809024,-0.1945008,0,0,0,0,-0.5170112,0.2611983,0.285275,-0.5156782,0.1912578,0.244124,-0.5175602,0.2311751,0.1750069,-0.0379159,0.01468246,0.0379159,1,1,1,1,0.02406093,0.02223656,-0.05217733,0,-0.05217733,0.4346539,0.02223656,true,0,0.9809024,-0.1945008,2.462502E-41,0.9999903,-0.004403435,-1.222773E-39,-0.1081706,-1.071607,0,0.9809024,-0.1945008,true,0.007732967,0.0452593,0.3444389,0.007732967,0.0452593,0.3444389,0.007732967,0.0452593,0.3444389,0.007732956,0.04525933,0.3444389,3.182889E-08,0
921,622,921,1,922,0,922,false,rootmotion.finalik.full-body-biped-ik/indexed-pose-backend,None,true,true,1,lyra-5.7/ABP_Mannequin_Base/CR_Mannequin_FootPlant,unreal-engine-5.7/SpringInterpV2/FMath.SpringDamper,corin.animation-rig,87731f0d0ca14844bbf861368b9847b3,corin.foot-placement,6d6118d2f41a5948ddd18dc6d88083c8c5bf77a4682a4ec3fce5d2ec6af01624,c7fd2c730a70465e6baa0d7496f46c9d49c4cc944fadbd61ecba1116729d5817,Corin.FootPlacementRig,2997edf1c34f13f7e2a3033372226eb399379f30c4303fddfe3e97ec1e4bf38d,0,-288406,0.0417953,-0.05916977,0.002170043,0.1274683,0.0417953,true,0,-0.05916977,0,1,PelvisPreSolveTranslation,FootGrounding,ModifierNotCompiled,-1,-1,-1,0,,,true,-98048,Sphere,CurrentGrounding,0,-0.3985512,1.200446,1.024279,0,0,0,0,-1,0,0.05,1,4608,0.5735765,-0.3985512,0.48,1.024279,-0.3985512,0.48,1.024279,0,1,0,0.6704461,Swing,None,false,0,0,0,0,0,0,1,0,0,0,0,0,0,1,0,false,false,false,ModifierNotCompiled,0,0,0,0,0,0,0,0,ModifierNotCompiled,0,0,0,0,FootPlacementEffectorTarget,FootGrounding,true,0,false,0.4692384,1,1.506479,0.5208711,-98048,-0.3985512,0.48,1.024279,0,1,0,0,0,0,0,-0.3985512,0.9651663,1.024279,-0.3982978,1.000871,1.097252,-0.4022665,0.9353777,1.129226,0.5208711,0.4553777,0,1,1,1,1,0.2817953,0.2796252,0.2625501,0,0.2625501,0.3233509,0.2796252,true,0,1,0,5.080895E-15,0.999419,-0.03408322,-2.421928E-13,0.1332065,0.6522025,0,1,0,true,-0.008688404,0.7669616,-0.4400027,-0.008688404,0.7669616,-0.4400027,-0.008688404,0.7669616,-0.4400027,-0.008688362,0.7669617,-0.4400027,9.413732E-08,0,true,-98038,Sphere,CurrentGrounding,1,-0.5264804,0.7884286,0.254673,0,0,0,0,-1,0,0.05,1,4608,0.5735765,-0.5264804,0.24,0.295,-0.5264804,0.24,0.295,0,0.5911791,-0.8065403,0.5188696,Swing,None,false,0,0,0,0,0,0,1,0,0,0,0,0,0,1,0,false,false,false,ModifierNotCompiled,0,0,0,0,0,0,0,0,ModifierNotCompiled,0,0,0,0,FootPlacementEffectorTarget,FootGrounding,true,0,false,0.01773002,1,2.47717,0.09331597,-98038,-0.5264804,0.24,0.295,0,0.5911791,-0.8065403,0,0,0,0,-0.5264804,0.2419124,0.254673,-0.5243416,0.1674801,0.2223915,-0.5277297,0.1985711,0.1489343,0.01568943,0.09331597,0,1,1,1,1,0.0417953,0.03962526,-0.04868621,0,-0.04868621,0.5848994,0.03962526,true,0,0.5911791,-0.8065403,1.796745E-41,0.9989007,-0.04687611,-8.761675E-40,-4.99643,-10.21794,0,0.5911791,-0.8065403,true,0.00879802,0.04370773,0.3399671,0.00879802,0.04370773,0.3399671,0.00879802,0.04370773,0.3399671,0.008798033,0.04370776,0.3399671,3.25297E-08,0
922,623,922,1,923,0,923,false,rootmotion.finalik.full-body-biped-ik/indexed-pose-backend,None,true,true,1,lyra-5.7/ABP_Mannequin_Base/CR_Mannequin_FootPlant,unreal-engine-5.7/SpringInterpV2/FMath.SpringDamper,corin.animation-rig,87731f0d0ca14844bbf861368b9847b3,corin.foot-placement,6d6118d2f41a5948ddd18dc6d88083c8c5bf77a4682a4ec3fce5d2ec6af01624,c7fd2c730a70465e6baa0d7496f46c9d49c4cc944fadbd61ecba1116729d5817,Corin.FootPlacementRig,2997edf1c34f13f7e2a3033372226eb399379f30c4303fddfe3e97ec1e4bf38d,0,-288406,-0.1844276,-0.05974329,-0.001709014,-1.422596,-0.1844276,true,0,-0.05974329,0,1,PelvisPreSolveTranslation,FootGrounding,ModifierNotCompiled,-1,-1,-1,0,,,true,-98048,Sphere,CurrentGrounding,0,-0.3991201,1.185534,0.9898362,0,0,0,0,-1,0,0.05,1,4608,0.5735765,-0.3991201,0.48,0.9898362,-0.3991201,0.48,0.9898362,0,1,0,0.6555337,Swing,None,false,0,0,0,0,0,0,1,0,0,0,0,0,0,1,0,false,false,false,ModifierNotCompiled,0,0,0,0,0,0,0,0,ModifierNotCompiled,0,0,0,0,FootPlacementEffectorTarget,FootGrounding,true,0,false,0.4687248,1,1.521585,0.5035476,-98048,-0.3991201,0.48,0.9898362,0,1,0,0,0,0,0,-0.3991201,0.9483489,0.9898362,-0.3982453,0.9835476,1.06305,-0.4006495,0.9177997,1.094604,0.5035476,0.4377997,0,1,1,1,1,0.2955724,0.2972814,0.2645243,0,0.2645243,0.4167727,0.2972814,true,0,1,0,3.953562E-15,0.9995364,-0.03044557,-1.886796E-13,0.1448121,0.7136587,0,1,0,true,-0.009840786,0.7639214,-0.4340193,-0.009840786,0.7639214,-0.4340193,-0.009840786,0.7639214,-0.4340193,-0.009840732,0.7639215,-0.4340193,1.308765E-07,0,true,-97698,Sphere,CurrentGrounding,1,-0.5331933,0.7710781,0.2349043,0,0,0,0,-1,0,0.05,1,4608,0.5735765,-0.5331926,0,0.2349052,-0.5331926,0,0.2349052,-1.430511E-05,1,-1.907348E-05,0.7210781,Swing,None,false,0,0,0,0,0,0,1,0,0,0,0,0,0,1,0,false,false,false,ModifierNotCompiled,0,0,0,0,0,0,0,0,ModifierNotCompiled,0,0,0,0,FootPlacementEffectorTarget,FootGrounding,true,0,false,0.0123403,1,3.272032,0.1625101,-97698,-0.5331926,0,0.2349052,-1.430511E-05,1,-1.907348E-05,0,0,0,0,-0.5331933,0.2192501,0.2349043,-0.5303625,0.1412821,0.2125479,-0.534902,0.1625081,0.135717,0.1412825,0.1625101,0,1,1,1,1,-0.1844276,-0.1827186,-0.05011901,0,-0.05011901,-0.9510359,-0.1827186,true,-1.430511E-05,1,-1.907348E-05,-4.284622E-07,0.9960486,-0.08881021,-0.0001450468,-2.639161,-5.333956,-1.430511E-05,1,-1.907348E-05,true,0.009653366,0.03482251,0.3324779,0.009653366,0.03482251,0.3324779,0.009653366,0.03482251,0.3324779,0.009653335,0.03482252,0.332478,4.532968E-08,0
923,624,923,1,924,0,924,false,rootmotion.finalik.full-body-biped-ik/indexed-pose-backend,None,true,true,1,lyra-5.7/ABP_Mannequin_Base/CR_Mannequin_FootPlant,unreal-engine-5.7/SpringInterpV2/FMath.SpringDamper,corin.animation-rig,87731f0d0ca14844bbf861368b9847b3,corin.foot-placement,6d6118d2f41a5948ddd18dc6d88083c8c5bf77a4682a4ec3fce5d2ec6af01624,c7fd2c730a70465e6baa0d7496f46c9d49c4cc944fadbd61ecba1116729d5817,Corin.FootPlacementRig,2997edf1c34f13f7e2a3033372226eb399379f30c4303fddfe3e97ec1e4bf38d,0,-288406,-0.1767179,-0.06306189,-0.005812736,-1.370337,-0.1767179,true,0,-0.06306189,0,1,PelvisPreSolveTranslation,FootGrounding,ModifierNotCompiled,-1,-1,-1,0,,,true,-98048,Sphere,CurrentGrounding,0,-0.3995264,1.177689,0.9706597,0,0,0,0,-1,0,0.05,1,4608,0.5735765,-0.3995264,0.48,0.9706597,-0.3995264,0.48,0.9706597,0,1,0,0.6476892,Swing,None,false,0,0,0,0,0,0,1,0,0,0,0,0,0,1,0,false,false,false,ModifierNotCompiled,0,0,0,0,0,0,0,0,ModifierNotCompiled,0,0,0,0,FootPlacementEffectorTarget,FootGrounding,true,0,false,0.4684371,1,1.540969,0.4929478,-98048,-0.3995264,0.48,0.9706597,0,1,0,0,0,0,0,-0.3995264,0.9377487,0.9706597,-0.3983321,0.9729478,1.043869,-0.3997953,0.9071797,1.07543,0.4929478,0.4271798,0,1,1,1,1,0.3032821,0.3090948,0.2658722,0,0.2658722,0.4812827,0.3090948,true,0,1,0,3.434173E-15,0.9995989,-0.02831999,-1.640035E-13,0.1454661,0.7184666,0,1,0,true,-0.0106266,0.7610308,-0.4307861,-0.0106266,0.7610308,-0.4307861,-0.0106266,0.7610308,-0.4307861,-0.01062655,0.7610309,-0.4307861,1.320542E-07,0,true,-97698,Sphere,CurrentGrounding,1,-0.5360997,0.7612715,0.225771,0,0,0,0,-1,0,0.05,1,4608,0.5735765,-0.5360994,0,0.22577,-0.5360994,0,0.22577,-4.768371E-06,1,1.907348E-05,0.7112715,Swing,None,false,0,0,0,0,0,0,1,0,0,0,0,0,0,1,0,false,false,false,ModifierNotCompiled,0,0,0,0,0,0,0,0,ModifierNotCompiled,0,0,0,0,FootPlacementEffectorTarget,FootGrounding,true,0,false,0.009321835,1,3.738157,0.1398731,-97698,-0.5360994,0,0.22577,-4.768371E-06,1,1.907348E-05,0,0,0,0,-0.5360997,0.2026646,0.225771,-0.5328957,0.1234781,0.2082758,-0.5378732,0.1398749,0.1302984,0.1234777,0.1398731,0,1,1,1,1,-0.1767179,-0.1709051,-0.05279426,0,-0.05279426,-0.8787517,-0.1709051,true,-4.768371E-06,1,1.907348E-05,-8.572754E-07,0.9947441,-0.1023924,-0.0001345683,-1.695639,-3.382237,-4.768371E-06,1,1.907348E-05,true,0.009633195,0.02594668,0.3262483,0.009633195,0.02594668,0.3262483,0.009633195,0.02594668,0.3262483,0.009633236,0.02594671,0.3262482,1.295309E-07,0
924,625,924,1,925,0,925,false,rootmotion.finalik.full-body-biped-ik/indexed-pose-backend,None,true,true,1,lyra-5.7/ABP_Mannequin_Base/CR_Mannequin_FootPlant,unreal-engine-5.7/SpringInterpV2/FMath.SpringDamper,corin.animation-rig,87731f0d0ca14844bbf861368b9847b3,corin.foot-placement,6d6118d2f41a5948ddd18dc6d88083c8c5bf77a4682a4ec3fce5d2ec6af01624,c7fd2c730a70465e6baa0d7496f46c9d49c4cc944fadbd61ecba1116729d5817,Corin.FootPlacementRig,2997edf1c34f13f7e2a3033372226eb399379f30c4303fddfe3e97ec1e4bf38d,0,-288406,-0.1648401,-0.06502819,-0.01181431,-1.281145,-0.1648401,true,0,-0.06502819,0,1,PelvisPreSolveTranslation,FootGrounding,ModifierNotCompiled,-1,-1,-1,0,,,true,-98048,Sphere,CurrentGrounding,0,-0.4016855,1.166037,0.9425797,0,0,0,0,-1,0,0.05,1,4608,0.5735765,-0.4016855,0.48,0.9425797,-0.4016855,0.48,0.9425797,0,1,0,0.6360366,Swing,None,false,0,0,0,0,0,0,1,0,0,0,0,0,0,1,0,false,false,false,ModifierNotCompiled,0,0,0,0,0,0,0,0,ModifierNotCompiled,0,0,0,0,FootPlacementEffectorTarget,FootGrounding,true,0,false,0.4679931,1,1.585495,0.4774563,-98048,-0.4016855,0.48,0.9425797,0,1,0,0,0,0,0,-0.4016855,0.9225506,0.9425797,-0.4001727,0.9574563,1.015924,-0.4002781,0.8915441,1.04721,0.4774563,0.4115441,0,1,1,1,1,0.3151599,0.3269742,0.2683282,0,0.2683282,0.5844356,0.3269742,true,0,1,0,2.763795E-15,0.9996854,-0.02508133,-1.321259E-13,0.1411345,0.6987481,0,1,0,true,-0.01092197,0.7577105,-0.4270794,-0.01092197,0.7577105,-0.4270794,-0.01092197,0.7577105,-0.4270794,-0.01092202,0.7577106,-0.4270793,1.581851E-07,0,true,-97698,Sphere,CurrentGrounding,1,-0.5393288,0.7472699,0.2139778,0,0,0,0,-1,0,0.05,1,4608,0.5735765,-0.5393267,0,0.2139778,-0.5393267,0,0.2139778,-4.291544E-05,1,0,0.69727,Swing,None,false,0,0,0,0,0,0,1,0,0,0,0,0,0,1,0,false,false,false,ModifierNotCompiled,0,0,0,0,0,0,0,0,ModifierNotCompiled,0,0,0,0,FootPlacementEffectorTarget,FootGrounding,true,0,false,0.004662456,1,4.473952,0.1065995,-97698,-0.5393267,0,0.2139778,-4.291544E-05,1,0,0,0,0,0,-0.5393288,0.1789729,0.2139778,-0.5352252,0.09843987,0.2047887,-0.5404051,0.1065994,0.1255377,0.09843969,0.1065995,0,1,1,1,1,-0.1648401,-0.1530258,-0.05648272,0,-0.05648272,-0.7596905,-0.1530258,true,-4.291544E-05,1,0,-2.343873E-06,0.9935657,-0.1132569,-0.0004652327,-0.6348468,-1.192443,-4.291544E-05,1,0,true,0.008793133,0.01413277,0.3141479,0.008793133,0.01413277,0.3141479,0.008793133,0.01413277,0.3141479,0.008793084,0.01413283,0.3141479,8.292955E-08,0
925,626,925,1,926,0,926,false,rootmotion.finalik.full-body-biped-ik/indexed-pose-backend,None,true,true,1,lyra-5.7/ABP_Mannequin_Base/CR_Mannequin_FootPlant,unreal-engine-5.7/SpringInterpV2/FMath.SpringDamper,corin.animation-rig,87731f0d0ca14844bbf861368b9847b3,corin.foot-placement,6d6118d2f41a5948ddd18dc6d88083c8c5bf77a4682a4ec3fce5d2ec6af01624,c7fd2c730a70465e6baa0d7496f46c9d49c4cc944fadbd61ecba1116729d5817,Corin.FootPlacementRig,2997edf1c34f13f7e2a3033372226eb399379f30c4303fddfe3e97ec1e4bf38d,0,-288406,-0.1569671,-0.06424981,-0.01556897,-1.219644,-0.1569671,true,0,-0.06424981,0,1,PelvisPreSolveTranslation,FootGrounding,ModifierNotCompiled,-1,-1,-1,0,,,true,-98048,Sphere,CurrentGrounding,0,-0.4031339,1.158411,0.9243026,0,0,0,0,-1,0,0.05,1,4608,0.5735765,-0.4031339,0.48,0.9243026,-0.4031339,0.48,0.9243026,0,1,0,0.6284105,Swing,None,false,0,0,0,0,0,0,1,0,0,0,0,0,0,1,0,false,false,false,ModifierNotCompiled,0,0,0,0,0,0,0,0,ModifierNotCompiled,0,0,0,0,FootPlacementEffectorTarget,FootGrounding,true,0,false,0.4682722,1,1.661769,0.4678006,-98048,-0.4031339,0.48,0.9243026,0,1,0,0,0,0,0,-0.4031339,0.9130573,0.9243026,-0.40135,0.9478005,0.9977176,-0.4005992,0.8818173,1.028842,0.4678006,0.4018174,0,1,1,1,1,0.3230328,0.3386018,0.2702157,0,0.2702157,0.6504512,0.3386018,true,0,1,0,2.392663E-15,0.9997354,-0.0230053,-1.144608E-13,0.1357741,0.6729935,0,1,0,true,-0.01106895,0.7560902,-0.4249597,-0.01106895,0.7560902,-0.4249597,-0.01106895,0.7560902,-0.4249597,-0.01106892,0.7560904,-0.4249596,2.46688E-07,0,true,-97698,Sphere,CurrentGrounding,1,-0.5407605,0.7388412,0.2080207,0,0,0,0,-1,0,0.05,1,4608,0.5735765,-0.540761,0,0.2080231,-0.540761,0,0.2080231,9.536752E-06,1,-4.768376E-05,0.6888413,Swing,None,false,0,0,0,0,0,0,1,0,0,0,0,0,0,1,0,false,false,false,ModifierNotCompiled,0,0,0,0,0,0,0,0,ModifierNotCompiled,0,0,0,0,FootPlacementEffectorTarget,FootGrounding,true,0.0135349,false,0.0018154,1,4.919236,0.08629452,-97698,-0.540761,0,0.2080231,9.536752E-06,1,-4.768376E-05,0,0,0,0,-0.5407605,0.1646421,0.2080207,-0.5359933,0.08370141,0.2044541,-0.5411446,0.08629056,0.1248247,0.08370163,0.08629452,0,1,1,1,1,-0.1569671,-0.1413982,-0.05863015,0,-0.05863015,-0.6806976,-0.1413982,true,9.536752E-06,1,-4.768376E-05,-3.469618E-06,0.9933208,-0.1153861,-0.0002635949,-0.1374101,-0.1687305,9.536752E-06,1,-4.768376E-05,true,0.00791419,0.007674992,0.3041772,0.00791419,0.007674992,0.3041772,0.00791419,0.007674992,0.3041772,0.007914178,0.007675052,0.304177,1.609464E-07,0
926,627,926,1,927,0,927,false,rootmotion.finalik.full-body-biped-ik/indexed-pose-backend,None,true,true,1,lyra-5.7/ABP_Mannequin_Base/CR_Mannequin_FootPlant,unreal-engine-5.7/SpringInterpV2/FMath.SpringDamper,corin.animation-rig,87731f0d0ca14844bbf861368b9847b3,corin.foot-placement,6d6118d2f41a5948ddd18dc6d88083c8c5bf77a4682a4ec3fce5d2ec6af01624,c7fd2c730a70465e6baa0d7496f46c9d49c4cc944fadbd61ecba1116729d5817,Corin.FootPlacementRig,2997edf1c34f13f7e2a3033372226eb399379f30c4303fddfe3e97ec1e4bf38d,0,-288406,-0.1492828,-0.06235278,-0.01905032,-1.157175,-0.1492828,true,0,-0.06235278,0,1,PelvisPreSolveTranslation,FootGrounding,ModifierNotCompiled,-1,-1,-1,0,,,true,-98048,Sphere,CurrentGrounding,0,-0.4040704,1.150958,0.9060597,0,0,0,0,-1,0,0.05,1,4608,0.5735765,-0.4040704,0.48,0.9060597,-0.4040704,0.48,0.9060597,0,1,0,0.6209583,Swing,None,false,0,0,0,0,0,0,1,0,0,0,0,0,0,1,0,false,false,false,ModifierNotCompiled,0,0,0,0,0,0,0,0,ModifierNotCompiled,0,0,0,0,FootPlacementEffectorTarget,FootGrounding,true,0,false,0.471411,1,1.927448,0.4590461,-98048,-0.4040704,0.48,0.9060597,0,1,0,0,0,0,0,-0.4040704,0.9041578,0.9060597,-0.4018798,0.9390461,0.9793949,-0.4002979,0.8731286,1.010623,0.4590461,0.3931286,0,1,1,1,1,0.3307171,0.3497675,0.2722498,0,0.2722498,0.7143885,0.3497675,true,0,1,0,2.078445E-15,0.9997781,-0.02106528,-9.949326E-14,0.1293247,0.6416165,0,1,0,true,-0.01176529,0.7548749,-0.4225786,-0.01176529,0.7548749,-0.4225786,-0.01176529,0.7548749,-0.4225786,-0.01176528,0.754875,-0.4225786,8.462233E-08,0,true,-97698,Sphere,CurrentGrounding,1,-0.5417206,0.7310209,0.2037797,0,0,0,0,-1,0,0.05,1,4608,0.5735765,-0.5417185,0,0.2037783,-0.5417185,0,0.2037783,-4.291534E-05,1,2.861022E-05,0.6810209,Swing,None,false,0,0,0,0,0,0,1,0,0,0,0,0,0,1,0,false,false,false,ModifierNotCompiled,0,0,0,0,0,0,0,0,ModifierNotCompiled,0,0,0,0,FootPlacementEffectorTarget,FootGrounding,true,0.09439325,false,0.0002428473,1,5.113326,0.07050315,-97698,-0.5417185,0,0.2037783,-4.291534E-05,1,2.861022E-05,0,0,0,0,-0.5417206,0.1514765,0.2037797,-0.5364157,0.07050333,0.2052085,-0.5415097,0.06814855,0.1255679,0.07050315,0.0681463,0,1,1,1,1,-0.1492828,-0.1302325,-0.06049409,0,-0.06049409,-0.6024895,-0.1302325,true,-4.291534E-05,1,2.861022E-05,-4.579453E-06,0.9934042,-0.1146652,-0.0004462306,0.2258115,0.577103,-4.291534E-05,1,2.861022E-05,true,0.006958195,0.002193734,0.2928194,0.006958195,0.002193734,0.2928194,0.006958195,0.002193734,0.2928194,0.006958149,0.002193779,0.2928195,1.35405E-07,0
927,628,927,1,928,0,928,false,rootmotion.finalik.full-body-biped-ik/indexed-pose-backend,None,true,true,1,lyra-5.7/ABP_Mannequin_Base/CR_Mannequin_FootPlant,unreal-engine-5.7/SpringInterpV2/FMath.SpringDamper,corin.animation-rig,87731f0d0ca14844bbf861368b9847b3,corin.foot-placement,6d6118d2f41a5948ddd18dc6d88083c8c5bf77a4682a4ec3fce5d2ec6af01624,c7fd2c730a70465e6baa0d7496f46c9d49c4cc944fadbd61ecba1116729d5817,Corin.FootPlacementRig,2997edf1c34f13f7e2a3033372226eb399379f30c4303fddfe3e97ec1e4bf38d,0,-288406,-0.1362046,-0.0584628,-0.02452245,-1.043315,-0.1362046,true,0,-0.0584628,0,1,PelvisPreSolveTranslation,FootGrounding,ModifierNotCompiled,-1,-1,-1,0,,,true,-98048,Sphere,CurrentGrounding,0,-0.4035022,1.138123,0.8724394,0,0,0,0,-1,0,0.05,1,4608,0.5735765,-0.4035022,0.48,0.8724394,-0.4035022,0.48,0.8724394,0,1,0,0.6081229,Swing,None,false,0,0,0,0,0,0,1,0,0,0,0,0,0,1,0,false,false,false,ModifierNotCompiled,0,0,0,0,0,0,0,0,ModifierNotCompiled,0,0,0,0,FootPlacementEffectorTarget,FootGrounding,true,0,false,0.4767531,1,2.380768,0.4462203,-98048,-0.4035022,0.48,0.8724394,0,1,0,0,0,0,0,-0.4035022,0.8897389,0.8724394,-0.4001141,0.9262202,0.9449492,-0.3970299,0.8610154,0.9775264,0.4462203,0.3810154,0,1,1,1,1,0.3437953,0.3683178,0.2761385,0,0.2761385,0.8256795,0.3683178,true,0,1,0,1.636195E-15,0.9998379,-0.01800665,-7.840548E-14,0.1168044,0.5802091,0,1,0,true,-0.01556359,0.7535343,-0.4163899,-0.01556359,0.7535343,-0.4163899,-0.01556359,0.7535343,-0.4163899,-0.01556368,0.7535344,-0.4163899,1.263067E-07,0,true,-97698,Sphere,CurrentGrounding,1,-0.5426333,0.7173926,0.2001219,0,0,0,0,-1,0,0.05,1,4608,0.5735765,-0.5426359,0,0.2001228,-0.5426359,0,0.2001228,5.245208E-05,1,-1.907348E-05,0.6673926,Swing,None,false,0,0,0,0,0,0,1,0,0,0,0,0,0,1,0,false,false,false,ModifierNotCompiled,0,0,0,0,0,0,0,0,ModifierNotCompiled,0,0,0,0,FootPlacementEffectorTarget,FootGrounding,true,0.2320098,false,-0.002433553,1,5.463238,0.04912004,-97698,-0.5426359,0,0.2001228,5.245208E-05,1,-1.907348E-05,0,0,0,0,-0.5426333,0.12975,0.2001219,-0.5370992,0.04911989,0.207538,-0.5423093,0.0408556,0.1283,0.04912004,0.04085699,0,1,1,1,1,-0.1362046,-0.1116822,-0.06312015,0,-0.06312015,-0.4638797,-0.1116822,true,5.245208E-05,1,-1.907348E-05,-4.806081E-06,0.9940296,-0.1091106,0.0002944939,0.632684,1.407596,5.245208E-05,1,-1.907348E-05,true,0.005422832,-0.006454602,0.269852,0.005422832,-0.006454602,0.269852,0.005422832,-0.006454602,0.269852,0.005422814,-0.006454587,0.269852,3.794782E-08,0
928,629,928,1,929,0,929,false,rootmotion.finalik.full-body-biped-ik/indexed-pose-backend,None,true,true,1,lyra-5.7/ABP_Mannequin_Base/CR_Mannequin_FootPlant,unreal-engine-5.7/SpringInterpV2/FMath.SpringDamper,corin.animation-rig,87731f0d0ca14844bbf861368b9847b3,corin.foot-placement,6d6118d2f41a5948ddd18dc6d88083c8c5bf77a4682a4ec3fce5d2ec6af01624,c7fd2c730a70465e6baa0d7496f46c9d49c4cc944fadbd61ecba1116729d5817,Corin.FootPlacementRig,2997edf1c34f13f7e2a3033372226eb399379f30c4303fddfe3e97ec1e4bf38d,0,-288406,-0.1227163,-0.05523247,-0.02957286,-0.921117,-0.1227163,true,0,-0.05523247,0,1,PelvisPreSolveTranslation,FootGrounding,ModifierNotCompiled,-1,-1,-1,0,,,true,-98048,Sphere,CurrentGrounding,0,-0.3991904,1.125592,0.8332729,0,0,0,0,-1,0,0.05,1,4608,0.5735765,-0.3991904,0.48,0.8332729,-0.3991904,0.48,0.8332729,0,1,0,0.5955924,Swing,None,false,0,0,0,0,0,0,1,0,0,0,0,0,0,1,0,false,false,false,ModifierNotCompiled,0,0,0,0,0,0,0,0,ModifierNotCompiled,0,0,0,0,FootPlacementEffectorTarget,FootGrounding,true,0,false,0.4822824,1,2.850861,0.4377866,-98048,-0.3991904,0.48,0.8332729,0,1,0,0,0,0,0,-0.3991904,0.8767573,0.8332729,-0.3938346,0.9177865,0.9031866,-0.3888476,0.8548113,0.9396741,0.4377866,0.3748113,0,1,1,1,1,0.3572837,0.3868566,0.2807376,0,0.2807376,0.9368352,0.3868566,true,0,1,0,1.277231E-15,0.9998847,-0.01518137,-6.126676E-14,0.1030408,0.5123306,0,1,0,true,-0.0240842,0.754041,-0.4064722,-0.0240842,0.754041,-0.4064722,-0.0240842,0.754041,-0.4064722,-0.02408422,0.7540411,-0.4064721,1.348457E-07,0,true,-97698,Sphere,CurrentGrounding,1,-0.5435152,0.7015433,0.2022719,0,0,0,0,-1,0,0.05,1,4608,0.5735765,-0.5435152,0,0.2022734,-0.5435152,0,0.2022734,0,1,-2.861022E-05,0.6515433,Swing,None,false,0,0,0,0,0,0,1,0,0,0,0,0,0,1,0,false,false,false,ModifierNotCompiled,0,0,0,0,0,0,0,0,ModifierNotCompiled,0,0,0,0,FootPlacementEffectorTarget,FootGrounding,true,0.3744485,false,-0.005203734,1,5.847281,0.02648571,-97698,-0.5435152,0,0.2022734,0,1,-2.861022E-05,0.004648807,0,0.004648807,0,-0.5435152,0.1069553,0.2022719,-0.5391776,0.02648599,0.2119014,-0.5451321,0.01609965,0.1329657,0.02648571,0.01610164,0,1,1,1,1,-0.1227163,-0.08849462,-0.06501518,0,-0.06501518,-0.2885638,-0.08849462,true,0,1,-2.861022E-05,-3.438428E-06,0.9949983,-0.09989149,0.0002148129,0.8537967,1.852895,0,1,-2.861022E-05,true,0.004139639,-0.01576103,0.240208,0.004139639,-0.01576103,0.240208,0.004139639,-0.01576103,0.240208,0.004139645,-0.01576099,0.2402081,8.348724E-08,0
929,630,929,1,930,0,930,false,rootmotion.finalik.full-body-biped-ik/indexed-pose-backend,None,true,true,1,lyra-5.7/ABP_Mannequin_Base/CR_Mannequin_FootPlant,unreal-engine-5.7/SpringInterpV2/FMath.SpringDamper,corin.animation-rig,87731f0d0ca14844bbf861368b9847b3,corin.foot-placement,6d6118d2f41a5948ddd18dc6d88083c8c5bf77a4682a4ec3fce5d2ec6af01624,c7fd2c730a70465e6baa0d7496f46c9d49c4cc944fadbd61ecba1116729d5817,Corin.FootPlacementRig,2997edf1c34f13f7e2a3033372226eb399379f30c4303fddfe3e97ec1e4bf38d,0,-288406,-0.1102548,-0.05225122,-0.03367266,-0.8059662,-0.1102548,true,0,-0.05225122,0,1,PelvisPreSolveTranslation,FootGrounding,ModifierNotCompiled,-1,-1,-1,0,,,true,-98048,Sphere,CurrentGrounding,0,-0.3941219,1.114021,0.793961,0,0,0,0,-1,0,0.05,1,4608,0.5735765,-0.3941219,0.4799999,0.793961,-0.3941219,0.4799999,0.793961,0,1,0,0.584021,Swing,None,false,0,0,0,0,0,0,1,0,0,0,0,0,0,1,0,false,false,false,ModifierNotCompiled,0,0,0,0,0,0,0,0,ModifierNotCompiled,0,0,0,0,FootPlacementEffectorTarget,FootGrounding,true,0,false,0.4864329,1,3.181685,0.4323597,-98048,-0.3941219,0.4799999,0.793961,0,1,0,0,0,0,0,-0.3941219,0.8658363,0.793961,-0.386848,0.9123596,0.860163,-0.3798189,0.852547,0.9013308,0.4323597,0.3725471,0,1,1,1,1,0.3697451,0.4034178,0.285488,0,0.285488,1.034323,0.4034178,true,0,1,0,1.015811E-15,0.999917,-0.01288368,-4.876988E-14,0.09049048,0.4502404,0,1,0,true,-0.03375086,0.7555815,-0.3945969,-0.03375086,0.7555815,-0.3945969,-0.03375086,0.7555815,-0.3945969,-0.03375086,0.7555815,-0.3945968,1.192093E-07,0,true,-97698,Sphere,CurrentGrounding,1,-0.54286,0.6866695,0.2077389,0,0,0,0,-1,0,0.05,1,4608,0.5735765,-0.5428591,0,0.2077389,-0.5428591,0,0.2077389,-1.90735E-05,1,0,0.6366695,Swing,None,false,0,0,0,0,0,0,1,0,0,0,0,0,0,1,0,false,false,false,ModifierNotCompiled,0,0,0,0,0,0,0,0,ModifierNotCompiled,0,0,0,0,FootPlacementEffectorTarget,FootGrounding,true,0.4250718,false,-0.006561227,1,6.048744,0.006448225,-97698,-0.5428591,0,0.2077389,-1.90735E-05,1,0,0.007725615,0,0.007725615,0,-0.54286,0.08700855,0.2077389,-0.5405278,0.006448269,0.2173015,-0.5473597,-0.003733173,0.1384106,0.006448225,-0.003733087,0.003733087,1,1,1,1,-0.1102548,-0.0688565,-0.06598829,0,-0.06598829,-0.1374572,-0.0688565,true,-1.90735E-05,1,0,-2.991326E-06,0.9959493,-0.08991594,-2.027956E-05,0.938228,2.016969,-1.90735E-05,1,0,true,0.002484545,-0.02324622,0.2091137,0.002484545,-0.02324622,0.2091137,0.002484545,-0.02324622,0.2091137,0.002484549,-0.02324638,0.2091136,1.802393E-07,0
930,631,930,1,931,0,931,false,rootmotion.finalik.full-body-biped-ik/indexed-pose-backend,None,true,true,1,lyra-5.7/ABP_Mannequin_Base/CR_Mannequin_FootPlant,unreal-engine-5.7/SpringInterpV2/FMath.SpringDamper,corin.animation-rig,87731f0d0ca14844bbf861368b9847b3,corin.foot-placement,6d6118d2f41a5948ddd18dc6d88083c8c5bf77a4682a4ec3fce5d2ec6af01624,c7fd2c730a70465e6baa0d7496f46c9d49c4cc944fadbd61ecba1116729d5817,Corin.FootPlacementRig,2997edf1c34f13f7e2a3033372226eb399379f30c4303fddfe3e97ec1e4bf38d,0,-288406,-0.1032731,-0.0504092,-0.03573195,-0.7422546,-0.1032731,true,0,-0.0504092,0,1,PelvisPreSolveTranslation,FootGrounding,ModifierNotCompiled,-1,-1,-1,0,,,true,-98048,Sphere,CurrentGrounding,0,-0.3919456,1.106849,0.7708898,0,0,0,0,-1,0,0.05,1,4608,0.5735765,-0.3919456,0.4799991,0.7749883,-0.3919456,0.4799991,0.7749883,0,0.9966348,-0.0819701,0.5770184,Swing,None,false,0,0,0,0,0,0,1,0,0,0,0,0,0,1,0,false,false,false,ModifierNotCompiled,0,0,0,0,0,0,0,0,ModifierNotCompiled,0,0,0,0,FootPlacementEffectorTarget,FootGrounding,true,0,false,0.4878862,1,3.304672,0.4224522,-98048,-0.3919456,0.4799991,0.7749883,0,0.9966348,-0.0819701,0,0,0,0,-0.3919456,0.859473,0.7708898,-0.383651,0.9088054,0.8349017,-0.3754468,0.8508351,0.8784186,0.4224522,0.3611099,0,1,1,1,1,0.376726,0.4124579,0.2883557,0,0.2883557,1.084704,0.4124579,true,0,0.9966348,-0.0819701,8.932641E-16,0.9999229,-0.01241701,-4.290557E-14,0.0639281,-0.06529497,0,0.9966348,-0.0819701,true,-0.03879207,0.7562,-0.3868608,-0.03879207,0.7562,-0.3868608,-0.03879207,0.7562,-0.3868608,-0.03879213,0.7562,-0.3868607,1.095641E-07,0,true,-97698,Sphere,CurrentGrounding,1,-0.5418215,0.6787787,0.2108817,0,0,0,0,-1,0,0.05,1,4608,0.5735765,-0.5418215,0,0.2108822,-0.5418215,0,0.2108822,0,1,-9.536752E-06,0.6287788,Swing,None,false,0,0,0,0,0,0,1,0,0,0,0,0,0,1,0,false,false,false,ModifierNotCompiled,0,0,0,0,0,0,0,0,ModifierNotCompiled,0,0,0,0,FootPlacementEffectorTarget,FootGrounding,true,0.3798038,false,-0.006228759,1,6.011179,0.01344554,-97698,-0.5418215,0,0.2108822,0,1,-9.536752E-06,0.008564616,0,0.008564616,0,-0.5418215,0.07681662,0.2108817,-0.5407376,-0.00382369,0.2199815,-0.548034,-0.0134462,0.141062,-0.003823777,-0.01344554,0.01344554,1,1,1,1,-0.1032731,-0.05897653,-0.06623014,0,-0.06623014,-0.06235492,-0.05897653,true,0,1,-9.536752E-06,-3.008627E-06,0.9964571,-0.08410304,1.575109E-06,0.9507721,2.037152,0,1,-9.536752E-06,true,0.00111162,-0.02645648,0.1914814,0.00111162,-0.02645648,0.1914814,0.00111162,-0.02645648,0.1914814,0.001111658,-0.02645651,0.1914814,8.670441E-08,0
931,632,931,1,932,0,932,false,rootmotion.finalik.full-body-biped-ik/indexed-pose-backend,None,true,true,1,lyra-5.7/ABP_Mannequin_Base/CR_Mannequin_FootPlant,unreal-engine-5.7/SpringInterpV2/FMath.SpringDamper,corin.animation-rig,87731f0d0ca14844bbf861368b9847b3,corin.foot-placement,6d6118d2f41a5948ddd18dc6d88083c8c5bf77a4682a4ec3fce5d2ec6af01624,c7fd2c730a70465e6baa0d7496f46c9d49c4cc944fadbd61ecba1116729d5817,Corin.FootPlacementRig,2997edf1c34f13f7e2a3033372226eb399379f30c4303fddfe3e97ec1e4bf38d,0,-288406,-0.0956255,-0.04810578,-0.0377894,-0.6716624,-0.0956255,true,0,-0.04810578,0,1,PelvisPreSolveTranslation,FootGrounding,ModifierNotCompiled,-1,-1,-1,0,,,true,-98048,Sphere,CurrentGrounding,0,-0.3907125,1.098065,0.7450495,0,0,0,0,-1,0,0.05,1,4608,0.5735765,-0.3907125,0.48,0.7749999,-0.3907125,0.48,0.7749999,0,0.8007434,-0.5990075,0.5780284,Swing,None,false,0,0,0,0,0,0,1,0,0,0,0,0,0,1,0,false,false,false,ModifierNotCompiled,0,0,0,0,0,0,0,0,ModifierNotCompiled,0,0,0,0,FootPlacementEffectorTarget,FootGrounding,true,0,false,0.4894779,1,3.478885,0.320517,-98048,-0.3907125,0.48,0.7749999,0,0.8007434,-0.5990075,0,0,0,0,-0.3907125,0.8519248,0.7450495,-0.3813241,0.9039901,0.8067028,-0.3719027,0.8479743,0.8524727,0.320517,0.2482462,0,1,1,1,1,0.3843745,0.4221639,0.2916487,0,0.2916487,1.138634,0.4221639,true,0,0.8007434,-0.5990075,7.774396E-16,0.9998291,-0.01848891,-3.728823E-14,-1.204857,-3.778426,0,0.8007434,-0.5990075,true,-0.04337014,0.7562993,-0.3776589,-0.04337014,0.7562993,-0.3776589,-0.04337014,0.7562993,-0.3776589,-0.04337016,0.7562993,-0.3776589,6.50594E-08,0,true,-97698,Sphere,CurrentGrounding,1,-0.5402212,0.6707474,0.213542,0,0,0,0,-1,0,0.05,1,4608,0.5735765,-0.5402212,0,0.213542,-0.5402212,0,0.213542,0,1,0,0.6207474,Swing,None,false,0,0,0,0,0,0,1,0,0,0,0,0,0,1,0,false,false,false,ModifierNotCompiled,0,0,0,0,0,0,0,0,ModifierNotCompiled,0,0,0,0,FootPlacementEffectorTarget,FootGrounding,true,0.3302199,false,-0.005864593,1,5.971951,0.02297881,-97698,-0.5402212,0,0.213542,0,1,0,0.008793801,0,0.008793801,0,-0.5402212,0.06668444,0.213542,-0.5404253,-0.01402395,0.2220834,-0.5481467,-0.02297881,0.1431259,-0.01402395,-0.02297881,0.02297881,1,1,1,1,-0.0956255,-0.0490423,-0.06627356,0,-0.06627356,0.01459211,-0.0490423,true,0,1,0,-2.967427E-06,0.9969717,-0.07776612,1.962561E-05,0.9441687,2.017526,0,1,0,true,-0.0008336263,-0.02894106,0.1728352,-0.0008336263,-0.02894106,0.1728352,-0.0008336263,-0.02894106,0.1728352,-0.0008336566,-0.02894098,0.1728353,8.866851E-08,0
932,633,932,1,933,0,933,false,rootmotion.finalik.full-body-biped-ik/indexed-pose-backend,None,true,true,1,lyra-5.7/ABP_Mannequin_Base/CR_Mannequin_FootPlant,unreal-engine-5.7/SpringInterpV2/FMath.SpringDamper,corin.animation-rig,87731f0d0ca14844bbf861368b9847b3,corin.foot-placement,6d6118d2f41a5948ddd18dc6d88083c8c5bf77a4682a4ec3fce5d2ec6af01624,c7fd2c730a70465e6baa0d7496f46c9d49c4cc944fadbd61ecba1116729d5817,Corin.FootPlacementRig,2997edf1c34f13f7e2a3033372226eb399379f30c4303fddfe3e97ec1e4bf38d,0,-288406,-0.08857494,-0.04563046,-0.03950421,-0.6063696,-0.08857494,true,0,-0.04563046,0,1,PelvisPreSolveTranslation,FootGrounding,ModifierNotCompiled,-1,-1,-1,0,,,true,-98038,Sphere,CurrentGrounding,0,-0.3911123,1.089132,0.7208343,0,0,0,0,-1,0,0.05,1,4608,0.5735765,-0.3911123,0.2399999,0.7208343,-0.3911123,0.2399999,0.7208343,0,1,0,0.799132,Swing,None,false,0,0,0,0,0,0,1,0,0,0,0,0,0,1,0,false,false,false,ModifierNotCompiled,0,0,0,0,0,0,0,0,ModifierNotCompiled,0,0,0,0,FootPlacementEffectorTarget,FootGrounding,true,0,false,0.4909476,1,3.671467,0.655583,-98038,-0.3911123,0.2399999,0.7208343,0,1,0,0,0,0,0,-0.3911123,0.8417128,0.7208343,-0.3806891,0.895583,0.7807465,-0.3702514,0.8409539,0.8279477,0.655583,0.600954,0,1,1,1,1,0.151425,0.1909292,0.2920849,0,0.2920849,-0.4113996,0.1909292,true,0,1,0,6.845343E-16,0.9996269,-0.02731496,-3.275479E-14,-0.8850018,-2.743872,0,1,0,true,-0.04644476,0.7531379,-0.3685406,-0.04644476,0.7531379,-0.3685406,-0.04644476,0.7531379,-0.3685406,-0.04644482,0.7531378,-0.3685406,1.228781E-07,0,true,-97698,Sphere,CurrentGrounding,1,-0.5384037,0.6639967,0.2148957,0,0,0,0,-1,0,0.05,1,4608,0.5735765,-0.5384035,0,0.2148952,-0.5384035,0,0.2148952,-4.768371E-06,1,9.536741E-06,0.6139967,Swing,None,false,0,0,0,0,0,0,1,0,0,0,0,0,0,1,0,false,false,false,ModifierNotCompiled,0,0,0,0,0,0,0,0,ModifierNotCompiled,0,0,0,0,FootPlacementEffectorTarget,FootGrounding,true,0.2844399,false,-0.005528363,1,5.937545,0.03077929,-97698,-0.5384035,0,0.2148952,-4.768371E-06,1,9.536741E-06,0.008389189,0,0.008389189,0,-0.5384037,0.05837093,0.2148957,-0.5396626,-0.02237482,0.2229817,-0.547657,-0.03077866,0.1439913,-0.02237473,-0.03077929,0.03077929,1,1,1,1,-0.08857494,-0.04068154,-0.06612155,0,-0.06612155,0.0800259,-0.04068154,true,-4.768371E-06,1,9.536741E-06,-2.930291E-06,0.997402,-0.07203647,3.553297E-06,0.9238021,1.970223,-4.768371E-06,1,9.536741E-06,true,-0.003116974,-0.03020401,0.1566177,-0.003116974,-0.03020401,0.1566177,-0.003116974,-0.03020401,0.1566177,-0.003116991,-0.03020403,0.1566179,1.225373E-07,0
933,634,933,1,934,0,934,false,rootmotion.finalik.full-body-biped-ik/indexed-pose-backend,None,true,true,1,lyra-5.7/ABP_Mannequin_Base/CR_Mannequin_FootPlant,unreal-engine-5.7/SpringInterpV2/FMath.SpringDamper,corin.animation-rig,87731f0d0ca14844bbf861368b9847b3,corin.foot-placement,6d6118d2f41a5948ddd18dc6d88083c8c5bf77a4682a4ec3fce5d2ec6af01624,c7fd2c730a70465e6baa0d7496f46c9d49c4cc944fadbd61ecba1116729d5817,Corin.FootPlacementRig,2997edf1c34f13f7e2a3033372226eb399379f30c4303fddfe3e97ec1e4bf38d,0,-288406,-0.07572232,-0.04216819,-0.04216819,-0.4837262,-0.07572232,true,0,-0.04216819,0,1,PelvisPreSolveTranslation,FootGrounding,ModifierNotCompiled,-1,-1,-1,0,,,true,-98038,Sphere,CurrentGrounding,0,-0.3950987,1.072779,0.6748743,0,0,0,0,-1,0,0.05,1,4608,0.5735765,-0.3950987,0.2399999,0.6748743,-0.3950987,0.2399999,0.6748743,0,1,0,0.7827787,Swing,None,false,0,0,0,0,0,0,1,0,0,0,0,0,0,1,0,false,false,false,ModifierNotCompiled,0,0,0,0,0,0,0,0,ModifierNotCompiled,0,0,0,0,FootPlacementEffectorTarget,FootGrounding,true,0,false,0.4936329,1,4.087132,0.6364027,-98038,-0.3950987,0.2399999,0.6748743,0,1,0,0,0,0,0,-0.3950987,0.820807,0.6748743,-0.382637,0.8764027,0.7327873,-0.3703394,0.8231787,0.7811292,0.6364027,0.5831788,0,1,1,1,1,0.1642776,0.2064458,0.2901965,0,0.2901965,-0.3572288,0.2064458,true,0,1,0,5.417242E-16,0.9993033,-0.03732124,-2.585724E-14,-0.4526897,-1.350105,0,1,0,true,-0.05002151,0.7450847,-0.3495845,-0.05002151,0.7450847,-0.3495845,-0.05002151,0.7450847,-0.3495845,-0.05002152,0.7450848,-0.3495844,1.337478E-07,0,true,-97698,Sphere,CurrentGrounding,1,-0.5336273,0.6528344,0.2161999,0,0,0,0,-1,0,0.05,1,4608,0.5735765,-0.5336256,0,0.2162018,-0.5336256,0,0.2162018,-3.337859E-05,1,-3.814697E-05,0.6028344,Swing,None,false,0,0,0,0,0,0,1,0,0,0,0,0,0,1,0,false,false,false,ModifierNotCompiled,0,0,0,0,0,0,0,0,ModifierNotCompiled,0,0,0,0,FootPlacementEffectorTarget,FootGrounding,true,0.200794,false,-0.004914031,1,5.87928,0.04233006,-97698,-0.5336256,0,0.2162018,-3.337859E-05,1,-3.814697E-05,0.005784332,0,0.005784332,0,-0.5336273,0.04523813,0.2161999,-0.537084,-0.03557593,0.2228319,-0.5454339,-0.04233322,0.1437241,-0.03557606,-0.04233006,0.04233006,1,1,1,1,-0.07572232,-0.0277698,-0.06542812,0,-0.06542812,0.186467,-0.0277698,true,-3.337859E-05,1,-3.814697E-05,-3.719611E-06,0.9980686,-0.06212232,-0.0002941964,0.8632174,1.835732,-3.337859E-05,1,-3.814697E-05,true,-0.008892073,-0.03048419,0.1277841,-0.008892073,-0.03048419,0.1277841,-0.008892073,-0.03048419,0.1277841,-0.008892082,-0.03048429,0.127784,1.140366E-07,0
934,635,934,1,935,0,935,false,rootmotion.finalik.full-body-biped-ik/indexed-pose-backend,None,true,true,1,lyra-5.7/ABP_Mannequin_Base/CR_Mannequin_FootPlant,unreal-engine-5.7/SpringInterpV2/FMath.SpringDamper,corin.animation-rig,87731f0d0ca14844bbf861368b9847b3,corin.foot-placement,6d6118d2f41a5948ddd18dc6d88083c8c5bf77a4682a4ec3fce5d2ec6af01624,c7fd2c730a70465e6baa0d7496f46c9d49c4cc944fadbd61ecba1116729d5817,Corin.FootPlacementRig,2997edf1c34f13f7e2a3033372226eb399379f30c4303fddfe3e97ec1e4bf38d,0,-288406,-0.06301628,-0.04420575,-0.04420575,-0.3630417,-0.06301628,true,0,-0.04420575,0,1,PelvisPreSolveTranslation,FootGrounding,ModifierNotCompiled,-1,-1,-1,0,,,true,-98038,Sphere,CurrentGrounding,0,-0.4013386,1.055079,0.6282454,0,0,0,0,-1,0,0.05,1,4608,0.5735765,-0.4013386,0.2399999,0.6282454,-0.4013386,0.2399999,0.6282454,0,1,0,0.7650787,Swing,None,false,0,0,0,0,0,0,1,0,0,0,0,0,0,1,0,false,false,false,ModifierNotCompiled,0,0,0,0,0,0,0,0,ModifierNotCompiled,0,0,0,0,FootPlacementEffectorTarget,FootGrounding,true,0,false,0.4845029,1,4.430163,0.6153246,-98038,-0.4013386,0.2399999,0.6282454,0,1,0,0,0,0,0,-0.4013386,0.7994865,0.6282454,-0.3866038,0.8553246,0.685386,-0.3729751,0.8022963,0.7335835,0.6153246,0.5622963,0,1,1,1,1,0.1769837,0.2211894,0.2886135,0,0.2886135,-0.2964622,0.2211894,true,0,1,0,4.291286E-16,0.9991337,-0.04161573,-2.046487E-14,-0.1698798,-0.4434956,0,1,0,true,-0.05180359,0.7364702,-0.3292518,-0.05180359,0.7364702,-0.3292518,-0.05180359,0.7364702,-0.3292518,-0.0518036,0.7364702,-0.3292518,5.972095E-08,0,true,-97698,Sphere,CurrentGrounding,1,-0.5283675,0.6424108,0.2167711,0,0,0,0,-1,0,0.05,1,4608,0.5735765,-0.5283651,0,0.2167711,-0.5283651,0,0.2167711,-4.768371E-05,1,0,0.5924108,Swing,None,false,0,0,0,0,0,0,1,0,0,0,0,0,0,1,0,false,false,false,ModifierNotCompiled,0,0,0,0,0,0,0,0,ModifierNotCompiled,0,0,0,0,FootPlacementEffectorTarget,FootGrounding,true,0.2429841,false,-0.003441958,1,5.852049,0.05166881,-97698,-0.5283651,0,0.2167711,-4.768371E-05,1,0,0.002143437,0,0.002143437,0,-0.5283675,0.03394428,0.2167711,-0.5339594,-0.04687631,0.2216298,-0.5425539,-0.05166949,0.1424074,-0.04687604,-0.05166881,0.05166881,1,1,1,1,-0.06301628,-0.01666709,-0.06426077,0,-0.06426077,0.2783007,-0.01666709,true,-4.768371E-05,1,0,-5.999947E-06,0.9985855,-0.05317027,-0.0005979534,0.7858102,1.668066,-4.768371E-05,1,0,true,-0.01491718,-0.029072,0.09980156,-0.01491718,-0.029072,0.09980156,-0.01491718,-0.029072,0.09980156,-0.01491724,-0.02907205,0.09980141,1.705948E-07,0
935,636,935,1,936,0,936,false,rootmotion.finalik.full-body-biped-ik/indexed-pose-backend,None,true,true,1,lyra-5.7/ABP_Mannequin_Base/CR_Mannequin_FootPlant,unreal-engine-5.7/SpringInterpV2/FMath.SpringDamper,corin.animation-rig,87731f0d0ca14844bbf861368b9847b3,corin.foot-placement,6d6118d2f41a5948ddd18dc6d88083c8c5bf77a4682a4ec3fce5d2ec6af01624,c7fd2c730a70465e6baa0d7496f46c9d49c4cc944fadbd61ecba1116729d5817,Corin.FootPlacementRig,2997edf1c34f13f7e2a3033372226eb399379f30c4303fddfe3e97ec1e4bf38d,0,-288406,-0.04917365,-0.04575405,-0.04575405,-0.2321465,-0.04917365,true,0,-0.04575405,0,1,PelvisPreSolveTranslation,FootGrounding,ModifierNotCompiled,-1,-1,-1,0,,,true,-98038,Sphere,CurrentGrounding,0,-0.4087431,1.031625,0.5778103,0,0,0,0,-1,0,0.05,1,4608,0.5735765,-0.4087431,0.24,0.5778103,-0.4087431,0.24,0.5778103,0,1,0,0.7416248,Swing,None,false,0,0,0,0,0,0,1,0,0,0,0,0,0,1,0,false,false,false,ModifierNotCompiled,0,0,0,0,0,0,0,0,ModifierNotCompiled,0,0,0,0,FootPlacementEffectorTarget,FootGrounding,true,0,false,0.4690823,1,4.83758,0.5878969,-98038,-0.4087431,0.24,0.5778103,0,1,0,0,0,0,0,-0.4087431,0.7731186,0.5778103,-0.3912292,0.827897,0.6351919,-0.3773768,0.7739812,0.6823263,0.5878969,0.5339811,0,1,1,1,1,0.1908264,0.2365804,0.2872479,0,0.2872479,-0.223615,0.2365804,true,0,1,0,3.325362E-16,0.9991087,-0.04221265,-1.586061E-14,0.02399476,0.1726856,0,1,0,true,-0.05336785,0.723945,-0.3073655,-0.05336785,0.723945,-0.3073655,-0.05336785,0.723945,-0.3073655,-0.05336792,0.723945,-0.3073655,9.453727E-08,0,true,-97698,Sphere,CurrentGrounding,1,-0.5242431,0.6306335,0.2176557,0,0,0,0,-1,0,0.05,1,4608,0.5735765,-0.5242414,0,0.2176542,-0.5242414,0,0.2176542,-3.337863E-05,1,2.861026E-05,0.5806335,Swing,None,false,0,0,0,0,0,0,1,0,0,0,0,0,0,1,0,false,false,false,ModifierNotCompiled,0,0,0,0,0,0,0,0,ModifierNotCompiled,0,0,0,0,FootPlacementEffectorTarget,FootGrounding,true,0.3469528,false,-0.001436532,1,5.835041,0.06150392,-97698,-0.5242414,0,0.2176542,-3.337863E-05,1,2.861026E-05,0,0,0,0,-0.5242431,0.02241959,0.2176557,-0.5314161,-0.05835169,0.2210312,-0.5402068,-0.06150228,0.1417414,-0.05835135,-0.06150392,0.06150392,1,1,1,1,-0.04917365,-0.0034196,-0.06245986,0,-0.06245986,0.3844135,-0.0034196,true,-3.337863E-05,1,2.861026E-05,-9.287424E-06,0.9990094,-0.04450062,-0.0006183962,0.6937902,1.470835,-3.337863E-05,1,2.861026E-05,true,-0.01945528,-0.02675407,0.0693327,-0.01945528,-0.02675407,0.0693327,-0.01945528,-0.02675407,0.0693327,-0.01945539,-0.0267542,0.06933273,1.782796E-07,0
936,637,936,1,937,0,937,false,rootmotion.finalik.full-body-biped-ik/indexed-pose-backend,None,true,true,1,lyra-5.7/ABP_Mannequin_Base/CR_Mannequin_FootPlant,unreal-engine-5.7/SpringInterpV2/FMath.SpringDamper,corin.animation-rig,87731f0d0ca14844bbf861368b9847b3,corin.foot-placement,6d6118d2f41a5948ddd18dc6d88083c8c5bf77a4682a4ec3fce5d2ec6af01624,c7fd2c730a70465e6baa0d7496f46c9d49c4cc944fadbd61ecba1116729d5817,Corin.FootPlacementRig,2997edf1c34f13f7e2a3033372226eb399379f30c4303fddfe3e97ec1e4bf38d,0,-288406,-0.04285219,-0.04628726,-0.04628726,-0.1730637,-0.04285219,true,0,-0.04628726,0,1,PelvisPreSolveTranslation,FootGrounding,ModifierNotCompiled,-1,-1,-1,0,,,true,-98038,Sphere,CurrentGrounding,0,-0.412446,1.017823,0.5521545,0,0,0,0,-1,0,0.05,1,4608,0.5735765,-0.412446,0.24,0.5521545,-0.412446,0.24,0.5521545,0,1,0,0.7278226,Swing,None,false,0,0,0,0,0,0,1,0,0,0,0,0,0,1,0,false,false,false,ModifierNotCompiled,0,0,0,0,0,0,0,0,ModifierNotCompiled,0,0,0,0,FootPlacementEffectorTarget,FootGrounding,true,0,false,0.4612007,1,5.079062,0.5718595,-98038,-0.412446,0.24,0.5521545,0,1,0,0,0,0,0,-0.412446,0.7582262,0.5521545,-0.3932319,0.8118595,0.6100711,-0.3799181,0.7570422,0.6563112,0.5718595,0.5170422,0,1,1,1,1,0.1971478,0.2434351,0.2866908,0,0.2866908,-0.1919174,0.2434351,true,0,1,0,2.91719E-16,0.9991416,-0.04142648,-1.391882E-14,0.08969425,0.3792555,0,1,0,true,-0.05450578,0.7153741,-0.2963613,-0.05450578,0.7153741,-0.2963613,-0.05450578,0.7153741,-0.2963613,-0.05450589,0.7153741,-0.2963612,1.715657E-07,0,true,-97698,Sphere,CurrentGrounding,1,-0.5236156,0.6248805,0.2185988,0,0,0,0,-1,0,0.05,1,4608,0.5735765,-0.5236158,0,0.2186003,-0.5236158,0,0.2186003,4.768376E-06,1,-2.861026E-05,0.5748805,Swing,None,false,0,0,0,0,0,0,1,0,0,0,0,0,0,1,0,false,false,false,ModifierNotCompiled,0,0,0,0,0,0,0,0,ModifierNotCompiled,0,0,0,0,FootPlacementEffectorTarget,FootGrounding,true,0.4000928,false,-0.0004115286,1,5.826514,0.06612539,-97698,-0.5236158,0,0.2186003,4.768376E-06,1,-2.861026E-05,0,0,0,0,-0.5236156,0.01727407,0.2185988,-0.5311376,-0.06348312,0.221521,-0.5400642,-0.0661275,0.1422183,-0.06348324,-0.06612539,0.06612539,1,1,1,1,-0.04285219,0.003435072,-0.06131915,0,-0.06131915,0.4361022,0.003435072,true,4.768376E-06,1,-2.861026E-05,-1.06357E-05,0.9991795,-0.04050101,-0.0003834071,0.6462327,1.368937,4.768376E-06,1,-2.861026E-05,true,-0.02037492,-0.02557811,0.05357185,-0.02037492,-0.02557811,0.05357185,-0.02037492,-0.02557811,0.05357185,-0.02037501,-0.02557817,0.05357175,1.508743E-07,0
937,638,937,1,938,0,938,false,rootmotion.finalik.full-body-biped-ik/indexed-pose-backend,None,true,true,1,lyra-5.7/ABP_Mannequin_Base/CR_Mannequin_FootPlant,unreal-engine-5.7/SpringInterpV2/FMath.SpringDamper,corin.animation-rig,87731f0d0ca14844bbf861368b9847b3,corin.foot-placement,6d6118d2f41a5948ddd18dc6d88083c8c5bf77a4682a4ec3fce5d2ec6af01624,c7fd2c730a70465e6baa0d7496f46c9d49c4cc944fadbd61ecba1116729d5817,Corin.FootPlacementRig,2997edf1c34f13f7e2a3033372226eb399379f30c4303fddfe3e97ec1e4bf38d,0,-288406,-0.03257123,-0.04682532,-0.04682532,-0.07515,-0.03257123,true,0,-0.04682532,0,1,PelvisPreSolveTranslation,FootGrounding,ModifierNotCompiled,-1,-1,-1,0,,,true,-98038,Sphere,CurrentGrounding,0,-0.4188173,0.9919515,0.5080853,0,0,0,0,-1,0,0.05,1,4608,0.5735765,-0.4188173,0.24,0.5080853,-0.4188173,0.24,0.5080853,0,1,0,0.7019514,Swing,None,false,0,0,0,0,0,0,1,0,0,0,0,0,0,1,0,false,false,false,ModifierNotCompiled,0,0,0,0,0,0,0,0,ModifierNotCompiled,0,0,0,0,FootPlacementEffectorTarget,FootGrounding,true,0,false,0.4479676,1,5.524908,0.5416804,-98038,-0.4188173,0.24,0.5080853,0,1,0,0,0,0,0,-0.4188173,0.7310818,0.5080853,-0.3961554,0.7816804,0.5674679,-0.3846147,0.7246982,0.6115131,0.5416804,0.4846982,0,1,1,1,1,0.2074288,0.2542541,0.2859557,0,0.2859557,-0.1364698,0.2542541,true,0,1,0,2.341467E-16,0.9992357,-0.039088,-1.118176E-14,0.1632373,0.607181,0,1,0,true,-0.05676821,0.6985106,-0.2769299,-0.05676821,0.6985106,-0.2769299,-0.05676821,0.6985106,-0.2769299,-0.05676822,0.6985106,-0.2769299,3.182889E-08,0,true,-97698,Sphere,CurrentGrounding,1,-0.5238347,0.6148769,0.220645,0,0,0,0,-1,0,0.05,1,4608,0.5735765,-0.5238352,0,0.2206459,-0.5238352,0,0.2206459,9.536752E-06,1,-1.90735E-05,0.5648769,Swing,None,false,0,0,0,0,0,0,1,0,0,0,0,0,0,1,0,false,false,false,ModifierNotCompiled,0,0,0,0,0,0,0,0,ModifierNotCompiled,0,0,0,0,FootPlacementEffectorTarget,FootGrounding,true,0.4893132,false,0.001309423,1,5.812452,0.07379021,-97698,-0.5238352,0,0.2206459,9.536752E-06,1,-1.90735E-05,0,0,0,0,-0.5238347,0.008947499,0.220645,-0.5314527,-0.07182072,0.2229485,-0.5406542,-0.07379153,0.1436355,-0.07182084,-0.07379021,0.07379021,1,1,1,1,-0.03257123,0.01425409,-0.05910403,0,-0.05910403,0.5191156,0.01425409,true,9.536752E-06,1,-1.90735E-05,-1.155983E-05,0.9994061,-0.03446001,-5.285065E-05,0.5688146,1.20368,9.536752E-06,1,-1.90735E-05,true,-0.0204303,-0.02362373,0.02692888,-0.0204303,-0.02362373,0.02692888,-0.0204303,-0.02362373,0.02692888,-0.02043029,-0.02362379,0.02692903,1.598514E-07,0
938,639,938,1,939,0,939,false,rootmotion.finalik.full-body-biped-ik/indexed-pose-backend,None,true,true,1,lyra-5.7/ABP_Mannequin_Base/CR_Mannequin_FootPlant,unreal-engine-5.7/SpringInterpV2/FMath.SpringDamper,corin.animation-rig,87731f0d0ca14844bbf861368b9847b3,corin.foot-placement,6d6118d2f41a5948ddd18dc6d88083c8c5bf77a4682a4ec3fce5d2ec6af01624,c7fd2c730a70465e6baa0d7496f46c9d49c4cc944fadbd61ecba1116729d5817,Corin.FootPlacementRig,2997edf1c34f13f7e2a3033372226eb399379f30c4303fddfe3e97ec1e4bf38d,0,-288406,-0.02638448,-0.04693452,-0.04693452,-0.01844338,-0.02638448,true,0,-0.04693452,0,1,PelvisPreSolveTranslation,FootGrounding,ModifierNotCompiled,-1,-1,-1,0,,,true,-98038,Sphere,CurrentGrounding,0,-0.4227591,0.9757018,0.4811101,0,0,0,0,-1,0,0.05,1,4608,0.5735765,-0.4227591,0.24,0.4811101,-0.4227591,0.24,0.4811101,0,1,0,0.6857018,Swing,None,false,0,0,0,0,0,0,1,0,0,0,0,0,0,1,0,false,false,false,ModifierNotCompiled,0,0,0,0,0,0,0,0,ModifierNotCompiled,0,0,0,0,FootPlacementEffectorTarget,FootGrounding,true,0,false,0.4364282,1,5.560873,0.5226942,-98038,-0.4227591,0.24,0.4811101,0,1,0,0,0,0,0,-0.4227591,0.7144029,0.4811101,-0.3978574,0.7626942,0.5415078,-0.3876872,0.704249,0.583943,0.5226942,0.464249,0,1,1,1,1,0.2136155,0.2605501,0.2856356,0,0.2856356,-0.1036188,0.2605501,true,0,1,0,2.050514E-16,0.9993055,-0.03726246,-9.798678E-15,0.190403,0.6891899,0,1,0,true,-0.05825955,0.6880184,-0.2647903,-0.05825955,0.6880184,-0.2647903,-0.05825955,0.6880184,-0.2647903,-0.05825961,0.6880184,-0.2647902,1.05433E-07,0,true,-97698,Sphere,CurrentGrounding,1,-0.5242109,0.6085818,0.2220016,0,0,0,0,-1,0,0.05,1,4608,0.5735765,-0.5242109,0,0.222002,-0.5242109,0,0.222002,0,1,-9.536741E-06,0.5585818,Swing,None,false,0,0,0,0,0,0,1,0,0,0,0,0,0,1,0,false,false,false,ModifierNotCompiled,0,0,0,0,0,0,0,0,ModifierNotCompiled,0,0,0,0,FootPlacementEffectorTarget,FootGrounding,true,0.499,false,0.001230674,1,5.855177,0.07841973,-97698,-0.5242109,0,0.222002,0,1,-9.536741E-06,0,0,0,0,-0.5242109,0.004058033,0.2220016,-0.5316591,-0.07673319,0.2240375,-0.5410535,-0.07842047,0.144724,-0.07673322,-0.07841973,0.07841973,1,1,1,1,-0.02638448,0.02055004,-0.05758921,0,-0.05758921,0.5651812,0.02055004,true,0,1,-9.536741E-06,-1.156857E-05,0.9995133,-0.0311963,2.87954E-05,0.5242494,1.108835,0,1,-9.536741E-06,true,-0.02002316,-0.02232645,0.01083213,-0.02002316,-0.02232645,0.01083213,-0.02002316,-0.02232645,0.01083213,-0.02002317,-0.02232653,0.01083215,8.369476E-08,0
939,640,939,1,940,0,940,false,rootmotion.finalik.full-body-biped-ik/indexed-pose-backend,None,true,true,1,lyra-5.7/ABP_Mannequin_Base/CR_Mannequin_FootPlant,unreal-engine-5.7/SpringInterpV2/FMath.SpringDamper,corin.animation-rig,87731f0d0ca14844bbf861368b9847b3,corin.foot-placement,6d6118d2f41a5948ddd18dc6d88083c8c5bf77a4682a4ec3fce5d2ec6af01624,c7fd2c730a70465e6baa0d7496f46c9d49c4cc944fadbd61ecba1116729d5817,Corin.FootPlacementRig,2997edf1c34f13f7e2a3033372226eb399379f30c4303fddfe3e97ec1e4bf38d,0,-288406,-0.01963824,-0.04687646,-0.04687646,0.04282732,-0.01963824,true,0,-0.04687646,0,1,PelvisPreSolveTranslation,FootGrounding,ModifierNotCompiled,-1,-1,-1,0,,,true,-98038,Sphere,CurrentGrounding,0,-0.4272161,0.9582772,0.4515829,0,0,0,0,-1,0,0.05,1,4608,0.5735765,-0.4272161,0.24,0.4515829,-0.4272161,0.24,0.4515829,0,1,0,0.6682772,Swing,None,false,0,0,0,0,0,0,1,0,0,0,0,0,0,1,0,false,false,false,ModifierNotCompiled,0,0,0,0,0,0,0,0,ModifierNotCompiled,0,0,0,0,FootPlacementEffectorTarget,FootGrounding,true,0,false,0.4229868,1,5.541986,0.5023516,-98038,-0.4272161,0.24,0.4515829,0,1,0,0,0,0,0,-0.4272161,0.696792,0.4515829,-0.3999166,0.7423517,0.5130575,-0.3913147,0.6823413,0.5536119,0.5023516,0.4423413,0,1,1,1,1,0.2203618,0.2672382,0.2853912,0,0.2853912,-0.06704632,0.2672382,true,0,1,0,1.774202E-16,0.9993849,-0.03506914,-8.484827E-15,0.209061,0.7433797,0,1,0,true,-0.05987194,0.6771538,-0.2514247,-0.05987194,0.6771538,-0.2514247,-0.05987194,0.6771538,-0.2514247,-0.059872,0.6771538,-0.2514247,9.193243E-08,0,true,-97698,Sphere,CurrentGrounding,1,-0.5244617,0.6016017,0.223434,0,0,0,0,-1,0,0.05,1,4608,0.5735765,-0.5244627,0,0.2234335,-0.5244627,0,0.2234335,1.90735E-05,1,9.536752E-06,0.5516018,Swing,None,false,0,0,0,0,0,0,1,0,0,0,0,0,0,1,0,false,false,false,ModifierNotCompiled,0,0,0,0,0,0,0,0,ModifierNotCompiled,0,0,0,0,FootPlacementEffectorTarget,FootGrounding,true,0.499,false,0.0008773044,1,5.914506,0.08339401,-97698,-0.5244627,0,0.2234335,1.90735E-05,1,9.536752E-06,0,0,0,0,-0.5244617,-0.001071408,0.223434,-0.5315903,-0.08189589,0.2252857,-0.5412243,-0.08339295,0.145979,-0.08189601,-0.08339401,0.08339401,1,1,1,1,-0.01963824,0.02723822,-0.05579663,0,-0.05579663,0.6135672,0.02723822,true,1.90735E-05,1,9.536752E-06,-1.115565E-05,0.9996095,-0.02794526,0.0002186866,0.4780218,1.010705,1.90735E-05,1,9.536752E-06,true,-0.01959559,-0.02070965,-0.006707576,-0.01959559,-0.02070965,-0.006707576,-0.01959559,-0.02070965,-0.006707576,-0.01959553,-0.02070966,-0.006707683,1.272483E-07,0
940,641,940,1,941,0,941,false,rootmotion.finalik.full-body-biped-ik/indexed-pose-backend,None,true,true,1,lyra-5.7/ABP_Mannequin_Base/CR_Mannequin_FootPlant,unreal-engine-5.7/SpringInterpV2/FMath.SpringDamper,corin.animation-rig,87731f0d0ca14844bbf861368b9847b3,corin.foot-placement,6d6118d2f41a5948ddd18dc6d88083c8c5bf77a4682a4ec3fce5d2ec6af01624,c7fd2c730a70465e6baa0d7496f46c9d49c4cc944fadbd61ecba1116729d5817,Corin.FootPlacementRig,2997edf1c34f13f7e2a3033372226eb399379f30c4303fddfe3e97ec1e4bf38d,0,-288406,-0.01333651,-0.04665672,-0.04665672,0.09914187,-0.01333651,true,0,-0.04665672,0,1,PelvisPreSolveTranslation,FootGrounding,ModifierNotCompiled,-1,-1,-1,0,,,true,-98038,Sphere,CurrentGrounding,0,-0.4315672,0.9428478,0.4242487,0,0,0,0,-1,0,0.05,1,4608,0.5735765,-0.4315672,0.2399999,0.4242487,-0.4315672,0.2399999,0.4242487,0,1,0,0.6528479,Swing,None,false,0,0,0,0,0,0,1,0,0,0,0,0,0,1,0,false,false,false,ModifierNotCompiled,0,0,0,0,0,0,0,0,ModifierNotCompiled,0,0,0,0,FootPlacementEffectorTarget,FootGrounding,true,0,false,0.4104311,1,5.525567,0.4844311,-98038,-0.4315672,0.2399999,0.4242487,0,1,0,0,0,0,0,-0.4315672,0.681454,0.4242487,-0.402231,0.724431,0.4866379,-0.3950262,0.6630777,0.5254151,0.4844311,0.4230777,0,1,1,1,1,0.2266634,0.2733202,0.2852629,0,0.2852629,-0.03272361,0.2733202,true,0,1,0,1.549673E-16,0.9994583,-0.0329121,-7.416668E-15,0.2183957,0.7680803,0,1,0,true,-0.06124485,0.6681175,-0.2391526,-0.06124485,0.6681175,-0.2391526,-0.06124485,0.6681175,-0.2391526,-0.06124484,0.6681176,-0.2391525,1.075184E-07,0,true,-97698,Sphere,CurrentGrounding,1,-0.5242717,0.5950655,0.2245831,0,0,0,0,-1,0,0.05,1,4608,0.5735765,-0.524272,0,0.2245827,-0.524272,0,0.2245827,4.768376E-06,1,9.536752E-06,0.5450655,Swing,None,false,0,0,0,0,0,0,1,0,0,0,0,0,0,1,0,false,false,false,ModifierNotCompiled,0,0,0,0,0,0,0,0,ModifierNotCompiled,0,0,0,0,FootPlacementEffectorTarget,FootGrounding,true,0.499,false,0.000547218,1,5.970406,0.08788634,-97698,-0.524272,0,0.2245827,4.768376E-06,1,9.536752E-06,0,0,0,0,-0.5242717,-0.005584761,0.2245831,-0.5310224,-0.08644295,0.2263793,-0.5409139,-0.08788552,0.1470872,-0.08644296,-0.08788634,0.08788634,1,1,1,1,-0.01333651,0.03332021,-0.05399348,0,-0.05399348,0.6566579,0.03332021,true,4.768376E-06,1,9.536752E-06,-1.045965E-05,0.999683,-0.02517918,0.0002599881,0.4372613,0.9242514,4.768376E-06,1,9.536752E-06,true,-0.01951311,-0.01892127,-0.02300695,-0.01951311,-0.01892127,-0.02300695,-0.01951311,-0.01892127,-0.02300695,-0.01951315,-0.01892126,-0.02300691,5.155188E-08,0
941,642,941,1,942,0,942,false,rootmotion.finalik.full-body-biped-ik/indexed-pose-backend,None,true,true,1,lyra-5.7/ABP_Mannequin_Base/CR_Mannequin_FootPlant,unreal-engine-5.7/SpringInterpV2/FMath.SpringDamper,corin.animation-rig,87731f0d0ca14844bbf861368b9847b3,corin.foot-placement,6d6118d2f41a5948ddd18dc6d88083c8c5bf77a4682a4ec3fce5d2ec6af01624,c7fd2c730a70465e6baa0d7496f46c9d49c4cc944fadbd61ecba1116729d5817,Corin.FootPlacementRig,2997edf1c34f13f7e2a3033372226eb399379f30c4303fddfe3e97ec1e4bf38d,0,-288406,-0.009992589,-0.04605243,-0.04605243,0.1447202,-0.009992589,true,0,-0.04605243,0,1,PelvisPreSolveTranslation,FootGrounding,ModifierNotCompiled,-1,-1,-1,0,,,true,-98038,Sphere,CurrentGrounding,0,-0.4406681,0.9254584,0.3756833,0,0,0,0,-1,0,0.05,1,4608,0.5735765,-0.4406681,0.2399999,0.3756833,-0.4406681,0.2399999,0.3756833,0,1,0,0.6354585,Swing,None,false,0,0,0,0,0,0,1,0,0,0,0,0,0,1,0,false,false,false,ModifierNotCompiled,0,0,0,0,0,0,0,0,ModifierNotCompiled,0,0,0,0,FootPlacementEffectorTarget,FootGrounding,true,0,false,0.3887947,1,5.500079,0.4629754,-98038,-0.4406681,0.2399999,0.3756833,0,1,0,0,0,0,0,-0.4406681,0.6645393,0.3756833,-0.4083042,0.7029754,0.4395212,-0.4035568,0.6395444,0.4752094,0.4629754,0.3995444,0,1,1,1,1,0.2300074,0.2760598,0.2851333,0,0.2851333,-0.02219681,0.2760598,true,0,1,0,1.22777E-16,0.9995752,-0.0291436,-5.883907E-15,0.2212516,0.7685605,0,1,0,true,-0.06320825,0.6545467,-0.2181643,-0.06320825,0.6545467,-0.2181643,-0.06320825,0.6545467,-0.2181643,-0.0632083,0.6545467,-0.2181644,5.37269E-08,0,true,-97698,Sphere,CurrentGrounding,1,-0.5237782,0.5915151,0.2242751,0,0,0,0,-1,0,0.05,1,4608,0.5735765,-0.523778,0,0.2242746,-0.523778,0,0.2242746,-4.768376E-06,1,9.536752E-06,0.5415152,Swing,None,false,0,0,0,0,0,0,1,0,0,0,0,0,0,1,0,false,false,false,ModifierNotCompiled,0,0,0,0,0,0,0,0,ModifierNotCompiled,0,0,0,0,FootPlacementEffectorTarget,FootGrounding,true,0.499,false,-2.159702E-05,1,6.067786,0.08796089,-97698,-0.523778,0,0.2242746,-4.768376E-06,1,9.536752E-06,0,0,0,0,-0.5237782,-0.00529509,0.2242751,-0.5297739,-0.0862055,0.2263729,-0.54005,-0.08796024,0.1471056,-0.08620545,-0.08796089,0.08796089,1,1,1,1,-0.009992589,0.03605984,-0.0507578,0,-0.0507578,0.6777245,0.03605984,true,-4.768376E-06,1,9.536752E-06,-9.310418E-06,0.9997797,-0.02098823,0.0002080476,0.3730318,0.7881389,-4.768376E-06,1,9.536752E-06,true,-0.02023514,-0.01528768,-0.05087704,-0.02023514,-0.01528768,-0.05087704,-0.02023514,-0.01528768,-0.05087704,-0.02023517,-0.01528779,-0.05087706,1.133959E-07,0
942,643,942,1,943,0,943,false,rootmotion.finalik.full-body-biped-ik/indexed-pose-backend,None,true,true,1,lyra-5.7/ABP_Mannequin_Base/CR_Mannequin_FootPlant,unreal-engine-5.7/SpringInterpV2/FMath.SpringDamper,corin.animation-rig,87731f0d0ca14844bbf861368b9847b3,corin.foot-placement,6d6118d2f41a5948ddd18dc6d88083c8c5bf77a4682a4ec3fce5d2ec6af01624,c7fd2c730a70465e6baa0d7496f46c9d49c4cc944fadbd61ecba1116729d5817,Corin.FootPlacementRig,2997edf1c34f13f7e2a3033372226eb399379f30c4303fddfe3e97ec1e4bf38d,0,-288406,-0.009992602,-0.04488544,-0.04488544,0.172012,-0.009992602,true,0,-0.04488544,0,1,PelvisPreSolveTranslation,FootGrounding,ModifierNotCompiled,-1,-1,-1,0,,,true,-98038,Sphere,CurrentGrounding,0,-0.4565732,0.9056944,0.3004103,0,0,0,0,-1,0,0.05,1,4608,0.5735765,-0.4565732,0.24,0.3004103,-0.4565732,0.24,0.3004103,0,1,0,0.6156943,Swing,None,false,0,0,0,0,0,0,1,0,0,0,0,0,0,1,0,false,false,false,ModifierNotCompiled,0,0,0,0,0,0,0,0,ModifierNotCompiled,0,0,0,0,FootPlacementEffectorTarget,FootGrounding,true,0,false,0.3601896,1,5.271645,0.4365292,-98038,-0.4565732,0.24,0.3004103,0,1,0,0,0,0,0,-0.4565732,0.6457074,0.3004103,-0.420155,0.6765292,0.3661658,-0.4196467,0.6103477,0.3968121,0.4365292,0.3703477,0,1,1,1,1,0.2300074,0.2748928,0.2848985,0,0.2848985,-0.04045622,0.2748928,true,0,1,0,8.629486E-17,0.9997197,-0.02367426,-4.14381E-15,0.2057749,0.7070034,0,1,0,true,-0.06545057,0.6357148,-0.1855514,-0.06545057,0.6357148,-0.1855514,-0.06545057,0.6357148,-0.1855514,-0.06545058,0.6357149,-0.1855513,1.469484E-07,0,true,-97698,Sphere,CurrentGrounding,1,-0.5224011,0.5910161,0.2226214,0,0,0,0,-1,0,0.05,1,4608,0.5735765,-0.5223989,0,0.222621,-0.5223989,0,0.222621,-4.291538E-05,1,9.536752E-06,0.5410162,Swing,None,false,0,0,0,0,0,0,1,0,0,0,0,0,0,1,0,false,false,false,ModifierNotCompiled,0,0,0,0,0,0,0,0,ModifierNotCompiled,0,0,0,0,FootPlacementEffectorTarget,FootGrounding,true,0.3888282,false,-0.001525323,1,6.223865,0.08358246,-97698,-0.5223989,0,0.222621,-4.291538E-05,1,9.536752E-06,0.001676898,0,0.001676898,0,-0.5224011,0.000332132,0.2226214,-0.52676,-0.08064641,0.2258336,-0.5376025,-0.08358239,0.1466255,-0.08064619,-0.08358246,0.08358246,1,1,1,1,-0.009992602,0.03656973,-0.04579854,0,-0.04579854,0.6779428,0.03656973,true,-4.291538E-05,1,9.536752E-06,-1.000869E-05,0.9998746,-0.01583652,-0.0003379303,0.2899194,0.6122016,-4.291538E-05,1,9.536752E-06,true,-0.02185141,-0.00966047,-0.09344538,-0.02185141,-0.00966047,-0.09344538,-0.02185141,-0.00966047,-0.09344538,-0.02185136,-0.009660512,-0.09344546,1.023311E-07,0
943,644,943,1,944,0,944,false,rootmotion.finalik.full-body-biped-ik/indexed-pose-backend,None,true,true,1,lyra-5.7/ABP_Mannequin_Base/CR_Mannequin_FootPlant,unreal-engine-5.7/SpringInterpV2/FMath.SpringDamper,corin.animation-rig,87731f0d0ca14844bbf861368b9847b3,corin.foot-placement,6d6118d2f41a5948ddd18dc6d88083c8c5bf77a4682a4ec3fce5d2ec6af01624,c7fd2c730a70465e6baa0d7496f46c9d49c4cc944fadbd61ecba1116729d5817,Corin.FootPlacementRig,2997edf1c34f13f7e2a3033372226eb399379f30c4303fddfe3e97ec1e4bf38d,0,-288406,-0.009992607,-0.04441491,-0.04441491,0.179917,-0.009992607,true,0,-0.04441491,0,1,PelvisPreSolveTranslation,FootGrounding,ModifierNotCompiled,-1,-1,-1,0,,,true,-98038,Sphere,CurrentGrounding,0,-0.4625137,0.8993084,0.2742381,0,0,0,0,-1,0,0.05,1,4608,0.5735765,-0.4625137,0.24,0.295,-0.4625137,0.24,0.295,0,0.9097126,-0.4152383,0.6138228,Swing,None,false,0,0,0,0,0,0,1,0,0,0,0,0,0,1,0,false,false,false,ModifierNotCompiled,0,0,0,0,0,0,0,0,ModifierNotCompiled,0,0,0,0,FootPlacementEffectorTarget,FootGrounding,true,0,false,0.351355,1,5.119851,0.3705691,-98038,-0.4625137,0.24,0.295,0,0.9097127,-0.4152383,0,0,0,0,-0.4625137,0.6396742,0.2742381,-0.4250486,0.6681067,0.3404797,-0.4257836,0.6012065,0.369518,0.3705691,0.2976514,0,1,1,1,1,0.2300074,0.2744223,0.2847807,0,0.2847807,-0.04656406,0.2744223,true,0,0.9097126,-0.4152383,7.59862E-17,0.9996798,-0.02530369,-3.648879E-15,-0.3286089,-1.742063,0,0.9097127,-0.4152383,true,-0.06596204,0.6296816,-0.1747386,-0.06596204,0.6296816,-0.1747386,-0.06596204,0.6296816,-0.1747386,-0.06596208,0.6296816,-0.1747384,1.413648E-07,0,true,-97698,Sphere,CurrentGrounding,1,-0.5214822,0.5904951,0.2222486,0,0,0,0,-1,0,0.05,1,4608,0.5735765,-0.5214815,0,0.2222481,-0.5214815,0,0.2222481,-1.430511E-05,1,9.536741E-06,0.5404951,Swing,None,false,0,0,0,0,0,0,1,0,0,0,0,0,0,1,0,false,false,false,ModifierNotCompiled,0,0,0,0,0,0,0,0,ModifierNotCompiled,0,0,0,0,FootPlacementEffectorTarget,FootGrounding,true,0.3090594,false,-0.002301849,1,6.282807,0.08222748,-97698,-0.5214815,0,0.2222481,-1.430511E-05,1,9.536741E-06,0.002721316,0,0.002721316,0,-0.5214822,0.002084643,0.2222486,-0.5250495,-0.07891988,0.225768,-0.536301,-0.08222698,0.1466216,-0.0789198,-0.08222748,0.08222748,1,1,1,1,-0.009992607,0.03714362,-0.04399556,0,-0.04399556,0.6785886,0.03714362,true,-1.430511E-05,1,9.536741E-06,-1.082149E-05,0.9998981,-0.01427478,-0.0002823177,0.2637855,0.5569212,-1.430511E-05,1,9.536741E-06,true,-0.02258203,-0.007907964,-0.1091765,-0.02258203,-0.007907964,-0.1091765,-0.02258203,-0.007907964,-0.1091765,-0.02258202,-0.007908046,-0.1091766,9.010275E-08,0
944,645,944,1,945,0,945,false,rootmotion.finalik.full-body-biped-ik/indexed-pose-backend,None,true,true,1,lyra-5.7/ABP_Mannequin_Base/CR_Mannequin_FootPlant,unreal-engine-5.7/SpringInterpV2/FMath.SpringDamper,corin.animation-rig,87731f0d0ca14844bbf861368b9847b3,corin.foot-placement,6d6118d2f41a5948ddd18dc6d88083c8c5bf77a4682a4ec3fce5d2ec6af01624,c7fd2c730a70465e6baa0d7496f46c9d49c4cc944fadbd61ecba1116729d5817,Corin.FootPlacementRig,2997edf1c34f13f7e2a3033372226eb399379f30c4303fddfe3e97ec1e4bf38d,0,-288406,-0.009992613,-0.04388942,-0.04388942,0.1873606,-0.009992613,true,0,-0.04388942,0,1,PelvisPreSolveTranslation,FootGrounding,ModifierNotCompiled,-1,-1,-1,0,,,true,-97698,Sphere,CurrentGrounding,0,-0.4688079,0.8929085,0.2474632,0,0,0,0,-1,0,0.05,1,4608,0.5735765,-0.4688082,0,0.2474623,-0.4688082,0,0.2474623,4.768371E-06,1,1.907348E-05,0.8429084,Swing,None,false,0,0,0,0,0,0,1,0,0,0,0,0,0,1,0,false,false,false,ModifierNotCompiled,0,0,0,0,0,0,0,0,ModifierNotCompiled,0,0,0,0,FootPlacementEffectorTarget,FootGrounding,true,0,false,0.341888,1,4.958576,0.6571044,-97698,-0.4688082,0,0.2474623,4.768371E-06,1,1.907348E-05,0,0,0,0,-0.4688079,0.6308103,0.2474632,-0.4306164,0.657103,0.3141726,-0.4322879,0.5895666,0.3416561,0.6571044,0.5895686,0,1,1,1,1,-0.009992613,0.03389681,0.2817912,0,0.2817912,-1.654892,0.03389681,true,4.768371E-06,1,1.907348E-05,4.511682E-08,0.9995685,-0.0293725,2.945323E-05,-0.2005808,-1.142217,4.768371E-06,1,1.907348E-05,true,-0.06632786,0.6208177,-0.164401,-0.06632786,0.6208177,-0.164401,-0.06632786,0.6208177,-0.164401,-0.06632788,0.6208177,-0.164401,3.72529E-08,0,true,-97698,Sphere,CurrentGrounding,1,-0.520231,0.5896627,0.222126,0,0,0,0,-1,0,0.05,1,4608,0.5735765,-0.5202303,0,0.2221279,-0.5202303,0,0.2221279,-1.430513E-05,1,-3.814701E-05,0.5396628,Swing,None,false,0,0,0,0,0,0,1,0,0,0,0,0,0,1,0,false,false,false,ModifierNotCompiled,0,0,0,0,0,0,0,0,ModifierNotCompiled,0,0,0,0,FootPlacementEffectorTarget,FootGrounding,true,0.2235807,false,-0.00313396,1,6.345975,0.08085606,-97698,-0.5202303,0,0.2221279,-1.430513E-05,1,-3.814701E-05,0.003926862,0,0.003926862,0,-0.520231,0.00371027,0.222126,-0.5228281,-0.07732611,0.2257597,-0.5347521,-0.08085915,0.1467225,-0.07732622,-0.08085606,0.08085606,1,1,1,1,-0.009992613,0.03782367,-0.04206303,0,-0.04206303,0.678828,0.03782367,true,-1.430513E-05,1,-3.814701E-05,-1.154189E-05,0.9999186,-0.01276167,-0.0002322428,0.238033,0.5021709,-1.430513E-05,1,-3.814701E-05,true,-0.02342761,-0.006282343,-0.1263763,-0.02342761,-0.006282343,-0.1263763,-0.02342761,-0.006282343,-0.1263763,-0.02342761,-0.006282389,-0.1263763,4.660337E-08,0
945,646,945,1,946,0,946,false,rootmotion.finalik.full-body-biped-ik/indexed-pose-backend,None,true,true,1,lyra-5.7/ABP_Mannequin_Base/CR_Mannequin_FootPlant,unreal-engine-5.7/SpringInterpV2/FMath.SpringDamper,corin.animation-rig,87731f0d0ca14844bbf861368b9847b3,corin.foot-placement,6d6118d2f41a5948ddd18dc6d88083c8c5bf77a4682a4ec3fce5d2ec6af01624,c7fd2c730a70465e6baa0d7496f46c9d49c4cc944fadbd61ecba1116729d5817,Corin.FootPlacementRig,2997edf1c34f13f7e2a3033372226eb399379f30c4303fddfe3e97ec1e4bf38d,0,-288406,-0.009992617,-0.04335579,-0.04335579,0.1936924,-0.009992617,true,0,-0.04335579,0,1,PelvisPreSolveTranslation,FootGrounding,ModifierNotCompiled,-1,-1,-1,0,,,true,-97698,Sphere,CurrentGrounding,0,-0.4749937,0.8870544,0.2227988,0,0,0,0,-1,0,0.05,1,4608,0.5735765,-0.4749937,0,0.2227983,-0.4749937,0,0.2227983,0,1,9.536764E-06,0.8370546,Swing,None,false,0,0,0,0,0,0,1,0,0,0,0,0,0,1,0,false,false,false,ModifierNotCompiled,0,0,0,0,0,0,0,0,ModifierNotCompiled,0,0,0,0,FootPlacementEffectorTarget,FootGrounding,true,0,false,0.3326157,1,4.802144,0.6453322,-97698,-0.4749937,0,0.2227983,0,1,9.536764E-06,0,0,0,0,-0.4749937,0.620829,0.2227988,-0.4365692,0.6453316,0.2900541,-0.438674,0.5771976,0.3159879,0.6453322,0.5771984,0,1,1,1,1,-0.009992617,0.03336317,0.2771304,0,0.2771304,-1.680804,0.03336317,true,0,1,9.536764E-06,1.160112E-07,0.9994917,-0.0318812,2.180449E-05,-0.102475,-0.6791806,0,1,9.536764E-06,true,-0.06657077,0.6108364,-0.1558181,-0.06657077,0.6108364,-0.1558181,-0.06657077,0.6108364,-0.1558181,-0.06657077,0.6108364,-0.155818,4.470348E-08,0,true,-97698,Sphere,CurrentGrounding,1,-0.5191481,0.5887239,0.2227225,0,0,0,0,-1,0,0.05,1,4608,0.5735765,-0.5191488,0,0.222723,-0.5191488,0,0.222723,1.430513E-05,1,-9.536752E-06,0.5387239,Swing,None,false,0,0,0,0,0,0,1,0,0,0,0,0,0,1,0,false,false,false,ModifierNotCompiled,0,0,0,0,0,0,0,0,ModifierNotCompiled,0,0,0,0,FootPlacementEffectorTarget,FootGrounding,true,0.1398606,false,-0.00394895,1,6.40785,0.07920679,-97698,-0.5191488,0,0.222723,1.430513E-05,1,-9.536752E-06,0.004799201,0,0.004799201,0,-0.5191481,0.005193479,0.2227225,-0.5207474,-0.07588559,0.2259585,-0.5336763,-0.07920731,0.1470972,-0.07588564,-0.07920679,0.07920679,1,1,1,1,-0.009992617,0.03816238,-0.04017461,0,-0.04017461,0.6760463,0.03816238,true,1.430513E-05,1,-9.536752E-06,-1.18612E-05,0.9999347,-0.01142619,-1.765931E-05,0.2149379,0.4533099,1.430513E-05,1,-9.536752E-06,true,-0.02405665,-0.004799138,-0.1438947,-0.02405665,-0.004799138,-0.1438947,-0.02405665,-0.004799138,-0.1438947,-0.02405665,-0.004799157,-0.1438948,1.061258E-07,0
