presentation_position,trace_sequence,frame_sequence,goal_completion,solver_completion,grounding_backend,solver_backend,solver_failure,body_grounded,root_hit,root_surface,pelvis_target,pelvis_resolved,reject_left,reject_right,pelvis_height_mode,movement_compensation_mode,left_grounded,left_hit,left_surface,left_plant_confidence,left_sole_height,left_placement_weight,left_plant_weight,left_contact_weight,left_goal_position_weight,left_goal_rotation_weight,left_constraint,left_transition,left_lock,left_prediction_reject,left_goal_application,left_goal_source,left_solver_result_available,left_leg_extension,left_ankle_twist,left_query_count,left_rejected_query_count,left_grounding_x,left_grounding_y,left_grounding_z,left_goal_x,left_goal_y,left_goal_z,left_solved_x,left_solved_y,left_solved_z,left_position_residual,left_rotation_residual_degrees,right_grounded,right_hit,right_surface,right_plant_confidence,right_sole_height,right_placement_weight,right_plant_weight,right_contact_weight,right_goal_position_weight,right_goal_rotation_weight,right_constraint,right_transition,right_lock,right_prediction_reject,right_goal_application,right_goal_source,right_solver_result_available,right_leg_extension,right_ankle_twist,right_query_count,right_rejected_query_count,right_grounding_x,right_grounding_y,right_grounding_z,right_goal_x,right_goal_y,right_goal_z,right_solved_x,right_solved_y,right_solved_z,right_position_residual,right_rotation_residual_degrees
1079,241,1079,1080,1080,rootmotion.finalik.grounding/explicit-pose-world-query-secondary-plant/v4,rootmotion.finalik.full-body-biped-ik/indexed-pose-backend,None,true,true,-1666,0.18,0.18,false,false,AllPlantedFeet,FollowBody,true,true,-1666,1,-0.002421897,1,1,0,1,1,Free,PolicyReleased,Unlocked,NoFutureLanding,GroundingEffectorTarget,FinalIkGrounding,true,0.9277493,0,0,0,-0.2468909,0.2938543,0.1273251,-0.2468909,0.2938543,0.1273251,-0.2468909,0.2938541,0.1273252,1.837139E-07,0,true,true,-1666,1,-0.0001385376,1,1,0,1,1,Free,PolicyReleased,Unlocked,NoFutureLanding,GroundingEffectorTarget,FinalIkGrounding,true,0.9346148,0,0,0,0.1999292,0.295518,0.05933454,0.1999292,0.295518,0.05933454,0.1999292,0.2955179,0.05933452,1.210576E-07,0
1080,242,1080,1081,1081,rootmotion.finalik.grounding/explicit-pose-world-query-secondary-plant/v4,rootmotion.finalik.full-body-biped-ik/indexed-pose-backend,None,true,true,-1666,0.18,0.18,false,false,AllPlantedFeet,FollowBody,true,true,-1666,1,-0.00269429,1,1,0,1,1,Free,PolicyReleased,Unlocked,NoFutureLanding,GroundingEffectorTarget,FinalIkGrounding,true,0.9266416,0,0,0,-0.2428527,0.2936496,0.1279259,-0.2428527,0.2936496,0.1279259,-0.2428527,0.2936495,0.1279258,1.173319E-07,0,true,true,-1666,1,-3.038242E-05,1,1,0,1,1,Free,PolicyReleased,Unlocked,NoFutureLanding,GroundingEffectorTarget,FinalIkGrounding,true,0.9357006,0,0,0,0.202613,0.295037,0.06184765,0.202613,0.295037,0.06184765,0.202613,0.295037,0.06184765,4.470348E-08,0
1081,243,1081,1082,1082,rootmotion.finalik.grounding/explicit-pose-world-query-secondary-plant/v4,rootmotion.finalik.full-body-biped-ik/indexed-pose-backend,None,true,true,-1666,0.18,0.18,false,false,AllPlantedFeet,FollowBody,true,true,-1666,1,-0.002451081,1,1,0,1,1,Free,PolicyReleased,Unlocked,NoFutureLanding,GroundingEffectorTarget,FinalIkGrounding,true,0.9276766,0,0,0,-0.2384287,0.2941564,0.1296467,-0.2384287,0.2941564,0.1296467,-0.2384287,0.2941564,0.1296467,9.541399E-08,0,true,true,-1666,1,8.081831E-05,1,1,0,1,1,Free,PolicyReleased,Unlocked,NoFutureLanding,GroundingEffectorTarget,FinalIkGrounding,true,0.9388882,0,0,0,0.2051978,0.295261,0.06520507,0.2051978,0.295261,0.06520507,0.2051976,0.295261,0.0652052,1.764703E-07,0
1082,244,1082,1083,1083,rootmotion.finalik.grounding/explicit-pose-world-query-secondary-plant/v4,rootmotion.finalik.full-body-biped-ik/indexed-pose-backend,None,true,true,-1666,0.18,0.18,false,false,AllPlantedFeet,FollowBody,true,true,-1666,1,-0.002230924,1,1,0,1,1,Free,PolicyReleased,Unlocked,NoFutureLanding,GroundingEffectorTarget,FinalIkGrounding,true,0.929862,0,0,0,-0.2354946,0.2944446,0.1300425,-0.2354946,0.2944446,0.1300425,-0.2354946,0.2944446,0.1300425,5.575504E-08,0,true,true,-1666,1,0.0001814788,1,1,0,1,1,Free,PolicyReleased,Unlocked,NoFutureLanding,GroundingEffectorTarget,FinalIkGrounding,true,0.9424295,0,0,0,0.2090326,0.2958645,0.06605338,0.2090326,0.2958645,0.06605338,0.2090327,0.2958645,0.06605338,2.980232E-08,0
1083,245,1083,1084,1084,rootmotion.finalik.grounding/explicit-pose-world-query-secondary-plant/v4,rootmotion.finalik.full-body-biped-ik/indexed-pose-backend,None,true,true,-1666,0.18,0.18,false,false,AllPlantedFeet,FollowBody,true,true,-1666,1,-0.002025118,1,1,0,1,1,Free,PolicyReleased,Unlocked,NoFutureLanding,GroundingEffectorTarget,FinalIkGrounding,true,0.932439,0,0,0,-0.2351847,0.2946293,0.1301,-0.2351847,0.2946293,0.1301,-0.2351847,0.2946294,0.1301,6.82857E-08,0,true,true,-1666,1,0.0002755778,1,1,0,1,1,Free,PolicyReleased,Unlocked,NoFutureLanding,GroundingEffectorTarget,FinalIkGrounding,true,0.9453638,0,0,0,0.2093522,0.2958251,0.06732316,0.2093522,0.2958251,0.06732316,0.2093522,0.2958251,0.06732312,5.625065E-08,0
1084,246,1084,1085,1085,rootmotion.finalik.grounding/explicit-pose-world-query-secondary-plant/v4,rootmotion.finalik.full-body-biped-ik/indexed-pose-backend,None,true,true,-1666,0.18,0.18,false,false,AllPlantedFeet,FollowBody,true,true,-1666,1,-0.001896166,1,1,0,1,1,Free,PolicyReleased,Unlocked,NoFutureLanding,GroundingEffectorTarget,FinalIkGrounding,true,0.9341015,0,0,0,-0.2359997,0.2946995,0.130149,-0.2359997,0.2946995,0.130149,-0.2359996,0.2946995,0.1301491,1.467594E-07,0,true,true,-1666,1,0.0003345375,1,1,0,1,1,Free,PolicyReleased,Unlocked,NoFutureLanding,GroundingEffectorTarget,FinalIkGrounding,true,0.946732,0,0,0,0.2082999,0.295625,0.06804645,0.2082999,0.295625,0.06804645,0.2082999,0.295625,0.06804656,1.156641E-07,0
1085,247,1085,1086,1086,rootmotion.finalik.grounding/explicit-pose-world-query-secondary-plant/v4,rootmotion.finalik.full-body-biped-ik/indexed-pose-backend,None,true,true,-1666,0.18,0.18,false,false,AllPlantedFeet,FollowBody,true,true,-1666,1,-0.00170505,1,1,0,1,1,Free,PolicyReleased,Unlocked,NoFutureLanding,GroundingEffectorTarget,FinalIkGrounding,true,0.9364014,0,0,0,-0.2381099,0.2951182,0.130286,-0.2381099,0.2951182,0.130286,-0.2381099,0.2951182,0.1302861,1.237783E-07,0,true,true,-1666,1,0.0004219201,1,1,0,1,1,Free,PolicyReleased,Unlocked,NoFutureLanding,GroundingEffectorTarget,FinalIkGrounding,true,0.9480844,0,0,0,0.2057262,0.295597,0.06883061,0.2057262,0.295597,0.06883061,0.2057262,0.2955969,0.06883067,1.074538E-07,0
1086,248,1086,1087,1087,rootmotion.finalik.grounding/explicit-pose-world-query-secondary-plant/v4,rootmotion.finalik.full-body-biped-ik/indexed-pose-backend,None,true,true,-1666,0.18,0.18,false,false,AllPlantedFeet,FollowBody,true,true,-1666,1,-0.00149847,1,1,0,1,1,Free,PolicyReleased,Unlocked,NoFutureLanding,GroundingEffectorTarget,FinalIkGrounding,true,0.9385521,0,0,0,-0.2405774,0.2956319,0.1309554,-0.2405774,0.2956319,0.1309554,-0.2405774,0.2956319,0.1309555,1.074538E-07,0,true,true,-1666,1,0.000516373,1,1,0,1,1,Free,PolicyReleased,Unlocked,NoFutureLanding,GroundingEffectorTarget,FinalIkGrounding,true,0.9486964,0,0,0,0.202515,0.2958217,0.06903055,0.202515,0.2958217,0.06903055,0.2025149,0.2958217,0.06903052,2.686345E-08,0
1087,249,1087,1088,1088,rootmotion.finalik.grounding/explicit-pose-world-query-secondary-plant/v4,rootmotion.finalik.full-body-biped-ik/indexed-pose-backend,None,true,true,-1666,0.18,0.18,false,false,AllPlantedFeet,FollowBody,true,true,-1666,1,-0.0013334,1,1,0,1,1,Free,PolicyReleased,Unlocked,NoFutureLanding,GroundingEffectorTarget,FinalIkGrounding,true,0.9398217,0,0,0,-0.2427104,0.2958403,0.1307919,-0.2427104,0.2958403,0.1307919,-0.2427104,0.2958404,0.1307919,9.657056E-08,0,true,true,-1666,1,0.0005918464,1,1,0,1,1,Free,PolicyReleased,Unlocked,NoFutureLanding,GroundingEffectorTarget,FinalIkGrounding,true,0.9485352,0,0,0,0.199896,0.2959603,0.06838398,0.199896,0.2959603,0.06838398,0.199896,0.2959602,0.06838395,9.335551E-08,0
1088,250,1088,1089,1089,rootmotion.finalik.grounding/explicit-pose-world-query-secondary-plant/v4,rootmotion.finalik.full-body-biped-ik/indexed-pose-backend,None,true,true,-1666,0.18,0.18,false,false,AllPlantedFeet,FollowBody,true,true,-1666,1,-0.001163849,1,1,0,1,1,Free,PolicyReleased,Unlocked,NoFutureLanding,GroundingEffectorTarget,FinalIkGrounding,true,0.9405474,0,0,0,-0.2450779,0.2957357,0.1300278,-0.2450779,0.2957357,0.1300278,-0.2450778,0.2957357,0.1300279,1.437016E-07,0,true,true,-1666,1,0.0004103289,1,1,0,1,1,Free,PolicyReleased,Unlocked,NoFutureLanding,GroundingEffectorTarget,FinalIkGrounding,true,0.9476032,0,0,0,0.1974351,0.2958872,0.06668857,0.1974351,0.2958872,0.06668857,0.1974351,0.2958873,0.06668869,1.237783E-07,0
1089,251,1089,1090,1090,rootmotion.finalik.grounding/explicit-pose-world-query-secondary-plant/v4,rootmotion.finalik.full-body-biped-ik/indexed-pose-backend,None,true,true,-1666,0.18,0.18,false,false,AllPlantedFeet,FollowBody,true,true,-1666,1,-0.0009731739,1,1,0,1,1,Free,PolicyReleased,Unlocked,NoFutureLanding,GroundingEffectorTarget,FinalIkGrounding,true,0.9404808,0,0,0,-0.2485212,0.295516,0.1287928,-0.2485212,0.295516,0.1287928,-0.2485213,0.295516,0.1287927,1.20137E-07,0,true,true,-1666,1,0.0001449422,1,1,0,1,1,Free,PolicyReleased,Unlocked,NoFutureLanding,GroundingEffectorTarget,FinalIkGrounding,true,0.9455077,0,0,0,0.194391,0.2956716,0.06546425,0.194391,0.2956716,0.06546425,0.194391,0.2956716,0.06546428,5.161914E-08,0
1090,252,1090,1091,1091,rootmotion.finalik.grounding/explicit-pose-world-query-secondary-plant/v4,rootmotion.finalik.full-body-biped-ik/indexed-pose-backend,None,true,true,-1666,0.18,0.18,false,false,AllPlantedFeet,FollowBody,true,true,-1666,1,-0.0008046557,1,1,0,1,1,Free,PolicyReleased,Unlocked,NoFutureLanding,GroundingEffectorTarget,FinalIkGrounding,true,0.9395646,0,0,0,-0.2526813,0.2955357,0.1265905,-0.2526813,0.2955357,0.1265905,-0.2526814,0.2955357,0.1265904,1.20137E-07,0,true,true,-1666,1,-8.96058E-05,1,1,0,1,1,Free,PolicyReleased,Unlocked,NoFutureLanding,GroundingEffectorTarget,FinalIkGrounding,true,0.9428328,0,0,0,0.1918606,0.2955241,0.06394374,0.1918606,0.2955241,0.06394374,0.1918607,0.2955242,0.06394372,8.560065E-08,0
1091,253,1091,1092,1092,rootmotion.finalik.grounding/explicit-pose-world-query-secondary-plant/v4,rootmotion.finalik.full-body-biped-ik/indexed-pose-backend,None,true,true,-1666,0.18,0.18,false,false,AllPlantedFeet,FollowBody,true,true,-1666,1,-0.0006077273,1,1,0,1,1,Free,PolicyReleased,Unlocked,NoFutureLanding,GroundingEffectorTarget,FinalIkGrounding,true,0.9381166,0,0,0,-0.2573685,0.2956848,0.1244893,-0.2573685,0.2956848,0.1244893,-0.2573686,0.2956849,0.1244892,1.341105E-07,0,true,true,-1666,1,-0.0003636957,1,1,0,1,1,Free,PolicyReleased,Unlocked,NoFutureLanding,GroundingEffectorTarget,FinalIkGrounding,true,0.9391798,0,0,0,0.1892273,0.2954367,0.06077402,0.1892273,0.2954367,0.06077402,0.1892273,0.2954368,0.06077395,9.657056E-08,0
1092,254,1092,1093,1093,rootmotion.finalik.grounding/explicit-pose-world-query-secondary-plant/v4,rootmotion.finalik.full-body-biped-ik/indexed-pose-backend,None,true,true,-1666,0.18,0.18,false,false,AllPlantedFeet,FollowBody,true,true,-1666,1,-0.0004673386,1,1,0,1,1,Free,PolicyReleased,Unlocked,NoFutureLanding,GroundingEffectorTarget,FinalIkGrounding,true,0.9369649,0,0,0,-0.2604429,0.2959821,0.123361,-0.2604429,0.2959821,0.123361,-0.260443,0.2959822,0.1233609,1.125013E-07,0,true,true,-1666,1,-0.0005590924,1,1,0,1,1,Free,PolicyReleased,Unlocked,NoFutureLanding,GroundingEffectorTarget,FinalIkGrounding,true,0.9367433,0,0,0,0.1868469,0.2953763,0.05933688,0.1868469,0.2953763,0.05933688,0.1868469,0.2953763,0.05933681,8.592428E-08,0
1093,255,1093,1094,1094,rootmotion.finalik.grounding/explicit-pose-world-query-secondary-plant/v4,rootmotion.finalik.full-body-biped-ik/indexed-pose-backend,None,true,true,-1666,0.18,0.18,false,false,AllPlantedFeet,FollowBody,true,true,-1666,1,-0.0002643303,1,1,0,1,1,Free,PolicyReleased,Unlocked,NoFutureLanding,GroundingEffectorTarget,FinalIkGrounding,true,0.9352984,0,0,0,-0.2644584,0.2964009,0.1221562,-0.2644584,0.2964009,0.1221562,-0.2644584,0.2964008,0.1221563,1.032383E-07,0,true,true,-1666,1,-0.0008416444,1,1,0,1,1,Free,PolicyReleased,Unlocked,NoFutureLanding,GroundingEffectorTarget,FinalIkGrounding,true,0.9337471,0,0,0,0.1828392,0.2950022,0.05836733,0.1828392,0.2950022,0.05836733,0.1828392,0.2950022,0.05836744,1.156641E-07,0
1094,256,1094,1095,1095,rootmotion.finalik.grounding/explicit-pose-world-query-secondary-plant/v4,rootmotion.finalik.full-body-biped-ik/indexed-pose-backend,None,true,true,-1666,0.18,0.18,false,false,AllPlantedFeet,FollowBody,true,true,-1666,1,-0.0005736653,1,1,0,1,1,Free,PolicyReleased,Unlocked,NoFutureLanding,GroundingEffectorTarget,FinalIkGrounding,true,0.9333847,0,0,0,-0.269459,0.2961943,0.1209244,-0.269459,0.2961943,0.1209244,-0.2694589,0.2961943,0.1209243,7.450581E-08,0,true,true,-1666,1,-0.001258715,1,1,0,1,1,Free,PolicyReleased,Unlocked,NoFutureLanding,GroundingEffectorTarget,FinalIkGrounding,true,0.9296182,0,0,0,0.1781222,0.2940713,0.05459607,0.1781222,0.2940713,0.05459607,0.1781223,0.2940714,0.05459604,7.778635E-08,0
1095,257,1095,1096,1096,rootmotion.finalik.grounding/explicit-pose-world-query-secondary-plant/v4,rootmotion.finalik.full-body-biped-ik/indexed-pose-backend,None,true,true,-1666,0.18,0.18,false,false,AllPlantedFeet,FollowBody,true,true,-1666,1,-0.001058808,1,1,0,1,1,Free,PolicyReleased,Unlocked,NoFutureLanding,GroundingEffectorTarget,FinalIkGrounding,true,0.933096,0,0,0,-0.2733287,0.2956312,0.1182882,-0.2733287,0.2956312,0.1182882,-0.2733287,0.2956311,0.1182883,6.143906E-08,0,true,true,-1666,1,-0.001407501,1,1,0,1,1,Free,PolicyReleased,Unlocked,NoFutureLanding,GroundingEffectorTarget,FinalIkGrounding,true,0.9270957,0,0,0,0.1745396,0.293833,0.05044414,0.1745396,0.293833,0.05044414,0.1745395,0.293833,0.05044413,1.173319E-07,0
1096,258,1096,1097,1097,rootmotion.finalik.grounding/explicit-pose-world-query-secondary-plant/v4,rootmotion.finalik.full-body-biped-ik/indexed-pose-backend,None,true,true,-1666,0.18,0.18,false,false,AllPlantedFeet,FollowBody,true,true,-1666,1,-0.001639256,1,1,0,1,1,Free,PolicyReleased,Unlocked,NoFutureLanding,GroundingEffectorTarget,FinalIkGrounding,true,0.9374582,0,0,0,-0.2741494,0.2947669,0.1181979,-0.2741494,0.2947669,0.1181979,-0.2741494,0.2947669,0.1181978,1.301188E-07,0,true,true,-1666,1,-0.0004417992,1,1,0,1,1,Free,PolicyReleased,Unlocked,NoFutureLanding,GroundingEffectorTarget,FinalIkGrounding,true,0.9284967,0,0,0,0.1703574,0.2949414,0.0491311,0.1703574,0.2949414,0.0491311,0.1703573,0.2949415,0.04913089,2.128312E-07,0
1097,259,1097,1098,1098,rootmotion.finalik.grounding/explicit-pose-world-query-secondary-plant/v4,rootmotion.finalik.full-body-biped-ik/indexed-pose-backend,None,true,true,-1666,0.18,0.18,false,false,AllPlantedFeet,FollowBody,true,true,-1666,1,-0.002275228,1,1,0,1,1,Free,PolicyReleased,Unlocked,NoFutureLanding,GroundingEffectorTarget,FinalIkGrounding,true,0.9437978,0,0,0,-0.2743005,0.2942532,0.1176779,-0.2743005,0.2942532,0.1176779,-0.2743005,0.2942532,0.117678,1.212867E-07,0,true,true,-1666,1,0.000274506,1,1,0,1,1,Free,PolicyReleased,Unlocked,NoFutureLanding,GroundingEffectorTarget,FinalIkGrounding,true,0.9340227,0,0,0,0.1683332,0.2957655,0.0483849,0.1683332,0.2957655,0.0483849,0.1683331,0.2957655,0.04838499,1.043081E-07,0
1098,260,1098,1099,1099,rootmotion.finalik.grounding/explicit-pose-world-query-secondary-plant/v4,rootmotion.finalik.full-body-biped-ik/indexed-pose-backend,None,true,true,-1666,0.18,0.18,false,false,AllPlantedFeet,FollowBody,true,true,-1666,1,-0.001858922,1,1,0,1,1,Free,PolicyReleased,Unlocked,NoFutureLanding,GroundingEffectorTarget,FinalIkGrounding,true,0.9470091,0,0,0,-0.2705614,0.2946628,0.120463,-0.2705614,0.2946628,0.120463,-0.2705615,0.2946629,0.120463,6.82857E-08,0,true,true,-1666,1,0.0002545749,1,1,0,1,1,Free,PolicyReleased,Unlocked,NoFutureLanding,GroundingEffectorTarget,FinalIkGrounding,true,0.9403355,0,0,0,0.1710247,0.2959765,0.04885925,0.1710247,0.2959765,0.04885925,0.1710247,0.2959765,0.04885931,1.077118E-07,0
1099,261,1099,1100,1100,rootmotion.finalik.grounding/explicit-pose-world-query-secondary-plant/v4,rootmotion.finalik.full-body-biped-ik/indexed-pose-backend,None,true,true,-1666,0.173907,0.1760001,false,false,AllPlantedFeet,FollowBody,true,true,-1666,0.9933817,-0.00090672,1,0.9867634,0,0.9867634,0.9867634,Free,PolicyReleased,Unlocked,NoFutureLanding,GroundingEffectorTarget,FinalIkGrounding,true,0.9185311,0,0,0,-0.2566928,0.2560826,0.03853827,-0.2566928,0.2560826,0.03853827,-0.2566928,0.2560951,0.03853833,1.245753E-05,0,true,true,-1666,1,8.368498E-05,1,1,0,1,1,Free,PolicyReleased,Unlocked,NoFutureLanding,GroundingEffectorTarget,FinalIkGrounding,true,0.9182761,0,0,0,0.1867767,0.2562522,-0.02807319,0.1867767,0.2562522,-0.02807319,0.1867766,0.2562522,-0.02807321,1.093898E-07,0
1100,262,1100,1101,1101,rootmotion.finalik.grounding/explicit-pose-world-query-secondary-plant/v4,rootmotion.finalik.full-body-biped-ik/indexed-pose-backend,None,true,true,-1666,0.04702855,0.07565291,false,false,AllPlantedFeet,FollowBody,true,true,-1666,0.9933817,-0.00090672,1,0.9867634,0,0.9867634,0.9867634,Free,PolicyReleased,Unlocked,NoFutureLanding,GroundingEffectorTarget,FinalIkGrounding,true,0.955749,0,0,0,-0.2566928,0.1283644,0.03853827,-0.2566928,0.1283644,0.03853827,-0.2566928,0.1287392,0.03853839,0.0003747344,0,true,true,-1666,1,8.368498E-05,1,1,0,1,1,Free,PolicyReleased,Unlocked,NoFutureLanding,GroundingEffectorTarget,FinalIkGrounding,true,0.9570117,0,0,0,0.1867767,0.1285341,-0.02807319,0.1867767,0.1285341,-0.02807319,0.1867768,0.128534,-0.02807314,9.630074E-08,0
1101,263,1101,1102,1102,rootmotion.finalik.grounding/explicit-pose-world-query-secondary-plant/v4,rootmotion.finalik.full-body-biped-ik/indexed-pose-backend,None,true,true,-1676,0.07907949,0.07826909,false,false,AllPlantedFeet,FollowBody,true,true,-1676,0.9983312,-0.002336301,1,0.9966625,0,0.9966625,0.9966625,Free,PolicyReleased,Unlocked,NoFutureLanding,GroundingEffectorTarget,FinalIkGrounding,true,0.7361385,0,0,0,0.09785172,0.2329874,-0.1161147,0.09785172,0.2329874,-0.1161147,0.09785174,0.2328522,-0.1161147,0.0001351833,0,true,true,-1666,0.6640524,0.005250604,1,0.3281049,0,0.3281049,0.3281049,Free,PolicyReleased,Unlocked,NoFutureLanding,GroundingEffectorTarget,FinalIkGrounding,true,0.9438871,0,0,0,0.185819,-0.02310961,-0.128321,0.185819,-0.02310961,-0.128321,0.185819,0.1120793,-0.1283211,0.1351889,0
1102,264,1102,1103,1103,rootmotion.finalik.grounding/explicit-pose-world-query-secondary-plant/v4,rootmotion.finalik.full-body-biped-ik/indexed-pose-backend,None,true,true,-1676,-0.0923602,-0.0606618,false,false,AllPlantedFeet,FollowBody,true,true,-1666,1,-0.006903275,1,1,0,1,1,Free,PolicyReleased,Unlocked,NoFutureLanding,GroundingEffectorTarget,FinalIkGrounding,true,1.019188,0,0,0,0.04606433,-0.04368633,-0.3701968,0.04606433,-0.04368633,-0.3701968,0.0463734,-0.03364012,-0.364454,0.01157587,0,true,true,-1676,1,0.008318062,1,1,0,1,1,Free,PolicyReleased,Unlocked,NoFutureLanding,GroundingEffectorTarget,FinalIkGrounding,true,0.5185172,0,0,0,-0.1073118,0.2419534,-0.09028485,-0.1073118,0.2419534,-0.09028485,-0.1073118,0.2419535,-0.09028479,8.560065E-08,0
1103,265,1103,1104,1104,rootmotion.finalik.grounding/explicit-pose-world-query-secondary-plant/v4,rootmotion.finalik.full-body-biped-ik/indexed-pose-backend,None,false,true,-1676,0,-0.01392797,false,false,AllPlantedFeet,FollowBody,true,true,-1666,0,0.005945516,1,0,0,0,0,Free,PolicyReleased,Unlocked,NoFutureLanding,GroundingEffectorTarget,FinalIkGrounding,true,0.930013,0,0,0,-0.04966827,0.01624304,-0.4848437,-0.04966827,0.01624304,-0.4848437,-0.0496684,0.07958552,-0.4848435,0.06334248,1.34637,true,true,-1676,0.5,0.005249471,1,0,0,0,0,Free,PolicyReleased,Unlocked,NoFutureLanding,GroundingEffectorTarget,FinalIkGrounding,true,0.6698536,0,0,0,-0.1687356,0.2778246,0.1769835,-0.1687356,0.2778246,0.1769835,-0.1687358,0.1011671,0.1769835,0.1766574,0
1104,266,1104,1105,1105,rootmotion.finalik.grounding/explicit-pose-world-query-secondary-plant/v4,rootmotion.finalik.full-body-biped-ik/indexed-pose-backend,None,true,true,-1676,0.01408036,0.003894155,false,false,AllPlantedFeet,FollowBody,true,true,-1666,0.261789,0.04665454,1,0,0,0,0,Free,PolicyReleased,Unlocked,NoFutureLanding,GroundingEffectorTarget,FinalIkGrounding,true,0.5840964,0,0,0,0.002483873,0.09857222,-0.2199143,0.002483873,0.09857222,-0.2199143,0.002483715,0.1125037,-0.2199144,0.01393144,0.6644049,true,true,-1676,0.5306144,-0.007075466,1,0.06122887,0,0.06122887,0.06122887,Free,PolicyReleased,Unlocked,NoFutureLanding,GroundingEffectorTarget,FinalIkGrounding,true,0.9722705,0,0,0,0.0140939,0.3085285,0.5502092,0.0140939,0.3085285,0.5502092,0.01409378,0.09630182,0.550209,0.2122267,0
1105,267,1105,1106,1106,rootmotion.finalik.grounding/explicit-pose-world-query-secondary-plant/v4,rootmotion.finalik.full-body-biped-ik/indexed-pose-backend,None,true,true,-1666,0.04707534,0.0326379,false,false,AllPlantedFeet,FollowBody,true,true,-1676,0.7244906,-0.01013524,1,0.4489813,0,0.4489813,0.4489813,Free,PolicyReleased,Unlocked,NoFutureLanding,GroundingEffectorTarget,FinalIkGrounding,true,0.382143,0,0,0,-0.1563408,0.289207,0.01892078,-0.1563408,0.289207,0.01892078,-0.1563408,0.2006235,0.01892069,0.08858347,0,true,true,-1656,0.664185,0.007918021,1,0.32837,0,0.32837,0.32837,Free,PolicyReleased,Unlocked,NoFutureLanding,GroundingEffectorTarget,FinalIkGrounding,true,0.9719057,0,0,0,0.5390362,0.03149942,-0.1945867,0.5390362,0.03149942,-0.1945867,0.5390363,0.0683223,-0.1945866,0.03682289,0
1106,268,1106,1107,1107,rootmotion.finalik.grounding/explicit-pose-world-query-secondary-plant/v4,rootmotion.finalik.full-body-biped-ik/indexed-pose-backend,None,true,true,-1666,-0.1248542,-0.07276046,false,false,AllPlantedFeet,FollowBody,true,true,-1666,0,0.03959972,1,0,0,0,0,Free,PolicyReleased,Unlocked,NoFutureLanding,GroundingEffectorTarget,FinalIkGrounding,true,0.5496224,0,0,0,-0.08238307,0.2334583,0.2058612,-0.08238307,0.2334583,0.2058612,-0.08238308,0.05722509,0.2058613,0.1762332,0,true,true,-1656,0.9572497,0.005568898,1,0.9144994,0,0.9144994,0.9144994,Free,PolicyReleased,Unlocked,NoFutureLanding,GroundingEffectorTarget,FinalIkGrounding,true,0.9925534,0,0,0,0.3484328,-0.05910859,-0.3873569,0.3484328,-0.05910859,-0.3873569,0.3484329,-0.05365649,-0.387357,0.005452096,0
1107,269,1107,1108,1108,rootmotion.finalik.grounding/explicit-pose-world-query-secondary-plant/v4,rootmotion.finalik.full-body-biped-ik/indexed-pose-backend,None,true,true,-1666,-0.09814334,-0.0897177,false,false,AllPlantedFeet,FollowBody,true,true,-1666,0,0.02989395,1,0,0,0,0,Free,PolicyReleased,Unlocked,NoFutureLanding,GroundingEffectorTarget,FinalIkGrounding,true,0.5404252,0,0,0,-0.04461542,0.2548115,0.2341194,-0.04461542,0.2548115,0.2341194,-0.04461545,0.0232372,0.2341195,0.2315743,0,true,true,-1656,1,0.00862959,1,1,0.04594463,1,1,Free,PolicyReleased,Unlocked,NoFutureLanding,GroundingEffectorTarget,FinalIkGrounding,true,0.8946081,0,0,0,0.24032,-0.01323587,-0.4489498,0.24032,-0.01323587,-0.4489498,0.24032,-0.01323584,-0.4489498,6.664002E-08,0
1108,270,1108,1109,1109,rootmotion.finalik.grounding/explicit-pose-world-query-secondary-plant/v4,rootmotion.finalik.full-body-biped-ik/indexed-pose-backend,None,true,true,-1666,0.03176183,-0.01163231,false,false,AllPlantedFeet,FollowBody,true,true,-1666,1,0.01826181,1,1,0.8438742,1,1,Free,PolicyReleased,Unlocked,NoFutureLanding,GroundingEffectorTarget,FinalIkGrounding,true,0.3249737,0,0,0,-0.06089325,0.2558358,0.2064407,-0.06089325,0.2558358,0.2064407,-0.06089325,0.2558358,0.2064406,8.033163E-08,0,true,true,-1656,1,0.009025259,1,1,0.3690392,1,1,Free,PolicyReleased,Unlocked,NoFutureLanding,GroundingEffectorTarget,FinalIkGrounding,true,0.9031554,0,0,0,0.2228182,-0.003452867,-0.4450633,0.2228182,-0.003452867,-0.4450633,0.2228182,-0.003452927,-0.4450633,8.024521E-08,0
1109,271,1109,1110,1110,rootmotion.finalik.grounding/explicit-pose-world-query-secondary-plant/v4,rootmotion.finalik.full-body-biped-ik/indexed-pose-backend,None,true,true,-1666,0.03056358,0.01332861,false,false,AllPlantedFeet,FollowBody,true,true,-1666,1,0.01874685,1,1,0.8522365,1,1,Free,PolicyReleased,Unlocked,NoFutureLanding,GroundingEffectorTarget,FinalIkGrounding,true,0.328829,0,0,0,-0.05425227,0.2550414,0.2076761,-0.05425227,0.2550414,0.2076761,-0.05425233,0.2550414,0.207676,7.450581E-08,0,true,true,-1656,1,0.005574801,1,1,0.5663497,1,1,Free,PolicyReleased,Unlocked,NoFutureLanding,GroundingEffectorTarget,FinalIkGrounding,true,0.8963956,0,0,0,0.2173942,-0.008054078,-0.4307839,0.2173942,-0.008054078,-0.4307839,0.2173942,-0.008054167,-0.4307839,8.940697E-08,0
1110,272,1110,1111,1111,rootmotion.finalik.grounding/explicit-pose-world-query-secondary-plant/v4,rootmotion.finalik.full-body-biped-ik/indexed-pose-backend,None,true,true,-1666,0.0254547,0.0205214,false,false,AllPlantedFeet,FollowBody,true,true,-1666,1,0.01619929,1,1,0.7951599,1,1,Free,PolicyReleased,Unlocked,NoFutureLanding,GroundingEffectorTarget,FinalIkGrounding,true,0.3662656,0,0,0,-0.03613109,0.247397,0.2278251,-0.03613109,0.247397,0.2278251,-0.03613113,0.247397,0.2278251,5.81909E-08,0,true,true,-1656,1,0.00413157,1,1,0.564448,1,1,Free,PolicyReleased,Unlocked,NoFutureLanding,GroundingEffectorTarget,FinalIkGrounding,true,0.9257689,0,0,0,0.2258002,-0.01576945,-0.4196578,0.2258002,-0.01576945,-0.4196578,0.2258003,-0.01576948,-0.4196578,1.125013E-07,0
1111,273,1111,1112,1112,rootmotion.finalik.grounding/explicit-pose-world-query-secondary-plant/v4,rootmotion.finalik.full-body-biped-ik/indexed-pose-backend,None,true,true,-1666,0.022083,0.02149302,false,false,AllPlantedFeet,FollowBody,true,true,-1666,1,0.01391178,1,1,0.8993434,1,1,Free,PolicyReleased,Unlocked,NoFutureLanding,GroundingEffectorTarget,FinalIkGrounding,true,0.3634779,0,0,0,-0.03622994,0.2418623,0.2203772,-0.03622994,0.2418623,0.2203772,-0.03623,0.2418623,0.2203771,5.972095E-08,0,true,true,-1656,1,0.004257433,1,1,0.7561916,1,1,Free,PolicyReleased,Unlocked,NoFutureLanding,GroundingEffectorTarget,FinalIkGrounding,true,0.9405247,0,0,0,0.2261214,-0.01832008,-0.4297671,0.2261214,-0.01832008,-0.4297671,0.2261214,-0.01832005,-0.4297672,9.541399E-08,0
1112,274,1112,1113,1113,rootmotion.finalik.grounding/explicit-pose-world-query-secondary-plant/v4,rootmotion.finalik.full-body-biped-ik/indexed-pose-backend,None,true,true,-1666,0.02392302,0.02292129,false,false,AllPlantedFeet,FollowBody,true,true,-1666,1,0.01487241,1,1,0.8919811,1,1,Free,PolicyReleased,Unlocked,NoFutureLanding,GroundingEffectorTarget,FinalIkGrounding,true,0.3480884,0,0,0,-0.03922413,0.2446625,0.2113531,-0.03922413,0.2446625,0.2113531,-0.0392241,0.2446626,0.2113532,1.000294E-07,0,true,true,-1656,1,0.00453146,1,1,0.7685065,1,1,Free,PolicyReleased,Unlocked,NoFutureLanding,GroundingEffectorTarget,FinalIkGrounding,true,0.9393528,0,0,0,0.2203144,-0.01590788,-0.4398065,0.2203144,-0.01590788,-0.4398065,0.2203144,-0.01590803,-0.4398064,1.794337E-07,0
1113,275,1113,1114,1114,rootmotion.finalik.grounding/explicit-pose-world-query-secondary-plant/v4,rootmotion.finalik.full-body-biped-ik/indexed-pose-backend,None,true,true,-1666,0.0264214,0.02496285,false,false,AllPlantedFeet,FollowBody,true,true,-1666,1,0.01574108,1,1,0.881339,1,1,Free,PolicyReleased,Unlocked,NoFutureLanding,GroundingEffectorTarget,FinalIkGrounding,true,0.3363701,0,0,0,-0.04166082,0.2485237,0.2069795,-0.04166082,0.2485237,0.2069795,-0.04166085,0.2485238,0.2069794,1.137282E-07,0,true,true,-1656,1,0.004772372,1,1,0.7943892,1,1,Free,PolicyReleased,Unlocked,NoFutureLanding,GroundingEffectorTarget,FinalIkGrounding,true,0.9342211,0,0,0,0.2170866,-0.01346993,-0.4435972,0.2170866,-0.01346993,-0.4435972,0.2170866,-0.01346996,-0.4435973,1.228781E-07,0
1114,276,1114,1115,1115,rootmotion.finalik.grounding/explicit-pose-world-query-secondary-plant/v4,rootmotion.finalik.full-body-biped-ik/indexed-pose-backend,None,true,true,-1666,0.02847207,0.02674876,false,false,AllPlantedFeet,FollowBody,true,true,-1666,1,0.01652159,1,1,0.6023254,1,1,Free,PolicyReleased,Unlocked,NoFutureLanding,GroundingEffectorTarget,FinalIkGrounding,true,0.3304283,0,0,0,-0.042973,0.2517516,0.2086315,-0.042973,0.2517516,0.2086315,-0.04297303,0.2517516,0.2086315,7.156049E-08,0,true,true,-1656,1,0.003092766,1,1,0.5480624,1,1,Free,PolicyReleased,Unlocked,NoFutureLanding,GroundingEffectorTarget,FinalIkGrounding,true,0.9256103,0,0,0,0.2175512,-0.01249006,-0.4399992,0.2175512,-0.01249006,-0.4399992,0.2175512,-0.01249003,-0.4399992,4.214685E-08,0
1115,277,1115,1116,1116,rootmotion.finalik.grounding/explicit-pose-world-query-secondary-plant/v4,rootmotion.finalik.full-body-biped-ik/indexed-pose-backend,None,true,true,-1666,0.02946752,0.02815956,false,false,AllPlantedFeet,FollowBody,true,true,-1666,1,0.01567253,1,1,0.4683701,1,1,Free,PolicyReleased,Unlocked,NoFutureLanding,GroundingEffectorTarget,FinalIkGrounding,true,0.3309767,0,0,0,-0.03931962,0.2516284,0.219248,-0.03931962,0.2516284,0.219248,-0.03931963,0.2516284,0.2192479,3.332001E-08,0,true,true,-1656,1,0.0009543152,1,1,0.02022356,1,1,Free,PolicyReleased,Unlocked,NoFutureLanding,GroundingEffectorTarget,FinalIkGrounding,true,0.9119233,0,0,0,0.2200755,-0.0144507,-0.4298737,0.2200755,-0.0144507,-0.4298737,0.2200754,-0.01445067,-0.4298736,9.884312E-08,0
1116,278,1116,1117,1117,rootmotion.finalik.grounding/explicit-pose-world-query-secondary-plant/v4,rootmotion.finalik.full-body-biped-ik/indexed-pose-backend,None,true,true,-1666,0.02707066,0.02751402,false,false,AllPlantedFeet,FollowBody,true,true,-1666,1,0.01175222,1,1,0.2177248,1,1,Free,PolicyReleased,Unlocked,NoFutureLanding,GroundingEffectorTarget,FinalIkGrounding,true,0.3498794,0,0,0,-0.03599125,0.2455258,0.2437737,-0.03599125,0.2455258,0.2437737,-0.0359913,0.2455258,0.2437736,7.963761E-08,0,true,true,-1656,1,0.00304181,1,1,0,1,1,Free,PolicyReleased,Unlocked,NoFutureLanding,GroundingEffectorTarget,FinalIkGrounding,true,0.8810928,0,0,0,0.2353249,-0.01409817,-0.3984906,0.2353249,-0.01409817,-0.3984906,0.2353248,-0.01409826,-0.3984906,1.405773E-07,0
1117,279,1117,1118,1118,rootmotion.finalik.grounding/explicit-pose-world-query-secondary-plant/v4,rootmotion.finalik.full-body-biped-ik/indexed-pose-backend,None,true,true,-1666,0.02940262,0.02857569,false,false,AllPlantedFeet,FollowBody,true,true,-1666,1,0.01114038,1,1,0,1,1,Free,PolicyReleased,Unlocked,NoFutureLanding,GroundingEffectorTarget,FinalIkGrounding,true,0.4160363,0,0,0,-0.04034713,0.235256,0.2984099,-0.04034713,0.235256,0.2984099,-0.04034711,0.2352561,0.2984098,1.566838E-07,0,true,true,-1656,0.9548102,-0.002817791,1,0.9096204,0,0.9096204,0.9096204,Free,PolicyReleased,Unlocked,NoFutureLanding,GroundingEffectorTarget,FinalIkGrounding,true,0.8265748,0,0,0,0.2308687,-0.02846324,-0.3421746,0.2308687,-0.02846324,-0.3421746,0.2308687,-0.01678768,-0.3421746,0.01167557,0
1118,280,1118,1119,1119,rootmotion.finalik.grounding/explicit-pose-world-query-secondary-plant/v4,rootmotion.finalik.full-body-biped-ik/indexed-pose-backend,None,true,true,-1666,0.04266063,0.03752539,false,false,AllPlantedFeet,FollowBody,true,true,-1666,0.6058459,0.01982958,1,0.2116919,0,0.2116919,0.2116919,Free,PolicyReleased,Unlocked,NoFutureLanding,GroundingEffectorTarget,FinalIkGrounding,true,0.9321613,0,0,0,0.0364755,0.3610972,-0.4094354,0.0364755,0.3610972,-0.4094354,0.03647537,0.2318172,-0.4094353,0.12928,0,true,true,-1656,0.03211434,0.2142184,1,0,0,0,0,Free,PolicyReleased,Unlocked,NoFutureLanding,GroundingEffectorTarget,FinalIkGrounding,true,0.6000717,0,0,0,0.06491305,0.2414305,-0.04599453,0.06491305,0.2414305,-0.04599453,0.06491309,0.3174336,-0.04599443,0.07600313,0
1119,281,1119,1120,1120,rootmotion.finalik.grounding/explicit-pose-world-query-secondary-plant/v4,rootmotion.finalik.full-body-biped-ik/indexed-pose-backend,None,true,true,-1666,0.06148065,0.05199877,false,false,AllPlantedFeet,FollowBody,true,true,-1666,0.6058459,0.01982958,1,0.2116919,0,0.2116919,0.2116919,Free,PolicyReleased,Unlocked,NoFutureLanding,GroundingEffectorTarget,FinalIkGrounding,true,0.9152786,0,0,0,0.03647539,0.45,-0.4094355,0.03647539,0.45,-0.4094355,0.03647541,0.2620466,-0.4094354,0.1879534,0,true,true,-1656,0.03211434,0.2142184,1,0,0,0,0,Free,PolicyReleased,Unlocked,NoFutureLanding,GroundingEffectorTarget,FinalIkGrounding,true,0.6000718,0,0,0,0.06491315,0.3911021,-0.04599425,0.06491315,0.3911021,-0.04599425,0.06491315,0.3319069,-0.04599446,0.05919522,0
1120,282,1120,1121,1121,rootmotion.finalik.grounding/explicit-pose-world-query-secondary-plant/v4,rootmotion.finalik.full-body-biped-ik/indexed-pose-backend,None,false,true,-1656,0,0.02640902,false,false,AllPlantedFeet,FollowBody,true,true,-1656,0.3805246,0.1282332,1,0,0,0,0,Free,PolicyReleased,Unlocked,NoFutureLanding,GroundingEffectorTarget,FinalIkGrounding,true,0.9996589,0,0,0,0.08070298,0.3423966,-0.3849689,0.08070298,0.3423966,-0.3849689,0.08070304,0.148496,-0.3849687,0.1939005,0,true,true,-1656,0.1618667,0.1564008,1,0,0,0,0,Free,PolicyReleased,Unlocked,NoFutureLanding,GroundingEffectorTarget,FinalIkGrounding,true,0.4924141,0,0,0,0.05445054,0.45,-0.08063257,0.05445054,0.45,-0.08063257,0.05445037,0.3852602,-0.08063242,0.06473976,0
1121,283,1121,1122,1122,rootmotion.finalik.grounding/explicit-pose-world-query-secondary-plant/v4,rootmotion.finalik.full-body-biped-ik/indexed-pose-backend,None,false,true,-1656,0,0.0140371,false,false,AllPlantedFeet,FollowBody,true,true,-1656,0.1186816,0.3484097,1,0,0,0,0,Free,PolicyReleased,Unlocked,NoFutureLanding,GroundingEffectorTarget,FinalIkGrounding,true,0.8963493,0,0,0,0.05126645,0.45,-0.4938411,0.05126645,0.45,-0.4938411,0.05126641,0.337233,-0.4938412,0.112767,0,true,true,-1316,0.007995717,0.0809233,1,0,0,0,0,Free,PolicyReleased,Unlocked,NoFutureLanding,GroundingEffectorTarget,FinalIkGrounding,true,0.9004462,0,0,0,0.04283144,0.0872809,0.1499025,0.04283144,0.0872809,0.1499025,0.04283144,0.1113103,0.1499024,0.0240294,0
1122,284,1122,1123,1123,rootmotion.finalik.grounding/explicit-pose-world-query-secondary-plant/v4,rootmotion.finalik.full-body-biped-ik/indexed-pose-backend,None,false,true,-1316,0,0.008677087,false,false,AllPlantedFeet,FollowBody,false,false,0,4.911128E-06,0.4652421,0,0,0,0,0,Free,PolicyReleased,Unlocked,NoFutureLanding,GroundingEffectorTarget,FinalIkGrounding,true,0.6675733,0,0,0,-0.01297888,0.4975446,-0.4296819,-0.01297888,0.4975446,-0.4296819,-0.01297891,0.5062217,-0.4296818,0.008677065,0,true,true,-1316,2.603263E-07,0.01012221,1,0,0,0,0,Free,PolicyReleased,Unlocked,NoFutureLanding,GroundingEffectorTarget,FinalIkGrounding,true,0.9887903,0,0,0,0.01543257,0.07574926,0.3287301,0.01543257,0.07574926,0.3287301,0.0154326,0.09441933,0.3287302,0.01867007,0
1123,285,1123,1124,1124,rootmotion.finalik.grounding/explicit-pose-world-query-secondary-plant/v4,rootmotion.finalik.full-body-biped-ik/indexed-pose-backend,None,true,true,-1316,-0.008666754,0.002337827,false,false,AllPlantedFeet,FollowBody,false,false,0,0,0.4937081,0,0,0,0,0,Free,PolicyReleased,Unlocked,NoFutureLanding,GroundingEffectorTarget,FinalIkGrounding,true,0.5804651,0,0,0,-0.04335583,0.5012328,-0.376986,-0.04335583,0.5012328,-0.376986,-0.04335591,0.5035706,-0.3769859,0.002337813,0,true,true,-1316,0.9336399,-0.002570259,1,0.8672798,0.2380561,0.8672798,0.8672798,Free,PolicyReleased,Unlocked,NoFutureLanding,GroundingEffectorTarget,FinalIkGrounding,true,0.9098867,0,0,0,-0.001314466,0.07056059,0.1738846,-0.001314466,0.07056059,0.1738846,-0.001314426,0.07219711,0.1738846,0.00163652,0
1124,286,1124,1125,1125,rootmotion.finalik.grounding/explicit-pose-world-query-secondary-plant/v4,rootmotion.finalik.full-body-biped-ik/indexed-pose-backend,None,true,true,-1316,-0.009993054,-0.002345926,false,false,AllPlantedFeet,FollowBody,true,true,-1316,0,0.404258,1,0,0,0,0,Free,PolicyReleased,Unlocked,NoFutureLanding,GroundingEffectorTarget,FinalIkGrounding,true,0.4683695,0,0,0,-0.0615497,0.4266443,-0.2362826,-0.0615497,0.4266443,-0.2362826,-0.0615497,0.4242985,-0.2362824,0.00234586,0,true,true,-1316,1,-0.002054647,1,1,0.4992884,1,1,Free,PolicyReleased,Unlocked,NoFutureLanding,GroundingEffectorTarget,FinalIkGrounding,true,0.8746037,0,0,0,-0.02439677,0.06909322,-0.02857046,-0.02439677,0.06909322,-0.02857046,-0.0243968,0.06909311,-0.02857044,1.178776E-07,0
1125,287,1125,1126,1126,rootmotion.finalik.grounding/explicit-pose-world-query-secondary-plant/v4,rootmotion.finalik.full-body-biped-ik/indexed-pose-backend,None,true,true,-1316,-0.009993069,-0.004586657,false,false,AllPlantedFeet,FollowBody,true,true,-1316,0,0.3126695,1,0,0,0,0,Free,PolicyReleased,Unlocked,NoFutureLanding,GroundingEffectorTarget,FinalIkGrounding,true,0.48341,0,0,0,-0.06664137,0.3542161,-0.1424697,-0.06664137,0.3542161,-0.1424697,-0.06664135,0.3596226,-0.1424698,0.005406499,0,true,true,-1316,1,-0.004214737,1,1,0,1,1,Free,PolicyReleased,Unlocked,NoFutureLanding,GroundingEffectorTarget,FinalIkGrounding,true,0.9178784,0,0,0,-0.02425951,0.06767333,-0.1785915,-0.02425951,0.06767333,-0.1785915,-0.02425947,0.06767327,-0.1785916,1.069359E-07,0
1126,288,1126,1127,1127,rootmotion.finalik.grounding/explicit-pose-world-query-secondary-plant/v4,rootmotion.finalik.full-body-biped-ik/indexed-pose-backend,None,false,true,-1316,0,-0.003576247,false,false,AllPlantedFeet,FollowBody,true,true,-1316,0,0.2523218,1,0,0,0,0,Free,PolicyReleased,Unlocked,NoFutureLanding,GroundingEffectorTarget,FinalIkGrounding,true,0.538684,0,0,0,-0.06723326,0.3128666,-0.09619243,-0.06723326,0.3128666,-0.09619243,-0.06723306,0.3192834,-0.09619258,0.006416827,0,true,true,-1316,0.4662446,-0.004658528,1,0,0,0,0,Free,PolicyReleased,Unlocked,NoFutureLanding,GroundingEffectorTarget,FinalIkGrounding,true,0.985296,0,0,0,-0.02185039,0.06959671,-0.2867624,-0.02185039,0.06959671,-0.2867624,-0.02185026,0.07601282,-0.2867625,0.006416112,0
1127,289,1127,1128,1128,rootmotion.finalik.grounding/explicit-pose-world-query-secondary-plant/v4,rootmotion.finalik.full-body-biped-ik/indexed-pose-backend,None,false,true,-1316,0,0,false,false,AllPlantedFeet,FollowBody,true,true,-1316,0,0.143732,1,0,0,0,0,Free,PolicyReleased,Unlocked,NoFutureLanding,GroundingEffectorTarget,FinalIkGrounding,true,0.6553027,0,0,0,-0.0573077,0.2370796,0.004671168,-0.0573077,0.2370796,0.004671168,-0.05730771,0.2470727,0.004671335,0.009993076,0,true,true,-1316,0,0.0432447,1,0,0,0,0,Free,PolicyReleased,Unlocked,NoFutureLanding,GroundingEffectorTarget,FinalIkGrounding,true,0.9997092,0,0,0,-0.001775869,0.1450035,-0.4115929,-0.001775869,0.1450035,-0.4115929,-0.00177592,0.1549957,-0.4115929,0.009992167,0
1128,290,1128,1129,1129,rootmotion.finalik.grounding/explicit-pose-world-query-secondary-plant/v4,rootmotion.finalik.full-body-biped-ik/indexed-pose-backend,None,false,true,-1316,0,0,false,false,AllPlantedFeet,FollowBody,true,true,-1316,0,0.08223777,1,0,0,0,0,Free,PolicyReleased,Unlocked,NoFutureLanding,GroundingEffectorTarget,FinalIkGrounding,true,0.7684579,0,0,0,-0.04855478,0.1782715,0.1060824,-0.04855478,0.1782715,0.1060824,-0.0485547,0.1882646,0.1060822,0.009993047,0,true,true,-1316,0,0.1336749,1,0,0,0,0,Free,PolicyReleased,Unlocked,NoFutureLanding,GroundingEffectorTarget,FinalIkGrounding,true,0.9895618,0,0,0,0.009557607,0.2155653,-0.480152,0.009557607,0.2155653,-0.480152,0.009557545,0.2255563,-0.4801519,0.00999108,0
1129,291,1129,1130,1130,rootmotion.finalik.grounding/explicit-pose-world-query-secondary-plant/v4,rootmotion.finalik.full-body-biped-ik/indexed-pose-backend,None,false,true,-1316,0,0,false,false,AllPlantedFeet,FollowBody,true,true,-1316,0,0.06599068,1,0,0,0,0,Free,PolicyReleased,Unlocked,NoFutureLanding,GroundingEffectorTarget,FinalIkGrounding,true,0.8236346,0,0,0,-0.04448106,0.1591132,0.1839028,-0.04448106,0.1591132,0.1839028,-0.04448099,0.169106,0.1839027,0.009992883,0,true,true,-1316,0,0.2105292,1,0,0,0,0,Free,PolicyReleased,Unlocked,NoFutureLanding,GroundingEffectorTarget,FinalIkGrounding,true,0.9648241,0,0,0,0.0008315061,0.2821116,-0.5208988,0.0008315061,0.2821116,-0.5208988,0.0008314252,0.2921047,-0.5208989,0.009993136,0
1130,292,1130,1131,1131,rootmotion.finalik.grounding/explicit-pose-world-query-secondary-plant/v4,rootmotion.finalik.full-body-biped-ik/indexed-pose-backend,None,false,true,-1316,0,0,false,false,AllPlantedFeet,FollowBody,true,true,-1316,0,0.05888014,1,0,0,0,0,Free,PolicyReleased,Unlocked,NoFutureLanding,GroundingEffectorTarget,FinalIkGrounding,true,0.8584041,0,0,0,-0.03976976,0.1506845,0.2362582,-0.03976976,0.1506845,0.2362582,-0.03976977,0.1606776,0.2362582,0.009993136,0,true,true,-1316,0,0.264474,1,0,0,0,0,Free,PolicyReleased,Unlocked,NoFutureLanding,GroundingEffectorTarget,FinalIkGrounding,true,0.9364727,0,0,0,-0.003894455,0.3313419,-0.5370845,-0.003894455,0.3313419,-0.5370845,-0.003894512,0.341335,-0.5370844,0.009993106,0
1131,293,1131,1132,1132,rootmotion.finalik.grounding/explicit-pose-world-query-secondary-plant/v4,rootmotion.finalik.full-body-biped-ik/indexed-pose-backend,None,false,true,-1316,0,0,false,false,AllPlantedFeet,FollowBody,true,true,-1316,0,0.05888014,1,0,0,0,0,Free,PolicyReleased,Unlocked,NoFutureLanding,GroundingEffectorTarget,FinalIkGrounding,true,0.8584041,0,0,0,-0.03976976,0.1506846,0.2362582,-0.03976976,0.1506846,0.2362582,-0.0397697,0.1606777,0.2362583,0.009993047,0,true,true,-1316,0,0.264474,1,0,0,0,0,Free,PolicyReleased,Unlocked,NoFutureLanding,GroundingEffectorTarget,FinalIkGrounding,true,0.9364727,0,0,0,-0.003894455,0.3313419,-0.5370845,-0.003894455,0.3313419,-0.5370845,-0.003894471,0.341335,-0.5370844,0.009993106,0
1132,294,1132,1133,1133,rootmotion.finalik.grounding/explicit-pose-world-query-secondary-plant/v4,rootmotion.finalik.full-body-biped-ik/indexed-pose-backend,None,false,true,-1316,0,0,false,false,AllPlantedFeet,FollowBody,true,true,-1316,0.1199047,0.05146379,1,0,0,0,0,Free,PolicyReleased,Unlocked,NoFutureLanding,GroundingEffectorTarget,FinalIkGrounding,true,0.9218281,0,0,0,-0.06247096,0.132223,0.302837,-0.06247096,0.132223,0.302837,-0.06247086,0.142216,0.3028371,0.009992957,0,true,true,-1316,0.1199047,0.2327789,1,0,0,0,0,Free,PolicyReleased,Unlocked,NoFutureLanding,GroundingEffectorTarget,FinalIkGrounding,true,0.8901938,0,0,0,0.04458219,0.3525864,-0.5177526,0.04458219,0.3525864,-0.5177526,0.04458208,0.3625795,-0.5177525,0.009993136,0
1133,295,1133,1134,1134,rootmotion.finalik.grounding/explicit-pose-world-query-secondary-plant/v4,rootmotion.finalik.full-body-biped-ik/indexed-pose-backend,None,false,true,-1316,0,0,false,false,AllPlantedFeet,FollowBody,true,true,-1316,0.4443934,0.03144833,1,0,0,0,0,Free,PolicyReleased,Unlocked,NoFutureLanding,GroundingEffectorTarget,FinalIkGrounding,true,0.9667621,0,0,0,-0.128636,0.1076762,0.3044038,-0.128636,0.1076762,0.3044038,-0.1286359,0.1176693,0.3044038,0.009993136,0,true,true,-1316,0.4443934,0.1470019,1,0,0,0,0,Free,PolicyReleased,Unlocked,NoFutureLanding,GroundingEffectorTarget,FinalIkGrounding,true,0.8978024,0,0,0,0.1728512,0.2375443,-0.3877926,0.1728512,0.2375443,-0.3877926,0.1728513,0.2475375,-0.3877923,0.00999321,0
1134,296,1134,1135,1135,rootmotion.finalik.grounding/explicit-pose-world-query-secondary-plant/v4,rootmotion.finalik.full-body-biped-ik/indexed-pose-backend,None,false,true,-1316,0,0,false,false,AllPlantedFeet,FollowBody,true,true,-1316,0.4443934,0.03144833,1,0,0,0,0,Free,PolicyReleased,Unlocked,NoFutureLanding,GroundingEffectorTarget,FinalIkGrounding,true,0.9667621,0,0,0,-0.1286361,0.1076771,0.3044037,-0.1286361,0.1076771,0.3044037,-0.128636,0.1176693,0.3044038,0.009992287,0,true,true,-1316,0.4443934,0.1470019,1,0,0,0,0,Free,PolicyReleased,Unlocked,NoFutureLanding,GroundingEffectorTarget,FinalIkGrounding,true,0.8978025,0,0,0,0.1728515,0.2375444,-0.3877927,0.1728515,0.2375444,-0.3877927,0.1728514,0.2475375,-0.3877926,0.009993121,0
1135,297,1135,1136,1136,rootmotion.finalik.grounding/explicit-pose-world-query-secondary-plant/v4,rootmotion.finalik.full-body-biped-ik/indexed-pose-backend,None,false,true,-1316,0,0,false,false,AllPlantedFeet,FollowBody,true,true,-1316,0.4684807,0.02969727,1,0,0,0,0,Free,PolicyReleased,Unlocked,NoFutureLanding,GroundingEffectorTarget,FinalIkGrounding,true,0.95087,0,0,0,-0.2212455,0.08855024,0.2346778,-0.2212455,0.08855024,0.2346778,-0.2212455,0.09854323,0.2346781,0.009992987,0,true,true,-1316,0.4707287,0.1399592,1,0,0,0,0,Free,PolicyReleased,Unlocked,NoFutureLanding,GroundingEffectorTarget,FinalIkGrounding,true,0.8713995,0,0,0,0.2102604,0.1734512,-0.2643867,0.2102604,0.1734512,-0.2643867,0.2102602,0.1834435,-0.2643866,0.009992287,0
1136,298,1136,1137,1137,rootmotion.finalik.grounding/explicit-pose-world-query-secondary-plant/v4,rootmotion.finalik.full-body-biped-ik/indexed-pose-backend,None,true,true,-1316,0,0,false,false,AllPlantedFeet,FollowBody,true,true,-1316,0.3847647,0.02183339,1,0,0,0,0,Free,PolicyReleased,Unlocked,NoFutureLanding,GroundingEffectorTarget,FinalIkGrounding,true,0.9156973,0,0,0,-0.2817606,0.07098427,0.1090252,-0.2817606,0.07098427,0.1090252,-0.2817607,0.08097705,0.1090252,0.009992786,0,true,true,-1316,0.6183092,0.1007075,1,0.2366184,0,0.2366184,0.2366184,Free,PolicyReleased,Unlocked,NoFutureLanding,GroundingEffectorTarget,FinalIkGrounding,true,0.8794593,0,0,0,0.2263502,0.09185155,-0.05121603,0.2263502,0.09185155,-0.05121603,0.2263503,0.09947917,-0.05121596,0.007627614,0
1137,299,1137,1138,1138,rootmotion.finalik.grounding/explicit-pose-world-query-secondary-plant/v4,rootmotion.finalik.full-body-biped-ik/indexed-pose-backend,None,true,true,-1316,-0.006119522,-0.001777951,false,false,AllPlantedFeet,FollowBody,true,true,-1316,0.1550102,0.0164519,1,0,0,0,0,Free,PolicyReleased,Unlocked,NoFutureLanding,GroundingEffectorTarget,FinalIkGrounding,true,0.8336104,0,0,0,-0.2415429,0.08095556,0.02296862,-0.2415429,0.08095556,0.02296862,-0.241543,0.0891704,0.02296893,0.008214831,0,true,true,-1316,0.8061972,0.04902676,1,0.6123945,0,0.6123945,0.6123945,Free,PolicyReleased,Unlocked,NoFutureLanding,GroundingEffectorTarget,FinalIkGrounding,true,0.8715024,0,0,0,0.2029775,0.06571501,0.006258028,0.2029775,0.06571501,0.006258028,0.2029776,0.0688991,0.00625813,0.00318408,0
1138,300,1138,1139,1139,rootmotion.finalik.grounding/explicit-pose-world-query-secondary-plant/v4,rootmotion.finalik.full-body-biped-ik/indexed-pose-backend,None,true,true,-1316,-0.008021069,-0.003237908,false,false,AllPlantedFeet,FollowBody,true,true,-1316,0.1218007,0.0212234,1,0,0,0,0,Free,PolicyReleased,Unlocked,NoFutureLanding,GroundingEffectorTarget,FinalIkGrounding,true,0.7499212,0,0,0,-0.1761017,0.1028062,0.004682419,-0.1761017,0.1028062,0.004682419,-0.1761017,0.1095611,0.004682437,0.006754883,0,true,true,-1316,0.9013442,0.01816925,1,0.8026884,0,0.8026884,0.8026884,Free,PolicyReleased,Unlocked,NoFutureLanding,GroundingEffectorTarget,FinalIkGrounding,true,0.8426221,0,0,0,0.1841988,0.06077986,-0.05024155,0.1841988,0.06077986,-0.05024155,0.1841988,0.0621126,-0.05024162,0.001332738,0
1139,301,1139,1140,1140,rootmotion.finalik.grounding/explicit-pose-world-query-secondary-plant/v4,rootmotion.finalik.full-body-biped-ik/indexed-pose-backend,None,true,true,-1316,-0.005912636,-0.004075193,false,false,AllPlantedFeet,FollowBody,true,true,-1316,0.125209,0.02232468,1,0,0,0,0,Free,PolicyReleased,Unlocked,NoFutureLanding,GroundingEffectorTarget,FinalIkGrounding,true,0.6857978,0,0,0,-0.1131516,0.1156174,0.04933784,-0.1131516,0.1156174,0.04933784,-0.1131516,0.1215347,0.04933779,0.005917318,0,true,true,-1316,0.795847,0.003364379,1,0.591694,0,0.591694,0.591694,Free,PolicyReleased,Unlocked,NoFutureLanding,GroundingEffectorTarget,FinalIkGrounding,true,0.7916132,0,0,0,0.1608872,0.07231922,-0.1239607,0.1608872,0.07231922,-0.1239607,0.1608872,0.07473536,-0.1239607,0.002416141,0
1140,302,1140,1141,1141,rootmotion.finalik.grounding/explicit-pose-world-query-secondary-plant/v4,rootmotion.finalik.full-body-biped-ik/indexed-pose-backend,None,true,true,-1316,-0.009992689,-0.006265865,false,false,AllPlantedFeet,FollowBody,true,true,-1316,0,0.00810551,1,0,0,0,0,Free,PolicyReleased,Unlocked,NoFutureLanding,GroundingEffectorTarget,FinalIkGrounding,true,0.7357609,0,0,0,-0.06941606,0.09347057,0.222124,-0.06941606,0.09347057,0.222124,-0.06941615,0.09719732,0.2221239,0.003726751,0,true,true,-1316,1,-0.005078971,1,1,0,1,1,Free,PolicyReleased,Unlocked,NoFutureLanding,GroundingEffectorTarget,FinalIkGrounding,true,0.7401159,0,0,0,0.1481435,0.08911601,-0.1702188,0.1481435,0.08911601,-0.1702188,0.1481435,0.0891161,-0.1702189,9.424322E-08,0
1141,303,1141,1142,1142,rootmotion.finalik.grounding/explicit-pose-world-query-secondary-plant/v4,rootmotion.finalik.full-body-biped-ik/indexed-pose-backend,None,true,true,-1316,-0.009979242,-0.007307524,false,false,AllPlantedFeet,FollowBody,true,true,-1316,1,0.00118581,1,1,0,1,1,Free,PolicyReleased,Unlocked,NoFutureLanding,GroundingEffectorTarget,FinalIkGrounding,true,0.7889968,0,0,0,-0.05092454,0.07245159,0.2828137,-0.05092454,0.07245159,0.2828137,-0.05092458,0.07245156,0.2828137,7.634574E-08,0,true,true,-1316,0.5006642,-0.001581512,1,0.001328349,0,0.001328349,0.001328349,Free,PolicyReleased,Unlocked,NoFutureLanding,GroundingEffectorTarget,FinalIkGrounding,true,0.7233476,0,0,0,0.1396616,0.09710801,-0.2072891,0.1396616,0.09710801,-0.2072891,0.1396616,0.09978956,-0.2072891,0.002681553,0
1142,304,1142,1143,1143,rootmotion.finalik.grounding/explicit-pose-world-query-secondary-plant/v4,rootmotion.finalik.full-body-biped-ik/indexed-pose-backend,None,true,true,-1316,-0.009987321,-0.007894498,false,false,AllPlantedFeet,FollowBody,true,true,-1316,1,0.002886762,1,1,0,1,1,Free,PolicyReleased,Unlocked,NoFutureLanding,GroundingEffectorTarget,FinalIkGrounding,true,0.7464463,0,0,0,-0.04766316,0.07482206,0.2219871,-0.04766316,0.07482206,0.2219871,-0.0476631,0.0748221,0.2219871,6.580174E-08,0,true,true,-1316,0.5002663,0.001636401,1,0.0005325079,0,0.0005325079,0.0005325079,Free,PolicyReleased,Unlocked,NoFutureLanding,GroundingEffectorTarget,FinalIkGrounding,true,0.7360474,0,0,0,0.1256994,0.1018472,-0.2479989,0.1256994,0.1018472,-0.2479989,0.1256994,0.1039442,-0.2479991,0.002097048,0
1143,305,1143,1144,1144,rootmotion.finalik.grounding/explicit-pose-world-query-secondary-plant/v4,rootmotion.finalik.full-body-biped-ik/indexed-pose-backend,None,true,true,-1316,-0.009992063,-0.008686671,false,false,AllPlantedFeet,FollowBody,true,true,-1316,1,0.002176333,1,1,0,1,1,Free,PolicyReleased,Unlocked,NoFutureLanding,GroundingEffectorTarget,FinalIkGrounding,true,0.7182511,0,0,0,-0.0314175,0.07348412,0.1008411,-0.0314175,0.07348412,0.1008411,-0.03141754,0.073484,0.100841,1.405773E-07,0,true,true,-1316,0,0.01546079,1,0,0,0,0,Free,PolicyReleased,Unlocked,NoFutureLanding,GroundingEffectorTarget,FinalIkGrounding,true,0.7928439,0,0,0,0.09350138,0.1045055,-0.3210879,0.09350138,0.1045055,-0.3210879,0.09350134,0.1058081,-0.3210877,0.00130266,0
1144,306,1144,1145,1145,rootmotion.finalik.grounding/explicit-pose-world-query-secondary-plant/v4,rootmotion.finalik.full-body-biped-ik/indexed-pose-backend,None,true,true,-1316,0.08059308,0.02536325,false,false,AllPlantedFeet,FollowBody,true,true,-1656,1,-0.0006976216,1,1,0,1,1,Free,PolicyReleased,Unlocked,NoFutureLanding,GroundingEffectorTarget,FinalIkGrounding,true,0.6635758,0,0,0,-0.01604876,0.1624187,-0.01871784,-0.01604876,0.1624187,-0.01871784,-0.01604883,0.1624187,-0.01871791,1.279815E-07,0,true,true,-1316,0,0.07468155,1,0,0,0,0,Free,PolicyReleased,Unlocked,NoFutureLanding,GroundingEffectorTarget,FinalIkGrounding,true,0.7655671,0,0,0,0.07320102,0.1240418,-0.3168144,0.07320102,0.1240418,-0.3168144,0.07320111,0.1787044,-0.3168145,0.05466262,0
1145,307,1145,1146,1146,rootmotion.finalik.grounding/explicit-pose-world-query-secondary-plant/v4,rootmotion.finalik.full-body-biped-ik/indexed-pose-backend,None,false,true,-1656,0,0.01772057,false,false,AllPlantedFeet,FollowBody,true,true,-1656,0.01558304,-0.004045994,1,0,0,0,0,Free,PolicyReleased,Unlocked,NoFutureLanding,GroundingEffectorTarget,FinalIkGrounding,true,0.7925625,0,0,0,-0.004791481,0.225734,-0.1084547,-0.004791481,0.225734,-0.1084547,-0.004791529,0.09868169,-0.1084546,0.1270523,8.870001,true,true,-1316,0,0.1345987,1,0,0,0,0,Free,PolicyReleased,Unlocked,NoFutureLanding,GroundingEffectorTarget,FinalIkGrounding,true,0.6908649,0,0,0,0.06823056,0.1015061,-0.2500005,0.06823056,0.1015061,-0.2500005,0.06823054,0.2122828,-0.2500007,0.1107768,0
1146,308,1146,1147,1147,rootmotion.finalik.grounding/explicit-pose-world-query-secondary-plant/v4,rootmotion.finalik.full-body-biped-ik/indexed-pose-backend,None,false,true,-1656,0,0.01385509,false,false,AllPlantedFeet,FollowBody,true,true,-1656,0.4725133,-0.01182376,1,0,0,0,0,Free,PolicyReleased,Unlocked,NoFutureLanding,GroundingEffectorTarget,FinalIkGrounding,true,0.8419324,0,0,0,0.002085863,0.1797667,-0.1683798,0.002085863,0.1797667,-0.1683798,0.002085872,0.09042577,-0.16838,0.08934097,7.779552,true,true,-1316,0,0.1686742,1,0,0,0,0,Free,PolicyReleased,Unlocked,NoFutureLanding,GroundingEffectorTarget,FinalIkGrounding,true,0.6447062,0,0,0,0.06610571,0.08614969,-0.2021004,0.06610571,0.08614969,-0.2021004,0.06610583,0.2368087,-0.2021006,0.1506591,0
1147,309,1147,1148,1148,rootmotion.finalik.grounding/explicit-pose-world-query-secondary-plant/v4,rootmotion.finalik.full-body-biped-ik/indexed-pose-backend,None,false,true,-1656,0,0.009551895,false,false,AllPlantedFeet,FollowBody,true,true,-1656,0,-0.004570118,1,0,0,0,0,Free,PolicyReleased,Unlocked,NoFutureLanding,GroundingEffectorTarget,FinalIkGrounding,true,0.8859906,0,0,0,0.00490957,0.1323002,-0.2441948,0.00490957,0.1323002,-0.2441948,0.004909579,0.1047758,-0.2441945,0.02752438,6.333257,true,true,-1656,0,0.1829521,1,0,0,0,0,Free,PolicyReleased,Unlocked,NoFutureLanding,GroundingEffectorTarget,FinalIkGrounding,true,0.6121358,0,0,0,0.06441368,0.187945,-0.1345565,0.06441368,0.187945,-0.1345565,0.06441379,0.2607505,-0.1345564,0.07280557,0
1148,310,1148,1149,1149,rootmotion.finalik.grounding/explicit-pose-world-query-secondary-plant/v4,rootmotion.finalik.full-body-biped-ik/indexed-pose-backend,None,false,true,-1656,0,0.006125228,false,false,AllPlantedFeet,FollowBody,true,true,-1656,0,0.009355458,1,0,0,0,0,Free,PolicyReleased,Unlocked,NoFutureLanding,GroundingEffectorTarget,FinalIkGrounding,true,0.9486035,0,0,0,0.002420119,0.07735106,-0.3349112,0.002420119,0.07735106,-0.3349112,0.002419975,0.1253931,-0.334911,0.04804204,4.926461,true,true,-1656,0,0.1848368,1,0,0,0,0,Free,PolicyReleased,Unlocked,NoFutureLanding,GroundingEffectorTarget,FinalIkGrounding,true,0.6031426,0,0,0,0.06389764,0.2365531,-0.05914924,0.06389764,0.2365531,-0.05914924,0.06389765,0.284595,-0.0591494,0.04804194,0
1149,311,1149,1150,1150,rootmotion.finalik.grounding/explicit-pose-world-query-secondary-plant/v4,rootmotion.finalik.full-body-biped-ik/indexed-pose-backend,None,false,true,-1666,0,0.004353578,false,false,AllPlantedFeet,FollowBody,true,true,-1656,0,0.03510061,1,0,0,0,0,Free,PolicyReleased,Unlocked,NoFutureLanding,GroundingEffectorTarget,FinalIkGrounding,true,0.9953618,0,0,0,0.0002619947,0.03889057,-0.3993447,0.0002619947,0.03889057,-0.3993447,0.0002620034,0.1458593,-0.3993448,0.1069687,4.085737,true,true,-1666,0,0.1730484,1,0,0,0,0,Free,PolicyReleased,Unlocked,NoFutureLanding,GroundingEffectorTarget,FinalIkGrounding,true,0.6319258,0,0,0,0.06084762,0.3051547,-0.01229003,0.06084762,0.3051547,-0.01229003,0.06084767,0.2832432,-0.01228973,0.02191153,0
1150,312,1150,1151,1151,rootmotion.finalik.grounding/explicit-pose-world-query-secondary-plant/v4,rootmotion.finalik.full-body-biped-ik/indexed-pose-backend,None,false,true,-1666,0,0.003403017,false,false,AllPlantedFeet,FollowBody,true,true,-1656,0,0.08036956,1,0,0,0,0,Free,PolicyReleased,Unlocked,NoFutureLanding,GroundingEffectorTarget,FinalIkGrounding,true,0.9999466,0,0,0,-0.001681117,0.03414518,-0.4404311,-0.001681117,0.03414518,-0.4404311,-0.001681075,0.1839577,-0.4404314,0.1498125,3.582662,true,true,-1666,0,0.1370471,1,0,0,0,0,Free,PolicyReleased,Unlocked,NoFutureLanding,GroundingEffectorTarget,FinalIkGrounding,true,0.6986929,0,0,0,0.05521629,0.3176213,0.02864892,0.05521629,0.3176213,0.02864892,0.0552163,0.2497441,0.02864887,0.06787723,0
1151,313,1151,1152,1152,rootmotion.finalik.grounding/explicit-pose-world-query-secondary-plant/v4,rootmotion.finalik.full-body-biped-ik/indexed-pose-backend,None,false,true,-1666,0,0,false,false,AllPlantedFeet,FollowBody,true,true,-1656,0,0.1574543,1,0,0,0,0,Free,PolicyReleased,Unlocked,NoFutureLanding,GroundingEffectorTarget,FinalIkGrounding,true,0.9998174,0,0,0,-0.007434599,0.03546154,-0.5039128,-0.007434599,0.03546154,-0.5039128,-0.007434618,0.2461368,-0.5039127,0.2106752,2.934542,true,true,-1666,0,0.08834042,1,0,0,0,0,Free,PolicyReleased,Unlocked,NoFutureLanding,GroundingEffectorTarget,FinalIkGrounding,true,0.7956411,0,0,0,0.04669284,0.2285097,0.1135415,0.04669284,0.2285097,0.1135415,0.04669274,0.199185,0.1135415,0.02932474,0
1152,314,1152,1153,1153,rootmotion.finalik.grounding/explicit-pose-world-query-secondary-plant/v4,rootmotion.finalik.full-body-biped-ik/indexed-pose-backend,None,false,true,-1666,0,0,false,false,AllPlantedFeet,FollowBody,false,false,0,0,0.2519407,0,0,0,0,0,Free,PolicyReleased,Unlocked,NoFutureLanding,GroundingEffectorTarget,FinalIkGrounding,true,0.9829828,0,0,0,0.006341269,0.3302516,-0.5614837,0.006341269,0.3302516,-0.5614837,0.006341256,0.3302515,-0.5614835,2.461019E-07,0,true,true,-1676,0,0.05687281,1,0,0,0,0,Free,PolicyReleased,Unlocked,NoFutureLanding,GroundingEffectorTarget,FinalIkGrounding,true,0.8735822,0,0,0,0.04260291,0.2860174,0.2059096,0.04260291,0.2860174,0.2059096,0.04260289,0.1671295,0.2059097,0.1188879,0
1153,315,1153,1154,1154,rootmotion.finalik.grounding/explicit-pose-world-query-secondary-plant/v4,rootmotion.finalik.full-body-biped-ik/indexed-pose-backend,None,false,true,-1676,0,0,false,false,AllPlantedFeet,FollowBody,true,true,-1666,0,0.3272897,1,0,0,0,0,Free,PolicyReleased,Unlocked,NoFutureLanding,GroundingEffectorTarget,FinalIkGrounding,true,0.938807,0,0,0,0.01139203,0.3505391,-0.5739769,0.01139203,0.3505391,-0.5739769,0.011392,0.4002077,-0.5739768,0.04966861,6.727311,true,true,-1676,0.1475856,0.04600192,1,0,0,0,0,Free,PolicyReleased,Unlocked,NoFutureLanding,GroundingEffectorTarget,FinalIkGrounding,true,0.9089205,0,0,0,0.03957683,0.2735096,0.2461124,0.03957683,0.2735096,0.2461124,0.03957685,0.1512993,0.2461121,0.1222103,0
1154,316,1154,1155,1155,rootmotion.finalik.grounding/explicit-pose-world-query-secondary-plant/v4,rootmotion.finalik.full-body-biped-ik/indexed-pose-backend,None,false,true,-1676,0,0,false,false,AllPlantedFeet,FollowBody,false,false,0,0,0.3823187,0,0,0,0,0,Free,PolicyReleased,Unlocked,NoFutureLanding,GroundingEffectorTarget,FinalIkGrounding,true,0.8832101,0,0,0,0.01066209,0.4522154,-0.5614477,0.01066209,0.4522154,-0.5614477,0.0106619,0.4522154,-0.5614479,2.702826E-07,0,true,true,-1686,0.499,0.04457313,1,0,0,0,0,Free,PolicyReleased,Unlocked,NoFutureLanding,GroundingEffectorTarget,FinalIkGrounding,true,0.9359223,0,0,0,0.03532115,0.3199571,0.2810069,0.03532115,0.3199571,0.2810069,0.03532125,0.1403465,0.281007,0.1796106,0
1155,317,1155,1156,1156,rootmotion.finalik.grounding/explicit-pose-world-query-secondary-plant/v4,rootmotion.finalik.full-body-biped-ik/indexed-pose-backend,None,false,true,-1686,0,0,false,false,AllPlantedFeet,FollowBody,false,false,0,0,0.4461894,0,0,0,0,0,Free,PolicyReleased,Unlocked,NoFutureLanding,GroundingEffectorTarget,FinalIkGrounding,true,0.7595487,0,0,0,-0.0002698489,0.4949957,-0.4922001,-0.0002698489,0.4949957,-0.4922001,-0.0002698004,0.4949956,-0.4922003,1.567018E-07,0,true,true,-1686,0,0.03865413,1,0,0,0,0,Free,PolicyReleased,Unlocked,NoFutureLanding,GroundingEffectorTarget,FinalIkGrounding,true,0.9920871,0,0,0,0.01497132,0.3450042,0.3473597,0.01497132,0.3450042,0.3473597,0.01497136,0.1152521,0.3473599,0.2297521,0
1156,318,1156,1157,1157,rootmotion.finalik.grounding/explicit-pose-world-query-secondary-plant/v4,rootmotion.finalik.full-body-biped-ik/indexed-pose-backend,None,false,true,-1686,0,0,false,false,AllPlantedFeet,FollowBody,false,false,0,0,0.468315,0,0,0,0,0,Free,PolicyReleased,Unlocked,NoFutureLanding,GroundingEffectorTarget,FinalIkGrounding,true,0.6652173,0,0,0,-0.01079925,0.5010005,-0.4296263,-0.01079925,0.5010005,-0.4296263,-0.01079926,0.5010005,-0.4296264,1.19732E-07,0,true,true,-1686,0,0.008040989,1,0,0,0,0,Free,PolicyReleased,Unlocked,NoFutureLanding,GroundingEffectorTarget,FinalIkGrounding,true,0.9833814,0,0,0,0.009484168,0.230613,0.3232394,0.009484168,0.230613,0.3232394,0.009484122,0.08380264,0.3232392,0.1468104,0
1157,319,1157,1158,1158,rootmotion.finalik.grounding/explicit-pose-world-query-secondary-plant/v4,rootmotion.finalik.full-body-biped-ik/indexed-pose-backend,None,false,true,-1686,0,0,false,false,AllPlantedFeet,FollowBody,false,false,0,0,0.4870326,0,0,0,0,0,Free,PolicyReleased,Unlocked,NoFutureLanding,GroundingEffectorTarget,FinalIkGrounding,true,0.6005531,0,0,0,-0.03590446,0.5037712,-0.3914908,-0.03590446,0.5037712,-0.3914908,-0.03590435,0.5037712,-0.3914909,1.402313E-07,0,true,true,-1686,0.4063925,-0.006424038,1,0,0,0,0,Free,PolicyReleased,Unlocked,NoFutureLanding,GroundingEffectorTarget,FinalIkGrounding,true,0.9127557,0,0,0,0.001963043,0.1624284,0.2018048,0.001963043,0.1624284,0.2018048,0.001963172,0.07598424,0.201805,0.08644414,0
1158,320,1158,1159,1159,rootmotion.finalik.grounding/explicit-pose-world-query-secondary-plant/v4,rootmotion.finalik.full-body-biped-ik/indexed-pose-backend,None,false,true,-1686,0,0,false,false,AllPlantedFeet,FollowBody,false,false,0,0,0.4806411,0,0,0,0,0,Free,PolicyReleased,Unlocked,NoFutureLanding,GroundingEffectorTarget,FinalIkGrounding,true,0.51342,0,0,0,-0.05215694,0.4901639,-0.3236682,-0.05215694,0.4901639,-0.3236682,-0.05215679,0.490164,-0.3236682,1.47702E-07,0,true,true,-1686,0.2690209,-0.002939741,1,0,0,0,0,Free,PolicyReleased,Unlocked,NoFutureLanding,GroundingEffectorTarget,FinalIkGrounding,true,0.8749042,0,0,0,-0.01634292,0.1231579,0.0921986,-0.01634292,0.1231579,0.0921986,-0.01634308,0.07999641,0.09219833,0.04316145,0
1159,321,1159,1160,1160,rootmotion.finalik.grounding/explicit-pose-world-query-secondary-plant/v4,rootmotion.finalik.full-body-biped-ik/indexed-pose-backend,None,false,true,-1686,0,0,false,false,AllPlantedFeet,FollowBody,true,true,-1686,0,0.3852041,1,0,0,0,0,Free,PolicyReleased,Unlocked,NoFutureLanding,GroundingEffectorTarget,FinalIkGrounding,true,0.4646688,0,0,0,-0.06350376,0.4131775,-0.2145553,-0.06350376,0.4131775,-0.2145553,-0.06350374,0.4131775,-0.2145553,3.332001E-08,1.986156,true,true,-1686,0.499,-0.0001159919,1,0,0,0,0,Free,PolicyReleased,Unlocked,NoFutureLanding,GroundingEffectorTarget,FinalIkGrounding,true,0.8628725,0,0,0,-0.0203844,0.06528509,-0.05550451,-0.0203844,0.06528509,-0.05550451,-0.02038434,0.08150461,-0.05550444,0.01621953,0
1160,322,1160,1161,1161,rootmotion.finalik.grounding/explicit-pose-world-query-secondary-plant/v4,rootmotion.finalik.full-body-biped-ik/indexed-pose-backend,None,false,true,-1696,0,0,false,false,AllPlantedFeet,FollowBody,true,true,-1686,0,0.2749685,1,0,0,0,0,Free,PolicyReleased,Unlocked,NoFutureLanding,GroundingEffectorTarget,FinalIkGrounding,true,0.5170586,0,0,0,-0.06697625,0.2578712,-0.1131549,-0.06697625,0.2578712,-0.1131549,-0.06697619,0.3383115,-0.113155,0.08044037,1.543034,true,true,-1686,0,-0.009015879,1,0,0,0,0,Free,PolicyReleased,Unlocked,NoFutureLanding,GroundingEffectorTarget,FinalIkGrounding,true,0.9616139,0,0,0,-0.02260197,-0.0116998,-0.2563995,-0.02260197,-0.0116998,-0.2563995,-0.02260209,0.07857418,-0.2563997,0.09027398,0
1161,323,1161,1162,1162,rootmotion.finalik.grounding/explicit-pose-world-query-secondary-plant/v4,rootmotion.finalik.full-body-biped-ik/indexed-pose-backend,None,false,true,-1696,0,0,false,false,AllPlantedFeet,FollowBody,true,true,-1696,0,0.1781778,1,0,0,0,0,Free,PolicyReleased,Unlocked,NoFutureLanding,GroundingEffectorTarget,FinalIkGrounding,true,0.6158303,0,0,0,-0.06228453,0.25499,-0.03132332,-0.06228453,0.25499,-0.03132332,-0.06228458,0.2707529,-0.03132358,0.01576295,1.292991,true,true,-1686,0,0.01911075,1,0,0,0,0,Free,PolicyReleased,Unlocked,NoFutureLanding,GroundingEffectorTarget,FinalIkGrounding,true,0.9998242,0,0,0,-0.008404902,-0.0165844,-0.3748068,-0.008404902,-0.0165844,-0.3748068,-0.008405007,0.1269162,-0.374807,0.1435006,0
1162,324,1162,1163,1163,rootmotion.finalik.grounding/explicit-pose-world-query-secondary-plant/v4,rootmotion.finalik.full-body-biped-ik/indexed-pose-backend,None,false,true,-1696,0,0,false,false,AllPlantedFeet,FollowBody,true,true,-1696,0,0.1188757,1,0,0,0,0,Free,PolicyReleased,Unlocked,NoFutureLanding,GroundingEffectorTarget,FinalIkGrounding,true,0.6957678,0,0,0,-0.05310698,0.2546399,0.03886515,-0.05310698,0.2546399,0.03886515,-0.05310696,0.2243824,0.03886488,0.03025749,1.129505,true,true,-1686,0,0.06566492,1,0,0,0,0,Free,PolicyReleased,Unlocked,NoFutureLanding,GroundingEffectorTarget,FinalIkGrounding,true,0.9987049,0,0,0,0.006648649,-0.01180315,-0.4308978,0.006648649,-0.01180315,-0.4308978,0.006648675,0.1723315,-0.4308976,0.1841347,0
1163,325,1163,1164,1164,rootmotion.finalik.grounding/explicit-pose-world-query-secondary-plant/v4,rootmotion.finalik.full-body-biped-ik/indexed-pose-backend,None,false,true,-1696,0,0,false,false,AllPlantedFeet,FollowBody,true,true,-1696,0,0.0873844,1,0,0,0,0,Free,PolicyReleased,Unlocked,NoFutureLanding,GroundingEffectorTarget,FinalIkGrounding,true,0.7582986,0,0,0,-0.04888545,0.1996568,0.09437726,-0.04888545,0.1996568,0.09437726,-0.04888557,0.192737,0.09437715,0.006919831,0.9763772,true,true,-1686,0,0.1225408,1,0,0,0,0,Free,PolicyReleased,Unlocked,NoFutureLanding,GroundingEffectorTarget,FinalIkGrounding,true,0.9920089,0,0,0,0.01041991,-0.01774228,-0.4717293,0.01041991,-0.01774228,-0.4717293,0.01041988,0.2152341,-0.4717292,0.2329764,0
1164,326,1164,1165,1165,rootmotion.finalik.grounding/explicit-pose-world-query-secondary-plant/v4,rootmotion.finalik.full-body-biped-ik/indexed-pose-backend,None,false,true,-1706,0,0,false,false,AllPlantedFeet,FollowBody,true,true,-1706,0,0.06663814,1,0,0,0,0,Free,PolicyReleased,Unlocked,NoFutureLanding,GroundingEffectorTarget,FinalIkGrounding,true,0.8197229,0,0,0,-0.04484401,0.2533655,0.1778875,-0.04484401,0.2533655,0.1778875,-0.04484387,0.1701738,0.1778878,0.08319169,0.785338,false,false,0,0,0.2036561,0,0,0,0,0,Free,PolicyReleased,Unlocked,NoFutureLanding,GroundingEffectorTarget,FinalIkGrounding,true,0.967479,0,0,0,0.00151364,0.2865562,-0.518362,0.00151364,0.2865562,-0.518362,0.001513574,0.2865562,-0.5183622,1.359829E-07,0
1165,327,1165,1166,1166,rootmotion.finalik.grounding/explicit-pose-world-query-secondary-plant/v4,rootmotion.finalik.full-body-biped-ik/indexed-pose-backend,None,false,true,-1706,0,0,false,false,AllPlantedFeet,FollowBody,true,true,-1716,0.2567289,0.05408905,1,0,0,0,0,Free,PolicyReleased,Unlocked,NoFutureLanding,GroundingEffectorTarget,FinalIkGrounding,true,0.8880343,0,0,0,-0.03515434,0.3380204,0.2749504,-0.03515434,0.3380204,0.2749504,-0.03515422,0.1531456,0.27495,0.1848748,0.5895011,false,false,0,0,0.3129104,0,0,0,0,0,Free,PolicyReleased,Unlocked,NoFutureLanding,GroundingEffectorTarget,FinalIkGrounding,true,0.9055745,0,0,0,-0.0087338,0.3867029,-0.5440544,-0.0087338,0.3867029,-0.5440544,-0.008733917,0.3867029,-0.5440546,2.1388E-07,0
1166,328,1166,1167,1167,rootmotion.finalik.grounding/explicit-pose-world-query-secondary-plant/v4,rootmotion.finalik.full-body-biped-ik/indexed-pose-backend,None,false,true,-1716,0,0,false,false,AllPlantedFeet,FollowBody,true,true,-1716,0,0.05255783,1,0,0,0,0,Free,PolicyReleased,Unlocked,NoFutureLanding,GroundingEffectorTarget,FinalIkGrounding,true,0.9603467,0,0,0,-0.02015328,0.3728461,0.3619368,-0.02015328,0.3728461,0.3619368,-0.0201533,0.1354985,0.361937,0.2373476,0.4613998,false,false,0,0,0.3983532,0,0,0,0,0,Free,PolicyReleased,Unlocked,NoFutureLanding,GroundingEffectorTarget,FinalIkGrounding,true,0.8179858,0,0,0,-0.007454033,0.4622713,-0.522113,-0.007454033,0.4622713,-0.522113,-0.007454213,0.4622714,-0.5221132,2.55286E-07,0
1167,329,1167,1168,1168,rootmotion.finalik.grounding/explicit-pose-world-query-secondary-plant/v4,rootmotion.finalik.full-body-biped-ik/indexed-pose-backend,None,false,true,-1716,0,0,false,false,AllPlantedFeet,FollowBody,true,true,-1726,0,0.01854002,1,0,0,0,0,Free,PolicyReleased,Unlocked,NoFutureLanding,GroundingEffectorTarget,FinalIkGrounding,true,0.9945703,0,0,0,-0.0118955,0.409927,0.3547105,-0.0118955,0.409927,0.3547105,-0.01189553,0.08608142,0.3547109,0.3238456,0.3560823,false,false,0,0,0.4519966,0,0,0,0,0,Free,PolicyReleased,Unlocked,NoFutureLanding,GroundingEffectorTarget,FinalIkGrounding,true,0.6903102,0,0,0,0.005409852,0.5002528,-0.4489855,0.005409852,0.5002528,-0.4489855,0.005409732,0.5002528,-0.4489852,4.054926E-07,0
1168,330,1168,1169,1169,rootmotion.finalik.grounding/explicit-pose-world-query-secondary-plant/v4,rootmotion.finalik.full-body-biped-ik/indexed-pose-backend,None,true,true,-1716,0.09541513,0.05787669,false,false,AllPlantedFeet,FollowBody,true,true,-1726,0.7385095,0.0009552469,1,0.477019,0,0.477019,0.477019,Free,PolicyReleased,Unlocked,NoFutureLanding,GroundingEffectorTarget,FinalIkGrounding,true,0.7526319,0,0,0,0.01810979,0.2831424,-0.01592017,0.01810979,0.2831424,-0.01592017,0.01810974,0.2088023,-0.01592046,0.07434011,4.573919,true,true,-1716,0,0.3972294,1,0,0,0,0,Free,PolicyReleased,Unlocked,NoFutureLanding,GroundingEffectorTarget,FinalIkGrounding,true,0.4557981,0,0,0,0.05905782,0.4552395,-0.262439,0.05905782,0.4552395,-0.262439,0.05905766,0.5131163,-0.2624389,0.05787677,0
1169,331,1169,1170,1170,rootmotion.finalik.grounding/explicit-pose-world-query-secondary-plant/v4,rootmotion.finalik.full-body-biped-ik/indexed-pose-backend,None,true,true,-1726,0.0896692,0.07319432,false,false,AllPlantedFeet,FollowBody,true,true,-1726,0.7385095,0.0009552469,1,0.477019,0,0.477019,0.477019,Free,PolicyReleased,Unlocked,NoFutureLanding,GroundingEffectorTarget,FinalIkGrounding,true,0.7710909,0,0,0,0.01810979,0.2710969,-0.01592017,0.01810979,0.2710969,-0.01592017,0.01810982,0.2110671,-0.0159204,0.0600298,3.070372,false,false,0,0,0.3972294,0,0,0,0,0,Free,PolicyReleased,Unlocked,NoFutureLanding,GroundingEffectorTarget,FinalIkGrounding,true,0.4557981,0,0,0,0.05905782,0.4552395,-0.262439,0.05905782,0.4552395,-0.262439,0.05905776,0.5284339,-0.262439,0.07319438,0
1170,332,1170,1171,1171,rootmotion.finalik.grounding/explicit-pose-world-query-secondary-plant/v4,rootmotion.finalik.full-body-biped-ik/indexed-pose-backend,None,true,true,-1726,0.0437052,0.06046126,false,false,AllPlantedFeet,FollowBody,true,true,-1716,0.7993416,0.0002157155,1,0.5986831,0,0.5986831,0.5986831,Free,PolicyReleased,Unlocked,NoFutureLanding,GroundingEffectorTarget,FinalIkGrounding,true,0.7502414,0,0,0,0.008629542,0.2323254,-0.1193116,0.008629542,0.2323254,-0.1193116,0.008629432,0.2272925,-0.1193115,0.005032912,1.689756,true,true,-1716,0.232636,0.304842,1,0,0,0,0,Free,PolicyReleased,Unlocked,NoFutureLanding,GroundingEffectorTarget,FinalIkGrounding,true,0.5317643,0,0,0,0.1259774,0.2856317,-0.1954025,0.1259774,0.2856317,-0.1954025,0.1259774,0.3981144,-0.1954027,0.1124828,0
1171,333,1171,1172,1172,rootmotion.finalik.grounding/explicit-pose-world-query-secondary-plant/v4,rootmotion.finalik.full-body-biped-ik/indexed-pose-backend,None,true,true,-1726,0.09514669,0.07357146,false,false,AllPlantedFeet,FollowBody,true,true,-1726,0.9012124,-0.0009306628,1,0.8024248,0,0.8024248,0.8024248,Free,PolicyReleased,Unlocked,NoFutureLanding,GroundingEffectorTarget,FinalIkGrounding,true,0.7616145,0,0,0,-0.1143289,0.2614276,-0.07679068,-0.1143289,0.2614276,-0.07679068,-0.1143289,0.2444463,-0.07679076,0.01698132,1.419935,true,true,-1716,0.6222135,0.1501228,1,0.244427,0,0.244427,0.244427,Free,PolicyReleased,Unlocked,NoFutureLanding,GroundingEffectorTarget,FinalIkGrounding,true,0.8646626,0,0,0,0.2499014,0.1049013,-0.07380099,0.2499014,0.1049013,-0.07380099,0.2499014,0.199796,-0.07380092,0.09489465,0
1172,334,1172,1173,1173,rootmotion.finalik.grounding/explicit-pose-world-query-secondary-plant/v4,rootmotion.finalik.full-body-biped-ik/indexed-pose-backend,None,true,true,-1726,0.02580244,0.05973055,false,false,AllPlantedFeet,FollowBody,true,true,-1726,0.9748557,-0.001687906,1,0.9497113,0,0.9497113,0.9497113,Free,PolicyReleased,Unlocked,NoFutureLanding,GroundingEffectorTarget,FinalIkGrounding,true,0.7906764,0,0,0,-0.2231759,0.260728,0.0532128,-0.2231759,0.260728,0.0532128,-0.223176,0.2542786,0.05321269,0.006449431,0.296075,true,true,-1726,0.9038422,0.03827104,1,0.8076844,0,0.8076844,0.8076844,Free,PolicyReleased,Unlocked,NoFutureLanding,GroundingEffectorTarget,FinalIkGrounding,true,1.018123,0,0,0,0.2420943,0.1073587,0.04341869,0.2420943,0.1073587,0.04341869,0.2412872,0.1181521,0.0432652,0.01082458,0
1173,335,1173,1174,1174,rootmotion.finalik.grounding/explicit-pose-world-query-secondary-plant/v4,rootmotion.finalik.full-body-biped-ik/indexed-pose-backend,None,true,true,-1726,0.07973718,0.06579606,false,false,AllPlantedFeet,FollowBody,true,true,-1726,0.9993627,-0.001849688,1,0.9987254,0,0.9987254,0.9987254,Free,PolicyReleased,Unlocked,NoFutureLanding,GroundingEffectorTarget,FinalIkGrounding,true,0.8203306,0,0,0,-0.2426341,0.2684939,0.1242539,-0.2426341,0.2684939,0.1242539,-0.2426342,0.2683382,0.1242538,0.0001556576,0,true,true,-1726,0.9975628,0.001043915,1,0.9951255,0,0.9951255,0.9951255,Free,PolicyReleased,Unlocked,NoFutureLanding,GroundingEffectorTarget,FinalIkGrounding,true,0.9605328,0,0,0,0.2029071,0.1730837,0.06516568,0.2029071,0.1730837,0.06516568,0.2029071,0.1729601,0.06516577,0.0001235903,0
1174,336,1174,1175,1175,rootmotion.finalik.grounding/explicit-pose-world-query-secondary-plant/v4,rootmotion.finalik.full-body-biped-ik/indexed-pose-backend,None,true,true,-1726,0.1528242,0.09423555,false,false,AllPlantedFeet,FollowBody,true,true,-1726,0.9993627,-0.001849688,1,0.9987254,0,0.9987254,0.9987254,Free,PolicyReleased,Unlocked,NoFutureLanding,GroundingEffectorTarget,FinalIkGrounding,true,0.8474259,0,0,0,-0.2426343,0.2767197,0.1242544,-0.2426343,0.2767197,0.1242544,-0.2426342,0.2765898,0.1242543,0.0001298487,0,true,true,-1726,0.9975628,0.001043915,1,0.9951255,0,0.9951255,0.9951255,Free,PolicyReleased,Unlocked,NoFutureLanding,GroundingEffectorTarget,FinalIkGrounding,true,0.8983298,0,0,0,0.2029072,0.2461706,0.06516534,0.2029072,0.2461706,0.06516534,0.2029073,0.2458293,0.0651653,0.0003413856,0
1175,337,1175,1176,1176,rootmotion.finalik.grounding/explicit-pose-world-query-secondary-plant/v4,rootmotion.finalik.full-body-biped-ik/indexed-pose-backend,None,true,true,-1726,0.0572296,0.07897342,false,false,AllPlantedFeet,FollowBody,true,true,-1726,0.9873407,-0.002153835,1,0.9746814,0,0.9746814,0.9746814,Free,PolicyReleased,Unlocked,NoFutureLanding,GroundingEffectorTarget,FinalIkGrounding,true,0.7923986,0,0,0,-0.2765045,0.2920657,0.1174388,-0.2765045,0.2920657,0.1174388,-0.2765046,0.2886162,0.1174388,0.003449559,0,true,true,-1716,0.9977897,0.0008554953,1,0.9955795,0,0.9955795,0.9955795,Free,PolicyReleased,Unlocked,NoFutureLanding,GroundingEffectorTarget,FinalIkGrounding,true,1.010337,0,0,0,0.2219315,0.1262532,0.04402611,0.2219315,0.1262532,0.04402611,0.2214478,0.1284887,0.0439203,0.002289678,0
1176,338,1176,1177,1177,rootmotion.finalik.grounding/explicit-pose-world-query-secondary-plant/v4,rootmotion.finalik.full-body-biped-ik/indexed-pose-backend,None,true,true,-1726,0.01067511,0.05773326,false,false,AllPlantedFeet,FollowBody,true,true,-1726,0.6599589,-0.0005313781,1,0.3199178,0,0.3199178,0.3199178,Free,PolicyReleased,Unlocked,NoFutureLanding,GroundingEffectorTarget,FinalIkGrounding,true,0.8463127,0,0,0,-0.2715245,0.3120908,0.0982716,-0.2715245,0.3120908,0.0982716,-0.2715246,0.1933016,0.09827168,0.1187891,1.590493,true,true,-1716,0.998569,0.0001350453,1,0.997138,0,0.997138,0.997138,Free,PolicyReleased,Unlocked,NoFutureLanding,GroundingEffectorTarget,FinalIkGrounding,true,1.046173,0,0,0,0.2106396,0.04648685,0.001415058,0.2106396,0.04648685,0.001415058,0.2063651,0.06629485,0.002054962,0.02027407,0
1177,339,1177,1178,1178,rootmotion.finalik.grounding/explicit-pose-world-query-secondary-plant/v4,rootmotion.finalik.full-body-biped-ik/indexed-pose-backend,None,true,true,-1726,0.01099606,0.04378229,false,false,AllPlantedFeet,FollowBody,true,true,-1726,0.324636,0.00641973,1,0,0,0,0,Free,PolicyReleased,Unlocked,NoFutureLanding,GroundingEffectorTarget,FinalIkGrounding,true,0.8251644,0,0,0,-0.212109,0.3458909,0.05187844,-0.212109,0.3458909,0.05187844,-0.212109,0.1385792,0.0518785,0.2073117,1.924917,true,true,-1716,0.9955925,-0.00197209,1,0.9911851,0,0.9911851,0.9911851,Free,PolicyReleased,Unlocked,NoFutureLanding,GroundingEffectorTarget,FinalIkGrounding,true,0.9517577,0,0,0,0.1911587,0.06167781,-0.05381684,0.1911587,0.06167781,-0.05381684,0.1911588,0.06196582,-0.0538168,0.0002880096,0
1178,340,1178,1179,1179,rootmotion.finalik.grounding/explicit-pose-world-query-secondary-plant/v4,rootmotion.finalik.full-body-biped-ik/indexed-pose-backend,None,true,true,-1726,0.03487383,0.04095683,false,false,AllPlantedFeet,FollowBody,true,true,-1726,0.4872864,0.02106828,1,0,0,0,0,Free,PolicyReleased,Unlocked,NoFutureLanding,GroundingEffectorTarget,FinalIkGrounding,true,0.7206841,0,0,0,-0.1386044,0.3954087,0.02453484,-0.1386044,0.3954087,0.02453484,-0.1386045,0.1611878,0.02453479,0.234221,3.497528,true,true,-1716,0.9956757,0.0001383782,1,0.9913515,0,0.9913515,0.9913515,Free,PolicyReleased,Unlocked,NoFutureLanding,GroundingEffectorTarget,FinalIkGrounding,true,0.8431582,0,0,0,0.1680549,0.1018798,-0.1128081,0.1680549,0.1018798,-0.1128081,0.1680549,0.1019298,-0.1128081,4.99487E-05,0
1179,341,1179,1180,1180,rootmotion.finalik.grounding/explicit-pose-world-query-secondary-plant/v4,rootmotion.finalik.full-body-biped-ik/indexed-pose-backend,None,true,true,-1716,0.06764597,0.05124033,false,false,AllPlantedFeet,FollowBody,true,true,-1716,0.002730059,0.01407904,1,0,0,0,0,Free,PolicyReleased,Unlocked,NoFutureLanding,GroundingEffectorTarget,FinalIkGrounding,true,0.6978724,0,0,0,-0.08244204,0.2948526,0.1516564,-0.08244204,0.2948526,0.1516564,-0.08244187,0.1681623,0.1516565,0.1266903,2.64646,true,true,-1716,0.9888621,-0.004513694,1,0.9777242,0,0.9777242,0.9777242,Free,PolicyReleased,Unlocked,NoFutureLanding,GroundingEffectorTarget,FinalIkGrounding,true,0.7289557,0,0,0,0.1506593,0.1627058,-0.1558447,0.1506593,0.1627058,-0.1558447,0.1506593,0.162306,-0.1558449,0.0003997386,0
1180,342,1180,1181,1181,rootmotion.finalik.grounding/explicit-pose-world-query-secondary-plant/v4,rootmotion.finalik.full-body-biped-ik/indexed-pose-backend,None,true,true,-1716,0.05279076,0.05169237,false,false,AllPlantedFeet,FollowBody,true,true,-1716,0.4522532,0.003939099,1,0,0,0,0,Free,PolicyReleased,Unlocked,NoFutureLanding,GroundingEffectorTarget,FinalIkGrounding,true,0.7665967,0,0,0,-0.06011538,0.2074628,0.2638533,-0.06011538,0.2074628,0.2638533,-0.06011515,0.1440141,0.2638533,0.06344867,2.190073,true,true,-1716,0.7742087,-0.003846721,1,0.5484173,0,0.5484173,0.5484173,Free,PolicyReleased,Unlocked,NoFutureLanding,GroundingEffectorTarget,FinalIkGrounding,true,0.693551,0,0,0,0.1452142,0.1994488,-0.1859667,0.1452142,0.1994488,-0.1859667,0.1452141,0.1793228,-0.1859668,0.02012604,0
1181,343,1181,1182,1182,rootmotion.finalik.grounding/explicit-pose-world-query-secondary-plant/v4,rootmotion.finalik.full-body-biped-ik/indexed-pose-backend,None,true,true,-1716,0.1178431,0.06607393,false,false,AllPlantedFeet,FollowBody,true,true,-1716,1,0.001675046,1,1,0,1,1,Free,PolicyReleased,Unlocked,NoFutureLanding,GroundingEffectorTarget,FinalIkGrounding,true,0.7123346,0,0,0,-0.04969568,0.1995142,0.270663,-0.04969568,0.1995142,0.270663,-0.04969566,0.1995142,0.270663,8.720681E-08,0,true,true,-1716,0.5005497,-0.0006559608,1,0.001099467,0,0.001099467,0.001099467,Free,PolicyReleased,Unlocked,NoFutureLanding,GroundingEffectorTarget,FinalIkGrounding,true,0.7247575,0,0,0,0.1363377,0.2266583,-0.2177614,0.1363377,0.2266583,-0.2177614,0.1363374,0.174817,-0.2177616,0.05184133,0
1182,344,1182,1183,1183,rootmotion.finalik.grounding/explicit-pose-world-query-secondary-plant/v4,rootmotion.finalik.full-body-biped-ik/indexed-pose-backend,None,true,true,-1716,0.1519256,0.09217373,false,false,AllPlantedFeet,FollowBody,true,true,-1716,1,0.003899561,1,1,0,1,1,Free,PolicyReleased,Unlocked,NoFutureLanding,GroundingEffectorTarget,FinalIkGrounding,true,0.6443888,0,0,0,-0.04188355,0.2369252,0.175348,-0.04188355,0.2369252,0.175348,-0.04188357,0.2369252,0.1753479,1.215724E-07,0,true,true,-1716,0.4545963,0.004262918,1,0,0,0,0,Free,PolicyReleased,Unlocked,NoFutureLanding,GroundingEffectorTarget,FinalIkGrounding,true,0.7587123,0,0,0,0.1129812,0.2630644,-0.2793643,0.1129812,0.2630644,-0.2793643,0.1129812,0.2033126,-0.2793644,0.05975182,0
1183,345,1183,1184,1184,rootmotion.finalik.grounding/explicit-pose-world-query-secondary-plant/v4,rootmotion.finalik.full-body-biped-ik/indexed-pose-backend,None,true,true,-1716,0.05555439,0.07801762,false,false,AllPlantedFeet,FollowBody,true,true,-1706,1,0.000975189,1,1,0,1,1,Free,PolicyReleased,Unlocked,NoFutureLanding,GroundingEffectorTarget,FinalIkGrounding,true,0.753651,0,0,0,-0.02481726,0.137987,0.05102413,-0.02481726,0.137987,0.05102413,-0.0248172,0.137987,0.05102411,6.561694E-08,0,true,true,-1716,0,0.03437639,1,0,0,0,0,Free,PolicyReleased,Unlocked,NoFutureLanding,GroundingEffectorTarget,FinalIkGrounding,true,0.7987162,0,0,0,0.08200582,0.3263726,-0.3359347,0.08200582,0.3263726,-0.3359347,0.08200584,0.2040544,-0.3359348,0.1223182,0
1184,346,1184,1185,1185,rootmotion.finalik.grounding/explicit-pose-world-query-secondary-plant/v4,rootmotion.finalik.full-body-biped-ik/indexed-pose-backend,None,true,true,-1716,0,0.05432689,false,false,AllPlantedFeet,FollowBody,true,true,-1706,1,-0.001190521,1,1,0,1,1,Free,PolicyReleased,Unlocked,NoFutureLanding,GroundingEffectorTarget,FinalIkGrounding,true,0.8298777,0,0,0,-0.01350297,0.08113444,-0.04043773,-0.01350297,0.08113444,-0.04043773,-0.01350301,0.08113444,-0.04043776,5.015325E-08,0,true,true,-1716,0,0.08844528,1,0,0,0,0,Free,PolicyReleased,Unlocked,NoFutureLanding,GroundingEffectorTarget,FinalIkGrounding,true,0.7494152,0,0,0,0.07183164,0.4018259,-0.3037158,0.07183164,0.4018259,-0.3037158,0.07183176,0.2169212,-0.3037157,0.1849048,0
1185,347,1185,1186,1186,rootmotion.finalik.grounding/explicit-pose-world-query-secondary-plant/v4,rootmotion.finalik.full-body-biped-ik/indexed-pose-backend,None,false,true,-1716,0,0.0386383,false,false,AllPlantedFeet,FollowBody,true,true,-1706,0.1321516,-0.006155524,1,0,0,0,0,Free,PolicyReleased,Unlocked,NoFutureLanding,GroundingEffectorTarget,FinalIkGrounding,true,0.8041809,0,0,0,-0.002860004,0.117694,-0.123633,-0.002860004,0.117694,-0.123633,-0.002860161,0.1188629,-0.1236329,0.001168847,0.8059955,true,true,-1706,0,0.1438602,1,0,0,0,0,Free,PolicyReleased,Unlocked,NoFutureLanding,GroundingEffectorTarget,FinalIkGrounding,true,0.6774484,0,0,0,0.06754073,0.3722464,-0.2370921,0.06754073,0.3722464,-0.2370921,0.06754077,0.2410806,-0.2370921,0.1311657,0
1186,348,1186,1187,1187,rootmotion.finalik.grounding/explicit-pose-world-query-secondary-plant/v4,rootmotion.finalik.full-body-biped-ik/indexed-pose-backend,None,false,true,-1706,0,0.02654822,false,false,AllPlantedFeet,FollowBody,true,true,-1706,0.05258253,-0.0106299,1,0,0,0,0,Free,PolicyReleased,Unlocked,NoFutureLanding,GroundingEffectorTarget,FinalIkGrounding,true,0.8689237,0,0,0,0.004582062,0.165764,-0.210484,0.004582062,0.165764,-0.210484,0.004581895,0.1097503,-0.2104843,0.05601369,0.6549129,true,true,-1706,0,0.1808619,1,0,0,0,0,Free,PolicyReleased,Unlocked,NoFutureLanding,GroundingEffectorTarget,FinalIkGrounding,true,0.6228084,0,0,0,0.06512212,0.3409023,-0.1669206,0.06512212,0.3409023,-0.1669206,0.06512244,0.2660165,-0.1669206,0.07488587,0
1187,349,1187,1188,1188,rootmotion.finalik.grounding/explicit-pose-world-query-secondary-plant/v4,rootmotion.finalik.full-body-biped-ik/indexed-pose-backend,None,false,true,-1706,0,0.01608577,false,false,AllPlantedFeet,FollowBody,true,true,-1706,0,0.007461852,1,0,0,0,0,Free,PolicyReleased,Unlocked,NoFutureLanding,GroundingEffectorTarget,FinalIkGrounding,true,0.9227211,0,0,0,0.003260379,0.2610475,-0.3043445,0.003260379,0.2610475,-0.3043445,0.003260206,0.1317784,-0.3043447,0.1292691,0.4909852,true,true,-1706,0,0.1814604,1,0,0,0,0,Free,PolicyReleased,Unlocked,NoFutureLanding,GroundingEffectorTarget,FinalIkGrounding,true,0.6055948,0,0,0,0.06389417,0.4150214,-0.0763495,0.06389417,0.4150214,-0.0763495,0.0638944,0.2857523,-0.07634948,0.1292691,0
1188,350,1188,1189,1189,rootmotion.finalik.grounding/explicit-pose-world-query-secondary-plant/v4,rootmotion.finalik.full-body-biped-ik/indexed-pose-backend,None,false,true,-1706,0,0.01165478,false,false,AllPlantedFeet,FollowBody,true,true,-1706,0,0.02065702,1,0,0,0,0,Free,PolicyReleased,Unlocked,NoFutureLanding,GroundingEffectorTarget,FinalIkGrounding,true,0.9871165,0,0,0,0.0003367343,0.3157567,-0.3809717,0.0003367343,0.3157567,-0.3809717,0.0003367029,0.1396174,-0.3809716,0.1761392,0.4111685,true,true,-1706,0,0.1819373,1,0,0,0,0,Free,PolicyReleased,Unlocked,NoFutureLanding,GroundingEffectorTarget,FinalIkGrounding,true,0.6063605,0,0,0,0.06318137,0.45,-0.03207596,0.06318137,0.45,-0.03207596,0.06318131,0.3000317,-0.03207594,0.1499684,0
1189,351,1189,1190,1190,rootmotion.finalik.grounding/explicit-pose-world-query-secondary-plant/v4,rootmotion.finalik.full-body-biped-ik/indexed-pose-backend,None,false,true,-1706,0,0.009014415,false,false,AllPlantedFeet,FollowBody,true,true,-1706,0,0.05590504,1,0,0,0,0,Free,PolicyReleased,Unlocked,NoFutureLanding,GroundingEffectorTarget,FinalIkGrounding,true,0.9986488,0,0,0,-0.0004970212,0.3801752,-0.4159844,-0.0004970212,0.3801752,-0.4159844,-0.0004967488,0.1657682,-0.4159843,0.214407,0.3560823,true,true,-1696,0,0.1560573,1,0,0,0,0,Free,PolicyReleased,Unlocked,NoFutureLanding,GroundingEffectorTarget,FinalIkGrounding,true,0.6618243,0,0,0,0.05829674,0.3744189,0.005598322,0.05829674,0.3744189,0.005598322,0.05829687,0.2737539,0.005598366,0.1006649,0
1190,352,1190,1191,1191,rootmotion.finalik.grounding/explicit-pose-world-query-secondary-plant/v4,rootmotion.finalik.full-body-biped-ik/indexed-pose-backend,None,false,true,-1706,0,0.006234841,false,false,AllPlantedFeet,FollowBody,true,true,-1706,0,0.1312491,1,0,0,0,0,Free,PolicyReleased,Unlocked,NoFutureLanding,GroundingEffectorTarget,FinalIkGrounding,true,0.9999987,0,0,0,-0.007784593,0.45,-0.4825426,-0.007784593,0.45,-0.4825426,-0.008193329,0.2399306,-0.4925366,0.2103074,0.2880353,true,true,-1696,0,0.1032451,1,0,0,0,0,Free,PolicyReleased,Unlocked,NoFutureLanding,GroundingEffectorTarget,FinalIkGrounding,true,0.763231,0,0,0,0.04972678,0.2660362,0.07661688,0.04972678,0.2660362,0.07661688,0.04972666,0.2200039,0.07661678,0.04603228,0
1191,353,1191,1192,1192,rootmotion.finalik.grounding/explicit-pose-world-query-secondary-plant/v4,rootmotion.finalik.full-body-biped-ik/indexed-pose-backend,None,false,true,-1706,0,0.00387725,false,false,AllPlantedFeet,FollowBody,true,true,-1706,0,0.2267216,1,0,0,0,0,Free,PolicyReleased,Unlocked,NoFutureLanding,GroundingEffectorTarget,FinalIkGrounding,true,0.9908669,0,0,0,0.003478047,0.4499999,-0.5494784,0.003478047,0.4499999,-0.5494784,0.003478035,0.3103622,-0.5494784,0.1396377,0.2167047,true,true,-1686,0,0.06271185,1,0,0,0,0,Free,PolicyReleased,Unlocked,NoFutureLanding,GroundingEffectorTarget,FinalIkGrounding,true,0.861088,0,0,0,0.04246444,0.1343484,0.1957514,0.04246444,0.1343484,0.1957514,0.04246446,0.1778624,0.1957513,0.04351401,0
1192,354,1192,1193,1193,rootmotion.finalik.grounding/explicit-pose-world-query-secondary-plant/v4,rootmotion.finalik.full-body-biped-ik/indexed-pose-backend,None,false,true,-1696,0,0,false,false,AllPlantedFeet,FollowBody,true,true,-1706,0,0.3100268,1,0,0,0,0,Free,PolicyReleased,Unlocked,NoFutureLanding,GroundingEffectorTarget,FinalIkGrounding,true,0.9516763,0,0,0,0.01058241,0.4499999,-0.5737633,0.01058241,0.4499999,-0.5737633,0.01058236,0.3838686,-0.5737629,0.06613129,0.1724585,true,true,-1686,0,0.04769295,1,0,0,0,0,Free,PolicyReleased,Unlocked,NoFutureLanding,GroundingEffectorTarget,FinalIkGrounding,true,0.9010827,0,0,0,0.04036185,0.09153891,0.2365354,0.04036185,0.09153891,0.2365354,0.04036189,0.1546198,0.2365352,0.06308085,0
1193,355,1193,1194,1194,rootmotion.finalik.grounding/explicit-pose-world-query-secondary-plant/v4,rootmotion.finalik.full-body-biped-ik/indexed-pose-backend,None,false,true,-1696,0,0,false,false,AllPlantedFeet,FollowBody,true,true,-1706,0,0.381784,1,0,0,0,0,Free,PolicyReleased,Unlocked,NoFutureLanding,GroundingEffectorTarget,FinalIkGrounding,true,0.8838993,0,0,0,0.01070538,0.451731,-0.5617036,0.01070538,0.451731,-0.5617036,0.01070536,0.4517311,-0.5617036,1.09568E-07,0,true,true,-1686,0.499,0.0445313,1,0,0,0,0,Free,PolicyReleased,Unlocked,NoFutureLanding,GroundingEffectorTarget,FinalIkGrounding,true,0.9356386,0,0,0,0.03540549,0.1262822,0.2805434,0.03540549,0.1262822,0.2805434,0.03540542,0.1404226,0.2805434,0.01414037,0
1194,356,1194,1195,1195,rootmotion.finalik.grounding/explicit-pose-world-query-secondary-plant/v4,rootmotion.finalik.full-body-biped-ik/indexed-pose-backend,None,false,true,-1696,0,0,false,false,AllPlantedFeet,FollowBody,true,true,-1696,0,0.4325247,1,0,0,0,0,Free,PolicyReleased,Unlocked,NoFutureLanding,GroundingEffectorTarget,FinalIkGrounding,true,0.7910517,0,0,0,0.002954608,0.4892617,-0.5124753,0.002954608,0.4892617,-0.5124753,0.002954673,0.4892618,-0.5124754,1.994422E-07,0,true,true,-1686,0,0.04388729,1,0,0,0,0,Free,PolicyReleased,Unlocked,NoFutureLanding,GroundingEffectorTarget,FinalIkGrounding,true,0.9806086,0,0,0,0.02045461,0.1588354,0.3379949,0.02045461,0.1588354,0.3379949,0.0204546,0.1235456,0.3379952,0.03528976,0
1195,357,1195,1196,1196,rootmotion.finalik.grounding/explicit-pose-world-query-secondary-plant/v4,rootmotion.finalik.full-body-biped-ik/indexed-pose-backend,None,false,true,-1686,0,0,false,false,AllPlantedFeet,FollowBody,true,true,-1696,0,0.4693431,1,0,0,0,0,Free,PolicyReleased,Unlocked,NoFutureLanding,GroundingEffectorTarget,FinalIkGrounding,true,0.6828262,0,0,0,-0.008481073,0.5025247,-0.4413126,-0.008481153,0.5025247,-0.4413127,-0.008481079,0.5025247,-0.4413125,2.56802E-07,0,true,true,-1676,0,0.0188286,1,0,0,0,0,Free,PolicyReleased,Unlocked,NoFutureLanding,GroundingEffectorTarget,FinalIkGrounding,true,0.9967756,0,0,0,0.008568039,0.0392049,0.3409871,0.008568039,0.0392049,0.3409871,0.008568024,0.09100151,0.3409869,0.05179662,0
1196,358,1196,1197,1197,rootmotion.finalik.grounding/explicit-pose-world-query-secondary-plant/v4,rootmotion.finalik.full-body-biped-ik/indexed-pose-backend,None,false,true,-1686,0,0,false,false,AllPlantedFeet,FollowBody,true,true,-1686,0,0.475332,1,0,0,0,0,Free,PolicyReleased,Unlocked,NoFutureLanding,GroundingEffectorTarget,FinalIkGrounding,true,0.644954,0,0,0,-0.01413886,0.5018809,-0.4184106,-0.01413894,0.5018809,-0.4184107,-0.01413875,0.501881,-0.4184105,2.871677E-07,0,true,true,-1676,0.1953991,-0.001721538,1,0,0,0,0,Free,PolicyReleased,Unlocked,NoFutureLanding,GroundingEffectorTarget,FinalIkGrounding,true,0.9454889,0,0,0,0.005797771,-0.01901072,0.2763972,0.005797771,-0.01901072,0.2763972,0.00579769,0.08149248,0.276397,0.1005032,0
1197,359,1197,1198,1198,rootmotion.finalik.grounding/explicit-pose-world-query-secondary-plant/v4,rootmotion.finalik.full-body-biped-ik/indexed-pose-backend,None,false,true,-1686,0,0,false,false,AllPlantedFeet,FollowBody,true,true,-1686,0,0.4899724,1,0,0,0,0,Free,PolicyReleased,Unlocked,NoFutureLanding,GroundingEffectorTarget,FinalIkGrounding,true,0.5769472,0,0,0,-0.04452275,0.5018516,-0.3746764,-0.04452284,0.5018516,-0.3746765,-0.0445228,0.5018517,-0.3746763,2.437433E-07,0,true,true,-1676,0.3148158,-0.005751458,1,0,0,0,0,Free,PolicyReleased,Unlocked,NoFutureLanding,GroundingEffectorTarget,FinalIkGrounding,true,0.9005339,0,0,0,-0.001531173,0.008226871,0.167289,-0.001531173,0.008226871,0.167289,-0.001531223,0.07515448,0.167289,0.06692761,0
1198,360,1198,1199,1199,rootmotion.finalik.grounding/explicit-pose-world-query-secondary-plant/v4,rootmotion.finalik.full-body-biped-ik/indexed-pose-backend,None,false,true,-1686,0,0,false,false,AllPlantedFeet,FollowBody,true,true,-1686,0,0.4667929,1,0,0,0,0,Free,PolicyReleased,Unlocked,NoFutureLanding,GroundingEffectorTarget,FinalIkGrounding,true,0.495085,0,0,0,-0.05368084,0.4804782,-0.3042154,-0.05368093,0.4804782,-0.3042155,-0.05368073,0.4804782,-0.3042155,2.181125E-07,0,true,true,-1676,0.3623885,-0.001138796,1,0,0,0,0,Free,PolicyReleased,Unlocked,NoFutureLanding,GroundingEffectorTarget,FinalIkGrounding,true,0.8680171,0,0,0,-0.01981358,0.04822415,0.06476413,-0.01981358,0.04822415,0.06476413,-0.01981342,0.08166221,0.06476387,0.03343806,0
1199,361,1199,1200,1200,rootmotion.finalik.grounding/explicit-pose-world-query-secondary-plant/v4,rootmotion.finalik.full-body-biped-ik/indexed-pose-backend,None,false,true,-1686,0,0,false,false,AllPlantedFeet,FollowBody,true,true,-1686,0,0.3614964,1,0,0,0,0,Free,PolicyReleased,Unlocked,NoFutureLanding,GroundingEffectorTarget,FinalIkGrounding,true,0.4630356,0,0,0,-0.0653604,0.45,-0.1872229,-0.0653604,0.45,-0.1872229,-0.06536043,0.3966826,-0.1872226,0.05331743,0.7241538,true,true,-1676,0.4006277,-0.001410458,1,0,0,0,0,Free,PolicyReleased,Unlocked,NoFutureLanding,GroundingEffectorTarget,FinalIkGrounding,true,0.8694327,0,0,0,-0.02174994,0.09822023,-0.09113932,-0.02174994,0.09822023,-0.09113932,-0.02174991,0.08108085,-0.09113926,0.01713938,0
1200,362,1200,1201,1201,rootmotion.finalik.grounding/explicit-pose-world-query-secondary-plant/v4,rootmotion.finalik.full-body-biped-ik/indexed-pose-backend,None,false,true,-1686,0,0,false,false,AllPlantedFeet,FollowBody,true,true,-1676,0,0.2507032,1,0,0,0,0,Free,PolicyReleased,Unlocked,NoFutureLanding,GroundingEffectorTarget,FinalIkGrounding,true,0.5419911,0,0,0,-0.0670297,0.3986271,-0.09402306,-0.0670297,0.3986271,-0.09402306,-0.06702964,0.3204602,-0.09402293,0.07816687,0.5609267,true,true,-1676,0,-0.006758711,1,0,0,0,0,Free,PolicyReleased,Unlocked,NoFutureLanding,GroundingEffectorTarget,FinalIkGrounding,true,0.9872171,0,0,0,-0.02134699,0.1581433,-0.2896262,-0.02134699,0.1581433,-0.2896262,-0.02134681,0.07997659,-0.2896263,0.07816675,0
1201,363,1201,1202,1202,rootmotion.finalik.grounding/explicit-pose-world-query-secondary-plant/v4,rootmotion.finalik.full-body-biped-ik/indexed-pose-backend,None,false,true,-1676,0,0,false,false,AllPlantedFeet,FollowBody,true,true,-1676,0,0.1441352,1,0,0,0,0,Free,PolicyReleased,Unlocked,NoFutureLanding,GroundingEffectorTarget,FinalIkGrounding,true,0.6570357,0,0,0,-0.05729209,0.3732948,0.006200124,-0.05729209,0.3732948,0.006200124,-0.05729195,0.2460641,0.006200075,0.1272306,0.4579946,true,true,-1676,0,0.04174737,1,0,0,0,0,Free,PolicyReleased,Unlocked,NoFutureLanding,GroundingEffectorTarget,FinalIkGrounding,true,0.9996923,0,0,0,-0.001449188,0.2831213,-0.4126594,-0.001449188,0.2831213,-0.4126594,-0.001449119,0.1558907,-0.4126593,0.1272306,0
1202,364,1202,1203,1203,rootmotion.finalik.grounding/explicit-pose-world-query-secondary-plant/v4,rootmotion.finalik.full-body-biped-ik/indexed-pose-backend,None,false,true,-1676,0,0,false,false,AllPlantedFeet,FollowBody,true,true,-1676,0,0.09951907,1,0,0,0,0,Free,PolicyReleased,Unlocked,NoFutureLanding,GroundingEffectorTarget,FinalIkGrounding,true,0.7313194,0,0,0,-0.05016218,0.3684591,0.06881893,-0.05016218,0.3684591,0.06881893,-0.05016232,0.2058041,0.06881899,0.162655,5.15828,true,true,-1676,0,0.09508489,1,0,0,0,0,Free,PolicyReleased,Unlocked,NoFutureLanding,GroundingEffectorTarget,FinalIkGrounding,true,0.996129,0,0,0,0.01074366,0.3551576,-0.4511234,0.01074366,0.3551576,-0.4511234,0.01074377,0.1925025,-0.4511236,0.162655,0
1203,365,1203,1204,1204,rootmotion.finalik.grounding/explicit-pose-world-query-secondary-plant/v4,rootmotion.finalik.full-body-biped-ik/indexed-pose-backend,None,false,true,-1676,0,0,false,false,AllPlantedFeet,FollowBody,true,true,-1666,0,0.07346862,1,0,0,0,0,Free,PolicyReleased,Unlocked,NoFutureLanding,GroundingEffectorTarget,FinalIkGrounding,true,0.7953792,0,0,0,-0.0470318,0.2675715,0.141857,-0.0470318,0.2675715,0.141857,-0.04703176,0.1778364,0.1418568,0.08973515,4.222923,true,true,-1676,0,0.169236,1,0,0,0,0,Free,PolicyReleased,Unlocked,NoFutureLanding,GroundingEffectorTarget,FinalIkGrounding,true,0.9802032,0,0,0,0.005745777,0.45,-0.5016605,0.005745617,0.45,-0.5016607,0.005745664,0.2560036,-0.5016603,0.1939964,0
1204,366,1204,1205,1205,rootmotion.finalik.grounding/explicit-pose-world-query-secondary-plant/v4,rootmotion.finalik.full-body-biped-ik/indexed-pose-backend,None,false,true,-1676,0,0,false,false,AllPlantedFeet,FollowBody,true,true,-1666,0.08931784,0.05738317,1,0,0,0,0,Free,PolicyReleased,Unlocked,NoFutureLanding,GroundingEffectorTarget,FinalIkGrounding,true,0.8652068,0,0,0,-0.03861892,0.1974279,0.2457878,-0.03861892,0.1974279,0.2457878,-0.03861896,0.1590651,0.2457878,0.03836277,3.186227,true,true,-1676,0,0.2752221,1,0,0,0,0,Free,PolicyReleased,Unlocked,NoFutureLanding,GroundingEffectorTarget,FinalIkGrounding,true,0.9299774,0,0,0,-0.004861053,0.45,-0.5391445,-0.004861053,0.45,-0.5391445,-0.004861224,0.3512369,-0.5391444,0.09876311,0
1205,367,1205,1206,1206,rootmotion.finalik.grounding/explicit-pose-world-query-secondary-plant/v4,rootmotion.finalik.full-body-biped-ik/indexed-pose-backend,None,false,true,-1666,0,0,false,false,AllPlantedFeet,FollowBody,true,true,-1666,0.4923297,0.05239878,1,0,0,0,0,Free,PolicyReleased,Unlocked,NoFutureLanding,GroundingEffectorTarget,FinalIkGrounding,true,0.9097693,0,0,0,-0.03042866,0.2178397,0.3061317,-0.03042866,0.2178397,0.3061317,-0.03042878,0.1501674,0.3061317,0.06767225,10.14183,true,true,-1676,0,0.3501383,1,0,0,0,0,Free,PolicyReleased,Unlocked,NoFutureLanding,GroundingEffectorTarget,FinalIkGrounding,true,0.8778343,0,0,0,-0.01109008,0.45,-0.5430906,-0.01109008,0.45,-0.5430906,-0.01108997,0.4201015,-0.5430908,0.02989852,0
1206,368,1206,1207,1207,rootmotion.finalik.grounding/explicit-pose-world-query-secondary-plant/v4,rootmotion.finalik.full-body-biped-ik/indexed-pose-backend,None,false,true,-1666,0,0,false,false,AllPlantedFeet,FollowBody,true,true,-1656,0,0.0535094,1,0,0,0,0,Free,PolicyReleased,Unlocked,NoFutureLanding,GroundingEffectorTarget,FinalIkGrounding,true,0.9571266,0,0,0,-0.02052772,0.1528405,0.3599027,-0.02052772,0.1528405,0.3599027,-0.02052778,0.1372652,0.3599027,0.01557526,8.832825,true,true,-1676,0,0.3962707,1,0,0,0,0,Free,PolicyReleased,Unlocked,NoFutureLanding,GroundingEffectorTarget,FinalIkGrounding,true,0.8214767,0,0,0,-0.007767651,0.4603272,-0.5236589,-0.007767651,0.4603272,-0.5236589,-0.007767688,0.4603273,-0.523659,1.383884E-07,0
1207,369,1207,1208,1208,rootmotion.finalik.grounding/explicit-pose-world-query-secondary-plant/v4,rootmotion.finalik.full-body-biped-ik/indexed-pose-backend,None,false,true,-1666,0,0,false,false,AllPlantedFeet,FollowBody,true,true,-1656,0,0.0160061,1,0,0,0,0,Free,PolicyReleased,Unlocked,NoFutureLanding,GroundingEffectorTarget,FinalIkGrounding,true,0.9924069,0,0,0,-0.01252461,0.07413298,0.3497061,-0.01252461,0.07413298,0.3497061,-0.01252474,0.08386725,0.3497062,0.009734273,7.861482,true,true,-1676,0,0.4534062,1,0,0,0,0,Free,PolicyReleased,Unlocked,NoFutureLanding,GroundingEffectorTarget,FinalIkGrounding,true,0.6853182,0,0,0,0.005517372,0.5009573,-0.4458272,0.005517372,0.5009573,-0.4458272,0.005517501,0.5009573,-0.4458271,1.569444E-07,10.95509
1208,370,1208,1209,1209,rootmotion.finalik.grounding/explicit-pose-world-query-secondary-plant/v4,rootmotion.finalik.full-body-biped-ik/indexed-pose-backend,None,true,true,-1666,0.07094592,0.02588758,false,false,AllPlantedFeet,FollowBody,true,true,-1656,1,-0.001478946,1,1,0,1,1,Free,PolicyReleased,Unlocked,NoFutureLanding,GroundingEffectorTarget,FinalIkGrounding,true,0.8166605,0,0,0,0.0005272875,0.1545155,0.1770146,0.0005272875,0.1545155,0.1770146,0.0005273526,0.1545155,0.1770146,8.82475E-08,0,true,true,-1666,0,0.4588482,1,0,0,0,0,Free,PolicyReleased,Unlocked,NoFutureLanding,GroundingEffectorTarget,FinalIkGrounding,true,0.5752013,0,0,0,0.02854154,0.498087,-0.3730592,0.02854154,0.498087,-0.3730592,0.02854151,0.5239747,-0.3730592,0.02588764,8.470064
1209,371,1209,1210,1210,rootmotion.finalik.grounding/explicit-pose-world-query-secondary-plant/v4,rootmotion.finalik.full-body-biped-ik/indexed-pose-backend,None,true,true,-1656,0.06391492,0.03760785,false,false,AllPlantedFeet,FollowBody,true,true,-1656,0.7332824,-0.0001207646,1,0.4665648,0,0.4665648,0.4665648,Free,PolicyReleased,Unlocked,NoFutureLanding,GroundingEffectorTarget,FinalIkGrounding,true,0.7837853,0,0,0,0.0164576,0.2188668,0.02104007,0.0164576,0.2188668,0.02104007,0.01645755,0.1658527,0.02103999,0.05301416,2.644981,true,true,-1666,0,0.4147824,1,0,0,0,0,Free,PolicyReleased,Unlocked,NoFutureLanding,GroundingEffectorTarget,FinalIkGrounding,true,0.4680107,0,0,0,0.05661116,0.4667438,-0.2819228,0.05661116,0.4667438,-0.2819228,0.0566112,0.5043517,-0.2819227,0.03760791,9.092107
1210,372,1210,1211,1211,rootmotion.finalik.grounding/explicit-pose-world-query-secondary-plant/v4,rootmotion.finalik.full-body-biped-ik/indexed-pose-backend,None,true,true,-1656,0.1694944,0.06663436,false,false,AllPlantedFeet,FollowBody,true,true,-1656,0.9665918,0.002936111,1,0.9331837,0,0.9331837,0.9331837,Free,PolicyReleased,Unlocked,NoFutureLanding,GroundingEffectorTarget,FinalIkGrounding,true,0.7072703,0,0,0,0.01998931,0.2655412,-0.08185376,0.01998931,0.2655412,-0.08185376,0.01998929,0.2578577,-0.08185375,0.007683486,0.2880353,true,true,-1656,0,0.3581364,1,0,0,0,0,Free,PolicyReleased,Unlocked,NoFutureLanding,GroundingEffectorTarget,FinalIkGrounding,true,0.4487146,0,0,0,0.06405917,0.45,-0.227267,0.06405917,0.45,-0.227267,0.06405906,0.4960999,-0.2272672,0.04609987,7.962857
1211,373,1211,1212,1212,rootmotion.finalik.grounding/explicit-pose-world-query-secondary-plant/v4,rootmotion.finalik.full-body-biped-ik/indexed-pose-backend,None,false,true,-1656,0,0.04578914,false,false,AllPlantedFeet,FollowBody,true,true,-1656,0.0438553,-0.006364582,1,0,0,0,0,Free,PolicyReleased,Unlocked,NoFutureLanding,GroundingEffectorTarget,FinalIkGrounding,true,0.9521334,0,0,0,0.02899621,0.3049438,-0.2566618,0.02899621,0.3049438,-0.2566618,0.0289964,0.1207256,-0.2566619,0.1842182,3.527614,true,true,-1656,0,0.2656929,1,0,0,0,0,Free,PolicyReleased,Unlocked,NoFutureLanding,GroundingEffectorTarget,FinalIkGrounding,true,0.504863,0,0,0,0.0691466,0.45,-0.1488605,0.0691466,0.45,-0.1488605,0.06914663,0.4038607,-0.1488604,0.04613933,6.469533
1212,374,1212,1213,1213,rootmotion.finalik.grounding/explicit-pose-world-query-secondary-plant/v4,rootmotion.finalik.full-body-biped-ik/indexed-pose-backend,None,false,true,-1316,0,0.0269921,false,false,AllPlantedFeet,FollowBody,true,true,-1656,0,0.03933543,1,0,0,0,0,Free,PolicyReleased,Unlocked,NoFutureLanding,GroundingEffectorTarget,FinalIkGrounding,true,0.9997015,0,0,0,0.002659583,0.3748632,-0.4091009,0.002659583,0.3748632,-0.4091009,0.002659667,0.1718481,-0.4091008,0.2030151,2.595088,true,true,-1316,0,0.133172,1,0,0,0,0,Free,PolicyReleased,Unlocked,NoFutureLanding,GroundingEffectorTarget,FinalIkGrounding,true,0.6887868,0,0,0,0.05486063,0.2372616,0.03360851,0.05486063,0.2372616,0.03360851,0.05486062,0.2674129,0.03360865,0.03015128,4.760288
1213,375,1213,1214,1214,rootmotion.finalik.grounding/explicit-pose-world-query-secondary-plant/v4,rootmotion.finalik.full-body-biped-ik/indexed-pose-backend,None,false,true,-1316,0,0.01887168,false,false,AllPlantedFeet,FollowBody,true,true,-1656,0,0.1287703,1,0,0,0,0,Free,PolicyReleased,Unlocked,NoFutureLanding,GroundingEffectorTarget,FinalIkGrounding,true,0.9912377,0,0,0,-0.006245608,0.4468156,-0.4784602,-0.006245608,0.4468156,-0.4784602,-0.006245527,0.2356801,-0.4784604,0.2111355,2.130654,true,true,-1316,0,0.08128684,1,0,0,0,0,Free,PolicyReleased,Unlocked,NoFutureLanding,GroundingEffectorTarget,FinalIkGrounding,true,0.8057762,0,0,0,0.04611048,0.1819476,0.1601204,0.04611048,0.1819476,0.1601204,0.0461105,0.2108122,0.1601203,0.02886453,3.908291
1214,376,1214,1215,1215,rootmotion.finalik.grounding/explicit-pose-world-query-secondary-plant/v4,rootmotion.finalik.full-body-biped-ik/indexed-pose-backend,None,false,true,-1316,0,0.01367443,false,false,AllPlantedFeet,FollowBody,true,true,-1316,0,0.1947248,1,0,0,0,0,Free,PolicyReleased,Unlocked,NoFutureLanding,GroundingEffectorTarget,FinalIkGrounding,true,0.9715157,0,0,0,-0.006754887,0.4380051,-0.5153269,-0.006754887,0.4380051,-0.5153269,-0.006754776,0.2896932,-0.5153269,0.148312,1.787449,true,true,-1316,0.219085,0.06553817,1,0,0,0,0,Free,PolicyReleased,Unlocked,NoFutureLanding,GroundingEffectorTarget,FinalIkGrounding,true,0.8651326,0,0,0,0.04546178,0.1651785,0.2300792,0.04546178,0.1651785,0.2300792,0.04546189,0.1888458,0.2300791,0.02366722,3.27921
1215,377,1215,1216,1216,rootmotion.finalik.grounding/explicit-pose-world-query-secondary-plant/v4,rootmotion.finalik.full-body-biped-ik/indexed-pose-backend,None,false,true,-1316,0,0.009700327,false,false,AllPlantedFeet,FollowBody,true,true,-1316,0,0.266319,1,0,0,0,0,Free,PolicyReleased,Unlocked,NoFutureLanding,GroundingEffectorTarget,FinalIkGrounding,true,0.9356182,0,0,0,-0.002917794,0.4360695,-0.5380019,-0.002917794,0.4360695,-0.5380019,-0.002917837,0.3518846,-0.5380019,0.08418486,1.480385,true,true,-1316,0.3251337,0.06190907,1,0,0,0,0,Free,PolicyReleased,Unlocked,NoFutureLanding,GroundingEffectorTarget,FinalIkGrounding,true,0.9014245,0,0,0,0.04107475,0.1571354,0.278521,0.04107475,0.1571354,0.278521,0.04107467,0.1768283,0.2785212,0.0196929,2.715942
1216,378,1216,1217,1217,rootmotion.finalik.grounding/explicit-pose-world-query-secondary-plant/v4,rootmotion.finalik.full-body-biped-ik/indexed-pose-backend,None,false,true,-1316,0,0.006034555,false,false,AllPlantedFeet,FollowBody,true,true,-1316,0,0.266319,1,0,0,0,0,Free,PolicyReleased,Unlocked,NoFutureLanding,GroundingEffectorTarget,FinalIkGrounding,true,0.9356182,0,0,0,-0.002917764,0.3496888,-0.5380019,-0.002917764,0.3496888,-0.5380019,-0.002917742,0.3482189,-0.5380018,0.00146991,1.128812,true,true,-1316,0.3251337,0.06190907,1,0,0,0,0,Free,PolicyReleased,Unlocked,NoFutureLanding,GroundingEffectorTarget,FinalIkGrounding,true,0.9014243,0,0,0,0.04107474,0.1571353,0.2785212,0.04107474,0.1571353,0.2785212,0.04107462,0.1731627,0.2785212,0.01602742,2.071042
1217,379,1217,1218,1218,rootmotion.finalik.grounding/explicit-pose-world-query-secondary-plant/v4,rootmotion.finalik.full-body-biped-ik/indexed-pose-backend,None,false,true,-1316,0,0.003953063,false,false,AllPlantedFeet,FollowBody,true,true,-1316,0.09426316,0.2315821,1,0,0,0,0,Free,PolicyReleased,Unlocked,NoFutureLanding,GroundingEffectorTarget,FinalIkGrounding,true,0.8017083,0,0,0,0.05998136,0.5020136,-0.508932,0.05998136,0.5020136,-0.508932,0.05998163,0.5059668,-0.508932,0.003953159,0.8891079,true,true,-1316,0.282811,0.1095575,1,0,0,0,0,Free,PolicyReleased,Unlocked,NoFutureLanding,GroundingEffectorTarget,FinalIkGrounding,true,0.8413642,0,0,0,0.06131761,0.1474185,0.2427858,0.06131761,0.1474185,0.2427858,0.06131774,0.1613642,0.2427856,0.01394573,1.633225
1218,380,1218,1219,1219,rootmotion.finalik.grounding/explicit-pose-world-query-secondary-plant/v4,rootmotion.finalik.full-body-biped-ik/indexed-pose-backend,None,false,true,-1316,0,0,false,false,AllPlantedFeet,FollowBody,true,true,-1316,0.3840365,0.163215,1,0,0,0,0,Free,PolicyReleased,Unlocked,NoFutureLanding,GroundingEffectorTarget,FinalIkGrounding,true,0.7639608,0,0,0,0.04396397,0.4409386,-0.4643969,0.04396397,0.4409386,-0.4643969,0.04396394,0.4509313,-0.4643967,0.009992719,0.7600141,true,true,-1316,0.1976958,0.1817401,1,0,0,0,0,Free,PolicyReleased,Unlocked,NoFutureLanding,GroundingEffectorTarget,FinalIkGrounding,true,0.762795,0,0,0,0.03643609,0.1560765,0.1362292,0.03643609,0.1560765,0.1362292,0.03643603,0.1660692,0.1362293,0.009992704,1.394909
1219,381,1219,1220,1220,rootmotion.finalik.grounding/explicit-pose-world-query-secondary-plant/v4,rootmotion.finalik.full-body-biped-ik/indexed-pose-backend,None,true,true,-1316,0,0,false,false,AllPlantedFeet,FollowBody,true,true,-1316,0.5573529,0.1004156,1,0.1147058,0,0.1147058,0.1147058,Free,PolicyReleased,Unlocked,NoFutureLanding,GroundingEffectorTarget,FinalIkGrounding,true,0.932549,0,0,0,0.06996345,0.4121459,-0.5778471,0.06996349,0.4121459,-0.5778474,0.06996328,0.4209922,-0.5778471,0.008846223,0.5035766,true,true,-1316,0.130495,0.1717156,1,0,0,0,0,Free,PolicyReleased,Unlocked,NoFutureLanding,GroundingEffectorTarget,FinalIkGrounding,true,0.7511691,0,0,0,0.01756415,0.208664,0.2009585,0.01756415,0.208664,0.2009585,0.01756417,0.2186566,0.2009585,0.00999257,1.049773
1220,382,1220,1221,1221,rootmotion.finalik.grounding/explicit-pose-world-query-secondary-plant/v4,rootmotion.finalik.full-body-biped-ik/indexed-pose-backend,None,false,true,-1316,0,0,false,false,AllPlantedFeet,FollowBody,true,true,-1316,0,0.08011132,1,0,0,0,0,Free,PolicyReleased,Unlocked,NoFutureLanding,GroundingEffectorTarget,FinalIkGrounding,true,0.9954387,0,0,0,0.01661647,0.2447619,-0.5194548,0.01661647,0.2447619,-0.5194548,0.01661634,0.254754,-0.5194548,0.009992138,0.4187135,true,true,-1316,0.03327443,0.1127551,1,0,0,0,0,Free,PolicyReleased,Unlocked,NoFutureLanding,GroundingEffectorTarget,FinalIkGrounding,true,0.7743951,0,0,0,0.03646376,0.2040081,0.1720926,0.03646376,0.2040081,0.1720926,0.03646367,0.2140006,0.1720923,0.009992525,0.773286
1221,383,1221,1222,1222,rootmotion.finalik.grounding/explicit-pose-world-query-secondary-plant/v4,rootmotion.finalik.full-body-biped-ik/indexed-pose-backend,None,false,true,-1316,0,0,false,false,AllPlantedFeet,FollowBody,true,true,-1316,0,0.152421,1,0,0,0,0,Free,PolicyReleased,Unlocked,NoFutureLanding,GroundingEffectorTarget,FinalIkGrounding,true,0.985606,0,0,0,-0.006735345,0.2276977,-0.4932579,-0.006735345,0.2276977,-0.4932579,-0.006735384,0.2376781,-0.4932582,0.00998041,0.3357176,true,true,-1656,0.001226239,0.07164749,1,0,0,0,0,Free,PolicyReleased,Unlocked,NoFutureLanding,GroundingEffectorTarget,FinalIkGrounding,true,0.8324574,0,0,0,0.04550509,0.2562189,0.1906017,0.04550509,0.2562189,0.1906017,0.04550485,0.1837181,0.1906017,0.07250082,0.6205485
1222,384,1222,1223,1223,rootmotion.finalik.grounding/explicit-pose-world-query-secondary-plant/v4,rootmotion.finalik.full-body-biped-ik/indexed-pose-backend,None,false,true,-1656,0,0,false,false,AllPlantedFeet,FollowBody,true,true,-1316,0,0.2619029,1,0,0,0,0,Free,PolicyReleased,Unlocked,NoFutureLanding,GroundingEffectorTarget,FinalIkGrounding,true,0.9383295,0,0,0,-0.003411442,0.2769022,-0.5369186,-0.003411442,0.2769022,-0.5369186,-0.003411507,0.3376819,-0.5369186,0.06077969,0.2470814,true,true,-1656,0.3223011,0.06198616,1,0,0,0,0,Free,PolicyReleased,Unlocked,NoFutureLanding,GroundingEffectorTarget,FinalIkGrounding,true,0.8994572,0,0,0,0.04146878,0.3357838,0.2762971,0.04146878,0.3357838,0.2762971,0.04146878,0.1677895,0.2762971,0.1679943,0.4562825
1223,385,1223,1224,1224,rootmotion.finalik.grounding/explicit-pose-world-query-secondary-plant/v4,rootmotion.finalik.full-body-biped-ik/indexed-pose-backend,None,false,true,-1656,0,0,false,false,AllPlantedFeet,FollowBody,false,false,0,0,0.3699449,0,0,0,0,0,Free,PolicyReleased,Unlocked,NoFutureLanding,GroundingEffectorTarget,FinalIkGrounding,true,0.8577643,0,0,0,0.00718945,0.4407727,-0.5385267,0.00718945,0.4407727,-0.5385267,0.007189391,0.4407728,-0.5385268,1.603181E-07,0,true,true,-1666,0.2481082,0.05906024,1,0,0,0,0,Free,PolicyReleased,Unlocked,NoFutureLanding,GroundingEffectorTarget,FinalIkGrounding,true,0.943751,0,0,0,0.03058646,0.4151233,0.3219602,0.03058646,0.4151233,0.3219602,0.0305865,0.1505904,0.32196,0.2645329,0.3357176
1224,386,1224,1225,1225,rootmotion.finalik.grounding/explicit-pose-world-query-secondary-plant/v4,rootmotion.finalik.full-body-biped-ik/indexed-pose-backend,None,false,true,-1656,0,0,false,false,AllPlantedFeet,FollowBody,false,false,0,0,0.432469,0,0,0,0,0,Free,PolicyReleased,Unlocked,NoFutureLanding,GroundingEffectorTarget,FinalIkGrounding,true,0.7668564,0,0,0,0.00183568,0.4845421,-0.4926333,0.00183568,0.4845421,-0.4926333,0.001835758,0.484542,-0.4926332,1.905255E-07,0,true,true,-1666,0,0.04687017,1,0,0,0,0,Free,PolicyReleased,Unlocked,NoFutureLanding,GroundingEffectorTarget,FinalIkGrounding,true,0.990616,0,0,0,0.02396927,0.3778043,0.3575622,0.02396927,0.3778043,0.3575622,0.02396909,0.1239457,0.3575622,0.2538586,0.2712419
1225,387,1225,1226,1226,rootmotion.finalik.grounding/explicit-pose-world-query-secondary-plant/v4,rootmotion.finalik.full-body-biped-ik/indexed-pose-backend,None,false,true,-1666,0,0,false,false,AllPlantedFeet,FollowBody,false,false,0,0,0.4660108,0,0,0,0,0,Free,PolicyReleased,Unlocked,NoFutureLanding,GroundingEffectorTarget,FinalIkGrounding,true,0.6631939,0,0,0,-0.01365878,0.4983799,-0.4273305,-0.01365878,0.4983799,-0.4273305,-0.01365894,0.49838,-0.4273307,2.567631E-07,0,true,true,-1666,0,0.008565761,1,0,0,0,0,Free,PolicyReleased,Unlocked,NoFutureLanding,GroundingEffectorTarget,FinalIkGrounding,true,0.9848537,0,0,0,0.01453268,0.2563561,0.3218151,0.01453268,0.2563561,0.3218151,0.01453277,0.08340356,0.321815,0.1729525,0.2055842
1226,388,1226,1227,1227,rootmotion.finalik.grounding/explicit-pose-world-query-secondary-plant/v4,rootmotion.finalik.full-body-biped-ik/indexed-pose-backend,None,true,true,-1666,0.07921937,0.03250012,false,false,AllPlantedFeet,FollowBody,false,false,0,0,0.4887248,0,0,0,0,0,Free,PolicyReleased,Unlocked,NoFutureLanding,GroundingEffectorTarget,FinalIkGrounding,true,0.5441646,0,0,0,-0.04991189,0.4959614,-0.3491299,-0.04991189,0.4959614,-0.3491299,-0.04991203,0.5284616,-0.3491299,0.03250015,0,true,true,-1666,1,-0.003042776,1,1,0,1,1,Free,PolicyReleased,Unlocked,NoFutureLanding,GroundingEffectorTarget,FinalIkGrounding,true,0.8167062,0,0,0,-0.006182784,0.1588998,0.1290843,-0.006182784,0.1588998,0.1290843,-0.006182758,0.1588998,0.1290844,5.951909E-08,0
1227,389,1227,1228,1228,rootmotion.finalik.grounding/explicit-pose-world-query-secondary-plant/v4,rootmotion.finalik.full-body-biped-ik/indexed-pose-backend,None,true,true,-1666,0.0096609,0.02515926,false,false,AllPlantedFeet,FollowBody,true,true,-1666,0,0.3993528,1,0,0,0,0,Free,PolicyReleased,Unlocked,NoFutureLanding,GroundingEffectorTarget,FinalIkGrounding,true,0.4673361,0,0,0,-0.06203618,0.428613,-0.2313208,-0.06203618,0.428613,-0.2313208,-0.06203636,0.4483888,-0.2313211,0.01977572,0,true,true,-1666,1,-0.002129485,1,1,0,1,1,Free,PolicyReleased,Unlocked,NoFutureLanding,GroundingEffectorTarget,FinalIkGrounding,true,0.8860688,0,0,0,-0.0238394,0.08870307,-0.03569782,-0.0238394,0.08870307,-0.03569782,-0.02383949,0.08870295,-0.03569786,1.513793E-07,0
1228,390,1228,1229,1229,rootmotion.finalik.grounding/explicit-pose-world-query-secondary-plant/v4,rootmotion.finalik.full-body-biped-ik/indexed-pose-backend,None,true,true,-1676,-0.05714543,-0.006987426,false,false,AllPlantedFeet,FollowBody,true,true,-1666,0,0.2761688,1,0,0,0,0,Free,PolicyReleased,Unlocked,NoFutureLanding,GroundingEffectorTarget,FinalIkGrounding,true,0.5161678,0,0,0,-0.06706198,0.2553988,-0.113797,-0.06706198,0.2553988,-0.113797,-0.06706207,0.3319792,-0.1137971,0.07658041,0,true,true,-1666,0.8263785,-0.004508662,1,0.6527569,0,0.6527569,0.6527569,Free,PolicyReleased,Unlocked,NoFutureLanding,GroundingEffectorTarget,FinalIkGrounding,true,1.023448,0,0,0,-0.02298359,-0.0009765625,-0.255241,-0.02298359,-0.0009765625,-0.255241,-0.02219698,0.03032923,-0.2529771,0.03139739,0
1229,391,1229,1230,1230,rootmotion.finalik.grounding/explicit-pose-world-query-secondary-plant/v4,rootmotion.finalik.full-body-biped-ik/indexed-pose-backend,None,false,true,-1676,0,-0.00423715,false,false,AllPlantedFeet,FollowBody,true,true,-1676,0,0.1342181,1,0,0,0,0,Free,PolicyReleased,Unlocked,NoFutureLanding,GroundingEffectorTarget,FinalIkGrounding,true,0.6716869,0,0,0,-0.05546631,0.2479714,0.01869642,-0.05546631,0.2479714,0.01869642,-0.05546626,0.2334803,0.01869653,0.01449108,0,true,true,-1666,0,0.05278776,1,0,0,0,0,Free,PolicyReleased,Unlocked,NoFutureLanding,GroundingEffectorTarget,FinalIkGrounding,true,0.9994918,0,0,0,0.001547566,-0.007550657,-0.420667,0.001547566,-0.007550657,-0.420667,0.001547527,0.158538,-0.4206669,0.1660887,0
1230,392,1230,1231,1231,rootmotion.finalik.grounding/explicit-pose-world-query-secondary-plant/v4,rootmotion.finalik.full-body-biped-ik/indexed-pose-backend,None,false,true,-1676,0,0,false,false,AllPlantedFeet,FollowBody,true,true,-1686,0,0.08503304,1,0,0,0,0,Free,PolicyReleased,Unlocked,NoFutureLanding,GroundingEffectorTarget,FinalIkGrounding,true,0.7619734,0,0,0,-0.04880735,0.2775897,0.0984306,-0.04880735,0.2775897,0.0984306,-0.04880742,0.1910768,0.09843047,0.08651289,0,true,true,-1666,0,0.1258225,1,0,0,0,0,Free,PolicyReleased,Unlocked,NoFutureLanding,GroundingEffectorTarget,FinalIkGrounding,true,0.9911669,0,0,0,0.01014099,0.121886,-0.4748208,0.01014099,0.121886,-0.4748208,0.01014108,0.2189447,-0.474821,0.09705864,0
1231,393,1231,1232,1232,rootmotion.finalik.grounding/explicit-pose-world-query-secondary-plant/v4,rootmotion.finalik.full-body-biped-ik/indexed-pose-backend,None,false,true,-1686,0,0,false,false,AllPlantedFeet,FollowBody,true,true,-1686,0,0.06722081,1,0,0,0,0,Free,PolicyReleased,Unlocked,NoFutureLanding,GroundingEffectorTarget,FinalIkGrounding,true,0.8184717,0,0,0,-0.0450388,0.3221216,0.1760124,-0.0450388,0.3221216,0.1760124,-0.04503898,0.1705312,0.1760123,0.1515904,0,false,false,0,0,0.2028442,0,0,0,0,0,Free,PolicyReleased,Unlocked,NoFutureLanding,GroundingEffectorTarget,FinalIkGrounding,true,0.9681185,0,0,0,0.001690713,0.2852319,-0.517741,0.001690713,0.2852319,-0.517741,0.001690522,0.2852319,-0.5177411,2.006758E-07,0
1232,394,1232,1233,1233,rootmotion.finalik.grounding/explicit-pose-world-query-secondary-plant/v4,rootmotion.finalik.full-body-biped-ik/indexed-pose-backend,None,false,true,-1686,0,0,false,false,AllPlantedFeet,FollowBody,true,true,-1696,0.0758388,0.05619265,1,0,0,0,0,Free,PolicyReleased,Unlocked,NoFutureLanding,GroundingEffectorTarget,FinalIkGrounding,true,0.8731134,0,0,0,-0.03736012,0.3845146,0.2563451,-0.03736012,0.3845146,0.2563451,-0.03736016,0.1570783,0.2563451,0.2274362,8.92872,true,true,-1676,0,0.2882674,1,0,0,0,0,Free,PolicyReleased,Unlocked,NoFutureLanding,GroundingEffectorTarget,FinalIkGrounding,true,0.9216009,0,0,0,-0.006127376,0.3638003,-0.5413593,-0.006127376,0.3638003,-0.5413593,-0.006127581,0.3638003,-0.5413595,2.784016E-07,0
1233,395,1233,1234,1234,rootmotion.finalik.grounding/explicit-pose-world-query-secondary-plant/v4,rootmotion.finalik.full-body-biped-ik/indexed-pose-backend,None,false,true,-1686,0,0,false,false,AllPlantedFeet,FollowBody,true,true,-1696,0.0462092,0.0532711,1,0,0,0,0,Free,PolicyReleased,Unlocked,NoFutureLanding,GroundingEffectorTarget,FinalIkGrounding,true,0.945614,0,0,0,-0.02185604,0.4041534,0.3521617,-0.02185604,0.4041534,0.3521617,-0.0218562,0.1432076,0.3521618,0.2609458,6.757626,false,false,0,0,0.3886695,0,0,0,0,0,Free,PolicyReleased,Unlocked,NoFutureLanding,GroundingEffectorTarget,FinalIkGrounding,true,0.8332285,0,0,0,-0.008822826,0.4534566,-0.528659,-0.008822826,0.4534566,-0.528659,-0.00882287,0.4534566,-0.5286589,9.49812E-08,0
1234,396,1234,1235,1235,rootmotion.finalik.grounding/explicit-pose-world-query-secondary-plant/v4,rootmotion.finalik.full-body-biped-ik/indexed-pose-backend,None,false,true,-1696,0,0,false,false,AllPlantedFeet,FollowBody,true,true,-1696,0,0.032784,1,0,0,0,0,Free,PolicyReleased,Unlocked,NoFutureLanding,GroundingEffectorTarget,FinalIkGrounding,true,0.9979756,0,0,0,-0.009835952,0.2982202,0.3741844,-0.009835952,0.2982202,0.3741844,-0.009835957,0.1015491,0.3741845,0.1966711,5.534222,false,false,0,0,0.4395611,0,0,0,0,0,Free,PolicyReleased,Unlocked,NoFutureLanding,GroundingEffectorTarget,FinalIkGrounding,true,0.7281516,0,0,0,0.002440075,0.4935114,-0.4725332,0.002440075,0.4935114,-0.4725332,0.002439879,0.4935114,-0.472533,2.861163E-07,0
1235,397,1235,1236,1236,rootmotion.finalik.grounding/explicit-pose-world-query-secondary-plant/v4,rootmotion.finalik.full-body-biped-ik/indexed-pose-backend,None,false,true,-1696,0,0,false,false,AllPlantedFeet,FollowBody,true,true,-1706,0.09987576,0.0005527817,1,0,0,0,0,Free,PolicyReleased,Unlocked,NoFutureLanding,GroundingEffectorTarget,FinalIkGrounding,true,0.9699797,0,0,0,-0.01167808,0.3340228,0.3124216,-0.01167808,0.3340228,0.3124216,-0.01167819,0.07576823,0.3124218,0.2582545,4.688032,false,false,0,0,0.4615819,0,0,0,0,0,Free,PolicyReleased,Unlocked,NoFutureLanding,GroundingEffectorTarget,FinalIkGrounding,true,0.655639,0,0,0,0.006708454,0.5054406,-0.4275573,0.006708454,0.5054406,-0.4275573,0.006708596,0.5054407,-0.4275573,1.874528E-07,0
1236,398,1236,1237,1237,rootmotion.finalik.grounding/explicit-pose-world-query-secondary-plant/v4,rootmotion.finalik.full-body-biped-ik/indexed-pose-backend,None,true,true,-1696,0.1406362,0.053769,false,false,AllPlantedFeet,FollowBody,true,true,-1696,0.9351386,-0.002172656,1,0.8702773,0,0.8702773,0.8702773,Free,PolicyReleased,Unlocked,NoFutureLanding,GroundingEffectorTarget,FinalIkGrounding,true,0.7266388,0,0,0,0.00614423,0.2441001,0.1076654,0.00614423,0.2441001,0.1076654,0.006144212,0.2301121,0.1076654,0.01398799,0.4613998,false,false,0,0,0.4449724,0,0,0,0,0,Free,PolicyReleased,Unlocked,NoFutureLanding,GroundingEffectorTarget,FinalIkGrounding,true,0.5222949,0,0,0,0.04333671,0.4867778,-0.3328442,0.04333671,0.4867778,-0.3328442,0.04333663,0.5405468,-0.3328443,0.05376899,0
1237,399,1237,1238,1238,rootmotion.finalik.grounding/explicit-pose-world-query-secondary-plant/v4,rootmotion.finalik.full-body-biped-ik/indexed-pose-backend,None,true,true,-1696,0.02573689,0.0427869,false,false,AllPlantedFeet,FollowBody,true,true,-1696,0.7044271,0.002994344,1,0.4088542,0,0.4088542,0.4088542,Free,PolicyReleased,Unlocked,NoFutureLanding,GroundingEffectorTarget,FinalIkGrounding,true,0.8496587,0,0,0,0.02017311,0.146934,-0.1006612,0.02017311,0.146934,-0.1006612,0.02017317,0.1350155,-0.1006611,0.01191851,1.580125,true,true,-1696,0,0.3479849,1,0,0,0,0,Free,PolicyReleased,Unlocked,NoFutureLanding,GroundingEffectorTarget,FinalIkGrounding,true,0.450116,0,0,0,0.06542256,0.4220961,-0.2183655,0.06542256,0.4220961,-0.2183655,0.06542259,0.4648831,-0.2183655,0.04278696,0
1238,400,1238,1239,1239,rootmotion.finalik.grounding/explicit-pose-world-query-secondary-plant/v4,rootmotion.finalik.full-body-biped-ik/indexed-pose-backend,None,true,true,-1706,-0.003524042,0.02908113,false,false,AllPlantedFeet,FollowBody,true,true,-1696,0.7994632,-0.009031861,1,0.5989263,0,0.5989263,0.5989263,Free,PolicyReleased,Unlocked,NoFutureLanding,GroundingEffectorTarget,FinalIkGrounding,true,0.9852279,0,0,0,0.02919961,0.069381,-0.265582,0.02919961,0.069381,-0.265582,0.02919966,0.08340457,-0.2655819,0.01402357,0.8829242,true,true,-1696,0,0.2612809,1,0,0,0,0,Free,PolicyReleased,Unlocked,NoFutureLanding,GroundingEffectorTarget,FinalIkGrounding,true,0.5102847,0,0,0,0.0691369,0.2888641,-0.1439825,0.0691369,0.2888641,-0.1439825,0.06913687,0.3828334,-0.1439825,0.09396926,0
1239,401,1239,1240,1240,rootmotion.finalik.grounding/explicit-pose-world-query-secondary-plant/v4,rootmotion.finalik.full-body-biped-ik/indexed-pose-backend,None,false,true,-1706,0,0.02222482,false,false,AllPlantedFeet,FollowBody,true,true,-1696,0.04819602,0.001693444,1,0,0,0,0,Free,PolicyReleased,Unlocked,NoFutureLanding,GroundingEffectorTarget,FinalIkGrounding,true,0.9991084,0,0,0,0.01769809,0.04270852,-0.3533439,0.01769809,0.04270852,-0.3533439,0.01769818,0.1231695,-0.353344,0.08046103,1.908172,true,true,-1706,0,0.190274,1,0,0,0,0,Free,PolicyReleased,Unlocked,NoFutureLanding,GroundingEffectorTarget,FinalIkGrounding,true,0.5996983,0,0,0,0.06397868,0.279618,-0.05705076,0.06397868,0.279618,-0.05705076,0.06397852,0.313309,-0.05705044,0.03369102,0
1240,402,1240,1241,1241,rootmotion.finalik.grounding/explicit-pose-world-query-secondary-plant/v4,rootmotion.finalik.full-body-biped-ik/indexed-pose-backend,None,false,true,-1706,0,0.01368925,false,false,AllPlantedFeet,FollowBody,true,true,-1696,0,0.1044971,1,0,0,0,0,Free,PolicyReleased,Unlocked,NoFutureLanding,GroundingEffectorTarget,FinalIkGrounding,true,0.9952888,0,0,0,-0.00488538,0.04494083,-0.4623925,-0.00488538,0.04494083,-0.4623925,-0.004885513,0.2105393,-0.4623924,0.1655984,1.446151,true,true,-1706,0,0.09140271,1,0,0,0,0,Free,PolicyReleased,Unlocked,NoFutureLanding,GroundingEffectorTarget,FinalIkGrounding,true,0.7731153,0,0,0,0.04782188,0.2162099,0.1238359,0.04782188,0.2162099,0.1238359,0.04782193,0.2171519,0.1238357,0.0009420217,0
1241,403,1241,1242,1242,rootmotion.finalik.grounding/explicit-pose-world-query-secondary-plant/v4,rootmotion.finalik.full-body-biped-ik/indexed-pose-backend,None,false,true,-1716,0,0.008327769,false,false,AllPlantedFeet,FollowBody,true,true,-1706,0,0.2079762,1,0,0,0,0,Free,PolicyReleased,Unlocked,NoFutureLanding,GroundingEffectorTarget,FinalIkGrounding,true,0.966288,0,0,0,-0.006559159,0.2149371,-0.5204684,-0.006559159,0.2149371,-0.5204684,-0.006559394,0.2956512,-0.5204682,0.08071411,1.084971,true,true,-1716,0.1325076,0.06423001,1,0,0,0,0,Free,PolicyReleased,Unlocked,NoFutureLanding,GroundingEffectorTarget,FinalIkGrounding,true,0.872637,0,0,0,0.04505501,0.2810363,0.240257,0.04505501,0.2810363,0.240257,0.04505496,0.181996,0.240257,0.09904021,0
1242,404,1242,1243,1243,rootmotion.finalik.grounding/explicit-pose-world-query-secondary-plant/v4,rootmotion.finalik.full-body-biped-ik/indexed-pose-backend,None,false,true,-1716,0,0.005868586,false,false,AllPlantedFeet,FollowBody,true,true,-1706,0,0.2820572,1,0,0,0,0,Free,PolicyReleased,Unlocked,NoFutureLanding,GroundingEffectorTarget,FinalIkGrounding,true,0.9266157,0,0,0,-0.001151009,0.3475673,-0.5411222,-0.001151009,0.3475673,-0.5411222,-0.001151187,0.3627074,-0.5411218,0.01514012,0.8943742,true,true,-1716,0.3462451,0.06066924,1,0,0,0,0,Free,PolicyReleased,Unlocked,NoFutureLanding,GroundingEffectorTarget,FinalIkGrounding,true,0.9074727,0,0,0,0.04001296,0.2723534,0.284808,0.04001296,0.2723534,0.284808,0.0400129,0.1706499,0.2848085,0.1017035,0
1243,405,1243,1244,1244,rootmotion.finalik.grounding/explicit-pose-world-query-secondary-plant/v4,rootmotion.finalik.full-body-biped-ik/indexed-pose-backend,None,false,true,-1716,0,0.004400757,false,false,AllPlantedFeet,FollowBody,false,false,0,0,0.3470411,0,0,0,0,0,Free,PolicyReleased,Unlocked,NoFutureLanding,GroundingEffectorTarget,FinalIkGrounding,true,0.881418,0,0,0,0.005932416,0.4186924,-0.5445193,0.005932416,0.4186924,-0.5445193,0.005932454,0.4230932,-0.5445195,0.004400879,0,true,true,-1726,0.423448,0.05642308,1,0,0,0,0,Free,PolicyReleased,Unlocked,NoFutureLanding,GroundingEffectorTarget,FinalIkGrounding,true,0.9326733,0,0,0,0.0347458,0.3186939,0.3066046,0.0347458,0.3186939,0.3066046,0.03474582,0.1571156,0.3066046,0.1615783,0
1244,406,1244,1245,1245,rootmotion.finalik.grounding/explicit-pose-world-query-secondary-plant/v4,rootmotion.finalik.full-body-biped-ik/indexed-pose-backend,None,false,true,-1726,0,0,false,false,AllPlantedFeet,FollowBody,false,false,0,0,0.4364161,0,0,0,0,0,Free,PolicyReleased,Unlocked,NoFutureLanding,GroundingEffectorTarget,FinalIkGrounding,true,0.75916,0,0,0,0.001316127,0.4868346,-0.4880818,0.001316127,0.4868346,-0.4880818,0.001316164,0.4868347,-0.4880822,4.791374E-07,0,true,true,-1726,0,0.04509473,1,0,0,0,0,Free,PolicyReleased,Unlocked,NoFutureLanding,GroundingEffectorTarget,FinalIkGrounding,true,0.9926729,0,0,0,0.0238014,0.3210496,0.3579589,0.0238014,0.3210496,0.3579589,0.02380159,0.1213871,0.3579593,0.1996624,0
1245,407,1245,1246,1246,rootmotion.finalik.grounding/explicit-pose-world-query-secondary-plant/v4,rootmotion.finalik.full-body-biped-ik/indexed-pose-backend,None,false,true,-1726,0,0,false,false,AllPlantedFeet,FollowBody,false,false,0,0,0.4660577,0,0,0,0,0,Free,PolicyReleased,Unlocked,NoFutureLanding,GroundingEffectorTarget,FinalIkGrounding,true,0.6629601,0,0,0,-0.01368493,0.4984643,-0.4272238,-0.01368493,0.4984643,-0.4272238,-0.01368494,0.4984644,-0.4272236,2.403624E-07,0,true,true,-1826,0,0.008493298,1,0,0,0,0,Free,PolicyReleased,Unlocked,NoFutureLanding,GroundingEffectorTarget,FinalIkGrounding,true,0.9845999,0,0,0,0.01450328,0.1997659,0.3213466,0.01450328,0.1997659,0.3213466,0.01450355,0.08326229,0.321347,0.1165036,0
1246,408,1246,1247,1247,rootmotion.finalik.grounding/explicit-pose-world-query-secondary-plant/v4,rootmotion.finalik.full-body-biped-ik/indexed-pose-backend,None,true,true,-1726,0.02187843,0.006755692,false,false,AllPlantedFeet,FollowBody,false,false,0,0,0.488519,0,0,0,0,0,Free,PolicyReleased,Unlocked,NoFutureLanding,GroundingEffectorTarget,FinalIkGrounding,true,0.595385,0,0,0,-0.03821743,0.5027186,-0.3876484,-0.03821743,0.5027186,-0.3876484,-0.03821724,0.5094742,-0.3876481,0.00675559,0,true,true,-1826,0.7165571,-0.001914756,1,0.4331143,0,0.4331143,0.4331143,Free,PolicyReleased,Unlocked,NoFutureLanding,GroundingEffectorTarget,FinalIkGrounding,true,0.8794674,0,0,0,0.0008635992,0.1303259,0.1957278,0.0008635992,0.1303259,0.1957278,0.0008636694,0.1055197,0.1957276,0.02480623,0
1247,409,1247,1248,1248,rootmotion.finalik.grounding/explicit-pose-world-query-secondary-plant/v4,rootmotion.finalik.full-body-biped-ik/indexed-pose-backend,None,true,true,-1726,0.006894469,0.006789213,false,false,AllPlantedFeet,FollowBody,false,false,0,0,0.4800848,0,0,0,0,0,Free,PolicyReleased,Unlocked,NoFutureLanding,GroundingEffectorTarget,FinalIkGrounding,true,0.5034618,0,0,0,-0.05278079,0.4857011,-0.3137744,-0.05278079,0.4857011,-0.3137744,-0.05278083,0.4924904,-0.3137749,0.006789327,0,true,true,-1726,1,-0.003400669,1,1,0,1,1,Free,PolicyReleased,Unlocked,NoFutureLanding,GroundingEffectorTarget,FinalIkGrounding,true,0.8743169,0,0,0,-0.01186015,0.08468735,0.07949228,-0.01186015,0.08468735,0.07949228,-0.01186017,0.08468735,0.07949223,5.674193E-08,0
1248,410,1248,1249,1249,rootmotion.finalik.grounding/explicit-pose-world-query-secondary-plant/v4,rootmotion.finalik.full-body-biped-ik/indexed-pose-backend,None,true,true,-1726,-0.00999999,-0.00016564,false,false,AllPlantedFeet,FollowBody,true,true,-1726,0,0.3255154,1,0,0,0,0,Free,PolicyReleased,Unlocked,NoFutureLanding,GroundingEffectorTarget,FinalIkGrounding,true,0.4749657,0,0,0,-0.06626938,0.3628649,-0.1539283,-0.06626938,0.3628649,-0.1539283,-0.06626913,0.3726991,-0.153928,0.00983429,0.2167047,true,true,-1726,1,-0.004100853,1,1,0.1969119,1,1,Free,PolicyReleased,Unlocked,NoFutureLanding,GroundingEffectorTarget,FinalIkGrounding,true,0.906657,0,0,0,-0.02414773,0.06863415,-0.1477595,-0.02414773,0.06863415,-0.1477595,-0.02414773,0.06863409,-0.1477595,6.664002E-08,0
1249,411,1249,1250,1250,rootmotion.finalik.grounding/explicit-pose-world-query-secondary-plant/v4,rootmotion.finalik.full-body-biped-ik/indexed-pose-backend,None,false,true,-1826,0,0,false,false,AllPlantedFeet,FollowBody,true,true,-1826,0,0.2020991,1,0,0,0,0,Free,PolicyReleased,Unlocked,NoFutureLanding,GroundingEffectorTarget,FinalIkGrounding,true,0.5917917,0,0,0,-0.0650197,0.2763344,-0.05305541,-0.0650197,0.2763344,-0.05305541,-0.06501955,0.2863343,-0.05305514,0.009999871,0.1631294,true,true,-1726,0,0.006683618,1,0,0,0,0,Free,PolicyReleased,Unlocked,NoFutureLanding,GroundingEffectorTarget,FinalIkGrounding,true,0.9996008,0,0,0,-0.01243095,0.09785998,-0.3468059,-0.01243095,0.09785998,-0.3468059,-0.01243105,0.1078601,-0.3468062,0.01000008,0
1250,412,1250,1251,1251,rootmotion.finalik.grounding/explicit-pose-world-query-secondary-plant/v4,rootmotion.finalik.full-body-biped-ik/indexed-pose-backend,None,false,true,-1826,0,0,false,false,AllPlantedFeet,FollowBody,true,true,-1826,0,0.1069146,1,0,0,0,0,Free,PolicyReleased,Unlocked,NoFutureLanding,GroundingEffectorTarget,FinalIkGrounding,true,0.7148399,0,0,0,-0.05123097,0.2042354,0.05476358,-0.05123097,0.2042354,0.05476358,-0.05123086,0.2142354,0.05476336,0.00999999,0,true,true,-1726,0,0.08017518,1,0,0,0,0,Free,PolicyReleased,Unlocked,NoFutureLanding,GroundingEffectorTarget,FinalIkGrounding,true,0.9975483,0,0,0,0.009692801,0.1714584,-0.4401341,0.009692801,0.1714584,-0.4401341,0.009692665,0.1814582,-0.4401342,0.009999871,0
1251,413,1251,1252,1252,rootmotion.finalik.grounding/explicit-pose-world-query-secondary-plant/v4,rootmotion.finalik.full-body-biped-ik/indexed-pose-backend,None,false,true,-1826,0,0,false,false,AllPlantedFeet,FollowBody,true,true,-1826,0,0.07299028,1,0,0,0,0,Free,PolicyReleased,Unlocked,NoFutureLanding,GroundingEffectorTarget,FinalIkGrounding,true,0.7964014,0,0,0,-0.04703057,0.1674863,0.1433497,-0.04703057,0.1674863,0.1433497,-0.04703066,0.1774863,0.1433498,0.009999961,0,true,true,-1826,0,0.171408,1,0,0,0,0,Free,PolicyReleased,Unlocked,NoFutureLanding,GroundingEffectorTarget,FinalIkGrounding,true,0.9796544,0,0,0,0.005533508,0.2475194,-0.5025992,0.005533508,0.2475194,-0.5025992,0.005533591,0.2575193,-0.5025993,0.009999931,0
1252,414,1252,1253,1253,rootmotion.finalik.grounding/explicit-pose-world-query-secondary-plant/v4,rootmotion.finalik.full-body-biped-ik/indexed-pose-backend,None,false,true,-1826,0,0,false,false,AllPlantedFeet,FollowBody,true,true,-1826,0,0.05974331,1,0,0,0,0,Free,PolicyReleased,Unlocked,NoFutureLanding,GroundingEffectorTarget,FinalIkGrounding,true,0.8536802,0,0,0,-0.04050568,0.1517786,0.2294357,-0.04050568,0.1517786,0.2294357,-0.04050559,0.1617785,0.2294355,0.009999931,0,true,true,-1826,0,0.257016,1,0,0,0,0,Free,PolicyReleased,Unlocked,NoFutureLanding,GroundingEffectorTarget,FinalIkGrounding,true,0.9409249,0,0,0,-0.003245592,0.3243355,-0.5354076,-0.003245592,0.3243355,-0.5354076,-0.003245488,0.3343356,-0.535408,0.01000011,0
1253,415,1253,1254,1254,rootmotion.finalik.grounding/explicit-pose-world-query-secondary-plant/v4,rootmotion.finalik.full-body-biped-ik/indexed-pose-backend,None,false,true,-1826,0,0,false,false,AllPlantedFeet,FollowBody,true,true,-1826,0.4485586,0.05186979,1,0,0,0,0,Free,PolicyReleased,Unlocked,NoFutureLanding,GroundingEffectorTarget,FinalIkGrounding,true,0.8970892,0,0,0,-0.03379289,0.1409327,0.2861162,-0.03379289,0.1409327,0.2861162,-0.03379283,0.1509327,0.2861164,0.00999999,0,true,true,-1826,0,0.3284332,1,0,0,0,0,Free,PolicyReleased,Unlocked,NoFutureLanding,GroundingEffectorTarget,FinalIkGrounding,true,0.8949952,0,0,0,-0.01003546,0.3906149,-0.5445786,-0.01003546,0.3906149,-0.5445786,-0.01003545,0.4006149,-0.544579,0.01000002,0
1254,416,1254,1255,1255,rootmotion.finalik.grounding/explicit-pose-world-query-secondary-plant/v4,rootmotion.finalik.full-body-biped-ik/indexed-pose-backend,None,false,true,-1826,0,0,false,false,AllPlantedFeet,FollowBody,true,true,-1826,0.0352143,0.05065459,1,0,0,0,0,Free,PolicyReleased,Unlocked,NoFutureLanding,GroundingEffectorTarget,FinalIkGrounding,true,0.9563333,0,0,0,-0.02064479,0.1277291,0.359453,-0.02064479,0.1277291,0.359453,-0.02064461,0.1377291,0.3594526,0.01000002,0,true,true,-1826,0,0.3958975,1,0,0,0,0,Free,PolicyReleased,Unlocked,NoFutureLanding,GroundingEffectorTarget,FinalIkGrounding,true,0.8223853,0,0,0,-0.007842183,0.4597858,-0.5240449,-0.007842183,0.4597858,-0.5240449,-0.007842265,0.4597858,-0.5240446,3.090869E-07,0
1255,417,1255,1256,1256,rootmotion.finalik.grounding/explicit-pose-world-query-secondary-plant/v4,rootmotion.finalik.full-body-biped-ik/indexed-pose-backend,None,false,true,-1826,0,0,false,false,AllPlantedFeet,FollowBody,true,true,-1826,0,0.02996104,1,0,0,0,0,Free,PolicyReleased,Unlocked,NoFutureLanding,GroundingEffectorTarget,FinalIkGrounding,true,0.9983706,0,0,0,-0.009525685,0.08633816,0.3697321,-0.009525685,0.08633816,0.3697321,-0.009525707,0.09633818,0.3697323,0.01000002,0,false,false,0,0,0.4451931,0,0,0,0,0,Free,PolicyReleased,Unlocked,NoFutureLanding,GroundingEffectorTarget,FinalIkGrounding,true,0.7134496,0,0,0,0.004108415,0.4964322,-0.4634808,0.004108415,0.4964322,-0.4634808,0.004108444,0.4964321,-0.4634807,1.760822E-07,0
1256,418,1256,1257,1257,rootmotion.finalik.grounding/explicit-pose-world-query-secondary-plant/v4,rootmotion.finalik.full-body-biped-ik/indexed-pose-backend,None,true,true,-1826,-0.00999999,-0.00382726,false,false,AllPlantedFeet,FollowBody,true,true,-1826,1,-0.001107917,1,1,0,1,1,Free,PolicyReleased,Unlocked,NoFutureLanding,GroundingEffectorTarget,FinalIkGrounding,true,0.9056857,0,0,0,-0.007238946,0.07286108,0.2153844,-0.007238946,0.07286108,0.2153844,-0.007238937,0.07286119,0.2153844,1.195725E-07,0,false,false,0,0,0.4635612,0,0,0,0,0,Free,PolicyReleased,Unlocked,NoFutureLanding,GroundingEffectorTarget,FinalIkGrounding,true,0.6039936,0,0,0,0.01825535,0.5020307,-0.3929917,0.01825535,0.5020307,-0.3929917,0.01825534,0.4982034,-0.3929913,0.003827333,0
1257,419,1257,1258,1258,rootmotion.finalik.grounding/explicit-pose-world-query-secondary-plant/v4,rootmotion.finalik.full-body-biped-ik/indexed-pose-backend,None,true,true,-1826,-0.004915,-0.004160582,false,false,AllPlantedFeet,FollowBody,true,true,-1826,0.7457502,-0.0007057148,1,0.4915005,0.08635598,0.4915005,0.4915005,Free,PolicyReleased,Unlocked,NoFutureLanding,GroundingEffectorTarget,FinalIkGrounding,true,0.8558664,0,0,0,0.01200899,0.07199061,0.06016345,0.01200899,0.07199061,0.06016345,0.01200922,0.07496002,0.0601635,0.002969414,0,true,true,-1826,0,0.4296977,1,0,0,0,0,Free,PolicyReleased,Unlocked,NoFutureLanding,GroundingEffectorTarget,FinalIkGrounding,true,0.4889374,0,0,0,0.05167192,0.4767863,-0.3041658,0.05167192,0.4767863,-0.3041658,0.05167197,0.4726256,-0.3041656,0.004160613,0
1258,420,1258,1259,1259,rootmotion.finalik.grounding/explicit-pose-world-query-secondary-plant/v4,rootmotion.finalik.full-body-biped-ik/indexed-pose-backend,None,true,true,-1826,-0.008967506,-0.005354151,false,false,AllPlantedFeet,FollowBody,true,true,-1826,0.9483757,0.003025235,1,0.8967514,0.5868307,0.8967514,0.8967514,Free,PolicyReleased,Unlocked,NoFutureLanding,GroundingEffectorTarget,FinalIkGrounding,true,0.8577375,0,0,0,0.01932427,0.07430995,-0.05917249,0.01932427,0.07430995,-0.05917249,0.01932421,0.07478958,-0.05917241,0.0004796386,0,true,true,-1826,0,0.3719086,1,0,0,0,0,Free,PolicyReleased,Unlocked,NoFutureLanding,GroundingEffectorTarget,FinalIkGrounding,true,0.4489596,0,0,0,0.06180599,0.4391004,-0.2394834,0.06180599,0.4391004,-0.2394834,0.06180596,0.4337463,-0.2394835,0.005354077,0
1259,421,1259,1260,1260,rootmotion.finalik.grounding/explicit-pose-world-query-secondary-plant/v4,rootmotion.finalik.full-body-biped-ik/indexed-pose-backend,None,true,true,-1826,-0.007493181,-0.00615362,false,false,AllPlantedFeet,FollowBody,true,true,-1826,0.8746594,-0.01006647,1,0.7493188,0.2123777,0.7493188,0.7493188,Free,PolicyReleased,Unlocked,NoFutureLanding,GroundingEffectorTarget,FinalIkGrounding,true,0.9668218,0,0,0,0.02921045,0.06593668,-0.2735218,0.02921045,0.06593668,-0.2735218,0.0292104,0.06690091,-0.2735217,0.0009642243,0,true,true,-1826,0,0.2569146,1,0,0,0,0,Free,PolicyReleased,Unlocked,NoFutureLanding,GroundingEffectorTarget,FinalIkGrounding,true,0.5153977,0,0,0,0.06907395,0.339758,-0.1393821,0.06907395,0.339758,-0.1393821,0.06907396,0.3436044,-0.1393819,0.003846318,0
1260,422,1260,1261,1261,rootmotion.finalik.grounding/explicit-pose-world-query-secondary-plant/v4,rootmotion.finalik.full-body-biped-ik/indexed-pose-backend,None,false,true,-1826,0,-0.003727732,false,false,AllPlantedFeet,FollowBody,true,true,-1826,0,0.03961986,1,0,0,0,0,Free,PolicyReleased,Unlocked,NoFutureLanding,GroundingEffectorTarget,FinalIkGrounding,true,0.9996672,0,0,0,0.002232978,0.1366209,-0.4111358,0.002232978,0.1366209,-0.4111358,0.002232924,0.1428931,-0.4111358,0.006272256,0,true,true,-1826,0,0.1301257,1,0,0,0,0,Free,PolicyReleased,Unlocked,NoFutureLanding,GroundingEffectorTarget,FinalIkGrounding,true,0.6922529,0,0,0,0.05452663,0.2286993,0.03726773,0.05452663,0.2286993,0.03726773,0.05452667,0.2349716,0.03726742,0.006272227,0
1261,423,1261,1262,1262,rootmotion.finalik.grounding/explicit-pose-world-query-secondary-plant/v4,rootmotion.finalik.full-body-biped-ik/indexed-pose-backend,None,false,true,-1826,0,0,false,false,AllPlantedFeet,FollowBody,true,true,-1826,0,0.1536063,1,0,0,0,0,Free,PolicyReleased,Unlocked,NoFutureLanding,GroundingEffectorTarget,FinalIkGrounding,true,0.9852896,0,0,0,-0.00674188,0.2287489,-0.4939744,-0.00674188,0.2287489,-0.4939744,-0.006741643,0.238749,-0.4939742,0.01000009,0,true,true,-1826,0.003657911,0.07147082,1,0,0,0,0,Free,PolicyReleased,Unlocked,NoFutureLanding,GroundingEffectorTarget,FinalIkGrounding,true,0.833573,0,0,0,0.04550179,0.1733965,0.1918935,0.04550179,0.1733965,0.1918935,0.04550193,0.1833965,0.1918939,0.00999999,0
1262,424,1262,1263,1263,rootmotion.finalik.grounding/explicit-pose-world-query-secondary-plant/v4,rootmotion.finalik.full-body-biped-ik/indexed-pose-backend,None,false,true,-1826,0,0,false,false,AllPlantedFeet,FollowBody,true,true,-1826,0,0.2416539,1,0,0,0,0,Free,PolicyReleased,Unlocked,NoFutureLanding,GroundingEffectorTarget,FinalIkGrounding,true,0.9493507,0,0,0,-0.005086054,0.3090605,-0.5319018,-0.005086054,0.3090605,-0.5319018,-0.005086403,0.3190604,-0.5319021,0.009999961,0,true,true,-1826,0.2800266,0.06312381,1,0,0,0,0,Free,PolicyReleased,Unlocked,NoFutureLanding,GroundingEffectorTarget,FinalIkGrounding,true,0.8904554,0,0,0,0.04307604,0.1601237,0.2648252,0.04307604,0.1601237,0.2648252,0.04307621,0.1701237,0.2648255,0.00999999,0
1263,425,1263,1264,1264,rootmotion.finalik.grounding/explicit-pose-world-query-secondary-plant/v4,rootmotion.finalik.full-body-biped-ik/indexed-pose-backend,None,false,true,-1826,0,0,false,false,AllPlantedFeet,FollowBody,true,true,-1826,0,0.3497093,1,0,0,0,0,Free,PolicyReleased,Unlocked,NoFutureLanding,GroundingEffectorTarget,FinalIkGrounding,true,0.8793238,0,0,0,0.006094381,0.4109973,-0.5442082,0.006094381,0.4109973,-0.5442082,0.006094519,0.4209974,-0.544208,0.01000008,0,true,true,-1826,0.4266179,0.05624873,1,0,0,0,0,Free,PolicyReleased,Unlocked,NoFutureLanding,GroundingEffectorTarget,FinalIkGrounding,true,0.9337672,0,0,0,0.03447171,0.1422609,0.3076415,0.03447171,0.1422609,0.3076415,0.03447151,0.1522609,0.3076412,0.00999999,0
1264,426,1264,1265,1265,rootmotion.finalik.grounding/explicit-pose-world-query-secondary-plant/v4,rootmotion.finalik.full-body-biped-ik/indexed-pose-backend,None,false,true,-1826,0,0,false,false,AllPlantedFeet,FollowBody,true,true,-1826,0,0.4231923,1,0,0,0,0,Free,PolicyReleased,Unlocked,NoFutureLanding,GroundingEffectorTarget,FinalIkGrounding,true,0.7820868,0,0,0,0.003029532,0.4796442,-0.5014796,0.003029532,0.4796442,-0.5014796,0.003029475,0.4796442,-0.5014796,1.017811E-07,0,true,true,-1826,0.005648978,0.0504454,1,0,0,0,0,Free,PolicyReleased,Unlocked,NoFutureLanding,GroundingEffectorTarget,FinalIkGrounding,true,0.9855129,0,0,0,0.0244862,0.1188167,0.3553081,0.0244862,0.1188167,0.3553081,0.02448645,0.1288166,0.3553084,0.009999901,0
1265,427,1265,1266,1266,rootmotion.finalik.grounding/explicit-pose-world-query-secondary-plant/v4,rootmotion.finalik.full-body-biped-ik/indexed-pose-backend,None,false,true,-1826,0,0,false,false,AllPlantedFeet,FollowBody,false,false,0,0,0.4657153,0,0,0,0,0,Free,PolicyReleased,Unlocked,NoFutureLanding,GroundingEffectorTarget,FinalIkGrounding,true,0.6870189,0,0,0,-0.007761443,0.5003737,-0.4432315,-0.007761443,0.5003737,-0.4432315,-0.007761513,0.5003737,-0.4432317,1.748464E-07,0,true,true,-1826,0,0.02396392,1,0,0,0,0,Free,PolicyReleased,Unlocked,NoFutureLanding,GroundingEffectorTarget,FinalIkGrounding,true,0.9984493,0,0,0,0.02122338,0.08480299,0.3447329,0.02122338,0.08480299,0.3447329,0.02122338,0.09480295,0.3447333,0.009999961,0
1266,428,1266,1267,1267,rootmotion.finalik.grounding/explicit-pose-world-query-secondary-plant/v4,rootmotion.finalik.full-body-biped-ik/indexed-pose-backend,None,true,true,-1826,0,0,false,false,AllPlantedFeet,FollowBody,false,false,0,0,0.4859727,0,0,0,0,0,Free,PolicyReleased,Unlocked,NoFutureLanding,GroundingEffectorTarget,FinalIkGrounding,true,0.6024696,0,0,0,-0.03531042,0.5029112,-0.3923683,-0.03531042,0.5029112,-0.3923683,-0.03531051,0.5029112,-0.3923679,4.551719E-07,0,true,true,-1826,0.6100376,-0.001593109,1,0.2200751,0.04792215,0.2200751,0.2200751,Free,PolicyReleased,Unlocked,NoFutureLanding,GroundingEffectorTarget,FinalIkGrounding,true,0.913853,0,0,0,0.001896265,0.06933987,0.2065946,0.001896265,0.06933987,0.2065946,0.001896206,0.07713905,0.2065948,0.007799178,0
1267,429,1267,1268,1268,rootmotion.finalik.grounding/explicit-pose-world-query-secondary-plant/v4,rootmotion.finalik.full-body-biped-ik/indexed-pose-backend,None,true,true,-1826,0.01434202,0.009218477,false,false,AllPlantedFeet,FollowBody,true,true,-1826,0,0.2862401,1,0,0,0,0,Free,PolicyReleased,Unlocked,NoFutureLanding,GroundingEffectorTarget,FinalIkGrounding,true,0.5077908,0,0,0,-0.06706611,0.3601345,-0.1207658,-0.06706611,0.3601345,-0.1207658,-0.06706619,0.3543657,-0.120766,0.005768746,0,true,true,-1826,0.9784747,-0.004445368,1,0.9569495,0,0.9569495,0.9569495,Free,PolicyReleased,Unlocked,NoFutureLanding,GroundingEffectorTarget,FinalIkGrounding,true,0.9418995,0,0,0,-0.02300289,0.09366167,-0.2402318,-0.02300289,0.09366167,-0.2402318,-0.02300283,0.09341335,-0.2402317,0.000248313,0
1268,430,1268,1269,1269,rootmotion.finalik.grounding/explicit-pose-world-query-secondary-plant/v4,rootmotion.finalik.full-body-biped-ik/indexed-pose-backend,None,true,true,-1826,0.01434202,0.01155227,false,false,AllPlantedFeet,FollowBody,true,true,-1826,0,0.2862401,1,0,0,0,0,Free,PolicyReleased,Unlocked,NoFutureLanding,GroundingEffectorTarget,FinalIkGrounding,true,0.5077908,0,0,0,-0.06706611,0.3601345,-0.1207658,-0.06706611,0.3601345,-0.1207658,-0.06706609,0.3566996,-0.120766,0.003434926,0,true,true,-1826,0.9784747,-0.004445368,1,0.9569495,0,0.9569495,0.9569495,Free,PolicyReleased,Unlocked,NoFutureLanding,GroundingEffectorTarget,FinalIkGrounding,true,0.9448597,0,0,0,-0.02300265,0.09366167,-0.2402317,-0.02300265,0.09366167,-0.2402317,-0.02300273,0.09351379,-0.2402318,0.0001478792,0
1269,431,1269,1270,1270,rootmotion.finalik.grounding/explicit-pose-world-query-secondary-plant/v4,rootmotion.finalik.full-body-biped-ik/indexed-pose-backend,None,true,true,-1826,0.01447292,0.01274011,false,false,AllPlantedFeet,FollowBody,true,true,-1740,0.2028725,0.2279233,1,0,0,0,0,Free,PolicyReleased,Unlocked,NoFutureLanding,GroundingEffectorTarget,FinalIkGrounding,true,0.6034405,0,0,0,-0.09215458,0.2819339,0.03698401,-0.09215458,0.2819339,0.03698401,-0.09215456,0.2796867,0.03698403,0.002247185,0,true,true,-1826,0.9828416,-0.003535389,1,0.9656832,0,0.9656832,0.9656832,Free,PolicyReleased,Unlocked,NoFutureLanding,GroundingEffectorTarget,FinalIkGrounding,true,0.9650135,0,0,0,-0.1010305,0.1640431,-0.3533089,-0.1010305,0.1640431,-0.3533089,-0.1010306,0.1639659,-0.3533089,7.712842E-05,0
1270,432,1270,1271,1271,rootmotion.finalik.grounding/explicit-pose-world-query-secondary-plant/v4,rootmotion.finalik.full-body-biped-ik/indexed-pose-backend,None,true,true,-1740,0.01334863,0.0129723,false,false,AllPlantedFeet,FollowBody,true,true,-1740,0.5570005,0.1262107,1,0.114001,0,0.114001,0.114001,Free,PolicyReleased,Unlocked,NoFutureLanding,GroundingEffectorTarget,FinalIkGrounding,true,0.8124569,0,0,0,-0.181771,0.1858307,0.1674268,-0.181771,0.1858307,0.1674268,-0.181771,0.1840455,0.1674267,0.001785189,0,true,true,-1826,0.9904643,-0.001951621,1,0.9809287,0,0.9809287,0.9809287,Free,PolicyReleased,Unlocked,NoFutureLanding,GroundingEffectorTarget,FinalIkGrounding,true,0.9769389,0,0,0,-0.0002137681,0.1235024,-0.2914734,-0.0002137681,0.1235024,-0.2914734,-0.0002137832,0.1234639,-0.2914733,3.84451E-05,0
1271,433,1271,1272,1272,rootmotion.finalik.grounding/explicit-pose-world-query-secondary-plant/v4,rootmotion.finalik.full-body-biped-ik/indexed-pose-backend,None,true,true,-1740,0.01216282,0.01272312,false,false,AllPlantedFeet,FollowBody,true,true,-1740,0.8623379,0.03858432,1,0.7246759,0.06807771,0.7246759,0.7246759,Free,PolicyReleased,Unlocked,NoFutureLanding,GroundingEffectorTarget,FinalIkGrounding,true,0.9449744,0,0,0,-0.2441631,0.1235484,0.1825735,-0.2441631,0.1235484,0.1825735,-0.2441631,0.122925,0.1825734,0.0006233454,0,true,true,-1740,0.9970368,-0.0005901233,1,0.9940736,0,0.9940736,0.9940736,Free,PolicyReleased,Unlocked,NoFutureLanding,GroundingEffectorTarget,FinalIkGrounding,true,0.9807917,0,0,0,0.1370383,0.08400023,-0.0922102,0.1370383,0.08400023,-0.0922102,0.1370383,0.08398682,-0.09221022,1.341105E-05,0
1272,434,1272,1273,1273,rootmotion.finalik.grounding/explicit-pose-world-query-secondary-plant/v4,rootmotion.finalik.full-body-biped-ik/indexed-pose-backend,None,true,true,-1740,0.0129616,0.01280019,false,false,AllPlantedFeet,FollowBody,true,true,-1740,0.9903337,0.00184832,1,0.9806675,0.9903337,0.9806675,0.9806675,Free,PolicyReleased,Unlocked,NoFutureLanding,GroundingEffectorTarget,FinalIkGrounding,true,0.977705,0,0,0,-0.2589789,0.097808,0.1310042,-0.2589789,0.097808,0.1310042,-0.2589789,0.09776586,0.1310041,4.214076E-05,0,true,true,-1740,0.9997919,-0.0002915087,1,0.9995838,0.9911166,0.9995838,0.9995838,Free,PolicyReleased,Unlocked,NoFutureLanding,GroundingEffectorTarget,FinalIkGrounding,true,0.9797719,0,0,0,0.1815075,0.09378493,0.04581837,0.1815075,0.09378493,0.04581837,0.1815075,0.09378409,0.04581836,8.346729E-07,0
1273,435,1273,1274,1274,rootmotion.finalik.grounding/explicit-pose-world-query-secondary-plant/v4,rootmotion.finalik.full-body-biped-ik/indexed-pose-backend,None,true,true,-1740,0.01392376,0.01323056,false,false,AllPlantedFeet,FollowBody,true,true,-1740,1,-0.0009064768,1,1,0.988578,1,1,Free,PolicyReleased,Unlocked,NoFutureLanding,GroundingEffectorTarget,FinalIkGrounding,true,0.9790581,0,0,0,-0.2636371,0.09578836,0.1219682,-0.2636371,0.09578836,0.1219682,-0.263637,0.09578839,0.1219684,1.874528E-07,0,true,true,-1740,1,-0.0006148181,1,1,1,1,1,Free,PolicyReleased,Unlocked,NoFutureLanding,GroundingEffectorTarget,FinalIkGrounding,true,0.9781296,0,0,0,0.1816344,0.09530818,0.05635387,0.1816344,0.09530818,0.05635387,0.1816345,0.09530824,0.05635391,7.634574E-08,0
1274,436,1274,1275,1275,rootmotion.finalik.grounding/explicit-pose-world-query-secondary-plant/v4,rootmotion.finalik.full-body-biped-ik/indexed-pose-backend,None,true,true,-1740,0.0146873,0.01381042,false,false,AllPlantedFeet,FollowBody,true,true,-1740,1,-0.0008843616,1,1,1,1,1,Free,PolicyReleased,Unlocked,NoFutureLanding,GroundingEffectorTarget,FinalIkGrounding,true,0.9788104,0,0,0,-0.2678182,0.09563935,0.119319,-0.2678182,0.09563935,0.119319,-0.2678182,0.09563923,0.119319,1.526915E-07,0,true,true,-1740,1,-0.000997239,1,1,1,1,1,Free,PolicyReleased,Unlocked,NoFutureLanding,GroundingEffectorTarget,FinalIkGrounding,true,0.976707,0,0,0,0.1791675,0.09483552,0.05385996,0.1791675,0.09483552,0.05385996,0.1791674,0.09483543,0.05386003,1.150023E-07,0
1275,437,1275,1276,1276,rootmotion.finalik.grounding/explicit-pose-world-query-secondary-plant/v4,rootmotion.finalik.full-body-biped-ik/indexed-pose-backend,None,true,true,-1740,0.01498723,0.01426114,false,false,AllPlantedFeet,FollowBody,true,true,-1740,1,-0.0008633227,1,1,1,1,1,Free,PolicyReleased,Unlocked,NoFutureLanding,GroundingEffectorTarget,FinalIkGrounding,true,0.9788861,0,0,0,-0.2713759,0.09557807,0.1172216,-0.2713759,0.09557807,0.1172216,-0.2713759,0.09557799,0.1172216,1.077118E-07,0,true,true,-1740,1,-0.001361049,1,1,1,1,1,Free,PolicyReleased,Unlocked,NoFutureLanding,GroundingEffectorTarget,FinalIkGrounding,true,0.9755936,0,0,0,0.1769402,0.09459388,0.05168019,0.1769402,0.09459388,0.05168019,0.1769402,0.09459385,0.05168022,4.214685E-08,0
1276,438,1276,1277,1277,rootmotion.finalik.grounding/explicit-pose-world-query-secondary-plant/v4,rootmotion.finalik.full-body-biped-ik/indexed-pose-backend,None,true,true,-1740,0.01497746,0.01453386,false,false,AllPlantedFeet,FollowBody,true,true,-1740,1,-0.0008424439,1,1,1,1,1,Free,PolicyReleased,Unlocked,NoFutureLanding,GroundingEffectorTarget,FinalIkGrounding,true,0.9793996,0,0,0,-0.2742369,0.09568012,0.1158169,-0.2742369,0.09568012,0.1158169,-0.2742368,0.09568015,0.1158169,8.462233E-08,0,true,true,-1740,1,-0.001523466,1,1,1,1,1,Free,PolicyReleased,Unlocked,NoFutureLanding,GroundingEffectorTarget,FinalIkGrounding,true,0.9749163,0,0,0,0.1747115,0.0946573,0.05008434,0.1747115,0.0946573,0.05008434,0.1747115,0.09465742,0.05008427,1.413648E-07,0
1277,439,1277,1278,1278,rootmotion.finalik.grounding/explicit-pose-world-query-secondary-plant/v4,rootmotion.finalik.full-body-biped-ik/indexed-pose-backend,None,true,true,-1740,0.01423252,0.01442014,false,false,AllPlantedFeet,FollowBody,true,true,-1740,1,-0.0008218015,1,1,1,1,1,Free,PolicyReleased,Unlocked,NoFutureLanding,GroundingEffectorTarget,FinalIkGrounding,true,0.9802535,0,0,0,-0.2761824,0.09598958,0.1153639,-0.2761824,0.09598958,0.1153639,-0.2761825,0.09598956,0.1153639,6.705523E-08,0,true,true,-1740,1,-0.001450281,1,1,1,1,1,Free,PolicyReleased,Unlocked,NoFutureLanding,GroundingEffectorTarget,FinalIkGrounding,true,0.9746535,0,0,0,0.1723368,0.09504497,0.0494045,0.1723368,0.09504497,0.0494045,0.1723368,0.09504506,0.04940451,9.132661E-08,0
1278,440,1278,1279,1279,rootmotion.finalik.grounding/explicit-pose-world-query-secondary-plant/v4,rootmotion.finalik.full-body-biped-ik/indexed-pose-backend,None,true,true,-1740,0.01281792,0.01383221,false,false,AllPlantedFeet,FollowBody,true,true,-1740,1,-0.0008018818,1,1,1,1,1,Free,PolicyReleased,Unlocked,NoFutureLanding,GroundingEffectorTarget,FinalIkGrounding,true,0.9813697,0,0,0,-0.2770415,0.09621441,0.11608,-0.2770415,0.09621441,0.11608,-0.2770415,0.09621444,0.11608,5.161914E-08,0,true,true,-1740,1,-0.001379657,1,1,1,1,1,Free,PolicyReleased,Unlocked,NoFutureLanding,GroundingEffectorTarget,FinalIkGrounding,true,0.9748425,0,0,0,0.1697025,0.09538877,0.04988789,0.1697025,0.09538877,0.04988789,0.1697025,0.09538877,0.04988796,9.253429E-08,0
1279,441,1279,1280,1280,rootmotion.finalik.grounding/explicit-pose-world-query-secondary-plant/v4,rootmotion.finalik.full-body-biped-ik/indexed-pose-backend,None,true,true,-1740,0.01079464,0.01270865,false,false,AllPlantedFeet,FollowBody,true,true,-1740,1,-0.0007817589,1,1,1,1,1,Free,PolicyReleased,Unlocked,NoFutureLanding,GroundingEffectorTarget,FinalIkGrounding,true,0.9825822,0,0,0,-0.277048,0.09618461,0.1177067,-0.277048,0.09618461,0.1177067,-0.277048,0.09618461,0.1177067,2.235174E-08,0,true,true,-1740,1,-0.001308314,1,1,1,1,1,Free,PolicyReleased,Unlocked,NoFutureLanding,GroundingEffectorTarget,FinalIkGrounding,true,0.9751089,0,0,0,0.1672107,0.09559953,0.0505124,0.1672107,0.09559953,0.0505124,0.1672108,0.09559947,0.05051232,1.351413E-07,0
1280,442,1280,1281,1281,rootmotion.finalik.grounding/explicit-pose-world-query-secondary-plant/v4,rootmotion.finalik.full-body-biped-ik/indexed-pose-backend,None,true,true,-1740,0.009410441,0.01174642,false,false,AllPlantedFeet,FollowBody,true,true,-1740,1,-0.0007667299,1,1,1,1,1,Free,PolicyReleased,Unlocked,NoFutureLanding,GroundingEffectorTarget,FinalIkGrounding,true,0.9831493,0,0,0,-0.2778534,0.09633482,0.1171402,-0.2778534,0.09633482,0.1171402,-0.2778534,0.09633487,0.1171401,1.301188E-07,0,true,true,-1740,1,-0.00125503,1,1,1,1,1,Free,PolicyReleased,Unlocked,NoFutureLanding,GroundingEffectorTarget,FinalIkGrounding,true,0.9753436,0,0,0,0.1660013,0.09574211,0.05036403,0.1660013,0.09574211,0.05036403,0.1660013,0.09574217,0.05036408,7.82311E-08,0
1281,443,1281,1282,1282,rootmotion.finalik.grounding/explicit-pose-world-query-secondary-plant/v4,rootmotion.finalik.full-body-biped-ik/indexed-pose-backend,None,true,true,-1740,0.008529842,0.0110302,false,false,AllPlantedFeet,FollowBody,true,true,-1740,1,-0.0007557555,1,1,1,1,1,Free,PolicyReleased,Unlocked,NoFutureLanding,GroundingEffectorTarget,FinalIkGrounding,true,0.9833693,0,0,0,-0.2787795,0.09650743,0.1160279,-0.2787795,0.09650743,0.1160279,-0.2787795,0.09650743,0.1160279,2.980232E-08,0,true,true,-1740,1,-0.001216122,1,1,1,1,1,Free,PolicyReleased,Unlocked,NoFutureLanding,GroundingEffectorTarget,FinalIkGrounding,true,0.9755846,0,0,0,0.1655364,0.09581554,0.05018087,0.1655364,0.09581554,0.05018087,0.1655366,0.09581557,0.05018081,1.256147E-07,0
1282,444,1282,1283,1283,rootmotion.finalik.grounding/explicit-pose-world-query-secondary-plant/v4,rootmotion.finalik.full-body-biped-ik/indexed-pose-backend,None,true,true,-1740,0.007432103,0.009918489,false,false,AllPlantedFeet,FollowBody,true,true,-1740,1,-0.0007396534,1,1,1,1,1,Free,PolicyReleased,Unlocked,NoFutureLanding,GroundingEffectorTarget,FinalIkGrounding,true,0.9833485,0,0,0,-0.2794229,0.09666765,0.1151767,-0.2794229,0.09666765,0.1151767,-0.2794228,0.09666756,0.1151767,1.307572E-07,0,true,true,-1740,1,-0.001159034,1,1,1,1,1,Free,PolicyReleased,Unlocked,NoFutureLanding,GroundingEffectorTarget,FinalIkGrounding,true,0.9759531,0,0,0,0.1654535,0.09579337,0.04993865,0.1654535,0.09579337,0.04993865,0.1654535,0.09579331,0.04993866,6.705523E-08,0
1283,445,1283,1284,1284,rootmotion.finalik.grounding/explicit-pose-world-query-secondary-plant/v4,rootmotion.finalik.full-body-biped-ik/indexed-pose-backend,None,true,true,-1740,0.006548166,0.008866305,false,false,AllPlantedFeet,FollowBody,true,true,-1740,1,-0.0005439219,1,1,1,1,1,Free,PolicyReleased,Unlocked,NoFutureLanding,GroundingEffectorTarget,FinalIkGrounding,true,0.9831205,0,0,0,-0.2791654,0.09685862,0.1153912,-0.2791654,0.09685862,0.1153912,-0.2791654,0.09685856,0.1153913,1.46001E-07,0,true,true,-1740,1,-0.001101224,1,1,1,1,1,Free,PolicyReleased,Unlocked,NoFutureLanding,GroundingEffectorTarget,FinalIkGrounding,true,0.9765097,0,0,0,0.1658903,0.09575212,0.04992338,0.1658903,0.09575212,0.04992338,0.1658902,0.09575203,0.04992349,1.794724E-07,0
1284,446,1284,1285,1285,rootmotion.finalik.grounding/explicit-pose-world-query-secondary-plant/v4,rootmotion.finalik.full-body-biped-ik/indexed-pose-backend,None,true,true,-1740,0.005729318,0.007665619,false,false,AllPlantedFeet,FollowBody,true,true,-1740,1,4.562194E-05,1,1,1,1,1,Free,PolicyReleased,Unlocked,NoFutureLanding,GroundingEffectorTarget,FinalIkGrounding,true,0.9826054,0,0,0,-0.2778097,0.09735429,0.1169146,-0.2778097,0.09735429,0.1169146,-0.2778098,0.09735432,0.1169145,5.161914E-08,0,true,true,-1740,1,-0.001026695,1,1,1,1,1,Free,PolicyReleased,Unlocked,NoFutureLanding,GroundingEffectorTarget,FinalIkGrounding,true,0.9774837,0,0,0,0.1668293,0.09584081,0.05058198,0.1668293,0.09584081,0.05058198,0.1668293,0.09584075,0.05058188,1.105727E-07,0
1285,447,1285,1286,1286,rootmotion.finalik.grounding/explicit-pose-world-query-secondary-plant/v4,rootmotion.finalik.full-body-biped-ik/indexed-pose-backend,None,true,true,-1740,0.005334854,0.006940624,false,false,AllPlantedFeet,FollowBody,true,true,-1740,1,0.0005008911,1,1,1,1,1,Free,PolicyReleased,Unlocked,NoFutureLanding,GroundingEffectorTarget,FinalIkGrounding,true,0.9821599,0,0,0,-0.276198,0.09782398,0.1187612,-0.276198,0.09782398,0.1187612,-0.276198,0.09782392,0.1187611,1.056302E-07,0,true,true,-1740,1,-0.0009691407,1,1,1,1,1,Free,PolicyReleased,Unlocked,NoFutureLanding,GroundingEffectorTarget,FinalIkGrounding,true,0.9784893,0,0,0,0.1675228,0.09588706,0.05185848,0.1675228,0.09588706,0.05185848,0.1675228,0.09588698,0.05185852,9.685755E-08,0
1286,448,1286,1287,1287,rootmotion.finalik.grounding/explicit-pose-world-query-secondary-plant/v4,rootmotion.finalik.full-body-biped-ik/indexed-pose-backend,None,true,true,-1740,0.005175591,0.006520615,false,false,AllPlantedFeet,FollowBody,true,true,-1740,1,0.0008329493,1,1,1,1,1,Free,PolicyReleased,Unlocked,NoFutureLanding,GroundingEffectorTarget,FinalIkGrounding,true,0.9818088,0,0,0,-0.2748131,0.09815681,0.1203237,-0.2748131,0.09815681,0.1203237,-0.2748131,0.09815669,0.1203237,1.237783E-07,0,true,true,-1740,1,-0.0009271625,1,1,1,1,1,Free,PolicyReleased,Unlocked,NoFutureLanding,GroundingEffectorTarget,FinalIkGrounding,true,0.9793284,0,0,0,0.1678437,0.09584129,0.05332698,0.1678437,0.09584129,0.05332698,0.1678437,0.09584126,0.05332715,1.745727E-07,0
1287,449,1287,1288,1288,rootmotion.finalik.grounding/explicit-pose-world-query-secondary-plant/v4,rootmotion.finalik.full-body-biped-ik/indexed-pose-backend,None,true,true,-1740,0.005171359,0.006001715,false,false,AllPlantedFeet,FollowBody,true,true,-1740,1,0.001426122,1,1,1,1,1,Free,PolicyReleased,Unlocked,NoFutureLanding,GroundingEffectorTarget,FinalIkGrounding,true,0.9811165,0,0,0,-0.2720872,0.09860647,0.1232316,-0.2720872,0.09860647,0.1232316,-0.2720873,0.09860644,0.1232316,5.161914E-08,0,true,true,-1740,1,-0.0008521745,1,1,1,1,1,Free,PolicyReleased,Unlocked,NoFutureLanding,GroundingEffectorTarget,FinalIkGrounding,true,0.9806035,0,0,0,0.1692671,0.09582984,0.05540314,0.1692671,0.09582984,0.05540314,0.1692671,0.09582976,0.05540323,1.248945E-07,0
1288,450,1288,1289,1289,rootmotion.finalik.grounding/explicit-pose-world-query-secondary-plant/v4,rootmotion.finalik.full-body-biped-ik/indexed-pose-backend,None,true,true,-1740,0.01972598,0.01161488,false,false,AllPlantedFeet,FollowBody,true,true,-1740,1,0.001646684,1,1,0,1,1,Free,PolicyReleased,Unlocked,NoFutureLanding,GroundingEffectorTarget,FinalIkGrounding,true,0.9683267,0,0,0,-0.2690422,0.113381,0.1259796,-0.2690422,0.113381,0.1259796,-0.2690422,0.1133811,0.1259796,9.996003E-08,0,true,true,-1740,1,-0.0007709339,1,1,0,1,1,Free,PolicyReleased,Unlocked,NoFutureLanding,GroundingEffectorTarget,FinalIkGrounding,true,0.9684944,0,0,0,0.1736506,0.1109411,0.05495457,0.1736506,0.1109411,0.05495457,0.1736505,0.1109411,0.05495462,1.483115E-07,0
1289,451,1289,1290,1290,rootmotion.finalik.grounding/explicit-pose-world-query-secondary-plant/v4,rootmotion.finalik.full-body-biped-ik/indexed-pose-backend,None,true,true,-1740,-0.0607304,-0.01298159,false,false,AllPlantedFeet,FollowBody,true,true,-1750,1,0.001646684,1,1,0,1,1,Free,PolicyReleased,Unlocked,NoFutureLanding,GroundingEffectorTarget,FinalIkGrounding,true,1.044483,0,0,0,-0.2690424,0.03234661,0.1259795,-0.2690424,0.03234661,0.1259795,-0.2672725,0.03833139,0.1250639,0.006307811,0,true,true,-1740,1,-0.0007709339,1,1,0,1,1,Free,PolicyReleased,Unlocked,NoFutureLanding,GroundingEffectorTarget,FinalIkGrounding,true,0.82951,0,0,0,0.1736505,0.1845731,0.05495454,0.1736505,0.1845731,0.05495454,0.1736504,0.184573,0.05495456,3.650024E-08,0
1290,452,1290,1291,1291,rootmotion.finalik.grounding/explicit-pose-world-query-secondary-plant/v4,rootmotion.finalik.full-body-biped-ik/indexed-pose-backend,None,true,true,-1740,-0.03305149,-0.02083101,false,false,AllPlantedFeet,FollowBody,true,true,-1750,0.9883502,0.0009441295,1,0.9767003,0,0.9767003,0.9767003,Free,PolicyReleased,Unlocked,NoFutureLanding,GroundingEffectorTarget,FinalIkGrounding,true,0.9960278,0,0,0,-0.2922323,0.03266072,0.08855379,-0.2922323,0.03266072,0.08855379,-0.2922323,0.03314316,0.08855382,0.00048244,0,true,true,-1750,1,-0.0007988791,1,1,0,1,1,Free,PolicyReleased,Unlocked,NoFutureLanding,GroundingEffectorTarget,FinalIkGrounding,true,0.9309605,0,0,0,0.2142466,0.08114529,0.038049,0.2142466,0.08114529,0.038049,0.2142465,0.08114526,0.03804914,1.530999E-07,0
1291,453,1291,1292,1292,rootmotion.finalik.grounding/explicit-pose-world-query-secondary-plant/v4,rootmotion.finalik.full-body-biped-ik/indexed-pose-backend,None,true,true,-1750,-0.01177621,-0.01706508,false,false,AllPlantedFeet,FollowBody,true,true,-1750,0.9883502,0.0009441295,1,0.9767003,0.9883502,0.9767003,0.9767003,Free,PolicyReleased,Unlocked,NoFutureLanding,GroundingEffectorTarget,FinalIkGrounding,true,0.9621608,0,0,0,-0.2922323,0.06228387,0.08855379,-0.2922323,0.06228387,0.08855379,-0.2922324,0.06216389,0.08855394,0.0001199843,0,true,true,-1750,1,-0.0007988791,1,1,0.9376968,1,1,Free,PolicyReleased,Unlocked,NoFutureLanding,GroundingEffectorTarget,FinalIkGrounding,true,0.9666016,0,0,0,0.2142466,0.05949962,0.038049,0.2142466,0.05949962,0.038049,0.2142465,0.05949971,0.03804918,2.133522E-07,0
1292,454,1292,1293,1293,rootmotion.finalik.grounding/explicit-pose-world-query-secondary-plant/v4,rootmotion.finalik.full-body-biped-ik/indexed-pose-backend,None,true,true,-1740,-0.0117986,-0.01518492,false,false,AllPlantedFeet,FollowBody,true,true,-1750,0.9902503,0.0007522182,1,0.9805006,0.9902503,0.9805006,0.9805006,Free,PolicyReleased,Unlocked,NoFutureLanding,GroundingEffectorTarget,FinalIkGrounding,true,0.9219058,0,0,0,-0.2588789,0.05073309,0.07110968,-0.2588789,0.05073309,0.07110968,-0.2588789,0.05066919,0.07110965,6.389619E-05,0,true,true,-1750,1,-0.0007466805,1,1,1,1,1,Free,PolicyReleased,Unlocked,NoFutureLanding,GroundingEffectorTarget,FinalIkGrounding,true,0.9319071,0,0,0,0.2482395,0.06965852,0.01710765,0.2482395,0.06965852,0.01710765,0.2482395,0.06965852,0.01710773,7.078052E-08,0
1293,455,1293,1294,1294,rootmotion.finalik.grounding/explicit-pose-world-query-secondary-plant/v4,rootmotion.finalik.full-body-biped-ik/indexed-pose-backend,None,true,true,-1740,-0.01183798,-0.01386336,false,false,AllPlantedFeet,FollowBody,true,true,-1750,0.9935877,0.00019072,1,0.9871755,0.9935877,0.9871755,0.9871755,Free,PolicyReleased,Unlocked,NoFutureLanding,GroundingEffectorTarget,FinalIkGrounding,true,0.9171295,0,0,0,-0.247699,0.05207407,0.07682676,-0.247699,0.05207407,0.07682676,-0.247699,0.05204913,0.07682674,2.494455E-05,0,true,true,-1750,1,-0.0006201151,1,1,1,1,1,Free,PolicyReleased,Unlocked,NoFutureLanding,GroundingEffectorTarget,FinalIkGrounding,true,0.9298238,0,0,0,0.2556157,0.0749948,0.02114475,0.2556157,0.0749948,0.02114475,0.2556157,0.07499486,0.02114477,6.433545E-08,0
1294,456,1294,1295,1295,rootmotion.finalik.grounding/explicit-pose-world-query-secondary-plant/v4,rootmotion.finalik.full-body-biped-ik/indexed-pose-backend,None,true,true,-1750,-0.01188515,-0.01307732,false,false,AllPlantedFeet,FollowBody,true,true,-1750,0.9975643,-0.0007793462,1,0.9951285,0.9975643,0.9951285,0.9951285,Free,PolicyReleased,Unlocked,NoFutureLanding,GroundingEffectorTarget,FinalIkGrounding,true,0.9484694,0,0,0,-0.253905,0.05878568,0.1013216,-0.253905,0.05878568,0.1013216,-0.253905,0.05878001,0.1013216,5.662446E-06,0,true,true,-1750,1,-0.0004225202,1,1,1,1,1,Free,PolicyReleased,Unlocked,NoFutureLanding,GroundingEffectorTarget,FinalIkGrounding,true,0.9595321,0,0,0,0.239673,0.07189143,0.044994,0.239673,0.07189143,0.044994,0.239673,0.07189149,0.04499403,6.838724E-08,0
1295,457,1295,1296,1296,rootmotion.finalik.grounding/explicit-pose-world-query-secondary-plant/v4,rootmotion.finalik.full-body-biped-ik/indexed-pose-backend,None,true,true,-1750,-0.01457363,-0.01354638,false,false,AllPlantedFeet,FollowBody,true,true,-1750,0.9999042,-0.001587713,1,0.9998083,0.9999042,0.9998083,0.9998083,Free,PolicyReleased,Unlocked,NoFutureLanding,GroundingEffectorTarget,FinalIkGrounding,true,0.9737794,0,0,0,-0.2516866,0.06825376,0.1265272,-0.2516866,0.06825376,0.1265272,-0.2516866,0.06825343,0.1265273,3.361855E-07,0,true,true,-1750,1,-0.0002693267,1,1,1,1,1,Free,PolicyReleased,Unlocked,NoFutureLanding,GroundingEffectorTarget,FinalIkGrounding,true,0.9814481,0,0,0,0.1969544,0.06955552,0.05962452,0.1969544,0.06955552,0.05962452,0.1969543,0.06955546,0.0596246,9.947293E-08,0
1296,458,1296,1297,1297,rootmotion.finalik.grounding/explicit-pose-world-query-secondary-plant/v4,rootmotion.finalik.full-body-biped-ik/indexed-pose-backend,None,true,true,-1750,-0.01447219,-0.01383315,false,false,AllPlantedFeet,FollowBody,true,true,-1750,1,-0.001977117,1,1,1,1,1,Free,PolicyReleased,Unlocked,NoFutureLanding,GroundingEffectorTarget,FinalIkGrounding,true,0.9729811,0,0,0,-0.2493037,0.06831932,0.1275718,-0.2493037,0.06831932,0.1275718,-0.2493038,0.06831935,0.1275719,6.143906E-08,0,true,true,-1750,1,-0.0002076714,1,1,1,1,1,Free,PolicyReleased,Unlocked,NoFutureLanding,GroundingEffectorTarget,FinalIkGrounding,true,0.9809011,0,0,0,0.1966971,0.06951833,0.05969259,0.1966971,0.06951833,0.05969259,0.1966971,0.0695183,0.05969261,3.817287E-08,0
1297,459,1297,1298,1298,rootmotion.finalik.grounding/explicit-pose-world-query-secondary-plant/v4,rootmotion.finalik.full-body-biped-ik/indexed-pose-backend,None,true,true,-1750,-0.0138551,-0.01384139,false,false,AllPlantedFeet,FollowBody,true,true,-1750,1,-0.002444967,1,1,1,1,1,Free,PolicyReleased,Unlocked,NoFutureLanding,GroundingEffectorTarget,FinalIkGrounding,true,0.9713314,0,0,0,-0.2467663,0.06771076,0.1273171,-0.2467663,0.06771076,0.1273171,-0.2467663,0.0677107,0.1273171,8.940697E-08,0,true,true,-1750,1,-0.0001349517,1,1,1,1,1,Free,PolicyReleased,Unlocked,NoFutureLanding,GroundingEffectorTarget,FinalIkGrounding,true,0.9800194,0,0,0,0.2000554,0.06937993,0.05936747,0.2000554,0.06937993,0.05936747,0.2000554,0.06937984,0.05936754,1.150023E-07,0
1298,460,1298,1299,1299,rootmotion.finalik.grounding/explicit-pose-world-query-secondary-plant/v4,rootmotion.finalik.full-body-biped-ik/indexed-pose-backend,None,true,true,-1750,-0.01426089,-0.01400928,false,false,AllPlantedFeet,FollowBody,true,true,-1750,1,-0.002750289,1,1,1,1,1,Free,PolicyReleased,Unlocked,NoFutureLanding,GroundingEffectorTarget,FinalIkGrounding,true,0.9701931,0,0,0,-0.243873,0.06747961,0.12759,-0.243873,0.06747961,0.12759,-0.243873,0.06747961,0.12759,0,0,true,true,-1750,1,-5.598657E-05,1,1,1,1,1,Free,PolicyReleased,Unlocked,NoFutureLanding,GroundingEffectorTarget,FinalIkGrounding,true,0.9803541,0,0,0,0.2021134,0.06897509,0.06104261,0.2021134,0.06897509,0.06104261,0.2021134,0.06897509,0.06104251,1.066761E-07,0
1299,461,1299,1300,1300,rootmotion.finalik.grounding/explicit-pose-world-query-secondary-plant/v4,rootmotion.finalik.full-body-biped-ik/indexed-pose-backend,None,true,true,-1750,-0.01520193,-0.01440139,false,false,AllPlantedFeet,FollowBody,true,true,-1750,1,-0.002615608,1,1,1,1,1,Free,PolicyReleased,Unlocked,NoFutureLanding,GroundingEffectorTarget,FinalIkGrounding,true,0.9697932,0,0,0,-0.2413923,0.06767571,0.1284975,-0.2413923,0.06767571,0.1284975,-0.2413923,0.06767571,0.1284975,3.332001E-08,0,true,true,-1750,1,5.592941E-06,1,1,1,1,1,Free,PolicyReleased,Unlocked,NoFutureLanding,GroundingEffectorTarget,FinalIkGrounding,true,0.9811258,0,0,0,0.2033084,0.0689168,0.06304637,0.2033084,0.0689168,0.06304637,0.2033084,0.0689168,0.06304631,6.143906E-08,0
1300,462,1300,1301,1301,rootmotion.finalik.grounding/explicit-pose-world-query-secondary-plant/v4,rootmotion.finalik.full-body-biped-ik/indexed-pose-backend,None,true,true,-1750,-0.0161314,-0.01483966,false,false,AllPlantedFeet,FollowBody,true,true,-1750,1,-0.002516912,1,1,1,1,1,Free,PolicyReleased,Unlocked,NoFutureLanding,GroundingEffectorTarget,FinalIkGrounding,true,0.9696921,0,0,0,-0.2395808,0.06789851,0.1292347,-0.2395808,0.06789851,0.1292347,-0.2395808,0.06789857,0.1292346,1.074538E-07,0,true,true,-1750,1,5.071878E-05,1,1,1,1,1,Free,PolicyReleased,Unlocked,NoFutureLanding,GroundingEffectorTarget,FinalIkGrounding,true,0.9818158,0,0,0,0.204329,0.06901753,0.0644557,0.204329,0.06901753,0.0644557,0.204329,0.06901759,0.06445564,8.42937E-08,0
1301,463,1301,1302,1302,rootmotion.finalik.grounding/explicit-pose-world-query-secondary-plant/v4,rootmotion.finalik.full-body-biped-ik/indexed-pose-backend,None,true,true,-1750,-0.0179401,-0.01604032,false,false,AllPlantedFeet,FollowBody,true,true,-1750,1,-0.002351434,1,1,1,1,1,Free,PolicyReleased,Unlocked,NoFutureLanding,GroundingEffectorTarget,FinalIkGrounding,true,0.9694696,0,0,0,-0.2368478,0.06819713,0.1300025,-0.2368478,0.06819713,0.1300025,-0.2368478,0.06819713,0.1300025,2.980232E-08,0,true,true,-1750,1,0.0001263787,1,1,1,1,1,Free,PolicyReleased,Unlocked,NoFutureLanding,GroundingEffectorTarget,FinalIkGrounding,true,0.9826674,0,0,0,0.206949,0.06942248,0.06582142,0.206949,0.06942248,0.06582142,0.206949,0.06942257,0.06582145,1.043081E-07,0
1302,464,1302,1303,1303,rootmotion.finalik.grounding/explicit-pose-world-query-secondary-plant/v4,rootmotion.finalik.full-body-biped-ik/indexed-pose-backend,None,true,true,-1750,-0.01921415,-0.0169358,false,false,AllPlantedFeet,FollowBody,true,true,-1750,1,-0.002239444,1,1,1,1,1,Free,PolicyReleased,Unlocked,NoFutureLanding,GroundingEffectorTarget,FinalIkGrounding,true,0.9695001,0,0,0,-0.2355593,0.06831622,0.1300404,-0.2355593,0.06831622,0.1300404,-0.2355592,0.06831625,0.1300404,8.940697E-08,0,true,true,-1750,1,0.0001775833,1,1,1,1,1,Free,PolicyReleased,Unlocked,NoFutureLanding,GroundingEffectorTarget,FinalIkGrounding,true,0.9831967,0,0,0,0.2089391,0.06973302,0.06601963,0.2089391,0.06973302,0.06601963,0.2089391,0.06973308,0.06601964,6.00685E-08,0
1303,465,1303,1304,1304,rootmotion.finalik.grounding/explicit-pose-world-query-secondary-plant/v4,rootmotion.finalik.full-body-biped-ik/indexed-pose-backend,None,true,true,-1750,-0.02013338,-0.01763669,false,false,AllPlantedFeet,FollowBody,true,true,-1750,1,-0.002155851,1,1,1,1,1,Free,PolicyReleased,Unlocked,NoFutureLanding,GroundingEffectorTarget,FinalIkGrounding,true,0.9695761,0,0,0,-0.2351144,0.0684222,0.1300617,-0.2351144,0.0684222,0.1300617,-0.2351144,0.06842223,0.1300617,9.541399E-08,0,true,true,-1750,1,0.000215804,1,1,1,1,1,Free,PolicyReleased,Unlocked,NoFutureLanding,GroundingEffectorTarget,FinalIkGrounding,true,0.9835017,0,0,0,0.2095175,0.06980848,0.06648707,0.2095175,0.06980848,0.06648707,0.2095175,0.06980851,0.0664871,4.770699E-08,0
1304,466,1304,1305,1305,rootmotion.finalik.grounding/explicit-pose-world-query-secondary-plant/v4,rootmotion.finalik.full-body-biped-ik/indexed-pose-backend,None,true,true,-1750,-0.0210579,-0.01846172,false,false,AllPlantedFeet,FollowBody,true,true,-1750,1,-0.002062622,1,1,1,1,1,Free,PolicyReleased,Unlocked,NoFutureLanding,GroundingEffectorTarget,FinalIkGrounding,true,0.9696552,0,0,0,-0.2350782,0.0685035,0.1300886,-0.2350782,0.0685035,0.1300886,-0.2350781,0.06850359,0.1300886,1.20137E-07,0,true,true,-1750,1,0.0002584299,1,1,1,1,1,Free,PolicyReleased,Unlocked,NoFutureLanding,GroundingEffectorTarget,FinalIkGrounding,true,0.9836407,0,0,0,0.2095051,0.06976461,0.06709388,0.2095051,0.06976461,0.06709388,0.2095051,0.06976461,0.06709372,1.592752E-07,0
1305,467,1305,1306,1306,rootmotion.finalik.grounding/explicit-pose-world-query-secondary-plant/v4,rootmotion.finalik.full-body-biped-ik/indexed-pose-backend,None,true,true,-1740,-0.05694717,-0.02836804,false,false,AllPlantedFeet,FollowBody,true,true,-1750,1,-0.002062622,1,1,0,1,1,Free,PolicyReleased,Unlocked,NoFutureLanding,GroundingEffectorTarget,FinalIkGrounding,true,1.019169,0,0,0,-0.235078,0.02245057,0.1300878,-0.235078,0.02245057,0.1300878,-0.2346938,0.02399701,0.1298179,0.001616128,0,true,true,-1750,1,0.0002584299,1,1,0,1,1,Free,PolicyReleased,Unlocked,NoFutureLanding,GroundingEffectorTarget,FinalIkGrounding,true,0.885004,0,0,0,0.209505,0.130391,0.06709324,0.209505,0.130391,0.06709324,0.209505,0.130391,0.06709325,4.280033E-08,0
1306,468,1306,1307,1307,rootmotion.finalik.grounding/explicit-pose-world-query-secondary-plant/v4,rootmotion.finalik.full-body-biped-ik/indexed-pose-backend,None,true,true,-1740,-0.08972847,-0.05353425,false,false,AllPlantedFeet,FollowBody,true,true,-1750,1,-0.002062622,1,1,0.9060984,1,1,Free,PolicyReleased,Unlocked,NoFutureLanding,GroundingEffectorTarget,FinalIkGrounding,true,1.029631,0,0,0,-0.2350781,-0.0103308,0.1300884,-0.2350781,-0.0103308,0.1300884,-0.2342406,-0.006969213,0.1295446,0.003506741,0,true,true,-1740,1,0.0002584299,1,1,0.310958,1,1,Free,PolicyReleased,Unlocked,NoFutureLanding,GroundingEffectorTarget,FinalIkGrounding,true,0.7189469,0,0,0,0.2095055,0.2252444,0.06709232,0.2095055,0.2252444,0.06709232,0.2095056,0.2252444,0.06709215,1.838649E-07,0
1307,469,1307,1308,1308,rootmotion.finalik.grounding/explicit-pose-world-query-secondary-plant/v4,rootmotion.finalik.full-body-biped-ik/indexed-pose-backend,None,true,true,-1740,-0.09167641,-0.06909125,false,false,AllPlantedFeet,FollowBody,true,true,-1750,1,-0.001990684,1,1,0.9032159,1,1,Free,PolicyReleased,Unlocked,NoFutureLanding,GroundingEffectorTarget,FinalIkGrounding,true,1.010954,0,0,0,-0.236014,-0.01001954,0.1303428,-0.236014,-0.01001954,0.1303428,-0.2358212,-0.009246737,0.130203,0.0008086916,0,true,true,-1740,1,0.0002913218,1,1,0.3133363,1,1,Free,PolicyReleased,Unlocked,NoFutureLanding,GroundingEffectorTarget,FinalIkGrounding,true,0.6918117,0,0,0,0.2081171,0.2310946,0.06788013,0.2081171,0.2310946,0.06788013,0.2081253,0.2310985,0.06788166,9.200043E-06,0
1308,470,1308,1309,1309,rootmotion.finalik.grounding/explicit-pose-world-query-secondary-plant/v4,rootmotion.finalik.full-body-biped-ik/indexed-pose-backend,None,true,true,-1740,-0.09341526,-0.07628869,false,false,AllPlantedFeet,FollowBody,true,true,-1750,1,-0.001774623,1,1,0.8994609,1,1,Free,PolicyReleased,Unlocked,NoFutureLanding,GroundingEffectorTarget,FinalIkGrounding,true,1.003462,0,0,0,-0.2378967,-0.00966239,0.1307241,-0.2378967,-0.00966239,0.1307241,-0.237843,-0.009448826,0.1306841,0.0002237986,0,true,true,-1740,1,0.0003901096,1,1,0.3154892,1,1,Free,PolicyReleased,Unlocked,NoFutureLanding,GroundingEffectorTarget,FinalIkGrounding,true,0.6830027,0,0,0,0.2056777,0.2312267,0.06830723,0.2056777,0.2312267,0.06830723,0.2056801,0.2312278,0.06830762,2.622234E-06,0
1309,471,1309,1310,1310,rootmotion.finalik.grounding/explicit-pose-world-query-secondary-plant/v4,rootmotion.finalik.full-body-biped-ik/indexed-pose-backend,None,true,true,-1740,-0.09482622,-0.08268702,false,false,AllPlantedFeet,FollowBody,true,true,-1750,1,-0.001529919,1,1,0.8960479,1,1,Free,PolicyReleased,Unlocked,NoFutureLanding,GroundingEffectorTarget,FinalIkGrounding,true,0.9966165,0,0,0,-0.2407776,-0.009368896,0.1306329,-0.2407776,-0.009368896,0.1306329,-0.2407776,-0.009368867,0.1306329,7.300049E-08,0,true,true,-1740,1,0.0005019936,1,1,0.3160316,1,1,Free,PolicyReleased,Unlocked,NoFutureLanding,GroundingEffectorTarget,FinalIkGrounding,true,0.6742287,0,0,0,0.2021498,0.2312348,0.06803618,0.2021498,0.2312348,0.06803618,0.20215,0.2312348,0.06803612,1.469484E-07,0
1310,472,1310,1311,1311,rootmotion.finalik.grounding/explicit-pose-world-query-secondary-plant/v4,rootmotion.finalik.full-body-biped-ik/indexed-pose-backend,None,true,true,-1740,-0.09584945,-0.08746879,false,false,AllPlantedFeet,FollowBody,true,true,-1750,1,-0.001233175,1,1,0.8942919,1,1,Free,PolicyReleased,Unlocked,NoFutureLanding,GroundingEffectorTarget,FinalIkGrounding,true,0.9914603,0,0,0,-0.2442667,-0.009242177,0.1300888,-0.2442667,-0.009242177,0.1300888,-0.2442667,-0.009242207,0.1300888,6.989264E-08,0,true,true,-1740,1,0.0004414429,1,1,0.3135473,1,1,Free,PolicyReleased,Unlocked,NoFutureLanding,GroundingEffectorTarget,FinalIkGrounding,true,0.6667984,0,0,0,0.1982898,0.2310178,0.06692995,0.1982898,0.2310178,0.06692995,0.19829,0.2310178,0.06693006,1.705516E-07,0
1311,473,1311,1312,1312,rootmotion.finalik.grounding/explicit-pose-world-query-secondary-plant/v4,rootmotion.finalik.full-body-biped-ik/indexed-pose-backend,None,true,true,-1740,-0.09606957,-0.08934282,false,false,AllPlantedFeet,FollowBody,true,true,-1750,1,-0.001109603,1,1,0.8944862,1,1,Free,PolicyReleased,Unlocked,NoFutureLanding,GroundingEffectorTarget,FinalIkGrounding,true,0.9891939,0,0,0,-0.2459309,-0.009280324,0.1297852,-0.2459309,-0.009280324,0.1297852,-0.2459308,-0.009280294,0.1297852,4.214685E-08,0,true,true,-1740,1,0.0003348276,1,1,0.3117615,1,1,Free,PolicyReleased,Unlocked,NoFutureLanding,GroundingEffectorTarget,FinalIkGrounding,true,0.6633826,0,0,0,0.1966546,0.230876,0.06611031,0.1966546,0.230876,0.06611031,0.1966547,0.2308761,0.0661103,1.095007E-07,0
1312,474,1312,1313,1313,rootmotion.finalik.grounding/explicit-pose-world-query-secondary-plant/v4,rootmotion.finalik.full-body-biped-ik/indexed-pose-backend,None,true,true,-1740,-0.09600437,-0.09114345,false,false,AllPlantedFeet,FollowBody,true,true,-1750,1,-0.00100314,1,1,0.8959215,1,1,Free,PolicyReleased,Unlocked,NoFutureLanding,GroundingEffectorTarget,FinalIkGrounding,true,0.98664,0,0,0,-0.2478837,-0.009411216,0.1290797,-0.2478837,-0.009411216,0.1290797,-0.2478837,-0.009411097,0.1290796,1.490116E-07,0,true,true,-1740,1,0.0001866499,1,1,0.3106028,1,1,Free,PolicyReleased,Unlocked,NoFutureLanding,GroundingEffectorTarget,FinalIkGrounding,true,0.6595329,0,0,0,0.1949352,0.2307479,0.06547552,0.1949352,0.2307479,0.06547552,0.1949353,0.2307479,0.06547531,2.690475E-07,0
1313,475,1313,1314,1314,rootmotion.finalik.grounding/explicit-pose-world-query-secondary-plant/v4,rootmotion.finalik.full-body-biped-ik/indexed-pose-backend,None,true,true,-1740,-0.09559357,-0.09250321,false,false,AllPlantedFeet,FollowBody,true,true,-1750,1,-0.0008799472,1,1,0.8970516,1,1,Free,PolicyReleased,Unlocked,NoFutureLanding,GroundingEffectorTarget,FinalIkGrounding,true,0.9842178,0,0,0,-0.2507903,-0.009438634,0.1275814,-0.2507903,-0.009438634,0.1275814,-0.2507903,-0.009438545,0.1275814,9.064023E-08,0,true,true,-1740,1,1.518696E-05,1,1,0.3100592,1,1,Free,PolicyReleased,Unlocked,NoFutureLanding,GroundingEffectorTarget,FinalIkGrounding,true,0.6556711,0,0,0,0.1928984,0.2306335,0.06489782,0.1928984,0.2306335,0.06489782,0.1928985,0.2306336,0.06489769,1.775678E-07,0
1314,476,1314,1315,1315,rootmotion.finalik.grounding/explicit-pose-world-query-secondary-plant/v4,rootmotion.finalik.full-body-biped-ik/indexed-pose-backend,None,true,true,-1740,-0.09927487,-0.09462935,false,false,AllPlantedFeet,FollowBody,true,true,-1750,1,-0.0008799472,1,1,0,1,1,Free,PolicyReleased,Unlocked,NoFutureLanding,GroundingEffectorTarget,FinalIkGrounding,true,0.9863414,0,0,0,-0.2507905,-0.0131197,0.1275824,-0.2507905,-0.0131197,0.1275824,-0.2507904,-0.01311964,0.1275823,2.112604E-07,0,true,true,-1740,1,1.518696E-05,1,1,0,1,1,Free,PolicyReleased,Unlocked,NoFutureLanding,GroundingEffectorTarget,FinalIkGrounding,true,0.6493252,0,0,0,0.1928987,0.2331485,0.06489728,0.1928987,0.2331485,0.06489728,0.1928988,0.2331485,0.06489722,1.3328E-07,0
1315,477,1315,1316,1316,rootmotion.finalik.grounding/explicit-pose-world-query-secondary-plant/v4,rootmotion.finalik.full-body-biped-ik/indexed-pose-backend,None,true,true,-1740,0,-0.06310496,false,false,AllPlantedFeet,FollowBody,true,true,-1740,0.9959852,-0.001272489,1,0.9919703,0,0.9919703,0.9919703,Free,PolicyReleased,Unlocked,NoFutureLanding,GroundingEffectorTarget,FinalIkGrounding,true,0.8939816,0,0,0,-0.2747217,0.0649184,0.09028023,-0.2747217,0.0649184,0.09028023,-0.2747217,0.06448692,0.09028029,0.000431478,0,true,true,-1750,1,-0.0001207788,1,1,0,1,1,Free,PolicyReleased,Unlocked,NoFutureLanding,GroundingEffectorTarget,FinalIkGrounding,true,0.7887241,0,0,0,0.208118,0.1384699,0.03924124,0.208118,0.1384699,0.03924124,0.208118,0.1384699,0.03924127,4.214685E-08,0
1316,478,1316,1317,1317,rootmotion.finalik.grounding/explicit-pose-world-query-secondary-plant/v4,rootmotion.finalik.full-body-biped-ik/indexed-pose-backend,None,true,true,-1740,0.01439781,-0.03919921,false,false,AllPlantedFeet,FollowBody,true,true,-1740,0.8438832,-0.000993176,1,0.6877664,0,0.6877664,0.6877664,Free,PolicyReleased,Unlocked,NoFutureLanding,GroundingEffectorTarget,FinalIkGrounding,true,0.8278129,0,0,0,-0.2638632,0.1368738,0.07633954,-0.2638632,0.1368738,0.07633954,-0.2638631,0.1051162,0.07633941,0.03175768,1.288747,true,true,-1750,1,-5.531756E-06,1,1,0,1,1,Free,PolicyReleased,Unlocked,NoFutureLanding,GroundingEffectorTarget,FinalIkGrounding,true,0.8862253,0,0,0,0.2100813,0.06401861,0.004675063,0.2100813,0.06401861,0.004675063,0.2100812,0.06401861,0.004675001,6.873041E-08,0
1317,479,1317,1318,1318,rootmotion.finalik.grounding/explicit-pose-world-query-secondary-plant/v4,rootmotion.finalik.full-body-biped-ik/indexed-pose-backend,None,true,true,-1740,-0.07514846,-0.05140901,false,false,AllPlantedFeet,FollowBody,true,true,-1740,0.4281994,0.003835154,1,0,0,0,0,Free,PolicyReleased,Unlocked,NoFutureLanding,GroundingEffectorTarget,FinalIkGrounding,true,0.8218995,0,0,0,-0.2127508,0.2356124,0.03339612,-0.2127508,0.2356124,0.03339612,-0.2127508,0.0454973,0.03339623,0.1901151,3.275389,true,true,-1750,1,-0.001789146,1,1,0,1,1,Free,PolicyReleased,Unlocked,NoFutureLanding,GroundingEffectorTarget,FinalIkGrounding,true,0.9162954,0,0,0,0.1905959,-0.0084728,-0.04571795,0.1905959,-0.0084728,-0.04571795,0.1905959,-0.00847277,-0.04571798,3.960038E-08,0
1318,480,1318,1319,1319,rootmotion.finalik.grounding/explicit-pose-world-query-secondary-plant/v4,rootmotion.finalik.full-body-biped-ik/indexed-pose-backend,None,true,true,-1740,-0.07197332,-0.05925551,false,false,AllPlantedFeet,FollowBody,true,true,-1740,0.4281994,0.003835154,1,0,0,0,0,Free,PolicyReleased,Unlocked,NoFutureLanding,GroundingEffectorTarget,FinalIkGrounding,true,0.8218995,0,0,0,-0.2127511,0.2649329,0.03339595,-0.2127511,0.2649329,0.03339595,-0.2127507,0.03765073,0.03339617,0.2272821,2.488224,true,true,-1750,1,-0.001789146,1,1,0,1,1,Free,PolicyReleased,Unlocked,NoFutureLanding,GroundingEffectorTarget,FinalIkGrounding,true,0.9007614,0,0,0,0.1905957,-0.005297661,-0.04571856,0.1905957,-0.005297661,-0.04571856,0.1905957,-0.005297571,-0.04571864,1.248945E-07,0
