presentation_position,trace_sequence,frame_sequence,reset_sequence,grounding_completion,modifier_completion,solver_completion,has_modifier,solver_backend,solver_failure,node_executed,body_grounded,placement_alpha,lyra_source_identity,spring_identity,rig_id,rig_revision,profile_id,profile_revision,pose_plan_hash,calibration_id,calibration_revision,physics_scene_identity,self_filter_identity,pelvis_lyra_target,pelvis_resolved_target,pelvis_current,pelvis_spring_velocity,pelvis_previous_target,pelvis_spring_initialized,pelvis_translation_x,pelvis_translation_y,pelvis_translation_z,pelvis_goal_weight,pelvis_goal_application,pelvis_goal_source,modifier_selected_side,baseline_producer_operation,baseline_producer_call_site,baseline_goal_offset,baseline_goal_count,baseline_rig_id,baseline_rig_revision,left_hit,left_surface,left_query_shape,left_query_purpose,left_query_foot_index,left_query_origin_x,left_query_origin_y,left_query_origin_z,left_query_capsule_end_x,left_query_capsule_end_y,left_query_capsule_end_z,left_query_direction_x,left_query_direction_y,left_query_direction_z,left_query_radius,left_query_maximum_distance,left_query_layer_mask,left_query_minimum_ground_normal_dot,left_hit_location_x,left_hit_location_y,left_hit_location_z,left_impact_point_x,left_impact_point_y,left_impact_point_z,left_hit_normal_x,left_hit_normal_y,left_hit_normal_z,left_hit_distance,left_contact,left_transition,left_has_anchor,left_anchor_local_x,left_anchor_local_y,left_anchor_local_z,left_anchor_local_rotation_x,left_anchor_local_rotation_y,left_anchor_local_rotation_z,left_anchor_local_rotation_w,left_anchor_world_x,left_anchor_world_y,left_anchor_world_z,left_anchor_world_rotation_x,left_anchor_world_rotation_y,left_anchor_world_rotation_z,left_anchor_world_rotation_w,left_anchor_blend,left_swing_eligible,left_selected_for_rewrite,left_rewritten,left_prediction_reject,left_future_surface,left_future_point_x,left_future_point_y,left_future_point_z,left_future_normal_x,left_future_normal_y,left_future_normal_z,left_ground_envelope_count,left_ground_envelope_reject,left_predictive_query_count,left_predictive_rejected_query_count,left_prediction_horizon,left_swing_clearance,left_baseline_application,left_final_source,left_solver_result_available,left_plant_confidence,left_plant_contact,left_sole_height,left_placement_weight,left_animation_foot_speed,left_surface_distance,left_sole_support_surface,left_sole_support_point_x,left_sole_support_point_y,left_sole_support_point_z,left_sole_support_normal_x,left_sole_support_normal_y,left_sole_support_normal_z,left_sole_clearance_target,left_sole_clearance_target_x,left_sole_clearance_target_y,left_sole_clearance_target_z,left_sole_ankle_x,left_sole_ankle_y,left_sole_ankle_z,left_sole_heel_x,left_sole_heel_y,left_sole_heel_z,left_sole_toe_x,left_sole_toe_y,left_sole_toe_z,left_sole_heel_plane_distance,left_sole_toe_plane_distance,left_residual_sole_penetration,left_baseline_position_weight,left_baseline_rotation_weight,left_final_position_weight,left_final_rotation_weight,left_target_offset,left_offset_target,left_unconstrained_offset,left_sole_constraint_offset,left_current_offset,left_offset_spring_velocity,left_previous_offset_target,left_offset_spring_initialized,left_target_normal_x,left_target_normal_y,left_target_normal_z,left_current_normal_x,left_current_normal_y,left_current_normal_z,left_normal_spring_velocity_x,left_normal_spring_velocity_y,left_normal_spring_velocity_z,left_previous_normal_target_x,left_previous_normal_target_y,left_previous_normal_target_z,left_normal_spring_initialized,left_current_grounding_x,left_current_grounding_y,left_current_grounding_z,left_baseline_x,left_baseline_y,left_baseline_z,left_final_x,left_final_y,left_final_z,left_solved_x,left_solved_y,left_solved_z,left_position_residual,left_rotation_residual_degrees,right_hit,right_surface,right_query_shape,right_query_purpose,right_query_foot_index,right_query_origin_x,right_query_origin_y,right_query_origin_z,right_query_capsule_end_x,right_query_capsule_end_y,right_query_capsule_end_z,right_query_direction_x,right_query_direction_y,right_query_direction_z,right_query_radius,right_query_maximum_distance,right_query_layer_mask,right_query_minimum_ground_normal_dot,right_hit_location_x,right_hit_location_y,right_hit_location_z,right_impact_point_x,right_impact_point_y,right_impact_point_z,right_hit_normal_x,right_hit_normal_y,right_hit_normal_z,right_hit_distance,right_contact,right_transition,right_has_anchor,right_anchor_local_x,right_anchor_local_y,right_anchor_local_z,right_anchor_local_rotation_x,right_anchor_local_rotation_y,right_anchor_local_rotation_z,right_anchor_local_rotation_w,right_anchor_world_x,right_anchor_world_y,right_anchor_world_z,right_anchor_world_rotation_x,right_anchor_world_rotation_y,right_anchor_world_rotation_z,right_anchor_world_rotation_w,right_anchor_blend,right_swing_eligible,right_selected_for_rewrite,right_rewritten,right_prediction_reject,right_future_surface,right_future_point_x,right_future_point_y,right_future_point_z,right_future_normal_x,right_future_normal_y,right_future_normal_z,right_ground_envelope_count,right_ground_envelope_reject,right_predictive_query_count,right_predictive_rejected_query_count,right_prediction_horizon,right_swing_clearance,right_baseline_application,right_final_source,right_solver_result_available,right_plant_confidence,right_plant_contact,right_sole_height,right_placement_weight,right_animation_foot_speed,right_surface_distance,right_sole_support_surface,right_sole_support_point_x,right_sole_support_point_y,right_sole_support_point_z,right_sole_support_normal_x,right_sole_support_normal_y,right_sole_support_normal_z,right_sole_clearance_target,right_sole_clearance_target_x,right_sole_clearance_target_y,right_sole_clearance_target_z,right_sole_ankle_x,right_sole_ankle_y,right_sole_ankle_z,right_sole_heel_x,right_sole_heel_y,right_sole_heel_z,right_sole_toe_x,right_sole_toe_y,right_sole_toe_z,right_sole_heel_plane_distance,right_sole_toe_plane_distance,right_residual_sole_penetration,right_baseline_position_weight,right_baseline_rotation_weight,right_final_position_weight,right_final_rotation_weight,right_target_offset,right_offset_target,right_unconstrained_offset,right_sole_constraint_offset,right_current_offset,right_offset_spring_velocity,right_previous_offset_target,right_offset_spring_initialized,right_target_normal_x,right_target_normal_y,right_target_normal_z,right_current_normal_x,right_current_normal_y,right_current_normal_z,right_normal_spring_velocity_x,right_normal_spring_velocity_y,right_normal_spring_velocity_z,right_previous_normal_target_x,right_previous_normal_target_y,right_previous_normal_target_z,right_normal_spring_initialized,right_current_grounding_x,right_current_grounding_y,right_current_grounding_z,right_baseline_x,right_baseline_y,right_baseline_z,right_final_x,right_final_y,right_final_z,right_solved_x,right_solved_y,right_solved_z,right_position_residual,right_rotation_residual_degrees
2054,134,2054,1,2055,0,2055,false,rootmotion.finalik.full-body-biped-ik/indexed-pose-backend,None,true,true,1,lyra-5.7/ABP_Mannequin_Base/CR_Mannequin_FootPlant,unreal-engine-5.7/SpringInterpV2/FMath.SpringDamper,corin.animation-rig,87731f0d0ca14844bbf861368b9847b3,corin.foot-placement,6d6118d2f41a5948ddd18dc6d88083c8c5bf77a4682a4ec3fce5d2ec6af01624,298b6781705cafb383942fcc3f3b1f6e0800ead13829aedd29916feeb5d1f702,Corin.FootPlacementRig,2997edf1c34f13f7e2a3033372226eb399379f30c4303fddfe3e97ec1e4bf38d,0,-192572,0.04797918,0.04797917,0.04797917,2.501419E-08,0.04797918,true,0,0.04797917,0,1,PelvisPreSolveTranslation,FootGrounding,ModifierNotCompiled,-1,-1,-1,0,,,true,-98068,Sphere,CurrentGrounding,0,0.1140127,1.25306,1.752924,0,0,0,0,-1,0,0.05,1,4608,0.5735765,0.1140127,0.9599999,1.752924,0.1140127,0.9599999,1.752924,0,1,0,0.24306,Swing,None,false,0,0,0,0,0,0,1,0,0,0,0,0,0,1,0,false,false,false,ModifierNotCompiled,0,0,0,0,0,0,0,0,ModifierNotCompiled,0,0,0,0,FootPlacementEffectorTarget,FootGrounding,true,1,false,-0.00151491,1,0.08512412,0.288747,-98068,0.1140127,0.9599999,1.752924,0,1,0,0.001345694,0,0.001345694,0,0.1140127,1.042955,1.752924,0.1130412,0.9617259,1.751951,0.168154,0.9605699,1.799721,0.001725972,0.0005699992,0,1,1,1,1,0.2879792,0.2413457,0.2419158,0,0.2419158,-0.006666135,0.2413457,true,0,1,0,-9.809089E-45,1,-2.072701E-31,4.596259E-43,5.33166E-41,1.028134E-29,0,1,0,true,-0.2484747,0.3709342,0.1268126,-0.2484747,0.3709342,0.1268126,-0.2484747,0.3709342,0.1268126,-0.2484748,0.3709342,0.1268124,2.466581E-07,0,true,-98058,Sphere,CurrentGrounding,1,0.5049708,1.253647,1.533109,0,0,0,0,-1,0,0.05,1,4608,0.5735765,0.5049708,0.7199999,1.533109,0.5049708,0.7199999,1.533109,0,1,0,0.4836466,Anchored,None,true,0.1562916,0.7789224,-0.06718682,-0.5739628,-0.5066513,-0.5039867,-0.3998359,0.5001333,0.9208242,1.475735,-0.5739628,-0.5066513,-0.5039867,-0.3998359,1,false,false,false,ModifierNotCompiled,0,0,0,0,0,0,0,0,ModifierNotCompiled,0,0,0,0,FootPlacementEffectorTarget,FootGrounding,true,1,true,5.685512E-05,1,0.0911734,0.04779375,-98058,0.5001333,0.7199999,1.475735,0,1,0,9.572506E-05,0,9.572506E-05,0,0.5001333,0.9208242,1.475735,0.5019367,0.8406724,1.463114,0.5176215,0.8282754,1.540436,0.1206725,0.1082755,0,1,1,1,1,0.04797918,9.572878E-05,0.000135519,0,0.000135519,-0.0005756984,9.572878E-05,true,0,1,0,-4.259947E-43,1,-4.049753E-43,2.116942E-41,0,2.011844E-41,0,1,0,true,0.1954637,0.1297406,0.06289133,0.2116564,0.2488034,0.007637609,0.2116564,0.2488034,0.007637609,0.2116564,0.2488035,0.007637367,2.61965E-07,0
2055,135,2055,1,2056,0,2056,false,rootmotion.finalik.full-body-biped-ik/indexed-pose-backend,None,true,true,1,lyra-5.7/ABP_Mannequin_Base/CR_Mannequin_FootPlant,unreal-engine-5.7/SpringInterpV2/FMath.SpringDamper,corin.animation-rig,87731f0d0ca14844bbf861368b9847b3,corin.foot-placement,6d6118d2f41a5948ddd18dc6d88083c8c5bf77a4682a4ec3fce5d2ec6af01624,298b6781705cafb383942fcc3f3b1f6e0800ead13829aedd29916feeb5d1f702,Corin.FootPlacementRig,2997edf1c34f13f7e2a3033372226eb399379f30c4303fddfe3e97ec1e4bf38d,0,-192572,0.04797918,0.04797917,0.04797917,2.478887E-08,0.04797918,true,0,0.04797917,0,1,PelvisPreSolveTranslation,FootGrounding,ModifierNotCompiled,-1,-1,-1,0,,,true,-98068,Sphere,CurrentGrounding,0,0.1104994,1.253202,1.75362,0,0,0,0,-1,0,0.05,1,4608,0.5735765,0.1104994,0.9599999,1.75362,0.1104994,0.9599999,1.75362,0,1,0,0.243202,Swing,None,false,0,0,0,0,0,0,1,0,0,0,0,0,0,1,0,false,false,false,ModifierNotCompiled,0,0,0,0,0,0,0,0,ModifierNotCompiled,0,0,0,0,FootPlacementEffectorTarget,FootGrounding,true,1,false,-0.001349587,1,0.09260722,0.2886236,-98068,0.1104994,0.9599999,1.75362,0,1,0,0.001241744,0,0.001241744,0,0.1104994,1.042868,1.75362,0.1094489,0.9616396,1.752673,0.1645448,0.9604451,1.800468,0.001639724,0.0004451871,0,1,1,1,1,0.2879792,0.2412418,0.2416869,0,0.2416869,-0.005322847,0.2412418,true,0,1,0,-1.401298E-45,1,-3.35579E-32,8.267661E-44,-7.61886E-42,1.665136E-30,0,1,0,true,-0.2520023,0.3708473,0.1261936,-0.2520023,0.3708473,0.1261936,-0.2520023,0.3708473,0.1261936,-0.2520024,0.3708474,0.1261935,1.666E-07,0,true,-98058,Sphere,CurrentGrounding,1,0.5012689,1.253584,1.533298,0,0,0,0,-1,0,0.05,1,4608,0.5735765,0.5012689,0.7199999,1.533298,0.5012689,0.7199999,1.533298,0,1,0,0.4835838,Anchored,None,true,0.1562916,0.7789224,-0.06718682,-0.5739628,-0.5066513,-0.5039867,-0.3998359,0.5001333,0.9208242,1.475735,-0.5739628,-0.5066513,-0.5039867,-0.3998359,1,false,false,false,ModifierNotCompiled,0,0,0,0,0,0,0,0,ModifierNotCompiled,0,0,0,0,FootPlacementEffectorTarget,FootGrounding,true,1,true,4.761016E-05,1,0.09907208,0.04777896,-98058,0.5001333,0.7199999,1.475735,0,1,0,3.635883E-06,0,3.635883E-06,0,0.5001333,0.9208242,1.475735,0.5019368,0.8406724,1.463114,0.5176236,0.8282695,1.540431,0.1206725,0.1082696,0,1,1,1,1,0.04797918,3.639609E-06,0.0001001637,0,0.0001001637,-0.001127451,3.639609E-06,true,0,1,0,-6.866362E-44,1,-6.586103E-44,3.416366E-42,0,3.249611E-42,0,1,0,true,0.191943,0.1296424,0.06173155,0.2116564,0.2488034,0.007637609,0.2116564,0.2488034,0.007637609,0.2116564,0.2488035,0.007637516,1.145186E-07,0
2056,136,2056,1,2057,0,2057,false,rootmotion.finalik.full-body-biped-ik/indexed-pose-backend,None,true,true,1,lyra-5.7/ABP_Mannequin_Base/CR_Mannequin_FootPlant,unreal-engine-5.7/SpringInterpV2/FMath.SpringDamper,corin.animation-rig,87731f0d0ca14844bbf861368b9847b3,corin.foot-placement,6d6118d2f41a5948ddd18dc6d88083c8c5bf77a4682a4ec3fce5d2ec6af01624,298b6781705cafb383942fcc3f3b1f6e0800ead13829aedd29916feeb5d1f702,Corin.FootPlacementRig,2997edf1c34f13f7e2a3033372226eb399379f30c4303fddfe3e97ec1e4bf38d,0,-192572,0.04797918,0.04797917,0.04797917,2.529356E-08,0.04797918,true,0,0.04797917,0,1,PelvisPreSolveTranslation,FootGrounding,ModifierNotCompiled,-1,-1,-1,0,,,true,-98068,Sphere,CurrentGrounding,0,0.1079102,1.253279,1.754243,0,0,0,0,-1,0,0.05,1,4608,0.5735765,0.1079102,0.9599999,1.754243,0.1079102,0.9599999,1.754243,0,1,0,0.243279,Swing,None,false,0,0,0,0,0,0,1,0,0,0,0,0,0,1,0,false,false,false,ModifierNotCompiled,0,0,0,0,0,0,0,0,ModifierNotCompiled,0,0,0,0,FootPlacementEffectorTarget,FootGrounding,true,1,false,-0.001212268,1,0.06589,0.2884865,-98068,0.1079102,0.9599999,1.754243,0,1,0,0.001042247,0,0.001042247,0,0.1079102,1.042772,1.754243,0.1069608,0.9615409,1.753391,0.162111,0.9604712,1.801132,0.001541018,0.0004712343,0,1,1,1,1,0.2879792,0.2410423,0.2415135,0,0.2415135,-0.005460316,0.2410423,true,0,1,0,0,1,-7.222865E-33,1.261169E-44,9.360674E-43,3.584899E-31,0,1,0,true,-0.254642,0.3707508,0.1258404,-0.254642,0.3707508,0.1258404,-0.254642,0.3707508,0.1258404,-0.254642,0.3707509,0.1258403,1.237783E-07,0,true,-98058,Sphere,CurrentGrounding,1,0.4983051,1.253517,1.533436,0,0,0,0,-1,0,0.05,1,4608,0.5735765,0.4983051,0.7199999,1.533436,0.4983051,0.7199999,1.533436,0,1,0,0.4835167,Anchored,None,true,0.1562916,0.7789224,-0.06718682,-0.5739628,-0.5066513,-0.5039867,-0.3998359,0.5001333,0.9208242,1.475735,-0.5739628,-0.5066513,-0.5039867,-0.3998359,1,false,false,false,ModifierNotCompiled,0,0,0,0,0,0,0,0,ModifierNotCompiled,0,0,0,0,FootPlacementEffectorTarget,FootGrounding,true,1,true,3.993115E-05,1,0.08505783,0.04775357,-98058,0.5001333,0.7199999,1.475735,0,1,0,0,0,0,0,0.5001333,0.9208242,1.475735,0.5019366,0.8406724,1.463114,0.5176266,0.8282592,1.540421,0.1206725,0.1082593,0,1,1,1,1,0.04797918,3.72529E-09,6.940241E-05,0,6.940241E-05,-0.0008361562,3.72529E-09,true,0,1,0,-1.541428E-44,1,-1.401298E-44,7.328791E-43,0,7.062544E-43,0,1,0,true,0.1891291,0.1295445,0.06079099,0.2116564,0.2488034,0.007637609,0.2116564,0.2488034,0.007637609,0.2116563,0.2488035,0.007637635,7.156049E-08,0
2057,137,2057,1,2058,0,2058,false,rootmotion.finalik.full-body-biped-ik/indexed-pose-backend,None,true,true,1,lyra-5.7/ABP_Mannequin_Base/CR_Mannequin_FootPlant,unreal-engine-5.7/SpringInterpV2/FMath.SpringDamper,corin.animation-rig,87731f0d0ca14844bbf861368b9847b3,corin.foot-placement,6d6118d2f41a5948ddd18dc6d88083c8c5bf77a4682a4ec3fce5d2ec6af01624,298b6781705cafb383942fcc3f3b1f6e0800ead13829aedd29916feeb5d1f702,Corin.FootPlacementRig,2997edf1c34f13f7e2a3033372226eb399379f30c4303fddfe3e97ec1e4bf38d,0,-192572,0.04797918,0.04797917,0.04797917,2.601345E-08,0.04797918,true,0,0.04797917,0,1,PelvisPreSolveTranslation,FootGrounding,ModifierNotCompiled,-1,-1,-1,0,,,true,-98068,Sphere,CurrentGrounding,0,0.1066916,1.253225,1.754929,0,0,0,0,-1,0,0.05,1,4608,0.5735765,0.1066916,0.9599999,1.754929,0.1066916,0.9599999,1.754929,0,1,0,0.2432251,Swing,None,false,0,0,0,0,0,0,1,0,0,0,0,0,0,1,0,false,false,false,ModifierNotCompiled,0,0,0,0,0,0,0,0,ModifierNotCompiled,0,0,0,0,FootPlacementEffectorTarget,FootGrounding,true,1,false,-0.001114089,1,0.05104361,0.2884548,-98068,0.1066916,0.9599999,1.754929,0,1,0,0.0009222031,0,0.0009222031,0,0.1066916,1.042596,1.754929,0.1059074,0.9613621,1.754186,0.1610818,0.960469,1.801906,0.001362145,0.0004690886,0,1,1,1,1,0.2879792,0.2409222,0.2413913,0,0.2413913,-0.005315023,0.2409222,true,0,1,0,0,1,-2.371993E-33,0,-3.923636E-44,1.177494E-31,0,1,0,true,-0.2560257,0.3705748,0.1260398,-0.2560257,0.3705748,0.1260398,-0.2560257,0.3705748,0.1260398,-0.2560259,0.3705747,0.1260395,2.95404E-07,0,true,-98058,Sphere,CurrentGrounding,1,0.496623,1.253367,1.533533,0,0,0,0,-1,0,0.05,1,4608,0.5735765,0.496623,0.7199999,1.533533,0.496623,0.7199999,1.533533,0,1,0,0.4833668,Anchored,None,true,0.1562916,0.7789224,-0.06718682,-0.5739628,-0.5066513,-0.5039867,-0.3998359,0.5001333,0.9208242,1.475735,-0.5739628,-0.5066513,-0.5039867,-0.3998359,1,false,false,false,ModifierNotCompiled,0,0,0,0,0,0,0,0,ModifierNotCompiled,0,0,0,0,FootPlacementEffectorTarget,FootGrounding,true,1,true,3.444092E-05,1,0.06121957,0.04783452,-98058,0.5001333,0.7199999,1.475735,0,1,0,0,0,0,0,0.5001333,0.9208242,1.475735,0.5019365,0.8406724,1.463114,0.51763,0.8282486,1.540412,0.1206725,0.1082487,0,1,1,1,1,0.04797918,3.72529E-09,5.275996E-05,0,5.275996E-05,-0.0006503267,3.72529E-09,true,0,1,0,-5.605194E-45,1,-4.203895E-45,2.522337E-43,0,2.284116E-43,0,1,0,true,0.1875254,0.129378,0.06027427,0.2116564,0.2488034,0.007637609,0.2116564,0.2488034,0.007637609,0.2116565,0.2488036,0.007637322,3.232427E-07,0
2058,138,2058,1,2059,0,2059,false,rootmotion.finalik.full-body-biped-ik/indexed-pose-backend,None,true,true,1,lyra-5.7/ABP_Mannequin_Base/CR_Mannequin_FootPlant,unreal-engine-5.7/SpringInterpV2/FMath.SpringDamper,corin.animation-rig,87731f0d0ca14844bbf861368b9847b3,corin.foot-placement,6d6118d2f41a5948ddd18dc6d88083c8c5bf77a4682a4ec3fce5d2ec6af01624,298b6781705cafb383942fcc3f3b1f6e0800ead13829aedd29916feeb5d1f702,Corin.FootPlacementRig,2997edf1c34f13f7e2a3033372226eb399379f30c4303fddfe3e97ec1e4bf38d,0,-192572,0.04797918,0.04797917,0.04797917,2.634687E-08,0.04797918,true,0,0.04797917,0,1,PelvisPreSolveTranslation,FootGrounding,ModifierNotCompiled,-1,-1,-1,0,,,true,-98068,Sphere,CurrentGrounding,0,0.1062651,1.253019,1.755933,0,0,0,0,-1,0,0.05,1,4608,0.5735765,0.1062651,0.9599999,1.755933,0.1062651,0.9599999,1.755933,0,1,0,0.2430193,Swing,None,false,0,0,0,0,0,0,1,0,0,0,0,0,0,1,0,false,false,false,ModifierNotCompiled,0,0,0,0,0,0,0,0,ModifierNotCompiled,0,0,0,0,FootPlacementEffectorTarget,FootGrounding,true,1,false,-0.001016434,1,0.01669713,0.2885779,-98068,0.1062651,0.9599999,1.755933,0,1,0,0.00096035,0,0.00096035,0,0.1062651,1.042287,1.755933,0.1056271,0.9610513,1.75531,0.1608624,0.9603282,1.802963,0.001051426,0.0003283024,0,1,1,1,1,0.2879792,0.2409604,0.2412886,0,0.2412886,-0.003931088,0.2409604,true,0,1,0,0,1,-7.83352E-34,0,1.401298E-45,3.889353E-32,0,1,0,true,-0.2567859,0.3702664,0.1268224,-0.2567859,0.3702664,0.1268224,-0.2567859,0.3702664,0.1268224,-0.2567859,0.3702663,0.1268224,6.143906E-08,0,true,-98058,Sphere,CurrentGrounding,1,0.4955733,1.253025,1.533635,0,0,0,0,-1,0,0.05,1,4608,0.5735765,0.4955733,0.7199999,1.533635,0.4955733,0.7199999,1.533635,0,1,0,0.4830253,Anchored,None,true,0.1562916,0.7789224,-0.06718682,-0.5739628,-0.5066513,-0.5039867,-0.3998359,0.5001333,0.9208242,1.475735,-0.5739628,-0.5066513,-0.5039867,-0.3998359,1,false,false,false,ModifierNotCompiled,0,0,0,0,0,0,0,0,ModifierNotCompiled,0,0,0,0,FootPlacementEffectorTarget,FootGrounding,true,1,true,2.897996E-05,1,0.02595985,0.04811323,-98058,0.5001333,0.7199999,1.475735,0,1,0,0.0001519322,0,0.0001519322,0,0.5001333,0.9208242,1.475735,0.5019366,0.8406724,1.463114,0.5176337,0.8282374,1.540401,0.1206725,0.1082374,0,1,1,1,1,0.04797918,0.000151936,5.582062E-05,9.614229E-05,0.0001519629,0.0007604623,0.000151936,true,0,1,0,-1.401298E-45,1,-1.401298E-45,9.24857E-44,0,6.866362E-44,0,1,0,true,0.1865096,0.1291357,0.05999062,0.2116564,0.2488034,0.007637609,0.2116564,0.2488034,0.007637609,0.2116564,0.2488034,0.007637694,9.071675E-08,0
2059,139,2059,1,2060,0,2060,false,rootmotion.finalik.full-body-biped-ik/indexed-pose-backend,None,true,true,1,lyra-5.7/ABP_Mannequin_Base/CR_Mannequin_FootPlant,unreal-engine-5.7/SpringInterpV2/FMath.SpringDamper,corin.animation-rig,87731f0d0ca14844bbf861368b9847b3,corin.foot-placement,6d6118d2f41a5948ddd18dc6d88083c8c5bf77a4682a4ec3fce5d2ec6af01624,298b6781705cafb383942fcc3f3b1f6e0800ead13829aedd29916feeb5d1f702,Corin.FootPlacementRig,2997edf1c34f13f7e2a3033372226eb399379f30c4303fddfe3e97ec1e4bf38d,0,-192572,0.04797918,0.04797917,0.04797917,2.630893E-08,0.04797918,true,0,0.04797917,0,1,PelvisPreSolveTranslation,FootGrounding,ModifierNotCompiled,-1,-1,-1,0,,,true,-98068,Sphere,CurrentGrounding,0,0.1052773,1.252996,1.755404,0,0,0,0,-1,0,0.05,1,4608,0.5735765,0.1052773,0.9599999,1.755404,0.1052773,0.9599999,1.755404,0,1,0,0.2429965,Swing,None,false,0,0,0,0,0,0,1,0,0,0,0,0,0,1,0,false,false,false,ModifierNotCompiled,0,0,0,0,0,0,0,0,ModifierNotCompiled,0,0,0,0,FootPlacementEffectorTarget,FootGrounding,true,1,false,-0.0009382832,1,0.1025148,0.2885837,-98068,0.1052773,0.9599999,1.755404,0,1,0,0.0009485483,0,0.0009485483,0,0.1052773,1.042176,1.755404,0.1047158,0.96094,1.754753,0.1599035,0.9602519,1.802461,0.0009400845,0.0002520084,0,1,1,1,1,0.2879792,0.2409486,0.2412006,0,0.2412006,-0.003071349,0.2409486,true,0,1,0,0,1,-2.255579E-34,0,0,1.12011E-32,0,1,0,true,-0.2575163,0.3701554,0.1259728,-0.2575163,0.3701554,0.1259728,-0.2575163,0.3701554,0.1259728,-0.2575163,0.3701553,0.1259727,1.365714E-07,0,true,-98058,Sphere,CurrentGrounding,1,0.4945779,1.253105,1.533362,0,0,0,0,-1,0,0.05,1,4608,0.5735765,0.4945779,0.7199999,1.533362,0.4945779,0.7199999,1.533362,0,1,0,0.4831046,Anchored,None,true,0.1562916,0.7789224,-0.06718682,-0.5739628,-0.5066513,-0.5039867,-0.3998359,0.5001333,0.9208242,1.475735,-0.5739628,-0.5066513,-0.5039867,-0.3998359,1,false,false,false,ModifierNotCompiled,0,0,0,0,0,0,0,0,ModifierNotCompiled,0,0,0,0,FootPlacementEffectorTarget,FootGrounding,true,1,true,-6.481246E-05,1,0.07880048,0.04802835,-98058,0.5001333,0.7199999,1.475735,0,1,0,7.241964E-05,0,7.241964E-05,0,0.5001333,0.9208242,1.475735,0.5019367,0.8406724,1.463114,0.5176358,0.8282297,1.540395,0.1206725,0.1082298,0,1,1,1,1,0.04797918,7.242337E-05,0.0001552253,0,0.0001552253,-0.0003604539,7.242337E-05,true,0,1,0,0,1,0,1.821688E-44,0,1.961818E-44,0,1,0,true,0.1856795,0.1292182,0.05937749,0.2116564,0.2488034,0.007637609,0.2116564,0.2488034,0.007637609,0.2116564,0.2488034,0.007637531,9.010275E-08,0
2060,140,2060,1,2061,0,2061,false,rootmotion.finalik.full-body-biped-ik/indexed-pose-backend,None,true,true,1,lyra-5.7/ABP_Mannequin_Base/CR_Mannequin_FootPlant,unreal-engine-5.7/SpringInterpV2/FMath.SpringDamper,corin.animation-rig,87731f0d0ca14844bbf861368b9847b3,corin.foot-placement,6d6118d2f41a5948ddd18dc6d88083c8c5bf77a4682a4ec3fce5d2ec6af01624,298b6781705cafb383942fcc3f3b1f6e0800ead13829aedd29916feeb5d1f702,Corin.FootPlacementRig,2997edf1c34f13f7e2a3033372226eb399379f30c4303fddfe3e97ec1e4bf38d,0,-192572,0.04797918,0.04797917,0.04797917,2.620425E-08,0.04797918,true,0,0.04797917,0,1,PelvisPreSolveTranslation,FootGrounding,ModifierNotCompiled,-1,-1,-1,0,,,true,-98068,Sphere,CurrentGrounding,0,0.1016946,1.25293,1.754632,0,0,0,0,-1,0,0.05,1,4608,0.5735765,0.1016946,0.9599999,1.754632,0.1016946,0.9599999,1.754632,0,1,0,0.2429298,Swing,None,false,0,0,0,0,0,0,1,0,0,0,0,0,0,1,0,false,false,false,ModifierNotCompiled,0,0,0,0,0,0,0,0,ModifierNotCompiled,0,0,0,0,FootPlacementEffectorTarget,FootGrounding,true,1,false,-0.0009221684,1,0.1424755,0.2886643,-98068,0.1016946,0.9599999,1.754632,0,1,0,0.001043439,0,0.001043439,0,0.1016946,1.042052,1.754632,0.1010971,0.9608158,1.753973,0.1562421,0.9600991,1.801727,0.000815928,9.918213E-05,0,1,1,1,1,0.2879792,0.2410434,0.2411427,0,0.2411427,-0.001469583,0.2410434,true,0,1,0,0,1,-6.13597E-35,0,0,3.04768E-33,0,1,0,true,-0.260579,0.3700309,0.1239599,-0.260579,0.3700309,0.1239599,-0.260579,0.3700309,0.1239599,-0.2605791,0.3700309,0.1239598,1.944302E-07,0,true,-98058,Sphere,CurrentGrounding,1,0.4920831,1.252733,1.53285,0,0,0,0,-1,0,0.05,1,4608,0.5735765,0.4920831,0.7199999,1.53285,0.4920831,0.7199999,1.53285,0,1,0,0.4827334,Anchored,None,true,0.1562916,0.7789224,-0.06718682,-0.5739628,-0.5066513,-0.5039867,-0.3998359,0.5001333,0.9208242,1.475735,-0.5739628,-0.5066513,-0.5039867,-0.3998359,1,false,false,false,ModifierNotCompiled,0,0,0,0,0,0,0,0,ModifierNotCompiled,0,0,0,0,FootPlacementEffectorTarget,FootGrounding,true,1,true,-0.0003434742,1,0.1009423,0.04835141,-98058,0.5001333,0.7199999,1.475735,0,1,0,0.0004423857,0,0.0004423857,0,0.5001333,0.9208242,1.475735,0.5019367,0.8406725,1.463114,0.5176389,0.8282169,1.540384,0.1206726,0.108217,0,1,1,1,1,0.04797918,0.0004423894,0.0001910601,0.0002513528,0.0004424129,0.002632402,0.0004423894,true,0,1,0,0,1,0,-1.401298E-45,0,-1.401298E-45,0,1,0,true,0.1835376,0.1291342,0.05799958,0.2116564,0.2488034,0.007637609,0.2116564,0.2488034,0.007637609,0.2116564,0.2488036,0.007637426,2.18017E-07,0
2061,141,2061,1,2062,0,2062,false,rootmotion.finalik.full-body-biped-ik/indexed-pose-backend,None,true,true,1,lyra-5.7/ABP_Mannequin_Base/CR_Mannequin_FootPlant,unreal-engine-5.7/SpringInterpV2/FMath.SpringDamper,corin.animation-rig,87731f0d0ca14844bbf861368b9847b3,corin.foot-placement,6d6118d2f41a5948ddd18dc6d88083c8c5bf77a4682a4ec3fce5d2ec6af01624,298b6781705cafb383942fcc3f3b1f6e0800ead13829aedd29916feeb5d1f702,Corin.FootPlacementRig,2997edf1c34f13f7e2a3033372226eb399379f30c4303fddfe3e97ec1e4bf38d,0,-192572,0.04797918,0.04797917,0.04797917,2.639686E-08,0.04797918,true,0,0.04797917,0,1,PelvisPreSolveTranslation,FootGrounding,ModifierNotCompiled,-1,-1,-1,0,,,true,-98068,Sphere,CurrentGrounding,0,0.0984993,1.252834,1.753956,0,0,0,0,-1,0,0.05,1,4608,0.5735765,0.0984993,0.9599999,1.753956,0.0984993,0.9599999,1.753956,0,1,0,0.2428341,Swing,None,false,0,0,0,0,0,0,1,0,0,0,0,0,0,1,0,false,false,false,ModifierNotCompiled,0,0,0,0,0,0,0,0,ModifierNotCompiled,0,0,0,0,FootPlacementEffectorTarget,FootGrounding,true,1,false,-0.0009081326,1,0.1431723,0.2887835,-98068,0.0984993,0.9599999,1.753956,0,1,0,0.001186728,0,0.001186728,0,0.0984993,1.042,1.753956,0.09784484,0.9607646,1.753283,0.1529534,0.9599999,1.801074,0.0007647276,0,0,1,1,1,1,0.2879792,0.2411867,0.2411296,5.710125E-05,0.2411867,0.0001476253,0.2411867,true,0,1,0,0,1,-1.964643E-35,0,0,9.759787E-34,0,1,0,true,-0.2633151,0.3699792,0.1221767,-0.2633151,0.3699792,0.1221767,-0.2633151,0.3699792,0.1221767,-0.2633152,0.3699791,0.1221766,1.718486E-07,0,true,-98058,Sphere,CurrentGrounding,1,0.4899609,1.252382,1.532103,0,0,0,0,-1,0,0.05,1,4608,0.5735765,0.4899609,0.7199999,1.532103,0.4899609,0.7199999,1.532103,0,1,0,0.4823823,Anchored,None,true,0.1562916,0.7789224,-0.06718682,-0.5739628,-0.5066513,-0.5039867,-0.3998359,0.5001333,0.9208242,1.475735,-0.5739628,-0.5066513,-0.5039867,-0.3998359,1,false,false,false,ModifierNotCompiled,0,0,0,0,0,0,0,0,ModifierNotCompiled,0,0,0,0,FootPlacementEffectorTarget,FootGrounding,true,1,true,-0.0005861839,1,0.1019003,0.0486871,-98058,0.5001333,0.7199999,1.475735,0,1,0,0.0007929206,0,0.0007929206,0,0.5001333,0.9208242,1.475735,0.5019364,0.8406724,1.463114,0.5176408,0.8282077,1.540376,0.1206725,0.1082078,0,1,1,1,1,0.04797918,0.0007929243,0.0005225433,0.0002703667,0.0007929099,0.004092572,0.0007929243,true,0,1,0,0,1,0,0,0,0,0,1,0,true,0.1818283,0.1291336,0.05653647,0.2116564,0.2488034,0.007637609,0.2116564,0.2488034,0.007637609,0.2116564,0.2488035,0.007637456,1.646309E-07,0
2062,142,2062,1,2063,0,2063,false,rootmotion.finalik.full-body-biped-ik/indexed-pose-backend,None,true,true,1,lyra-5.7/ABP_Mannequin_Base/CR_Mannequin_FootPlant,unreal-engine-5.7/SpringInterpV2/FMath.SpringDamper,corin.animation-rig,87731f0d0ca14844bbf861368b9847b3,corin.foot-placement,6d6118d2f41a5948ddd18dc6d88083c8c5bf77a4682a4ec3fce5d2ec6af01624,298b6781705cafb383942fcc3f3b1f6e0800ead13829aedd29916feeb5d1f702,Corin.FootPlacementRig,2997edf1c34f13f7e2a3033372226eb399379f30c4303fddfe3e97ec1e4bf38d,0,-192572,0.04797918,0.04797917,0.04797917,2.677394E-08,0.04797918,true,0,0.04797917,0,1,PelvisPreSolveTranslation,FootGrounding,ModifierNotCompiled,-1,-1,-1,0,,,true,-98068,Sphere,CurrentGrounding,0,0.09614873,1.252758,1.753475,0,0,0,0,-1,0,0.05,1,4608,0.5735765,0.09614873,0.9599999,1.753475,0.09614873,0.9599999,1.753475,0,1,0,0.2427578,Swing,None,false,0,0,0,0,0,0,1,0,0,0,0,0,0,1,0,false,false,false,ModifierNotCompiled,0,0,0,0,0,0,0,0,ModifierNotCompiled,0,0,0,0,FootPlacementEffectorTarget,FootGrounding,true,1,false,-0.0008976828,1,0.1404943,0.2888815,-98068,0.09614873,0.9599999,1.753475,0,1,0,0.00130707,0,0.00130707,0,0.09614873,1.042044,1.753475,0.09544277,0.9608093,1.752784,0.1505256,0.9599999,1.800603,0.0008093715,-5.960464E-08,5.960464E-08,1,1,1,1,0.2879792,0.2413071,0.2411977,0.0001093149,0.241307,0.00104911,0.2413071,true,0,1,0,0,1,-8.387559E-36,0,0,4.167194E-34,0,1,0,true,-0.2653335,0.3700232,0.1208793,-0.2653335,0.3700232,0.1208793,-0.2653335,0.3700232,0.1208793,-0.2653336,0.3700231,0.1208791,2.547401E-07,0,true,-98058,Sphere,CurrentGrounding,1,0.48842,1.252135,1.531443,0,0,0,0,-1,0,0.05,1,4608,0.5735765,0.48842,0.7199999,1.531443,0.48842,0.7199999,1.531443,0,1,0,0.4821353,Anchored,None,true,0.1562916,0.7789224,-0.06718682,-0.5739628,-0.5066513,-0.5039867,-0.3998359,0.5001333,0.9208242,1.475735,-0.5739628,-0.5066513,-0.5039867,-0.3998359,1,false,false,false,ModifierNotCompiled,0,0,0,0,0,0,0,0,ModifierNotCompiled,0,0,0,0,FootPlacementEffectorTarget,FootGrounding,true,1,true,-0.0007668856,1,0.09949259,0.0489338,-98058,0.5001333,0.7199999,1.475735,0,1,0,0.001039743,0,0.001039743,0,0.5001333,0.9208242,1.475735,0.5019367,0.8406724,1.463114,0.5176424,0.8282021,1.540371,0.1206725,0.1082022,0,1,1,1,1,0.04797918,0.001039747,0.0008650746,0.0001747012,0.001039776,0.004267783,0.001039747,true,0,1,0,0,1,0,0,0,0,0,1,0,true,0.1806292,0.1291335,0.05536538,0.2116564,0.2488034,0.007637609,0.2116564,0.2488034,0.007637609,0.2116563,0.2488035,0.007637471,1.479367E-07,0
2063,143,2063,1,2064,0,2064,false,rootmotion.finalik.full-body-biped-ik/indexed-pose-backend,None,true,true,1,lyra-5.7/ABP_Mannequin_Base/CR_Mannequin_FootPlant,unreal-engine-5.7/SpringInterpV2/FMath.SpringDamper,corin.animation-rig,87731f0d0ca14844bbf861368b9847b3,corin.foot-placement,6d6118d2f41a5948ddd18dc6d88083c8c5bf77a4682a4ec3fce5d2ec6af01624,298b6781705cafb383942fcc3f3b1f6e0800ead13829aedd29916feeb5d1f702,Corin.FootPlacementRig,2997edf1c34f13f7e2a3033372226eb399379f30c4303fddfe3e97ec1e4bf38d,0,-192572,0.04797918,0.04797917,0.04797917,2.698542E-08,0.04797918,true,0,0.04797917,0,1,PelvisPreSolveTranslation,FootGrounding,ModifierNotCompiled,-1,-1,-1,0,,,true,-98068,Sphere,CurrentGrounding,0,0.09387708,1.252689,1.75303,0,0,0,0,-1,0,0.05,1,4608,0.5735765,0.09387708,0.9599999,1.75303,0.09387708,0.9599999,1.75303,0,1,0,0.2426891,Swing,None,false,0,0,0,0,0,0,1,0,0,0,0,0,0,1,0,false,false,false,ModifierNotCompiled,0,0,0,0,0,0,0,0,ModifierNotCompiled,0,0,0,0,FootPlacementEffectorTarget,FootGrounding,true,1,false,-0.0008872458,1,0.134449,0.2889738,-98068,0.09387708,0.9599999,1.75303,0,1,0,0.001423717,0,0.001423717,0,0.09387708,1.042092,1.75303,0.09311604,0.960858,1.75232,0.1481764,0.9599999,1.800163,0.0008580685,0,0,1,1,1,1,0.2879792,0.2414237,0.2413295,9.417534E-05,0.2414237,0.001523296,0.2414237,true,0,1,0,0,1,-3.584245E-36,0,0,1.780968E-34,0,1,0,true,-0.2672917,0.3700712,0.1196451,-0.2672917,0.3700712,0.1196451,-0.2672917,0.3700712,0.1196451,-0.2672918,0.3700712,0.119645,1.365714E-07,0,true,-98058,Sphere,CurrentGrounding,1,0.4869206,1.251921,1.530755,0,0,0,0,-1,0,0.05,1,4608,0.5735765,0.4869206,0.7199999,1.530755,0.4869206,0.7199999,1.530755,0,1,0,0.4819207,Anchored,None,true,0.1562916,0.7789224,-0.06718682,-0.5739628,-0.5066513,-0.5039867,-0.3998359,0.5001333,0.9208242,1.475735,-0.5739628,-0.5066513,-0.5039867,-0.3998359,1,false,false,false,ModifierNotCompiled,0,0,0,0,0,0,0,0,ModifierNotCompiled,0,0,0,0,FootPlacementEffectorTarget,FootGrounding,true,1,true,-0.0009473648,1,0.09664358,0.04915416,-98058,0.5001333,0.7199999,1.475735,0,1,0,0.00125438,0,0.00125438,0,0.5001333,0.9208242,1.475735,0.5019366,0.8406724,1.463114,0.5176433,0.8281974,1.540367,0.1206725,0.1081975,0,1,1,1,1,0.04797918,0.001254383,0.001111734,0.0001426339,0.001254368,0.004108598,0.001254383,true,0,1,0,0,1,0,0,0,0,0,1,0,true,0.1794791,0.1291335,0.05418259,0.2116564,0.2488034,0.007637609,0.2116564,0.2488034,0.007637609,0.2116564,0.2488035,0.007637486,1.584453E-07,0
2064,144,2064,1,2065,0,2065,false,rootmotion.finalik.full-body-biped-ik/indexed-pose-backend,None,true,true,1,lyra-5.7/ABP_Mannequin_Base/CR_Mannequin_FootPlant,unreal-engine-5.7/SpringInterpV2/FMath.SpringDamper,corin.animation-rig,87731f0d0ca14844bbf861368b9847b3,corin.foot-placement,6d6118d2f41a5948ddd18dc6d88083c8c5bf77a4682a4ec3fce5d2ec6af01624,298b6781705cafb383942fcc3f3b1f6e0800ead13829aedd29916feeb5d1f702,Corin.FootPlacementRig,2997edf1c34f13f7e2a3033372226eb399379f30c4303fddfe3e97ec1e4bf38d,0,-192572,0.04797918,0.04797917,0.04797917,2.64779E-08,0.04797918,true,0,0.04797917,0,1,PelvisPreSolveTranslation,FootGrounding,ModifierNotCompiled,-1,-1,-1,0,,,true,-98068,Sphere,CurrentGrounding,0,0.09063697,1.25262,1.752459,0,0,0,0,-1,0,0.05,1,4608,0.5735765,0.09063697,0.9599999,1.752459,0.09063697,0.9599999,1.752459,0,1,0,0.2426201,Swing,None,false,0,0,0,0,0,0,1,0,0,0,0,0,0,1,0,false,false,false,ModifierNotCompiled,0,0,0,0,0,0,0,0,ModifierNotCompiled,0,0,0,0,FootPlacementEffectorTarget,FootGrounding,true,1,false,-0.0008712157,1,0.1190436,0.2890795,-98068,0.09063697,0.9599999,1.752459,0,1,0,0.001567185,0,0.001567185,0,0.09063697,1.042166,1.752459,0.08979416,0.9609336,1.751714,0.1448276,0.9599999,1.799586,0.0009336472,-5.960464E-08,5.960464E-08,1,1,1,1,0.2879792,0.2415672,0.2414685,9.870529E-05,0.2415672,0.001804829,0.2415672,true,0,1,0,0,1,-9.807355E-37,0,0,4.873999E-35,0,1,0,true,-0.2701072,0.3701457,0.1179426,-0.2701072,0.3701457,0.1179426,-0.2701072,0.3701457,0.1179426,-0.2701074,0.3701459,0.1179424,3.60411E-07,0,true,-98058,Sphere,CurrentGrounding,1,0.4847021,1.251687,1.529756,0,0,0,0,-1,0,0.05,1,4608,0.5735765,0.4847021,0.7199999,1.529756,0.4847021,0.7199999,1.529756,0,1,0,0.481687,Anchored,None,true,0.1562916,0.7789224,-0.06718682,-0.5739628,-0.5066513,-0.5039867,-0.3998359,0.5001333,0.9208242,1.475735,-0.5739628,-0.5066513,-0.5039867,-0.3998359,1,false,false,false,ModifierNotCompiled,0,0,0,0,0,0,0,0,ModifierNotCompiled,0,0,0,0,FootPlacementEffectorTarget,FootGrounding,true,1,true,-0.001224563,1,0.09037378,0.04940093,-98058,0.5001333,0.7199999,1.475735,0,1,0,0.00148809,0,0.00148809,0,0.5001333,0.9208242,1.475735,0.5019365,0.8406724,1.463114,0.5176445,0.8281918,1.540362,0.1206725,0.1081919,0,1,1,1,1,0.04797918,0.001488093,0.001355675,0.0001324415,0.001488117,0.003572061,0.001488093,true,0,1,0,0,1,0,0,0,0,0,1,0,true,0.1777706,0.1291336,0.05245035,0.2116564,0.2488034,0.007637609,0.2116564,0.2488034,0.007637609,0.2116563,0.2488036,0.007637396,2.780025E-07,0
2065,145,2065,1,2066,0,2066,false,rootmotion.finalik.full-body-biped-ik/indexed-pose-backend,None,true,true,1,lyra-5.7/ABP_Mannequin_Base/CR_Mannequin_FootPlant,unreal-engine-5.7/SpringInterpV2/FMath.SpringDamper,corin.animation-rig,87731f0d0ca14844bbf861368b9847b3,corin.foot-placement,6d6118d2f41a5948ddd18dc6d88083c8c5bf77a4682a4ec3fce5d2ec6af01624,298b6781705cafb383942fcc3f3b1f6e0800ead13829aedd29916feeb5d1f702,Corin.FootPlacementRig,2997edf1c34f13f7e2a3033372226eb399379f30c4303fddfe3e97ec1e4bf38d,0,-192572,0.04797918,0.04797917,0.04797917,2.588613E-08,0.04797918,true,0,0.04797917,0,1,PelvisPreSolveTranslation,FootGrounding,ModifierNotCompiled,-1,-1,-1,0,,,true,-98068,Sphere,CurrentGrounding,0,0.08741355,1.252638,1.75204,0,0,0,0,-1,0,0.05,1,4608,0.5735765,0.08741355,0.9599999,1.75204,0.08741355,0.9599999,1.75204,0,1,0,0.2426381,Swing,None,false,0,0,0,0,0,0,1,0,0,0,0,0,0,1,0,false,false,false,ModifierNotCompiled,0,0,0,0,0,0,0,0,ModifierNotCompiled,0,0,0,0,FootPlacementEffectorTarget,FootGrounding,true,1,false,-0.0008524634,1,0.09271564,0.2890988,-98068,0.08741355,0.9599999,1.75204,0,1,0,0.001624942,0,0.001624942,0,0.08741355,1.042242,1.75204,0.08649373,0.9610105,1.751255,0.1415131,0.9599999,1.799141,0.001010537,0,0,1,1,1,1,0.2879792,0.241625,0.2416104,1.454353E-05,0.2416249,0.001070276,0.241625,true,0,1,0,0,1,-2.177777E-37,0,0,1.08251E-35,0,1,0,true,-0.2729625,0.3702214,0.1163894,-0.2729625,0.3702214,0.1163894,-0.2729625,0.3702214,0.1163894,-0.2729625,0.3702214,0.1163892,1.564622E-07,0,true,-98058,Sphere,CurrentGrounding,1,0.4822459,1.251617,1.52889,0,0,0,0,-1,0,0.05,1,4608,0.5735765,0.4822459,0.7199999,1.52889,0.4822459,0.7199999,1.52889,0,1,0,0.4816169,Anchored,None,true,0.1562916,0.7789224,-0.06718682,-0.5739628,-0.5066513,-0.5039867,-0.3998359,0.5001333,0.9208242,1.475735,-0.5739628,-0.5066513,-0.5039867,-0.3998359,1,false,false,false,ModifierNotCompiled,0,0,0,0,0,0,0,0,ModifierNotCompiled,0,0,0,0,FootPlacementEffectorTarget,FootGrounding,true,1,true,-0.001548833,1,0.07936728,0.04947978,-98058,0.5001333,0.7199999,1.475735,0,1,0,0.001558542,0,0.001558542,0,0.5001333,0.9208242,1.475735,0.5019366,0.8406724,1.463114,0.5176454,0.8281876,1.540359,0.1206725,0.1081877,0,1,1,1,1,0.04797918,0.001558546,0.00156682,0,0.00156682,0.001742605,0.001558546,true,0,1,0,0,1,0,0,0,0,0,1,0,true,0.1757924,0.1291421,0.05075641,0.2116564,0.2488034,0.007637609,0.2116564,0.2488034,0.007637609,0.2116564,0.2488034,0.00763765,7.82311E-08,0
2066,146,2066,1,2067,0,2067,false,rootmotion.finalik.full-body-biped-ik/indexed-pose-backend,None,true,true,1,lyra-5.7/ABP_Mannequin_Base/CR_Mannequin_FootPlant,unreal-engine-5.7/SpringInterpV2/FMath.SpringDamper,corin.animation-rig,87731f0d0ca14844bbf861368b9847b3,corin.foot-placement,6d6118d2f41a5948ddd18dc6d88083c8c5bf77a4682a4ec3fce5d2ec6af01624,298b6781705cafb383942fcc3f3b1f6e0800ead13829aedd29916feeb5d1f702,Corin.FootPlacementRig,2997edf1c34f13f7e2a3033372226eb399379f30c4303fddfe3e97ec1e4bf38d,0,-192572,0.04797918,0.04797917,0.04797917,2.616092E-08,0.04797918,true,0,0.04797917,0,1,PelvisPreSolveTranslation,FootGrounding,ModifierNotCompiled,-1,-1,-1,0,,,true,-98068,Sphere,CurrentGrounding,0,0.08542252,1.252774,1.751977,0,0,0,0,-1,0,0.05,1,4608,0.5735765,0.08542252,0.9599999,1.751977,0.08542252,0.9599999,1.751977,0,1,0,0.2427741,Swing,None,false,0,0,0,0,0,0,1,0,0,0,0,0,0,1,0,false,false,false,ModifierNotCompiled,0,0,0,0,0,0,0,0,ModifierNotCompiled,0,0,0,0,FootPlacementEffectorTarget,FootGrounding,true,1,false,-0.0008374479,1,0.06759963,0.2889827,-98068,0.08542252,0.9599999,1.751977,0,1,0,0.001529515,0,0.001529515,0,0.08542252,1.042385,1.751977,0.08446646,0.9611539,1.751162,0.1394935,0.9601019,1.799039,0.001154006,0.0001019835,0,1,1,1,1,0.2879792,0.2415295,0.2416316,0,0.2416316,-0.0003551618,0.2415295,true,0,1,0,0,1,-6.448146E-38,0,0,3.205677E-36,0,1,0,true,-0.2747965,0.3703641,0.1156118,-0.2747965,0.3703641,0.1156118,-0.2747965,0.3703641,0.1156118,-0.2747965,0.3703642,0.1156116,1.365714E-07,0,true,-98058,Sphere,CurrentGrounding,1,0.4803865,1.251761,1.528612,0,0,0,0,-1,0,0.05,1,4608,0.5735765,0.4803865,0.7199999,1.528612,0.4803865,0.7199999,1.528612,0,1,0,0.4817615,Anchored,None,true,0.1562916,0.7789224,-0.06718682,-0.5739628,-0.5066513,-0.5039867,-0.3998359,0.5001333,0.9208242,1.475735,-0.5739628,-0.5066513,-0.5039867,-0.3998359,1,false,false,false,ModifierNotCompiled,0,0,0,0,0,0,0,0,ModifierNotCompiled,0,0,0,0,FootPlacementEffectorTarget,FootGrounding,true,1,true,-0.001505753,1,0.073271,0.04932511,-98058,0.5001333,0.7199999,1.475735,0,1,0,0.001413703,0,0.001413703,0,0.5001333,0.9208242,1.475735,0.5019367,0.8406724,1.463114,0.5176455,0.8281862,1.540357,0.1206725,0.1081862,0,1,1,1,1,0.04797918,0.001413707,0.001578445,0,0.001578445,-0.0005240374,0.001413707,true,0,1,0,0,1,0,0,0,0,0,1,0,true,0.1741587,0.1292984,0.0498257,0.2116564,0.2488034,0.007637609,0.2116564,0.2488034,0.007637609,0.2116565,0.2488034,0.00763756,1.150023E-07,0
2067,147,2067,1,2068,0,2068,false,rootmotion.finalik.full-body-biped-ik/indexed-pose-backend,None,true,true,1,lyra-5.7/ABP_Mannequin_Base/CR_Mannequin_FootPlant,unreal-engine-5.7/SpringInterpV2/FMath.SpringDamper,corin.animation-rig,87731f0d0ca14844bbf861368b9847b3,corin.foot-placement,6d6118d2f41a5948ddd18dc6d88083c8c5bf77a4682a4ec3fce5d2ec6af01624,298b6781705cafb383942fcc3f3b1f6e0800ead13829aedd29916feeb5d1f702,Corin.FootPlacementRig,2997edf1c34f13f7e2a3033372226eb399379f30c4303fddfe3e97ec1e4bf38d,0,-192572,0.04797918,0.04797917,0.04797917,2.6401E-08,0.04797918,true,0,0.04797917,0,1,PelvisPreSolveTranslation,FootGrounding,ModifierNotCompiled,-1,-1,-1,0,,,true,-98068,Sphere,CurrentGrounding,0,0.08416319,1.252993,1.752194,0,0,0,0,-1,0,0.05,1,4608,0.5735765,0.08416319,0.9599999,1.752194,0.08416319,0.9599999,1.752194,0,1,0,0.2429929,Swing,None,false,0,0,0,0,0,0,1,0,0,0,0,0,0,1,0,false,false,false,ModifierNotCompiled,0,0,0,0,0,0,0,0,ModifierNotCompiled,0,0,0,0,FootPlacementEffectorTarget,FootGrounding,true,1,false,-0.0008236546,1,0.04338631,0.2887709,-98068,0.08416319,0.9599999,1.752194,0,1,0,0.001324892,0,0.001324892,0,0.08416319,1.042571,1.752194,0.08320093,0.9613405,1.751362,0.138253,0.9602743,1.799211,0.001340628,0.0002744198,0,1,1,1,1,0.2879792,0.2413249,0.2415992,0,0.2415992,-0.002261924,0.2413249,true,0,1,0,0,1,-2.102554E-38,0,0,1.045421E-36,0,1,0,true,-0.2760493,0.3705506,0.1153597,-0.2760493,0.3705506,0.1153597,-0.2760493,0.3705506,0.1153597,-0.2760494,0.3705505,0.1153596,1.399837E-07,0,true,-98058,Sphere,CurrentGrounding,1,0.4787509,1.252038,1.528811,0,0,0,0,-1,0,0.05,1,4608,0.5735765,0.4787509,0.7199999,1.528811,0.4787509,0.7199999,1.528811,0,1,0,0.482038,Anchored,None,true,0.1562916,0.7789224,-0.06718682,-0.5739628,-0.5066513,-0.5039867,-0.3998359,0.5001333,0.9208242,1.475735,-0.5739628,-0.5066513,-0.5039867,-0.3998359,1,false,false,false,ModifierNotCompiled,0,0,0,0,0,0,0,0,ModifierNotCompiled,0,0,0,0,FootPlacementEffectorTarget,FootGrounding,true,1,true,-0.00145685,1,0.07642581,0.04901785,-98058,0.5001333,0.7199999,1.475735,0,1,0,0.001136541,0,0.001136541,0,0.5001333,0.9208242,1.475735,0.5019366,0.8406724,1.463114,0.5176454,0.8281858,1.540357,0.1206725,0.1081859,0,1,1,1,1,0.04797918,0.001136545,0.001532588,0,0.001532588,-0.003186697,0.001136545,true,0,1,0,0,1,0,0,0,0,0,1,0,true,0.1725616,0.1295291,0.04942093,0.2116564,0.2488034,0.007637609,0.2116564,0.2488034,0.007637609,0.2116564,0.2488035,0.007637456,1.794724E-07,0
2068,148,2068,1,2069,0,2069,false,rootmotion.finalik.full-body-biped-ik/indexed-pose-backend,None,true,true,1,lyra-5.7/ABP_Mannequin_Base/CR_Mannequin_FootPlant,unreal-engine-5.7/SpringInterpV2/FMath.SpringDamper,corin.animation-rig,87731f0d0ca14844bbf861368b9847b3,corin.foot-placement,6d6118d2f41a5948ddd18dc6d88083c8c5bf77a4682a4ec3fce5d2ec6af01624,298b6781705cafb383942fcc3f3b1f6e0800ead13829aedd29916feeb5d1f702,Corin.FootPlacementRig,2997edf1c34f13f7e2a3033372226eb399379f30c4303fddfe3e97ec1e4bf38d,0,-192572,0.04797918,0.04797917,0.04797917,2.56632E-08,0.04797918,true,0,0.04797917,0,1,PelvisPreSolveTranslation,FootGrounding,ModifierNotCompiled,-1,-1,-1,0,,,true,-98068,Sphere,CurrentGrounding,0,0.08348513,1.253239,1.753101,0,0,0,0,-1,0,0.05,1,4608,0.5735765,0.08348513,0.9599999,1.753101,0.08348513,0.9599999,1.753101,0,1,0,0.243239,Swing,None,false,0,0,0,0,0,0,1,0,0,0,0,0,0,1,0,false,false,false,ModifierNotCompiled,0,0,0,0,0,0,0,0,ModifierNotCompiled,0,0,0,0,FootPlacementEffectorTarget,FootGrounding,true,1,false,-0.0008036779,1,0.04103192,0.2885083,-98068,0.08348513,0.9599999,1.753101,0,1,0,0.001045167,0,0.001045167,0,0.08348513,1.0427,1.753101,0.08256578,0.9614689,1.752278,0.1376932,0.9604366,1.800043,0.001468956,0.0004367232,0,1,1,1,1,0.2879792,0.2410452,0.241482,0,0.241482,-0.0043844,0.2410452,true,0,1,0,0,1,-4.256963E-39,0,0,2.11703E-37,0,1,0,true,-0.2770091,0.3706794,0.1159612,-0.2770091,0.3706794,0.1159612,-0.2770091,0.3706794,0.1159612,-0.2770092,0.3706794,0.1159614,1.550365E-07,0,true,-98058,Sphere,CurrentGrounding,1,0.4764578,1.252404,1.530095,0,0,0,0,-1,0,0.05,1,4608,0.5735765,0.4764578,0.7199999,1.530095,0.4764578,0.7199999,1.530095,0,1,0,0.4824037,Anchored,None,true,0.1562916,0.7789224,-0.06718682,-0.5739628,-0.5066513,-0.5039867,-0.3998359,0.5001333,0.9208242,1.475735,-0.5739628,-0.5066513,-0.5039867,-0.3998359,1,false,false,false,ModifierNotCompiled,0,0,0,0,0,0,0,0,ModifierNotCompiled,0,0,0,0,FootPlacementEffectorTarget,FootGrounding,true,1,true,-0.001386025,1,0.08819427,0.0485571,-98058,0.5001333,0.7199999,1.475735,0,1,0,0.0007686615,0,0.0007686615,0,0.5001333,0.9208242,1.475735,0.5019367,0.8406724,1.463114,0.5176448,0.8281872,1.540358,0.1206725,0.1081873,0,1,1,1,1,0.04797918,0.0007686652,0.001370941,0,0.001370941,-0.005998019,0.0007686652,true,0,1,0,0,1,0,0,0,0,0,1,0,true,0.1699595,0.1297331,0.04979147,0.2116564,0.2488034,0.007637609,0.2116564,0.2488034,0.007637609,0.2116563,0.2488035,0.00763756,8.237863E-08,0
2069,149,2069,1,2070,0,2070,false,rootmotion.finalik.full-body-biped-ik/indexed-pose-backend,None,true,true,1,lyra-5.7/ABP_Mannequin_Base/CR_Mannequin_FootPlant,unreal-engine-5.7/SpringInterpV2/FMath.SpringDamper,corin.animation-rig,87731f0d0ca14844bbf861368b9847b3,corin.foot-placement,6d6118d2f41a5948ddd18dc6d88083c8c5bf77a4682a4ec3fce5d2ec6af01624,298b6781705cafb383942fcc3f3b1f6e0800ead13829aedd29916feeb5d1f702,Corin.FootPlacementRig,2997edf1c34f13f7e2a3033372226eb399379f30c4303fddfe3e97ec1e4bf38d,0,-192572,0.04797918,0.04797917,0.04797917,2.561294E-08,0.04797918,true,0,0.04797917,0,1,PelvisPreSolveTranslation,FootGrounding,ModifierNotCompiled,-1,-1,-1,0,,,true,-98068,Sphere,CurrentGrounding,0,0.08407235,1.253211,1.754601,0,0,0,0,-1,0,0.05,1,4608,0.5735765,0.08407235,0.9599999,1.754601,0.08407235,0.9599999,1.754601,0,1,0,0.2432109,Swing,None,false,0,0,0,0,0,0,1,0,0,0,0,0,0,1,0,false,false,false,ModifierNotCompiled,0,0,0,0,0,0,0,0,ModifierNotCompiled,0,0,0,0,FootPlacementEffectorTarget,FootGrounding,true,1,false,-0.0007848305,1,0.02857653,0.2884926,-98068,0.08407235,0.9599999,1.754601,0,1,0,0.0009841919,0,0.0009841919,0,0.08407235,1.042542,1.754601,0.08323646,0.961309,1.753835,0.1384697,0.9603673,1.801481,0.001309037,0.000367403,0,1,1,1,1,0.2879792,0.2409842,0.2413517,0,0.2413517,-0.003960979,0.2409842,true,0,1,0,0,1,-9.375752E-40,0,0,4.66347E-38,0,1,0,true,-0.2770024,0.370521,0.1175713,-0.2770024,0.370521,0.1175713,-0.2770024,0.370521,0.1175713,-0.2770024,0.370521,0.1175711,1.862645E-07,0,true,-98058,Sphere,CurrentGrounding,1,0.4744442,1.252599,1.531637,0,0,0,0,-1,0,0.05,1,4608,0.5735765,0.4744442,0.7199999,1.531637,0.4744442,0.7199999,1.531637,0,1,0,0.4825991,Anchored,None,true,0.1562916,0.7789224,-0.06718682,-0.5739628,-0.5066513,-0.5039867,-0.3998359,0.5001333,0.9208242,1.475735,-0.5739628,-0.5066513,-0.5039867,-0.3998359,1,false,false,false,ModifierNotCompiled,0,0,0,0,0,0,0,0,ModifierNotCompiled,0,0,0,0,FootPlacementEffectorTarget,FootGrounding,true,1,true,-0.001319204,1,0.0625174,0.04831082,-98058,0.5001333,0.7199999,1.475735,0,1,0,0.0005720258,0,0.0005720258,0,0.5001333,0.9208242,1.475735,0.5019366,0.8406724,1.463114,0.5176438,0.8281901,1.540361,0.1206725,0.1081902,0,1,1,1,1,0.04797918,0.0005720295,0.001174533,0,0.001174533,-0.006409998,0.0005720295,true,0,1,0,0,1,0,0,0,0,0,1,0,true,0.1675252,0.1297321,0.05050254,0.2116564,0.2488034,0.007637609,0.2116564,0.2488034,0.007637609,0.2116564,0.2488034,0.007637784,1.873417E-07,0
2070,150,2070,1,2071,0,2071,false,rootmotion.finalik.full-body-biped-ik/indexed-pose-backend,None,true,true,1,lyra-5.7/ABP_Mannequin_Base/CR_Mannequin_FootPlant,unreal-engine-5.7/SpringInterpV2/FMath.SpringDamper,corin.animation-rig,87731f0d0ca14844bbf861368b9847b3,corin.foot-placement,6d6118d2f41a5948ddd18dc6d88083c8c5bf77a4682a4ec3fce5d2ec6af01624,298b6781705cafb383942fcc3f3b1f6e0800ead13829aedd29916feeb5d1f702,Corin.FootPlacementRig,2997edf1c34f13f7e2a3033372226eb399379f30c4303fddfe3e97ec1e4bf38d,0,-192572,0.04797918,0.04797917,0.04797917,2.592106E-08,0.04797918,true,0,0.04797917,0,1,PelvisPreSolveTranslation,FootGrounding,ModifierNotCompiled,-1,-1,-1,0,,,true,-98068,Sphere,CurrentGrounding,0,0.08331442,1.253342,1.754603,0,0,0,0,-1,0,0.05,1,4608,0.5735765,0.08331442,0.9599999,1.754603,0.08331442,0.9599999,1.754603,0,1,0,0.2433424,Swing,None,false,0,0,0,0,0,0,1,0,0,0,0,0,0,1,0,false,false,false,ModifierNotCompiled,0,0,0,0,0,0,0,0,ModifierNotCompiled,0,0,0,0,FootPlacementEffectorTarget,FootGrounding,true,1,false,-0.000768585,1,0.06454954,0.2883879,-98068,0.08331442,0.9599999,1.754603,0,1,0,0.0009071827,0,0.0009071827,0,0.08331442,1.042569,1.754603,0.08240986,0.9613375,1.753823,0.1376002,0.9603406,1.80152,0.001337588,0.0003407001,0,1,1,1,1,0.2879792,0.2409072,0.2412478,0,0.2412478,-0.003757698,0.2409072,true,0,1,0,0,1,-2.519465E-40,0,0,1.253359E-38,0,1,0,true,-0.2777103,0.3705487,0.1173005,-0.2777103,0.3705487,0.1173005,-0.2777103,0.3705487,0.1173005,-0.2777104,0.3705487,0.1173005,9.685755E-08,0,true,-98058,Sphere,CurrentGrounding,1,0.4730916,1.25276,1.53204,0,0,0,0,-1,0,0.05,1,4608,0.5735765,0.4730916,0.7199999,1.53204,0.4730916,0.7199999,1.53204,0,1,0,0.4827602,Anchored,None,true,0.1562916,0.7789224,-0.06718682,-0.5739628,-0.5066513,-0.5039867,-0.3998359,0.5001333,0.9208242,1.475735,-0.5739628,-0.5066513,-0.5039867,-0.3998359,1,false,false,false,ModifierNotCompiled,0,0,0,0,0,0,0,0,ModifierNotCompiled,0,0,0,0,FootPlacementEffectorTarget,FootGrounding,true,1,true,-0.001261607,1,0.04030527,0.04824722,-98058,0.5001333,0.7199999,1.475735,0,1,0,0.0004136562,0,0.0004136562,0,0.5001333,0.9208242,1.475735,0.5019367,0.8406724,1.463114,0.517643,0.8281937,1.540365,0.1206725,0.1081938,0,1,1,1,1,0.04797918,0.00041366,0.001001616,0,0.001001616,-0.006400538,0.00041366,true,0,1,0,0,1,0,0,0,0,0,1,0,true,0.1661184,0.1297202,0.05039023,0.2116564,0.2488034,0.007637609,0.2116564,0.2488034,0.007637609,0.2116564,0.2488034,0.007637545,7.156049E-08,0
2071,151,2071,1,2072,0,2072,false,rootmotion.finalik.full-body-biped-ik/indexed-pose-backend,None,true,true,1,lyra-5.7/ABP_Mannequin_Base/CR_Mannequin_FootPlant,unreal-engine-5.7/SpringInterpV2/FMath.SpringDamper,corin.animation-rig,87731f0d0ca14844bbf861368b9847b3,corin.foot-placement,6d6118d2f41a5948ddd18dc6d88083c8c5bf77a4682a4ec3fce5d2ec6af01624,298b6781705cafb383942fcc3f3b1f6e0800ead13829aedd29916feeb5d1f702,Corin.FootPlacementRig,2997edf1c34f13f7e2a3033372226eb399379f30c4303fddfe3e97ec1e4bf38d,0,-192572,0.04797918,0.04797917,0.04797917,2.646936E-08,0.04797918,true,0,0.04797917,0,1,PelvisPreSolveTranslation,FootGrounding,ModifierNotCompiled,-1,-1,-1,0,,,true,-98068,Sphere,CurrentGrounding,0,0.08201838,1.253518,1.753895,0,0,0,0,-1,0,0.05,1,4608,0.5735765,0.08201838,0.9599999,1.753895,0.08201838,0.9599999,1.753895,0,1,0,0.2435176,Swing,None,false,0,0,0,0,0,0,1,0,0,0,0,0,0,1,0,false,false,false,ModifierNotCompiled,0,0,0,0,0,0,0,0,ModifierNotCompiled,0,0,0,0,FootPlacementEffectorTarget,FootGrounding,true,1,false,-0.0007572943,1,0.07352659,0.2882754,-98068,0.08201838,0.9599999,1.753895,0,1,0,0.0008596778,0,0.0008596778,0,0.08201838,1.042677,1.753895,0.08097124,0.9614472,1.753058,0.1360805,0.9603203,1.800847,0.00144726,0.000320375,0,1,1,1,1,0.2879792,0.2408597,0.24118,0,0.24118,-0.00354168,0.2408597,true,0,1,0,0,1,-1.003568E-40,0,0,4.99296E-39,0,1,0,true,-0.2786633,0.3706561,0.1161719,-0.2786633,0.3706561,0.1161719,-0.2786633,0.3706561,0.1161719,-0.2786635,0.3706561,0.1161719,1.228781E-07,0,true,-98058,Sphere,CurrentGrounding,1,0.4725232,1.252841,1.532064,0,0,0,0,-1,0,0.05,1,4608,0.5735765,0.4725232,0.7199999,1.532064,0.4725232,0.7199999,1.532064,0,1,0,0.4828415,Anchored,None,true,0.1562916,0.7789224,-0.06718682,-0.5739628,-0.5066513,-0.5039867,-0.3998359,0.5001333,0.9208242,1.475735,-0.5739628,-0.5066513,-0.5039867,-0.3998359,1,false,false,false,ModifierNotCompiled,0,0,0,0,0,0,0,0,ModifierNotCompiled,0,0,0,0,FootPlacementEffectorTarget,FootGrounding,true,1,true,-0.001221577,1,0.02619012,0.04826921,-98058,0.5001333,0.7199999,1.475735,0,1,0,0.0003346801,0,0.0003346801,0,0.5001333,0.9208242,1.475735,0.5019366,0.8406724,1.463114,0.5176421,0.8281968,1.540367,0.1206725,0.1081969,0,1,1,1,1,0.04797918,0.0003346838,0.0008860111,0,0.0008860111,-0.006043177,0.0003346838,true,0,1,0,0,1,0,0,0,0,0,1,0,true,0.1655795,0.1296859,0.0502078,0.2116564,0.2488034,0.007637609,0.2116564,0.2488034,0.007637609,0.2116563,0.2488033,0.00763756,1.178629E-07,0
2072,152,2072,1,2073,0,2073,false,rootmotion.finalik.full-body-biped-ik/indexed-pose-backend,None,true,true,1,lyra-5.7/ABP_Mannequin_Base/CR_Mannequin_FootPlant,unreal-engine-5.7/SpringInterpV2/FMath.SpringDamper,corin.animation-rig,87731f0d0ca14844bbf861368b9847b3,corin.foot-placement,6d6118d2f41a5948ddd18dc6d88083c8c5bf77a4682a4ec3fce5d2ec6af01624,298b6781705cafb383942fcc3f3b1f6e0800ead13829aedd29916feeb5d1f702,Corin.FootPlacementRig,2997edf1c34f13f7e2a3033372226eb399379f30c4303fddfe3e97ec1e4bf38d,0,-192572,0.04797918,0.04797917,0.04797917,2.63201E-08,0.04797918,true,0,0.04797917,0,1,PelvisPreSolveTranslation,FootGrounding,ModifierNotCompiled,-1,-1,-1,0,,,true,-98068,Sphere,CurrentGrounding,0,0.08099055,1.253692,1.753271,0,0,0,0,-1,0,0.05,1,4608,0.5735765,0.08099055,0.9599999,1.753271,0.08099055,0.9599999,1.753271,0,1,0,0.243692,Swing,None,false,0,0,0,0,0,0,1,0,0,0,0,0,0,1,0,false,false,false,ModifierNotCompiled,0,0,0,0,0,0,0,0,ModifierNotCompiled,0,0,0,0,FootPlacementEffectorTarget,FootGrounding,true,1,false,-0.0007415966,1,0.02607734,0.2881595,-98068,0.08099055,0.9599999,1.753271,0,1,0,0.0008047223,0,0.0008047223,0,0.08099055,1.042763,1.753271,0.07978988,0.9615363,1.752403,0.1348226,0.9602874,1.80028,0.001536369,0.0002874732,0,1,1,1,1,0.2879792,0.2408047,0.2410923,0,0.2410923,-0.003230195,0.2408047,true,0,1,0,0,1,-2.813527E-41,0,0,1.399988E-39,0,1,0,true,-0.2793967,0.3707427,0.1152189,-0.2793967,0.3707427,0.1152189,-0.2793967,0.3707427,0.1152189,-0.2793967,0.3707427,0.1152188,9.685755E-08,0,true,-98058,Sphere,CurrentGrounding,1,0.4722962,1.252842,1.531886,0,0,0,0,-1,0,0.05,1,4608,0.5735765,0.4722962,0.7199999,1.531886,0.4722962,0.7199999,1.531886,0,1,0,0.4828416,Anchored,None,true,0.1562916,0.7789224,-0.06718682,-0.5739628,-0.5066513,-0.5039867,-0.3998359,0.5001333,0.9208242,1.475735,-0.5739628,-0.5066513,-0.5039867,-0.3998359,1,false,false,false,ModifierNotCompiled,0,0,0,0,0,0,0,0,ModifierNotCompiled,0,0,0,0,FootPlacementEffectorTarget,FootGrounding,true,1,true,-0.001165923,1,0.02162455,0.04842484,-98058,0.5001333,0.7199999,1.475735,0,1,0,0.000554204,0,0.000554204,0,0.5001333,0.9208242,1.475735,0.5019364,0.8406724,1.463114,0.5176407,0.8282015,1.540372,0.1206725,0.1082016,0,1,1,1,1,0.04797918,0.0005542077,0.0007750197,0,0.0007750197,-0.002889305,0.0005542077,true,0,1,0,0,1,0,0,0,0,0,1,0,true,0.165432,0.1295751,0.04996002,0.2116564,0.2488034,0.007637609,0.2116564,0.2488034,0.007637609,0.2116563,0.2488034,0.007637471,1.410208E-07,0
2073,153,2073,1,2074,0,2074,false,rootmotion.finalik.full-body-biped-ik/indexed-pose-backend,None,true,true,1,lyra-5.7/ABP_Mannequin_Base/CR_Mannequin_FootPlant,unreal-engine-5.7/SpringInterpV2/FMath.SpringDamper,corin.animation-rig,87731f0d0ca14844bbf861368b9847b3,corin.foot-placement,6d6118d2f41a5948ddd18dc6d88083c8c5bf77a4682a4ec3fce5d2ec6af01624,298b6781705cafb383942fcc3f3b1f6e0800ead13829aedd29916feeb5d1f702,Corin.FootPlacementRig,2997edf1c34f13f7e2a3033372226eb399379f30c4303fddfe3e97ec1e4bf38d,0,-192572,0.04797918,0.04797917,0.04797917,2.480844E-08,0.04797918,true,0,0.04797917,0,1,PelvisPreSolveTranslation,FootGrounding,ModifierNotCompiled,-1,-1,-1,0,,,true,-98068,Sphere,CurrentGrounding,0,0.08166409,1.254017,1.753543,0,0,0,0,-1,0,0.05,1,4608,0.5735765,0.08166409,0.9599999,1.753543,0.08166409,0.9599999,1.753543,0,1,0,0.2440169,Swing,None,false,0,0,0,0,0,0,1,0,0,0,0,0,0,1,0,false,false,false,ModifierNotCompiled,0,0,0,0,0,0,0,0,ModifierNotCompiled,0,0,0,0,FootPlacementEffectorTarget,FootGrounding,true,1,false,-0.0003682898,1,0.05151389,0.2878311,-98068,0.08166409,0.9599999,1.753543,0,1,0,0.0004729033,0,0.0004729033,0,0.08166409,1.04291,1.753543,0.08038878,0.9616825,1.752773,0.1353922,0.9604405,1.800686,0.00168258,0.0004405975,0,1,1,1,1,0.2879792,0.2404729,0.2409135,0,0.2409135,-0.005009108,0.2404729,true,0,1,0,0,1,-4.105805E-42,0,0,2.043093E-40,0,1,0,true,-0.2788668,0.3708888,0.1157159,-0.2788668,0.3708888,0.1157159,-0.2788668,0.3708888,0.1157159,-0.2788668,0.3708888,0.1157159,6.00685E-08,0,true,-98058,Sphere,CurrentGrounding,1,0.4729853,1.252804,1.531688,0,0,0,0,-1,0,0.05,1,4608,0.5735765,0.4729853,0.7199999,1.531688,0.4729853,0.7199999,1.531688,0,1,0,0.4828037,Anchored,None,true,0.1562916,0.7789224,-0.06718682,-0.5739628,-0.5066513,-0.5039867,-0.3998359,0.5001333,0.9208242,1.475735,-0.5739628,-0.5066513,-0.5039867,-0.3998359,1,false,false,false,ModifierNotCompiled,0,0,0,0,0,0,0,0,ModifierNotCompiled,0,0,0,0,FootPlacementEffectorTarget,FootGrounding,true,1,true,-0.001079021,1,0.03033325,0.04866928,-98058,0.5001333,0.7199999,1.475735,0,1,0,0.001003921,0,0.001003921,0,0.5001333,0.9208242,1.475735,0.5019364,0.8406724,1.463114,0.5176383,0.82821,1.540379,0.1206725,0.1082101,0,1,1,1,1,0.04797918,0.001003925,0.0007813012,0.0002226233,0.001003925,0.002143331,0.001003925,true,0,1,0,0,1,0,0,0,0,0,1,0,true,0.1661462,0.129766,0.05002367,0.2116564,0.2488034,0.007637609,0.2116564,0.2488034,0.007637609,0.2116563,0.2488035,0.007637441,1.709174E-07,0
2074,154,2074,1,2075,0,2075,false,rootmotion.finalik.full-body-biped-ik/indexed-pose-backend,None,true,true,1,lyra-5.7/ABP_Mannequin_Base/CR_Mannequin_FootPlant,unreal-engine-5.7/SpringInterpV2/FMath.SpringDamper,corin.animation-rig,87731f0d0ca14844bbf861368b9847b3,corin.foot-placement,6d6118d2f41a5948ddd18dc6d88083c8c5bf77a4682a4ec3fce5d2ec6af01624,298b6781705cafb383942fcc3f3b1f6e0800ead13829aedd29916feeb5d1f702,Corin.FootPlacementRig,2997edf1c34f13f7e2a3033372226eb399379f30c4303fddfe3e97ec1e4bf38d,0,-192572,0.04797918,0.04797917,0.04797917,2.359508E-08,0.04797918,true,0,0.04797917,0,1,PelvisPreSolveTranslation,FootGrounding,ModifierNotCompiled,-1,-1,-1,0,,,true,-98068,Sphere,CurrentGrounding,0,0.08502007,1.254812,1.755299,0,0,0,0,-1,0,0.05,1,4608,0.5735765,0.08502007,0.9599999,1.755299,0.08502007,0.9599999,1.755299,0,1,0,0.2448115,Swing,None,false,0,0,0,0,0,0,1,0,0,0,0,0,0,1,0,false,false,false,ModifierNotCompiled,0,0,0,0,0,0,0,0,ModifierNotCompiled,0,0,0,0,FootPlacementEffectorTarget,FootGrounding,true,1,false,0.0004568271,1,0.1068825,0.2869377,-98068,0.08502007,0.9599999,1.755299,0,1,0,0,0,0,0,0.08502007,1.043386,1.755299,0.08381677,0.9621557,1.754792,0.1388824,0.9611174,1.802642,0.002155781,0.001117527,0,1,1,1,1,0.2879792,0.24,0.2405952,0,0.2405952,-0.00705606,0.24,true,0,1,0,0,1,-4.315999E-43,0,0,2.145388E-41,0,1,0,true,-0.2763705,0.3713651,0.1185644,-0.2763705,0.3713651,0.1185644,-0.2763705,0.3713651,0.1185644,-0.2763705,0.3713651,0.1185645,1.43121E-07,0,true,-98058,Sphere,CurrentGrounding,1,0.4748201,1.25292,1.532775,0,0,0,0,-1,0,0.05,1,4608,0.5735765,0.4748201,0.7199999,1.532775,0.4748201,0.7199999,1.532775,0,1,0,0.4829203,Anchored,None,true,0.1562916,0.7789224,-0.06718682,-0.5739628,-0.5066513,-0.5039867,-0.3998359,0.5001333,0.9208242,1.475735,-0.5739628,-0.5066513,-0.5039867,-0.3998359,1,false,false,false,ModifierNotCompiled,0,0,0,0,0,0,0,0,ModifierNotCompiled,0,0,0,0,FootPlacementEffectorTarget,FootGrounding,true,1,true,-0.0009747112,1,0.06786788,0.04860741,-98058,0.5001333,0.7199999,1.475735,0,1,0,0.0009969473,0,0.0009969473,0,0.5001333,0.9208242,1.475735,0.5019364,0.8406724,1.463114,0.5176355,0.8282209,1.540388,0.1206725,0.108221,0,1,1,1,1,0.04797918,0.000996951,0.001050495,0,0.001050495,0.0001839907,0.000996951,true,0,1,0,0,1,0,0,0,0,0,1,0,true,0.1674651,0.1299292,0.05169974,0.2116564,0.2488034,0.007637609,0.2116564,0.2488034,0.007637609,0.2116564,0.2488037,0.007637486,2.698972E-07,0
2075,155,2075,1,2076,0,2076,false,rootmotion.finalik.full-body-biped-ik/indexed-pose-backend,None,true,true,1,lyra-5.7/ABP_Mannequin_Base/CR_Mannequin_FootPlant,unreal-engine-5.7/SpringInterpV2/FMath.SpringDamper,corin.animation-rig,87731f0d0ca14844bbf861368b9847b3,corin.foot-placement,6d6118d2f41a5948ddd18dc6d88083c8c5bf77a4682a4ec3fce5d2ec6af01624,298b6781705cafb383942fcc3f3b1f6e0800ead13829aedd29916feeb5d1f702,Corin.FootPlacementRig,2997edf1c34f13f7e2a3033372226eb399379f30c4303fddfe3e97ec1e4bf38d,0,-192572,0.04797918,0.04797917,0.04797917,2.180223E-08,0.04797918,true,0,0.04797917,0,1,PelvisPreSolveTranslation,FootGrounding,ModifierNotCompiled,-1,-1,-1,0,,,true,-98068,Sphere,CurrentGrounding,0,0.09123349,1.25568,1.75834,0,0,0,0,-1,0,0.05,1,4608,0.5735765,0.09123349,0.9599999,1.75834,0.09123349,0.9599999,1.75834,0,1,0,0.24568,Swing,None,false,0,0,0,0,0,0,1,0,0,0,0,0,0,1,0,false,false,false,ModifierNotCompiled,0,0,0,0,0,0,0,0,ModifierNotCompiled,0,0,0,0,FootPlacementEffectorTarget,FootGrounding,true,1,false,0.001513185,1,0.116432,0.2859138,-98068,0.09123349,0.9599999,1.75834,0,1,0,0,0,0,0,0.09123349,1.043939,1.75834,0.09019446,0.9627047,1.758188,0.1453993,0.9619848,1.805884,0.002704799,0.001984835,0,1,1,1,1,0.2879792,0.24,0.2402795,0,0.2402795,-0.003520622,0.24,true,0,1,0,0,1,-2.802597E-44,0,0,1.373272E-42,0,1,0,true,-0.2716734,0.3719179,0.1236434,-0.2716734,0.3719179,0.1236434,-0.2716734,0.3719179,0.1236434,-0.2716734,0.3719178,0.1236431,2.763754E-07,0,true,-98058,Sphere,CurrentGrounding,1,0.4783258,1.252914,1.535345,0,0,0,0,-1,0,0.05,1,4608,0.5735765,0.4783258,0.7199999,1.535345,0.4783258,0.7199999,1.535345,0,1,0,0.4829141,Anchored,None,true,0.1562916,0.7789224,-0.06718682,-0.5739628,-0.5066513,-0.5039867,-0.3998359,0.5001333,0.9208242,1.475735,-0.5739628,-0.5066513,-0.5039867,-0.3998359,1,false,false,false,ModifierNotCompiled,0,0,0,0,0,0,0,0,ModifierNotCompiled,0,0,0,0,FootPlacementEffectorTarget,FootGrounding,true,1,true,-0.0008411682,1,0.1106719,0.04844606,-98058,0.5001333,0.7199999,1.475735,0,1,0,0.0006690025,0,0.0006690025,0,0.5001333,0.9208242,1.475735,0.5019367,0.8406724,1.463114,0.5176321,0.8282344,1.5404,0.1206725,0.1082345,0,1,1,1,1,0.04797918,0.0006690063,0.0009242632,0,0.0009242632,-0.002984777,0.0006690063,true,0,1,0,0,1,0,0,0,0,0,1,0,true,0.1698071,0.1297968,0.0553618,0.2116564,0.2488034,0.007637609,0.2116564,0.2488034,0.007637609,0.2116565,0.2488035,0.007637367,2.939204E-07,0
2076,156,2076,1,2077,0,2077,false,rootmotion.finalik.full-body-biped-ik/indexed-pose-backend,None,true,true,1,lyra-5.7/ABP_Mannequin_Base/CR_Mannequin_FootPlant,unreal-engine-5.7/SpringInterpV2/FMath.SpringDamper,corin.animation-rig,87731f0d0ca14844bbf861368b9847b3,corin.foot-placement,6d6118d2f41a5948ddd18dc6d88083c8c5bf77a4682a4ec3fce5d2ec6af01624,298b6781705cafb383942fcc3f3b1f6e0800ead13829aedd29916feeb5d1f702,Corin.FootPlacementRig,2997edf1c34f13f7e2a3033372226eb399379f30c4303fddfe3e97ec1e4bf38d,0,-192572,0.04797918,0.04797917,0.04797917,2.330634E-08,0.04797918,true,0,0.04797917,0,1,PelvisPreSolveTranslation,FootGrounding,ModifierNotCompiled,-1,-1,-1,0,,,true,-98068,Sphere,CurrentGrounding,0,0.09593892,1.255662,1.759912,0,0,0,0,-1,0,0.05,1,4608,0.5735765,0.09593892,0.9599999,1.759912,0.09593892,0.9599999,1.759912,0,1,0,0.2456616,Swing,None,false,0,0,0,0,0,0,1,0,0,0,0,0,0,1,0,false,false,false,ModifierNotCompiled,0,0,0,0,0,0,0,0,ModifierNotCompiled,0,0,0,0,FootPlacementEffectorTarget,FootGrounding,true,1,false,0.001435239,1,0.08783443,0.2858902,-98068,0.09593892,0.9599999,1.759912,0,1,0,0,0,0,0,0.09593892,1.043792,1.759912,0.09494972,0.9625579,1.759849,0.1502419,0.9619233,1.807445,0.002557993,0.001923382,0,1,1,1,1,0.2879792,0.24,0.2401518,0,0.2401518,-0.001972412,0.24,true,0,1,0,0,1,-2.802597E-45,0,0,1.527415E-43,0,1,0,true,-0.2678522,0.3717718,0.1268071,-0.2678522,0.3717718,0.1268071,-0.2678522,0.3717718,0.1268071,-0.2678522,0.3717717,0.1268071,8.560065E-08,0,true,-98058,Sphere,CurrentGrounding,1,0.4833972,1.253459,1.532974,0,0,0,0,-1,0,0.05,1,4608,0.5735765,0.4833972,0.7199999,1.532974,0.4833972,0.7199999,1.532974,0,1,0,0.4834591,Anchored,None,true,0.1562916,0.7789224,-0.06718682,-0.5739628,-0.5066513,-0.5039867,-0.3998359,0.5001333,0.9208242,1.475735,-0.5739628,-0.5066513,-0.5039867,-0.3998359,1,false,false,false,ModifierNotCompiled,0,0,0,0,0,0,0,0,ModifierNotCompiled,0,0,0,0,FootPlacementEffectorTarget,FootGrounding,true,1,true,-0.0007380683,1,0.123786,0.04814911,-98058,0.5001333,0.7199999,1.475735,0,1,0,0.0006194711,0,0.0006194711,0,0.5001333,0.9208242,1.475735,0.5019366,0.8406724,1.463114,0.51763,0.8282433,1.540408,0.1206725,0.1082434,0,1,1,1,1,0.04797918,0.0006194748,0.0007996251,0,0.0007996251,-0.002196561,0.0006194748,true,0,1,0,0,1,0,0,0,0,0,1,0,true,0.1753925,0.1302171,0.05498036,0.2116564,0.2488034,0.007637609,0.2116564,0.2488034,0.007637609,0.2116563,0.2488033,0.007637486,1.527369E-07,0
2077,157,2077,1,2078,0,2078,false,rootmotion.finalik.full-body-biped-ik/indexed-pose-backend,None,true,true,1,lyra-5.7/ABP_Mannequin_Base/CR_Mannequin_FootPlant,unreal-engine-5.7/SpringInterpV2/FMath.SpringDamper,corin.animation-rig,87731f0d0ca14844bbf861368b9847b3,corin.foot-placement,6d6118d2f41a5948ddd18dc6d88083c8c5bf77a4682a4ec3fce5d2ec6af01624,298b6781705cafb383942fcc3f3b1f6e0800ead13829aedd29916feeb5d1f702,Corin.FootPlacementRig,2997edf1c34f13f7e2a3033372226eb399379f30c4303fddfe3e97ec1e4bf38d,0,-192572,0.04797918,0.04797917,0.04797917,2.438846E-08,0.04797918,true,0,0.04797917,0,1,PelvisPreSolveTranslation,FootGrounding,ModifierNotCompiled,-1,-1,-1,0,,,true,-98068,Sphere,CurrentGrounding,0,0.0988059,1.255406,1.759785,0,0,0,0,-1,0,0.05,1,4608,0.5735765,0.0988059,0.9599999,1.759785,0.0988059,0.9599999,1.759785,0,1,0,0.2454064,Swing,None,false,0,0,0,0,0,0,1,0,0,0,0,0,0,1,0,false,false,false,ModifierNotCompiled,0,0,0,0,0,0,0,0,ModifierNotCompiled,0,0,0,0,FootPlacementEffectorTarget,FootGrounding,true,1,false,0.0009046496,1,0.07108565,0.2862208,-98068,0.0988059,0.9599999,1.759785,0,1,0,0,0,0,0,0.0988059,1.043478,1.759785,0.09773397,0.9622443,1.759556,0.1530504,0.9614562,1.807118,0.002244353,0.00145632,0,1,1,1,1,0.2879792,0.24,0.240092,0,0.240092,-0.001218806,0.24,true,0,1,0,0,1,0,0,0,2.101948E-44,0,1,0,true,-0.2651324,0.3714568,0.127723,-0.2651324,0.3714568,0.127723,-0.2651324,0.3714568,0.127723,-0.2651326,0.3714567,0.1277228,2.515606E-07,0,true,-98058,Sphere,CurrentGrounding,1,0.4874816,1.253856,1.531886,0,0,0,0,-1,0,0.05,1,4608,0.5735765,0.4874816,0.7199999,1.531886,0.4874816,0.7199999,1.531886,0,1,0,0.4838562,Anchored,None,true,0.1562916,0.7789224,-0.06718682,-0.5739628,-0.5066513,-0.5039867,-0.3998359,0.5001333,0.9208242,1.475735,-0.5739628,-0.5066513,-0.5039867,-0.3998359,1,false,false,false,ModifierNotCompiled,0,0,0,0,0,0,0,0,ModifierNotCompiled,0,0,0,0,FootPlacementEffectorTarget,FootGrounding,true,1,true,-0.0006555965,1,0.1159548,0.04784292,-98058,0.5001333,0.7199999,1.475735,0,1,0,0.0004051328,0,0.0004051328,0,0.5001333,0.9208242,1.475735,0.5019367,0.8406725,1.463114,0.517629,0.8282486,1.540413,0.1206726,0.1082487,0,1,1,1,1,0.04797918,0.0004051365,0.0006882165,0,0.0006882165,-0.003262586,0.0004051365,true,0,1,0,0,1,0,0,0,0,0,1,0,true,0.1795943,0.1305028,0.05543943,0.2116564,0.2488034,0.007637609,0.2116564,0.2488034,0.007637609,0.2116565,0.2488034,0.007637382,2.638652E-07,0
2078,158,2078,1,2079,0,2079,false,rootmotion.finalik.full-body-biped-ik/indexed-pose-backend,None,true,true,1,lyra-5.7/ABP_Mannequin_Base/CR_Mannequin_FootPlant,unreal-engine-5.7/SpringInterpV2/FMath.SpringDamper,corin.animation-rig,87731f0d0ca14844bbf861368b9847b3,corin.foot-placement,6d6118d2f41a5948ddd18dc6d88083c8c5bf77a4682a4ec3fce5d2ec6af01624,298b6781705cafb383942fcc3f3b1f6e0800ead13829aedd29916feeb5d1f702,Corin.FootPlacementRig,2997edf1c34f13f7e2a3033372226eb399379f30c4303fddfe3e97ec1e4bf38d,0,-192572,0.04797918,0.04797917,0.04797917,2.493254E-08,0.04797918,true,0,0.04797917,0,1,PelvisPreSolveTranslation,FootGrounding,ModifierNotCompiled,-1,-1,-1,0,,,true,-98068,Sphere,CurrentGrounding,0,0.1016257,1.255155,1.759498,0,0,0,0,-1,0,0.05,1,4608,0.5735765,0.1016257,0.9599999,1.759498,0.1016257,0.9599999,1.759498,0,1,0,0.2451549,Swing,None,false,0,0,0,0,0,0,1,0,0,0,0,0,0,1,0,false,false,false,ModifierNotCompiled,0,0,0,0,0,0,0,0,ModifierNotCompiled,0,0,0,0,FootPlacementEffectorTarget,FootGrounding,true,1,false,0.0004227709,1,0.09767632,0.2864899,-98068,0.1016257,0.9599999,1.759498,0,1,0,0,0,0,0,0.1016257,1.043192,1.759498,0.1006095,0.9619585,1.759146,0.1559665,0.9611358,1.806656,0.001958549,0.001135886,0,1,1,1,1,0.2879792,0.24,0.2400579,0,0.2400579,-0.0007787449,0.24,true,0,1,0,0,1,0,0,0,-2.802597E-45,0,1,0,true,-0.2623992,0.3711713,0.1284733,-0.2623992,0.3711713,0.1284733,-0.2623992,0.3711713,0.1284733,-0.2623993,0.3711713,0.1284731,1.373819E-07,0,true,-98058,Sphere,CurrentGrounding,1,0.4910717,1.254184,1.531147,0,0,0,0,-1,0,0.05,1,4608,0.5735765,0.4910717,0.7199999,1.531147,0.4910717,0.7199999,1.531147,0,1,0,0.4841845,Anchored,None,true,0.1562916,0.7789224,-0.06718682,-0.5739628,-0.5066513,-0.5039867,-0.3998359,0.5001333,0.9208242,1.475735,-0.5739628,-0.5066513,-0.5039867,-0.3998359,1,false,false,false,ModifierNotCompiled,0,0,0,0,0,0,0,0,ModifierNotCompiled,0,0,0,0,FootPlacementEffectorTarget,FootGrounding,true,1,true,-0.000580696,1,0.1023727,0.04755288,-98058,0.5001333,0.7199999,1.475735,0,1,0,0.0001544356,0,0.0001544356,0,0.5001333,0.9208242,1.475735,0.5019364,0.8406724,1.463114,0.5176283,0.8282518,1.540415,0.1206725,0.1082519,0,1,1,1,1,0.04797918,0.0001544394,0.0005480907,0,0.0005480907,-0.00442535,0.0001544394,true,0,1,0,0,1,0,0,0,0,0,1,0,true,0.1832089,0.1306911,0.05604657,0.2116564,0.2488034,0.007637609,0.2116564,0.2488034,0.007637609,0.2116564,0.2488036,0.007637575,1.247277E-07,0
2079,159,2079,1,2080,0,2080,false,rootmotion.finalik.full-body-biped-ik/indexed-pose-backend,None,true,true,1,lyra-5.7/ABP_Mannequin_Base/CR_Mannequin_FootPlant,unreal-engine-5.7/SpringInterpV2/FMath.SpringDamper,corin.animation-rig,87731f0d0ca14844bbf861368b9847b3,corin.foot-placement,6d6118d2f41a5948ddd18dc6d88083c8c5bf77a4682a4ec3fce5d2ec6af01624,298b6781705cafb383942fcc3f3b1f6e0800ead13829aedd29916feeb5d1f702,Corin.FootPlacementRig,2997edf1c34f13f7e2a3033372226eb399379f30c4303fddfe3e97ec1e4bf38d,0,-192572,0.04797918,0.04797917,0.04797917,2.568976E-08,0.04797918,true,0,0.04797917,0,1,PelvisPreSolveTranslation,FootGrounding,ModifierNotCompiled,-1,-1,-1,0,,,true,-98068,Sphere,CurrentGrounding,0,0.103967,1.254878,1.759289,0,0,0,0,-1,0,0.05,1,4608,0.5735765,0.103967,0.9599999,1.759289,0.103967,0.9599999,1.759289,0,1,0,0.2448778,Swing,None,false,0,0,0,0,0,0,1,0,0,0,0,0,0,1,0,false,false,false,ModifierNotCompiled,0,0,0,0,0,0,0,0,ModifierNotCompiled,0,0,0,0,FootPlacementEffectorTarget,FootGrounding,true,1,false,5.965261E-05,1,0.08760981,0.2867378,-98068,0.103967,0.9599999,1.759289,0,1,0,0,0,0,0,0.103967,1.042898,1.759289,0.1030819,0.9616628,1.758889,0.1584463,0.9609013,1.806386,0.00166291,0.0009013414,0,1,1,1,1,0.2879792,0.24,0.2400407,0,0.2400407,-0.0005526041,0.24,true,0,1,0,0,1,0,0,0,0,0,1,0,true,-0.2601404,0.370877,0.1291234,-0.2601404,0.370877,0.1291234,-0.2601404,0.370877,0.1291234,-0.2601404,0.370877,0.1291233,7.300049E-08,0,true,-98058,Sphere,CurrentGrounding,1,0.493402,1.254291,1.531158,0,0,0,0,-1,0,0.05,1,4608,0.5735765,0.493402,0.7199999,1.531158,0.493402,0.7199999,1.531158,0,1,0,0.4842912,Anchored,None,true,0.1562916,0.7789224,-0.06718682,-0.5739628,-0.5066513,-0.5039867,-0.3998359,0.5001333,0.9208242,1.475735,-0.5739628,-0.5066513,-0.5039867,-0.3998359,1,false,false,false,ModifierNotCompiled,0,0,0,0,0,0,0,0,ModifierNotCompiled,0,0,0,0,FootPlacementEffectorTarget,FootGrounding,true,1,true,-0.0005242551,1,0.08119566,0.04740596,-98058,0.5001333,0.7199999,1.475735,0,1,0,0,0,0,0,0.5001333,0.9208242,1.475735,0.5019368,0.8406723,1.463114,0.5176284,0.8282526,1.540416,0.1206724,0.1082526,0,1,1,1,1,0.04797918,3.72529E-09,0.0004266596,0,0.0004266596,-0.004720297,3.72529E-09,true,0,1,0,0,1,0,0,0,0,0,1,0,true,0.1853784,0.1306763,0.05689728,0.2116564,0.2488034,0.007637609,0.2116564,0.2488034,0.007637609,0.2116564,0.2488034,0.007637322,2.944865E-07,0
2080,160,2080,1,2081,0,2081,false,rootmotion.finalik.full-body-biped-ik/indexed-pose-backend,None,true,true,1,lyra-5.7/ABP_Mannequin_Base/CR_Mannequin_FootPlant,unreal-engine-5.7/SpringInterpV2/FMath.SpringDamper,corin.animation-rig,87731f0d0ca14844bbf861368b9847b3,corin.foot-placement,6d6118d2f41a5948ddd18dc6d88083c8c5bf77a4682a4ec3fce5d2ec6af01624,298b6781705cafb383942fcc3f3b1f6e0800ead13829aedd29916feeb5d1f702,Corin.FootPlacementRig,2997edf1c34f13f7e2a3033372226eb399379f30c4303fddfe3e97ec1e4bf38d,0,-192572,0.04797918,0.04797917,0.04797917,2.599921E-08,0.04797918,true,0,0.04797917,0,1,PelvisPreSolveTranslation,FootGrounding,ModifierNotCompiled,-1,-1,-1,0,,,true,-98068,Sphere,CurrentGrounding,0,0.1057611,1.254516,1.758508,0,0,0,0,-1,0,0.05,1,4608,0.5735765,0.1057611,0.9599999,1.758508,0.1057611,0.9599999,1.758508,0,1,0,0.2445155,Swing,None,false,0,0,0,0,0,0,1,0,0,0,0,0,0,1,0,false,false,false,ModifierNotCompiled,0,0,0,0,0,0,0,0,ModifierNotCompiled,0,0,0,0,FootPlacementEffectorTarget,FootGrounding,true,1,false,-0.0003007341,1,0.07841411,0.2870934,-98068,0.1057611,0.9599999,1.758508,0,1,0,0,0,0,0,0.1057611,1.042523,1.758508,0.1049762,0.961288,1.758016,0.1603048,0.9605407,1.805549,0.001288056,0.0005407929,0,1,1,1,1,0.2879792,0.24,0.2400286,0,0.2400286,-0.0003915522,0.24,true,0,1,0,0,1,0,0,0,0,0,1,0,true,-0.2581853,0.3705027,0.1290424,-0.2581853,0.3705027,0.1290424,-0.2581853,0.3705027,0.1290424,-0.2581853,0.3705027,0.1290423,1.043081E-07,0,true,-98058,Sphere,CurrentGrounding,1,0.4952507,1.254187,1.531771,0,0,0,0,-1,0,0.05,1,4608,0.5735765,0.4952507,0.7199999,1.531771,0.4952507,0.7199999,1.531771,0,1,0,0.4841867,Anchored,None,true,0.1562916,0.7789224,-0.06718682,-0.5739628,-0.5066513,-0.5039867,-0.3998359,0.5001333,0.9208242,1.475735,-0.5739628,-0.5066513,-0.5039867,-0.3998359,1,false,false,false,ModifierNotCompiled,0,0,0,0,0,0,0,0,ModifierNotCompiled,0,0,0,0,FootPlacementEffectorTarget,FootGrounding,true,1,true,-0.0004682387,1,0.07275931,0.0473991,-98058,0.5001333,0.7199999,1.475735,0,1,0,0,0,0,0,0.5001333,0.9208242,1.475735,0.5019365,0.8406724,1.463114,0.5176286,0.8282521,1.540415,0.1206725,0.1082522,0,1,1,1,1,0.04797918,3.72529E-09,0.0003182725,0,0.0003182725,-0.003679895,3.72529E-09,true,0,1,0,0,1,0,0,0,0,0,1,0,true,0.1868814,0.1304635,0.05813585,0.2116564,0.2488034,0.007637609,0.2116564,0.2488034,0.007637609,0.2116565,0.2488035,0.007637426,2.220536E-07,0
2081,161,2081,1,2082,0,2082,false,rootmotion.finalik.full-body-biped-ik/indexed-pose-backend,None,true,true,1,lyra-5.7/ABP_Mannequin_Base/CR_Mannequin_FootPlant,unreal-engine-5.7/SpringInterpV2/FMath.SpringDamper,corin.animation-rig,87731f0d0ca14844bbf861368b9847b3,corin.foot-placement,6d6118d2f41a5948ddd18dc6d88083c8c5bf77a4682a4ec3fce5d2ec6af01624,298b6781705cafb383942fcc3f3b1f6e0800ead13829aedd29916feeb5d1f702,Corin.FootPlacementRig,2997edf1c34f13f7e2a3033372226eb399379f30c4303fddfe3e97ec1e4bf38d,0,-192572,0.04797918,0.04797917,0.04797917,2.602905E-08,0.04797918,true,0,0.04797917,0,1,PelvisPreSolveTranslation,FootGrounding,ModifierNotCompiled,-1,-1,-1,0,,,true,-98068,Sphere,CurrentGrounding,0,0.1074464,1.254081,1.757486,0,0,0,0,-1,0,0.05,1,4608,0.5735765,0.1074464,0.9599999,1.757486,0.1074464,0.9599999,1.757486,0,1,0,0.2440813,Swing,None,false,0,0,0,0,0,0,1,0,0,0,0,0,0,1,0,false,false,false,ModifierNotCompiled,0,0,0,0,0,0,0,0,ModifierNotCompiled,0,0,0,0,FootPlacementEffectorTarget,FootGrounding,true,1,false,-0.000678743,1,0.07894415,0.2875319,-98068,0.1074464,0.9599999,1.757486,0,1,0,0,0,0,0,0.1074464,1.04208,1.757486,0.1067474,0.9608448,1.756878,0.1620357,0.9600892,1.804451,0.0008448958,8.928776E-05,0,1,1,1,1,0.2879792,0.24,0.2400197,0,0.2400197,-0.0002717627,0.24,true,0,1,0,0,1,0,0,0,0,0,1,0,true,-0.2562445,0.3700594,0.1286971,-0.2562445,0.3700594,0.1286971,-0.2562445,0.3700594,0.1286971,-0.2562446,0.3700595,0.128697,1.397853E-07,0,true,-98058,Sphere,CurrentGrounding,1,0.4970748,1.253973,1.532376,0,0,0,0,-1,0,0.05,1,4608,0.5735765,0.4970748,0.7199999,1.532376,0.4970748,0.7199999,1.532376,0,1,0,0.4839728,Anchored,None,true,0.1562916,0.7789224,-0.06718682,-0.5739628,-0.5066513,-0.5039867,-0.3998359,0.5001333,0.9208242,1.475735,-0.5739628,-0.5066513,-0.5039867,-0.3998359,1,false,false,false,ModifierNotCompiled,0,0,0,0,0,0,0,0,ModifierNotCompiled,0,0,0,0,FootPlacementEffectorTarget,FootGrounding,true,1,true,-0.0004094832,1,0.07039706,0.04747605,-98058,0.5001333,0.7199999,1.475735,0,1,0,0,0,0,0,0.5001333,0.9208242,1.475735,0.5019367,0.8406724,1.463114,0.5176295,0.8282499,1.540413,0.1206725,0.10825,0,1,1,1,1,0.04797918,3.72529E-09,0.0002311491,0,0.0002311491,-0.002769564,3.72529E-09,true,0,1,0,0,1,0,0,0,0,0,1,0,true,0.1883643,0.1301624,0.05935845,0.2116564,0.2488034,0.007637609,0.2116564,0.2488034,0.007637609,0.2116563,0.2488034,0.007637471,1.642933E-07,0
2082,162,2082,1,2083,0,2083,false,rootmotion.finalik.full-body-biped-ik/indexed-pose-backend,None,true,true,1,lyra-5.7/ABP_Mannequin_Base/CR_Mannequin_FootPlant,unreal-engine-5.7/SpringInterpV2/FMath.SpringDamper,corin.animation-rig,87731f0d0ca14844bbf861368b9847b3,corin.foot-placement,6d6118d2f41a5948ddd18dc6d88083c8c5bf77a4682a4ec3fce5d2ec6af01624,298b6781705cafb383942fcc3f3b1f6e0800ead13829aedd29916feeb5d1f702,Corin.FootPlacementRig,2997edf1c34f13f7e2a3033372226eb399379f30c4303fddfe3e97ec1e4bf38d,0,-192572,0.04797918,0.04797917,0.04797917,2.554682E-08,0.04797918,true,0,0.04797917,0,1,PelvisPreSolveTranslation,FootGrounding,ModifierNotCompiled,-1,-1,-1,0,,,true,-98068,Sphere,CurrentGrounding,0,0.1095309,1.253484,1.756217,0,0,0,0,-1,0,0.05,1,4608,0.5735765,0.1095309,0.9599999,1.756217,0.1095309,0.9599999,1.756217,0,1,0,0.2434843,Swing,None,false,0,0,0,0,0,0,1,0,0,0,0,0,0,1,0,false,false,false,ModifierNotCompiled,0,0,0,0,0,0,0,0,ModifierNotCompiled,0,0,0,0,FootPlacementEffectorTarget,FootGrounding,true,1,false,-0.001135606,1,0.08100624,0.2881395,-98068,0.1095309,0.9599999,1.756217,0,1,0,0.000549376,0,0.000549376,0,0.1095309,1.042013,1.756217,0.108923,0.9607778,1.755466,0.1641855,0.9599999,1.803057,0.0007779002,-5.960464E-08,5.960464E-08,1,1,1,1,0.2879792,0.2405494,0.2401051,0.0004441738,0.2405493,0.004544773,0.2405494,true,0,1,0,0,1,0,0,0,0,0,1,0,true,-0.2538428,0.369992,0.1282664,-0.2538428,0.369992,0.1282664,-0.2538428,0.369992,0.1282664,-0.2538429,0.369992,0.1282665,1.20137E-07,0,true,-98058,Sphere,CurrentGrounding,1,0.4996097,1.253729,1.532121,0,0,0,0,-1,0,0.05,1,4608,0.5735765,0.4996097,0.7199999,1.532121,0.4996097,0.7199999,1.532121,0,1,0,0.483729,Anchored,None,true,0.1562916,0.7789224,-0.06718682,-0.5739628,-0.5066513,-0.5039867,-0.3998359,0.5001333,0.9208242,1.475735,-0.5739628,-0.5066513,-0.5039867,-0.3998359,1,false,false,false,ModifierNotCompiled,0,0,0,0,0,0,0,0,ModifierNotCompiled,0,0,0,0,FootPlacementEffectorTarget,FootGrounding,true,1,true,-0.0003384711,1,0.0812535,0.04761702,-98058,0.5001333,0.7199999,1.475735,0,1,0,0,0,0,0,0.5001333,0.9208242,1.475735,0.5019364,0.8406724,1.463114,0.5176311,0.8282448,1.540409,0.1206725,0.1082449,0,1,1,1,1,0.04797918,3.72529E-09,0.0001549023,0,0.0001549023,-0.0019189,3.72529E-09,true,0,1,0,0,1,0,0,0,0,0,1,0,true,0.1908204,0.1298423,0.06003528,0.2116564,0.2488034,0.007637609,0.2116564,0.2488034,0.007637609,0.2116564,0.2488034,0.00763759,4.60793E-08,0
2083,163,2083,1,2084,0,2084,false,rootmotion.finalik.full-body-biped-ik/indexed-pose-backend,None,true,true,1,lyra-5.7/ABP_Mannequin_Base/CR_Mannequin_FootPlant,unreal-engine-5.7/SpringInterpV2/FMath.SpringDamper,corin.animation-rig,87731f0d0ca14844bbf861368b9847b3,corin.foot-placement,6d6118d2f41a5948ddd18dc6d88083c8c5bf77a4682a4ec3fce5d2ec6af01624,298b6781705cafb383942fcc3f3b1f6e0800ead13829aedd29916feeb5d1f702,Corin.FootPlacementRig,2997edf1c34f13f7e2a3033372226eb399379f30c4303fddfe3e97ec1e4bf38d,0,-192572,0.04797918,0.04797917,0.04797917,2.561755E-08,0.04797918,true,0,0.04797917,0,1,PelvisPreSolveTranslation,FootGrounding,ModifierNotCompiled,-1,-1,-1,0,,,true,-98068,Sphere,CurrentGrounding,0,0.1115112,1.252872,1.755047,0,0,0,0,-1,0,0.05,1,4608,0.5735765,0.1115112,0.9599999,1.755047,0.1115112,0.9599999,1.755047,0,1,0,0.2428725,Swing,None,false,0,0,0,0,0,0,1,0,0,0,0,0,0,1,0,false,false,false,ModifierNotCompiled,0,0,0,0,0,0,0,0,ModifierNotCompiled,0,0,0,0,FootPlacementEffectorTarget,FootGrounding,true,1,false,-0.001558514,1,0.0821816,0.2887671,-98068,0.1115112,0.9599999,1.755047,0,1,0,0.001193523,0,0.001193523,0,0.1115112,1.042045,1.755047,0.1109684,0.9608111,1.754164,0.1662245,0.9599999,1.801749,0.0008111596,0,0,1,1,1,1,0.2879792,0.2411935,0.2407337,0.0004597902,0.2411934,0.006982402,0.2411935,true,0,1,0,0,1,0,0,0,0,0,1,0,true,-0.2515737,0.3700244,0.1278897,-0.2515737,0.3700244,0.1278897,-0.2515737,0.3700244,0.1278897,-0.2515737,0.3700244,0.1278897,1.490116E-08,0,true,-98058,Sphere,CurrentGrounding,1,0.502198,1.253541,1.5312,0,0,0,0,-1,0,0.05,1,4608,0.5735765,0.502198,0.7199999,1.5312,0.502198,0.7199999,1.5312,0,1,0,0.4835409,Anchored,None,true,0.1562916,0.7789224,-0.06718682,-0.5739628,-0.5066513,-0.5039867,-0.3998359,0.5001333,0.9208242,1.475735,-0.5739628,-0.5066513,-0.5039867,-0.3998359,1,false,false,false,ModifierNotCompiled,0,0,0,0,0,0,0,0,ModifierNotCompiled,0,0,0,0,FootPlacementEffectorTarget,FootGrounding,true,1,true,-0.0002727368,1,0.09962229,0.04778993,-98058,0.5001333,0.7199999,1.475735,0,1,0,0,0,0,0,0.5001333,0.9208242,1.475735,0.5019364,0.8406723,1.463114,0.5176334,0.8282374,1.540402,0.1206724,0.1082375,0,1,1,1,1,0.04797918,3.72529E-09,0.0001058086,0,0.0001058086,-0.001342919,3.72529E-09,true,0,1,0,0,1,0,0,0,0,0,1,0,true,0.1935663,0.1296051,0.06011101,0.2116564,0.2488034,0.007637609,0.2116564,0.2488034,0.007637609,0.2116563,0.2488035,0.007637635,7.156049E-08,0
2084,164,2084,1,2085,0,2085,false,rootmotion.finalik.full-body-biped-ik/indexed-pose-backend,None,true,true,1,lyra-5.7/ABP_Mannequin_Base/CR_Mannequin_FootPlant,unreal-engine-5.7/SpringInterpV2/FMath.SpringDamper,corin.animation-rig,87731f0d0ca14844bbf861368b9847b3,corin.foot-placement,6d6118d2f41a5948ddd18dc6d88083c8c5bf77a4682a4ec3fce5d2ec6af01624,298b6781705cafb383942fcc3f3b1f6e0800ead13829aedd29916feeb5d1f702,Corin.FootPlacementRig,2997edf1c34f13f7e2a3033372226eb399379f30c4303fddfe3e97ec1e4bf38d,0,-192572,0.04797918,0.04797917,0.04797917,2.611907E-08,0.04797918,true,0,0.04797917,0,1,PelvisPreSolveTranslation,FootGrounding,ModifierNotCompiled,-1,-1,-1,0,,,true,-98068,Sphere,CurrentGrounding,0,0.113061,1.25239,1.754176,0,0,0,0,-1,0,0.05,1,4608,0.5735765,0.113061,0.9599999,1.754176,0.113061,0.9599999,1.754176,0,1,0,0.2423899,Swing,None,false,0,0,0,0,0,0,1,0,0,0,0,0,0,1,0,false,false,false,ModifierNotCompiled,0,0,0,0,0,0,0,0,ModifierNotCompiled,0,0,0,0,FootPlacementEffectorTarget,FootGrounding,true,1,false,-0.001883235,1,0.0812797,0.2892658,-98068,0.113061,0.9599999,1.754176,0,1,0,0.001709223,0,0.001709223,0,0.113061,1.042078,1.754176,0.1125519,0.9608451,1.753194,0.1678107,0.9599999,1.800765,0.0008451939,0,0,1,1,1,1,0.2879792,0.2417092,0.2413632,0.0003459454,0.2417091,0.007370911,0.2417092,true,0,1,0,0,1,0,0,0,0,0,1,0,true,-0.2498138,0.3700575,0.127636,-0.2498138,0.3700575,0.127636,-0.2498138,0.3700575,0.127636,-0.249814,0.3700575,0.1276358,3.361855E-07,0,true,-98058,Sphere,CurrentGrounding,1,0.5043261,1.253459,1.530081,0,0,0,0,-1,0,0.05,1,4608,0.5735765,0.5043261,0.7199999,1.530081,0.5043261,0.7199999,1.530081,0,1,0,0.4834587,Anchored,None,true,0.1562916,0.7789224,-0.06718682,-0.5739628,-0.5066513,-0.5039867,-0.3998359,0.5001333,0.9208242,1.475735,-0.5739628,-0.5066513,-0.5039867,-0.3998359,1,false,false,false,ModifierNotCompiled,0,0,0,0,0,0,0,0,ModifierNotCompiled,0,0,0,0,FootPlacementEffectorTarget,FootGrounding,true,1,true,-0.000222264,1,0.1158438,0.04791415,-98058,0.5001333,0.7199999,1.475735,0,1,0,0.0001488328,0,0.0001488328,0,0.5001333,0.9208242,1.475735,0.5019366,0.8406724,1.463114,0.5176361,0.8282298,1.540395,0.1206725,0.1082299,0,1,1,1,1,0.04797918,0.0001488365,9.489873E-05,5.39422E-05,0.0001488409,0.0002303816,0.0001488365,true,0,1,0,0,1,0,0,0,0,0,1,0,true,0.1959549,0.1295661,0.05983525,0.2116564,0.2488034,0.007637609,0.2116564,0.2488034,0.007637609,0.2116564,0.2488035,0.007637545,1.095641E-07,0
2085,165,2085,1,2086,0,2086,false,rootmotion.finalik.full-body-biped-ik/indexed-pose-backend,None,true,true,1,lyra-5.7/ABP_Mannequin_Base/CR_Mannequin_FootPlant,unreal-engine-5.7/SpringInterpV2/FMath.SpringDamper,corin.animation-rig,87731f0d0ca14844bbf861368b9847b3,corin.foot-placement,6d6118d2f41a5948ddd18dc6d88083c8c5bf77a4682a4ec3fce5d2ec6af01624,298b6781705cafb383942fcc3f3b1f6e0800ead13829aedd29916feeb5d1f702,Corin.FootPlacementRig,2997edf1c34f13f7e2a3033372226eb399379f30c4303fddfe3e97ec1e4bf38d,0,-192572,0.04797918,0.04797917,0.04797917,2.596257E-08,0.04797918,true,0,0.04797917,0,1,PelvisPreSolveTranslation,FootGrounding,ModifierNotCompiled,-1,-1,-1,0,,,true,-98068,Sphere,CurrentGrounding,0,0.1149845,1.251843,1.753168,0,0,0,0,-1,0,0.05,1,4608,0.5735765,0.1149845,0.9599999,1.753168,0.1149845,0.9599999,1.753168,0,1,0,0.2418432,Swing,None,false,0,0,0,0,0,0,1,0,0,0,0,0,0,1,0,false,false,false,ModifierNotCompiled,0,0,0,0,0,0,0,0,ModifierNotCompiled,0,0,0,0,FootPlacementEffectorTarget,FootGrounding,true,1,false,-0.002280522,1,0.07991181,0.289837,-98068,0.1149845,0.9599999,1.753168,0,1,0,0.002306283,0,0.002306283,0,0.1149845,1.042129,1.753168,0.1144936,0.9608967,1.752077,0.1697626,0.9599999,1.799622,0.0008968115,-5.960464E-08,5.960464E-08,1,1,1,1,0.2879792,0.2423063,0.2419281,0.0003781319,0.2423063,0.007679108,0.2423063,true,0,1,0,0,1,0,0,0,0,0,1,0,true,-0.2476563,0.3701078,0.1273905,-0.2476563,0.3701078,0.1273905,-0.2476563,0.3701078,0.1273905,-0.2476564,0.3701078,0.1273905,1.47514E-07,0,true,-98058,Sphere,CurrentGrounding,1,0.5070169,1.253433,1.528414,0,0,0,0,-1,0,0.05,1,4608,0.5735765,0.5070169,0.7199999,1.528414,0.5070169,0.7199999,1.528414,0,1,0,0.4834328,Anchored,None,true,0.1562916,0.7789224,-0.06718682,-0.5739628,-0.5066513,-0.5039867,-0.3998359,0.5001333,0.9208242,1.475735,-0.5739628,-0.5066513,-0.5039867,-0.3998359,1,false,false,false,ModifierNotCompiled,0,0,0,0,0,0,0,0,ModifierNotCompiled,0,0,0,0,FootPlacementEffectorTarget,FootGrounding,true,1,true,-0.000160512,1,0.09531168,0.04804087,-98058,0.5001333,0.7199999,1.475735,0,1,0,0.0003760457,0,0.0003760457,0,0.5001333,0.9208242,1.475735,0.5019367,0.8406724,1.463114,0.5176386,0.8282212,1.540387,0.1206725,0.1082213,0,1,1,1,1,0.04797918,0.0003760494,0.0001852174,0.0001908541,0.0003760715,0.002015335,0.0003760494,true,0,1,0,0,1,0,0,0,0,0,1,0,true,0.199066,0.1297672,0.05925156,0.2116564,0.2488034,0.007637609,0.2116564,0.2488034,0.007637609,0.2116564,0.2488035,0.007637665,6.332994E-08,0
2086,166,2086,1,2087,0,2087,false,rootmotion.finalik.full-body-biped-ik/indexed-pose-backend,None,true,true,1,lyra-5.7/ABP_Mannequin_Base/CR_Mannequin_FootPlant,unreal-engine-5.7/SpringInterpV2/FMath.SpringDamper,corin.animation-rig,87731f0d0ca14844bbf861368b9847b3,corin.foot-placement,6d6118d2f41a5948ddd18dc6d88083c8c5bf77a4682a4ec3fce5d2ec6af01624,298b6781705cafb383942fcc3f3b1f6e0800ead13829aedd29916feeb5d1f702,Corin.FootPlacementRig,2997edf1c34f13f7e2a3033372226eb399379f30c4303fddfe3e97ec1e4bf38d,0,-192572,0.04797918,0.04797917,0.04797917,2.536412E-08,0.04797918,true,0,0.04797917,0,1,PelvisPreSolveTranslation,FootGrounding,ModifierNotCompiled,-1,-1,-1,0,,,true,-98068,Sphere,CurrentGrounding,0,0.1174183,1.251404,1.752162,0,0,0,0,-1,0,0.05,1,4608,0.5735765,0.1174183,0.9599999,1.752162,0.1174183,0.9599999,1.752162,0,1,0,0.2414037,Swing,None,false,0,0,0,0,0,0,1,0,0,0,0,0,0,1,0,false,false,false,ModifierNotCompiled,0,0,0,0,0,0,0,0,ModifierNotCompiled,0,0,0,0,FootPlacementEffectorTarget,FootGrounding,true,1,false,-0.002760355,1,0.08394726,0.2903025,-98068,0.1174183,0.9599999,1.752162,0,1,0,0.002798975,0,0.002798975,0,0.1174183,1.042182,1.752162,0.1169307,0.9609514,1.750973,0.1722214,0.96,1.798482,0.0009515285,5.960464E-08,0,1,1,1,1,0.2879792,0.242799,0.2425486,0.0002504587,0.2427991,0.006287561,0.242799,true,0,1,0,0,1,0,0,0,0,0,1,0,true,-0.2450234,0.3701612,0.1273305,-0.2450234,0.3701612,0.1273305,-0.2450234,0.3701612,0.1273305,-0.2450235,0.3701612,0.1273304,8.940697E-08,0,true,-98058,Sphere,CurrentGrounding,1,0.5096009,1.253007,1.528456,0,0,0,0,-1,0,0.05,1,4608,0.5735765,0.5096009,0.7199999,1.528456,0.5096009,0.7199999,1.528456,0,1,0,0.4830074,Anchored,None,true,0.1562916,0.7789224,-0.06718682,-0.5739628,-0.5066513,-0.5039867,-0.3998359,0.5001333,0.9208242,1.475735,-0.5739628,-0.5066513,-0.5039867,-0.3998359,1,false,false,false,ModifierNotCompiled,0,0,0,0,0,0,0,0,ModifierNotCompiled,0,0,0,0,FootPlacementEffectorTarget,FootGrounding,true,1,true,-8.592976E-05,1,0.07367525,0.04840875,-98058,0.5001333,0.7199999,1.475735,0,1,0,0.0006866455,0,0.0006866455,0,0.5001333,0.9208242,1.475735,0.5019367,0.8406724,1.463114,0.5176405,0.8282151,1.540382,0.1206725,0.1082152,0,1,1,1,1,0.04797918,0.0006866492,0.0004721544,0.0002145171,0.0006866715,0.003210197,0.0006866492,true,0,1,0,0,1,0,0,0,0,0,1,0,true,0.2014609,0.1296525,0.06022272,0.2116564,0.2488034,0.007637609,0.2116564,0.2488034,0.007637609,0.2116564,0.2488035,0.007637441,1.905733E-07,0
2087,167,2087,1,2088,0,2088,false,rootmotion.finalik.full-body-biped-ik/indexed-pose-backend,None,true,true,1,lyra-5.7/ABP_Mannequin_Base/CR_Mannequin_FootPlant,unreal-engine-5.7/SpringInterpV2/FMath.SpringDamper,corin.animation-rig,87731f0d0ca14844bbf861368b9847b3,corin.foot-placement,6d6118d2f41a5948ddd18dc6d88083c8c5bf77a4682a4ec3fce5d2ec6af01624,298b6781705cafb383942fcc3f3b1f6e0800ead13829aedd29916feeb5d1f702,Corin.FootPlacementRig,2997edf1c34f13f7e2a3033372226eb399379f30c4303fddfe3e97ec1e4bf38d,0,-192572,0.04797918,0.04797917,0.04797917,2.597873E-08,0.04797918,true,0,0.04797917,0,1,PelvisPreSolveTranslation,FootGrounding,ModifierNotCompiled,-1,-1,-1,0,,,true,-98068,Sphere,CurrentGrounding,0,0.1194959,1.251457,1.751938,0,0,0,0,-1,0,0.05,1,4608,0.5735765,0.1194959,0.9599999,1.751938,0.1194959,0.9599999,1.751938,0,1,0,0.2414566,Swing,None,false,0,0,0,0,0,0,1,0,0,0,0,0,0,1,0,false,false,false,ModifierNotCompiled,0,0,0,0,0,0,0,0,ModifierNotCompiled,0,0,0,0,FootPlacementEffectorTarget,FootGrounding,true,1,false,-0.002702567,1,0.09371209,0.2902229,-98068,0.1194959,0.9599999,1.751938,0,1,0,0.002692103,0,0.002692103,0,0.1194959,1.042326,1.751938,0.1190693,0.9610949,1.750771,0.1743953,0.960198,1.798236,0.001094997,0.0001981258,0,1,1,1,1,0.2879792,0.2426921,0.2428903,0,0.2428903,0.001799517,0.2426921,true,0,1,0,0,1,0,0,0,0,0,1,0,true,-0.2430049,0.3703054,0.1278712,-0.2430049,0.3703054,0.1278712,-0.2430049,0.3703054,0.1278712,-0.2430049,0.3703054,0.1278711,6.664002E-08,0,true,-98058,Sphere,CurrentGrounding,1,0.5111499,1.25286,1.529467,0,0,0,0,-1,0,0.05,1,4608,0.5735765,0.5111499,0.7199999,1.529467,0.5111499,0.7199999,1.529467,0,1,0,0.4828603,Anchored,None,true,0.1562916,0.7789224,-0.06718682,-0.5739628,-0.5066513,-0.5039867,-0.3998359,0.5001333,0.9208242,1.475735,-0.5739628,-0.5066513,-0.5039867,-0.3998359,1,false,false,false,ModifierNotCompiled,0,0,0,0,0,0,0,0,ModifierNotCompiled,0,0,0,0,FootPlacementEffectorTarget,FootGrounding,true,1,true,-3.416685E-05,1,0.08287888,0.04844391,-98058,0.5001333,0.7199999,1.475735,0,1,0,0.00061059,0,0.00061059,0,0.5001333,0.9208242,1.475735,0.5019365,0.8406724,1.463114,0.5176409,0.8282132,1.54038,0.1206725,0.1082133,0,1,1,1,1,0.04797918,0.0006105937,0.0007307968,0,0.0007307968,0.0007389605,0.0006105937,true,0,1,0,0,1,0,0,0,0,0,1,0,true,0.2025407,0.1295496,0.06172448,0.2116564,0.2488034,0.007637609,0.2116564,0.2488034,0.007637609,0.2116563,0.2488034,0.00763756,9.372641E-08,0
2088,168,2088,1,2089,0,2089,false,rootmotion.finalik.full-body-biped-ik/indexed-pose-backend,None,true,true,1,lyra-5.7/ABP_Mannequin_Base/CR_Mannequin_FootPlant,unreal-engine-5.7/SpringInterpV2/FMath.SpringDamper,corin.animation-rig,87731f0d0ca14844bbf861368b9847b3,corin.foot-placement,6d6118d2f41a5948ddd18dc6d88083c8c5bf77a4682a4ec3fce5d2ec6af01624,298b6781705cafb383942fcc3f3b1f6e0800ead13829aedd29916feeb5d1f702,Corin.FootPlacementRig,2997edf1c34f13f7e2a3033372226eb399379f30c4303fddfe3e97ec1e4bf38d,0,-192572,0.04797918,0.04797917,0.04797917,2.64945E-08,0.04797918,true,0,0.04797917,0,1,PelvisPreSolveTranslation,FootGrounding,ModifierNotCompiled,-1,-1,-1,0,,,true,-98068,Sphere,CurrentGrounding,0,0.121253,1.251613,1.75194,0,0,0,0,-1,0,0.05,1,4608,0.5735765,0.121253,0.9599999,1.75194,0.121253,0.9599999,1.75194,0,1,0,0.2416135,Swing,None,false,0,0,0,0,0,0,1,0,0,0,0,0,0,1,0,false,false,false,ModifierNotCompiled,0,0,0,0,0,0,0,0,ModifierNotCompiled,0,0,0,0,FootPlacementEffectorTarget,FootGrounding,true,1,false,-0.002614253,1,0.09703868,0.2900318,-98068,0.121253,0.9599999,1.75194,0,1,0,0.002465725,0,0.002465725,0,0.121253,1.042482,1.75194,0.1208889,0.96125,1.750821,0.176244,0.9604236,1.798251,0.001250088,0.0004236698,0,1,1,1,1,0.2879792,0.2424657,0.2428894,0,0.2428894,-0.00157122,0.2424657,true,0,1,0,0,1,0,0,0,0,0,1,0,true,-0.2413671,0.3704614,0.1285075,-0.2413671,0.3704614,0.1285075,-0.2413671,0.3704614,0.1285075,-0.2413672,0.3704614,0.1285072,2.619385E-07,0,true,-98058,Sphere,CurrentGrounding,1,0.5123618,1.252852,1.530436,0,0,0,0,-1,0,0.05,1,4608,0.5735765,0.5123618,0.7199999,1.530436,0.5123618,0.7199999,1.530436,0,1,0,0.4828525,Anchored,None,true,0.1562916,0.7789224,-0.06718682,-0.5739628,-0.5066513,-0.5039867,-0.3998359,0.5001333,0.9208242,1.475735,-0.5739628,-0.5066513,-0.5039867,-0.3998359,1,false,false,false,ModifierNotCompiled,0,0,0,0,0,0,0,0,ModifierNotCompiled,0,0,0,0,FootPlacementEffectorTarget,FootGrounding,true,1,true,6.212504E-06,1,0.08422775,0.0483672,-98058,0.5001333,0.7199999,1.475735,0,1,0,0.0004502535,0,0.0004502535,0,0.5001333,0.9208242,1.475735,0.5019365,0.8406724,1.463114,0.5176411,0.8282128,1.54038,0.1206725,0.1082129,0,1,1,1,1,0.04797918,0.0004502572,0.0007234261,0,0.0007234261,-0.001325894,0.0004502572,true,0,1,0,0,1,0,0,0,0,0,1,0,true,0.2033213,0.1295343,0.06306545,0.2116564,0.2488034,0.007637609,0.2116564,0.2488034,0.007637609,0.2116566,0.2488036,0.007637307,3.778737E-07,0
2089,169,2089,1,2090,0,2090,false,rootmotion.finalik.full-body-biped-ik/indexed-pose-backend,None,true,true,1,lyra-5.7/ABP_Mannequin_Base/CR_Mannequin_FootPlant,unreal-engine-5.7/SpringInterpV2/FMath.SpringDamper,corin.animation-rig,87731f0d0ca14844bbf861368b9847b3,corin.foot-placement,6d6118d2f41a5948ddd18dc6d88083c8c5bf77a4682a4ec3fce5d2ec6af01624,298b6781705cafb383942fcc3f3b1f6e0800ead13829aedd29916feeb5d1f702,Corin.FootPlacementRig,2997edf1c34f13f7e2a3033372226eb399379f30c4303fddfe3e97ec1e4bf38d,0,-192572,0.04797918,0.04797917,0.04797917,2.605107E-08,0.04797918,true,0,0.04797917,0,1,PelvisPreSolveTranslation,FootGrounding,ModifierNotCompiled,-1,-1,-1,0,,,true,-98068,Sphere,CurrentGrounding,0,0.1239367,1.251921,1.751963,0,0,0,0,-1,0,0.05,1,4608,0.5735765,0.1239367,0.9599999,1.751963,0.1239367,0.9599999,1.751963,0,1,0,0.2419209,Swing,None,false,0,0,0,0,0,0,1,0,0,0,0,0,0,1,0,false,false,false,ModifierNotCompiled,0,0,0,0,0,0,0,0,ModifierNotCompiled,0,0,0,0,FootPlacementEffectorTarget,FootGrounding,true,1,false,-0.002476892,1,0.08662507,0.2896862,-98068,0.1239367,0.9599999,1.751963,0,1,0,0.002081096,0,0.002081096,0,0.1239367,1.042672,1.751963,0.1236308,0.9614391,1.750909,0.1790109,0.960691,1.798312,0.001439214,0.0006911159,0,1,1,1,1,0.2879792,0.2420811,0.2427722,0,0.2427722,-0.005744309,0.2420811,true,0,1,0,0,1,0,0,0,0,0,1,0,true,-0.2388725,0.3706517,0.1294973,-0.2388725,0.3706517,0.1294973,-0.2388725,0.3706517,0.1294973,-0.2388727,0.3706516,0.1294969,4.080851E-07,0,true,-98058,Sphere,CurrentGrounding,1,0.5144482,1.253024,1.531635,0,0,0,0,-1,0,0.05,1,4608,0.5735765,0.5144482,0.7199999,1.531635,0.5144482,0.7199999,1.531635,0,1,0,0.4830235,Anchored,None,true,0.1562916,0.7789224,-0.06718682,-0.5739628,-0.5066513,-0.5039867,-0.3998359,0.5001333,0.9208242,1.475735,-0.5739628,-0.5066513,-0.5039867,-0.3998359,1,false,false,false,ModifierNotCompiled,0,0,0,0,0,0,0,0,ModifierNotCompiled,0,0,0,0,FootPlacementEffectorTarget,FootGrounding,true,1,true,6.901671E-05,1,0.08089055,0.04814297,-98058,0.5001333,0.7199999,1.475735,0,1,0,0.0001737475,0,0.0001737475,0,0.5001333,0.9208242,1.475735,0.5019366,0.8406724,1.463114,0.5176407,0.8282142,1.540381,0.1206725,0.1082143,0,1,1,1,1,0.04797918,0.0001737513,0.0006379792,0,0.0006379792,-0.004054587,0.0001737513,true,0,1,0,0,1,0,0,0,0,0,1,0,true,0.2048343,0.1296199,0.06493679,0.2116564,0.2488034,0.007637609,0.2116564,0.2488034,0.007637609,0.2116565,0.2488036,0.007637307,3.619671E-07,0
2090,170,2090,1,2091,0,2091,false,rootmotion.finalik.full-body-biped-ik/indexed-pose-backend,None,true,true,1,lyra-5.7/ABP_Mannequin_Base/CR_Mannequin_FootPlant,unreal-engine-5.7/SpringInterpV2/FMath.SpringDamper,corin.animation-rig,87731f0d0ca14844bbf861368b9847b3,corin.foot-placement,6d6118d2f41a5948ddd18dc6d88083c8c5bf77a4682a4ec3fce5d2ec6af01624,298b6781705cafb383942fcc3f3b1f6e0800ead13829aedd29916feeb5d1f702,Corin.FootPlacementRig,2997edf1c34f13f7e2a3033372226eb399379f30c4303fddfe3e97ec1e4bf38d,0,-192572,0.04797918,0.04797917,0.04797917,2.536868E-08,0.04797918,true,0,0.04797917,0,1,PelvisPreSolveTranslation,FootGrounding,ModifierNotCompiled,-1,-1,-1,0,,,true,-98068,Sphere,CurrentGrounding,0,0.126513,1.252168,1.751532,0,0,0,0,-1,0,0.05,1,4608,0.5735765,0.126513,0.9599999,1.751532,0.126513,0.9599999,1.751532,0,1,0,0.2421677,Swing,None,false,0,0,0,0,0,0,1,0,0,0,0,0,0,1,0,false,false,false,ModifierNotCompiled,0,0,0,0,0,0,0,0,ModifierNotCompiled,0,0,0,0,FootPlacementEffectorTarget,FootGrounding,true,1,false,-0.002312899,1,0.05189727,0.2894884,-98068,0.126513,0.9599999,1.751532,0,1,0,0.001933277,0,0.001933277,0,0.126513,1.042705,1.751532,0.1260934,0.9614728,1.75044,0.1814272,0.9606248,1.797898,0.00147289,0.0006248355,0,1,1,1,1,0.2879792,0.2419333,0.2425582,0,0.2425582,-0.006219415,0.2419333,true,0,1,0,0,1,0,0,0,0,0,1,0,true,-0.236314,0.3706843,0.1300245,-0.236314,0.3706843,0.1300245,-0.236314,0.3706843,0.1300245,-0.236314,0.3706843,0.1300244,1.467594E-07,0,true,-98058,Sphere,CurrentGrounding,1,0.5175216,1.253487,1.531424,0,0,0,0,-1,0,0.05,1,4608,0.5735765,0.5175216,0.7199999,1.531424,0.5175216,0.7199999,1.531424,0,1,0,0.4834871,Anchored,None,true,0.1562916,0.7789224,-0.06718682,-0.5739628,-0.5066513,-0.5039867,-0.3998359,0.5001333,0.9208242,1.475735,-0.5739628,-0.5066513,-0.5039867,-0.3998359,1,false,false,false,ModifierNotCompiled,0,0,0,0,0,0,0,0,ModifierNotCompiled,0,0,0,0,FootPlacementEffectorTarget,FootGrounding,true,1,true,0.0001439981,1,0.0878443,0.04781795,-98058,0.5001333,0.7199999,1.475735,0,1,0,0,0,0,0,0.5001333,0.9208242,1.475735,0.5019366,0.8406724,1.463114,0.5176398,0.8282182,1.540385,0.1206725,0.1082183,0,1,1,1,1,0.04797918,3.72529E-09,0.0004768202,0,0.0004768202,-0.004870334,3.72529E-09,true,0,1,0,0,1,0,0,0,0,0,1,0,true,0.2077767,0.1299224,0.06584933,0.2116564,0.2488034,0.007637609,0.2116564,0.2488034,0.007637609,0.2116564,0.2488034,0.007637605,4.485844E-08,0
2091,171,2091,1,2092,0,2092,false,rootmotion.finalik.full-body-biped-ik/indexed-pose-backend,None,true,true,1,lyra-5.7/ABP_Mannequin_Base/CR_Mannequin_FootPlant,unreal-engine-5.7/SpringInterpV2/FMath.SpringDamper,corin.animation-rig,87731f0d0ca14844bbf861368b9847b3,corin.foot-placement,6d6118d2f41a5948ddd18dc6d88083c8c5bf77a4682a4ec3fce5d2ec6af01624,298b6781705cafb383942fcc3f3b1f6e0800ead13829aedd29916feeb5d1f702,Corin.FootPlacementRig,2997edf1c34f13f7e2a3033372226eb399379f30c4303fddfe3e97ec1e4bf38d,0,-192572,0.04797918,0.04797917,0.04797917,2.543956E-08,0.04797918,true,0,0.04797917,0,1,PelvisPreSolveTranslation,FootGrounding,ModifierNotCompiled,-1,-1,-1,0,,,true,-98068,Sphere,CurrentGrounding,0,0.1276267,1.25235,1.751138,0,0,0,0,-1,0,0.05,1,4608,0.5735765,0.1276267,0.9599999,1.751138,0.1276267,0.9599999,1.751138,0,1,0,0.2423496,Swing,None,false,0,0,0,0,0,0,1,0,0,0,0,0,0,1,0,false,false,false,ModifierNotCompiled,0,0,0,0,0,0,0,0,ModifierNotCompiled,0,0,0,0,FootPlacementEffectorTarget,FootGrounding,true,1,false,-0.002162172,1,0.01099948,0.289389,-98068,0.1276267,0.9599999,1.751138,0,1,0,0.001918316,0,0.001918316,0,0.1276267,1.042708,1.751138,0.1270027,0.9614776,1.749997,0.1822751,0.9604608,1.797529,0.001477718,0.0004608631,0,1,1,1,1,0.2879792,0.2419183,0.2423792,0,0.2423792,-0.004990135,0.2419183,true,0,1,0,0,1,0,0,0,0,0,1,0,true,-0.2351335,0.3706872,0.1300595,-0.2351335,0.3706872,0.1300595,-0.2351335,0.3706872,0.1300595,-0.2351335,0.3706872,0.1300595,6.82857E-08,0,true,-98058,Sphere,CurrentGrounding,1,0.5193412,1.253742,1.531358,0,0,0,0,-1,0,0.05,1,4608,0.5735765,0.5193412,0.7199999,1.531358,0.5193412,0.7199999,1.531358,0,1,0,0.4837421,Anchored,None,true,0.1562916,0.7789224,-0.06718682,-0.5739628,-0.5066513,-0.5039867,-0.3998359,0.5001333,0.9208242,1.475735,-0.5739628,-0.5066513,-0.5039867,-0.3998359,1,false,false,false,ModifierNotCompiled,0,0,0,0,0,0,0,0,ModifierNotCompiled,0,0,0,0,FootPlacementEffectorTarget,FootGrounding,true,1,true,0.0002129136,1,0.03295127,0.04761624,-98058,0.5001333,0.7199999,1.475735,0,1,0,0,0,0,0,0.5001333,0.9208242,1.475735,0.5019367,0.8406724,1.463114,0.5176381,0.8282235,1.540389,0.1206725,0.1082236,0,1,1,1,1,0.04797918,3.72529E-09,0.0003396854,0,0.0003396854,-0.003747626,3.72529E-09,true,0,1,0,0,1,0,0,0,0,0,1,0,true,0.2094975,0.1300402,0.0664446,0.2116564,0.2488034,0.007637609,0.2116564,0.2488034,0.007637609,0.2116563,0.2488034,0.007637531,8.371548E-08,0
2092,172,2092,1,2093,0,2093,false,rootmotion.finalik.full-body-biped-ik/indexed-pose-backend,None,true,true,1,lyra-5.7/ABP_Mannequin_Base/CR_Mannequin_FootPlant,unreal-engine-5.7/SpringInterpV2/FMath.SpringDamper,corin.animation-rig,87731f0d0ca14844bbf861368b9847b3,corin.foot-placement,6d6118d2f41a5948ddd18dc6d88083c8c5bf77a4682a4ec3fce5d2ec6af01624,298b6781705cafb383942fcc3f3b1f6e0800ead13829aedd29916feeb5d1f702,Corin.FootPlacementRig,2997edf1c34f13f7e2a3033372226eb399379f30c4303fddfe3e97ec1e4bf38d,0,-192572,0.04797918,0.04797917,0.04797917,2.596517E-08,0.04797918,true,0,0.04797917,0,1,PelvisPreSolveTranslation,FootGrounding,ModifierNotCompiled,-1,-1,-1,0,,,true,-98068,Sphere,CurrentGrounding,0,0.1276512,1.252445,1.751165,0,0,0,0,-1,0,0.05,1,4608,0.5735765,0.1276512,0.9599999,1.751165,0.1276512,0.9599999,1.751165,0,1,0,0.2424448,Swing,None,false,0,0,0,0,0,0,1,0,0,0,0,0,0,1,0,false,false,false,ModifierNotCompiled,0,0,0,0,0,0,0,0,ModifierNotCompiled,0,0,0,0,FootPlacementEffectorTarget,FootGrounding,true,1,false,-0.002044912,1,0.01759744,0.2893364,-98068,0.1276512,0.9599999,1.751165,0,1,0,0.001909316,0,0.001909316,0,0.1276512,1.042691,1.751165,0.1268849,0.9614619,1.750041,0.1821349,0.960358,1.797604,0.001461983,0.0003580451,0,1,1,1,1,0.2879792,0.2419093,0.2422673,0,0.2422673,-0.004050127,0.2419093,true,0,1,0,0,1,0,0,0,0,0,1,0,true,-0.2351202,0.3706705,0.1300933,-0.2351202,0.3706705,0.1300933,-0.2351202,0.3706705,0.1300933,-0.2351202,0.3706706,0.1300934,2.032247E-07,0,true,-98058,Sphere,CurrentGrounding,1,0.5195637,1.253676,1.532084,0,0,0,0,-1,0,0.05,1,4608,0.5735765,0.5195637,0.7199999,1.532084,0.5195637,0.7199999,1.532084,0,1,0,0.4836758,Anchored,None,true,0.1562916,0.7789224,-0.06718682,-0.5739628,-0.5066513,-0.5039867,-0.3998359,0.5001333,0.9208242,1.475735,-0.5739628,-0.5066513,-0.5039867,-0.3998359,1,false,false,false,ModifierNotCompiled,0,0,0,0,0,0,0,0,ModifierNotCompiled,0,0,0,0,FootPlacementEffectorTarget,FootGrounding,true,1,true,0.0002665273,1,0.03802378,0.04764903,-98058,0.5001333,0.7199999,1.475735,0,1,0,0,0,0,0,0.5001333,0.9208242,1.475735,0.5019367,0.8406724,1.463114,0.5176367,0.8282285,1.540394,0.1206725,0.1082286,0,1,1,1,1,0.04797918,3.72529E-09,0.0002568409,0,0.0002568409,-0.002958343,3.72529E-09,true,0,1,0,0,1,0,0,0,0,0,1,0,true,0.2094429,0.1298911,0.06720216,0.2116564,0.2488034,0.007637609,0.2116564,0.2488034,0.007637609,0.2116564,0.2488035,0.007637605,1.000294E-07,0
2093,173,2093,1,2094,0,2094,false,rootmotion.finalik.full-body-biped-ik/indexed-pose-backend,None,true,true,1,lyra-5.7/ABP_Mannequin_Base/CR_Mannequin_FootPlant,unreal-engine-5.7/SpringInterpV2/FMath.SpringDamper,corin.animation-rig,87731f0d0ca14844bbf861368b9847b3,corin.foot-placement,6d6118d2f41a5948ddd18dc6d88083c8c5bf77a4682a4ec3fce5d2ec6af01624,298b6781705cafb383942fcc3f3b1f6e0800ead13829aedd29916feeb5d1f702,Corin.FootPlacementRig,2997edf1c34f13f7e2a3033372226eb399379f30c4303fddfe3e97ec1e4bf38d,0,-192572,0.04797918,0.04797917,0.04797917,2.568249E-08,0.04797918,true,0,0.04797917,0,1,PelvisPreSolveTranslation,FootGrounding,ModifierNotCompiled,-1,-1,-1,0,,,true,-98068,Sphere,CurrentGrounding,0,0.1268606,1.252516,1.75153,0,0,0,0,-1,0,0.05,1,4608,0.5735765,0.1268606,0.9599999,1.75153,0.1268606,0.9599999,1.75153,0,1,0,0.2425156,Swing,None,false,0,0,0,0,0,0,1,0,0,0,0,0,0,1,0,false,false,false,ModifierNotCompiled,0,0,0,0,0,0,0,0,ModifierNotCompiled,0,0,0,0,FootPlacementEffectorTarget,FootGrounding,true,1,false,-0.001897395,1,0.04530786,0.2892983,-98068,0.1268606,0.9599999,1.75153,0,1,0,0.001904666,0,0.001904666,0,0.1268606,1.042653,1.75153,0.1259403,0.9614242,1.75047,0.1811891,0.9602533,1.798041,0.001424313,0.0002533793,0,1,1,1,1,0.2879792,0.2419047,0.242158,0,0.242158,-0.002993713,0.2419047,true,0,1,0,0,1,0,0,0,0,0,1,0,true,-0.2359892,0.370632,0.1301482,-0.2359892,0.370632,0.1301482,-0.2359892,0.370632,0.1301482,-0.2359892,0.3706319,0.1301483,1.074538E-07,0,true,-98058,Sphere,CurrentGrounding,1,0.5188124,1.253444,1.533274,0,0,0,0,-1,0,0.05,1,4608,0.5735765,0.5188124,0.7199999,1.533274,0.5188124,0.7199999,1.533274,0,1,0,0.4834438,Anchored,None,true,0.1562916,0.7789224,-0.06718682,-0.5739628,-0.5066513,-0.5039867,-0.3998359,0.5001333,0.9208242,1.475735,-0.5739628,-0.5066513,-0.5039867,-0.3998359,1,false,false,false,ModifierNotCompiled,0,0,0,0,0,0,0,0,ModifierNotCompiled,0,0,0,0,FootPlacementEffectorTarget,FootGrounding,true,1,true,0.0003339754,1,0.06038018,0.04781306,-98058,0.5001333,0.7199999,1.475735,0,1,0,0,0,0,0,0.5001333,0.9208242,1.475735,0.5019367,0.8406724,1.463114,0.5176346,0.8282354,1.5404,0.1206725,0.1082355,0,1,1,1,1,0.04797918,3.72529E-09,0.0001779488,0,0.0001779488,-0.002135793,3.72529E-09,true,0,1,0,0,1,0,0,0,0,0,1,0,true,0.2083131,0.1295802,0.06804015,0.2116564,0.2488034,0.007637609,0.2116564,0.2488034,0.007637609,0.2116565,0.2488033,0.00763768,1.649677E-07,0
2094,174,2094,1,2095,0,2095,false,rootmotion.finalik.full-body-biped-ik/indexed-pose-backend,None,true,true,1,lyra-5.7/ABP_Mannequin_Base/CR_Mannequin_FootPlant,unreal-engine-5.7/SpringInterpV2/FMath.SpringDamper,corin.animation-rig,87731f0d0ca14844bbf861368b9847b3,corin.foot-placement,6d6118d2f41a5948ddd18dc6d88083c8c5bf77a4682a4ec3fce5d2ec6af01624,298b6781705cafb383942fcc3f3b1f6e0800ead13829aedd29916feeb5d1f702,Corin.FootPlacementRig,2997edf1c34f13f7e2a3033372226eb399379f30c4303fddfe3e97ec1e4bf38d,0,-192572,0.04797918,0.04797917,0.04797917,2.589685E-08,0.04797918,true,0,0.04797917,0,1,PelvisPreSolveTranslation,FootGrounding,ModifierNotCompiled,-1,-1,-1,0,,,true,-98068,Sphere,CurrentGrounding,0,0.1256156,1.252773,1.752073,0,0,0,0,-1,0,0.05,1,4608,0.5735765,0.1256156,0.9599999,1.752073,0.1256156,0.9599999,1.752073,0,1,0,0.2427728,Swing,None,false,0,0,0,0,0,0,1,0,0,0,0,0,0,1,0,false,false,false,ModifierNotCompiled,0,0,0,0,0,0,0,0,ModifierNotCompiled,0,0,0,0,FootPlacementEffectorTarget,FootGrounding,true,1,false,-0.001767977,1,0.05948238,0.2890563,-98068,0.1256156,0.9599999,1.752073,0,1,0,0.00167805,0,0.00167805,0,0.1256156,1.042809,1.752073,0.1245847,0.9615803,1.751089,0.1798546,0.9603785,1.798643,0.001580417,0.0003785491,0,1,1,1,1,0.2879792,0.2416781,0.2420566,0,0.2420566,-0.004145964,0.2416781,true,0,1,0,0,1,0,0,0,0,0,1,0,true,-0.2373465,0.3707878,0.1302059,-0.2373465,0.3707878,0.1302059,-0.2373465,0.3707878,0.1302059,-0.2373466,0.3707878,0.1302057,1.712013E-07,0,true,-98058,Sphere,CurrentGrounding,1,0.5174816,1.253392,1.534411,0,0,0,0,-1,0,0.05,1,4608,0.5735765,0.5174816,0.7199999,1.534411,0.5174816,0.7199999,1.534411,0,1,0,0.4833924,Anchored,None,true,0.1562916,0.7789224,-0.06718682,-0.5739628,-0.5066513,-0.5039867,-0.3998359,0.5001333,0.9208242,1.475735,-0.5739628,-0.5066513,-0.5039867,-0.3998359,1,false,false,false,ModifierNotCompiled,0,0,0,0,0,0,0,0,ModifierNotCompiled,0,0,0,0,FootPlacementEffectorTarget,FootGrounding,true,1,true,0.0003931483,1,0.07370022,0.04779267,-98058,0.5001333,0.7199999,1.475735,0,1,0,0,0,0,0,0.5001333,0.9208242,1.475735,0.5019365,0.8406724,1.463114,0.5176328,0.8282415,1.540406,0.1206725,0.1082416,0,1,1,1,1,0.04797918,3.72529E-09,0.000127544,0,0.000127544,-0.001574312,3.72529E-09,true,0,1,0,0,1,0,0,0,0,0,1,0,true,0.2066613,0.1294785,0.06862097,0.2116564,0.2488034,0.007637609,0.2116564,0.2488034,0.007637609,0.2116564,0.2488035,0.00763756,9.372641E-08,0
2095,175,2095,1,2096,0,2096,false,rootmotion.finalik.full-body-biped-ik/indexed-pose-backend,None,true,true,1,lyra-5.7/ABP_Mannequin_Base/CR_Mannequin_FootPlant,unreal-engine-5.7/SpringInterpV2/FMath.SpringDamper,corin.animation-rig,87731f0d0ca14844bbf861368b9847b3,corin.foot-placement,6d6118d2f41a5948ddd18dc6d88083c8c5bf77a4682a4ec3fce5d2ec6af01624,298b6781705cafb383942fcc3f3b1f6e0800ead13829aedd29916feeb5d1f702,Corin.FootPlacementRig,2997edf1c34f13f7e2a3033372226eb399379f30c4303fddfe3e97ec1e4bf38d,0,-192572,0.04797918,0.04797917,0.04797917,2.566888E-08,0.04797918,true,0,0.04797917,0,1,PelvisPreSolveTranslation,FootGrounding,ModifierNotCompiled,-1,-1,-1,0,,,true,-98068,Sphere,CurrentGrounding,0,0.1240518,1.253159,1.752999,0,0,0,0,-1,0,0.05,1,4608,0.5735765,0.1240518,0.9599999,1.752999,0.1240518,0.9599999,1.752999,0,1,0,0.2431594,Swing,None,false,0,0,0,0,0,0,1,0,0,0,0,0,0,1,0,false,false,false,ModifierNotCompiled,0,0,0,0,0,0,0,0,ModifierNotCompiled,0,0,0,0,FootPlacementEffectorTarget,FootGrounding,true,1,false,-0.001620869,1,0.06103108,0.2886527,-98068,0.1240518,0.9599999,1.752999,0,1,0,0.001256585,0,0.001256585,0,0.1240518,1.043017,1.752999,0.1229756,0.961788,1.752129,0.1783037,0.9606216,1.799626,0.00178808,0.0006216764,0,1,1,1,1,0.2879792,0.2412566,0.2418783,0,0.2418783,-0.006693256,0.2412566,true,0,1,0,0,1,0,0,0,0,0,1,0,true,-0.239139,0.3709962,0.1305052,-0.239139,0.3709962,0.1305052,-0.239139,0.3709962,0.1305052,-0.2391391,0.3709962,0.1305052,4.470348E-08,0,true,-98058,Sphere,CurrentGrounding,1,0.5155294,1.253483,1.53559,0,0,0,0,-1,0,0.05,1,4608,0.5735765,0.5155294,0.7199999,1.53559,0.5155294,0.7199999,1.53559,0,1,0,0.4834833,Anchored,None,true,0.1562916,0.7789224,-0.06718682,-0.5739628,-0.5066513,-0.5039867,-0.3998359,0.5001333,0.9208242,1.475735,-0.5739628,-0.5066513,-0.5039867,-0.3998359,1,false,false,false,ModifierNotCompiled,0,0,0,0,0,0,0,0,ModifierNotCompiled,0,0,0,0,FootPlacementEffectorTarget,FootGrounding,true,1,true,0.0004604093,1,0.07490828,0.04762256,-98058,0.5001333,0.7199999,1.475735,0,1,0,0,0,0,0,0.5001333,0.9208242,1.475735,0.5019367,0.8406724,1.463114,0.5176308,0.8282484,1.540411,0.1206725,0.1082485,0,1,1,1,1,0.04797918,3.72529E-09,8.645091E-05,0,8.645091E-05,-0.001094623,3.72529E-09,true,0,1,0,0,1,0,0,0,0,0,1,0,true,0.2044155,0.1295282,0.06901537,0.2116564,0.2488034,0.007637609,0.2116564,0.2488034,0.007637609,0.2116563,0.2488034,0.007637545,8.304975E-08,0
2096,176,2096,1,2097,0,2097,false,rootmotion.finalik.full-body-biped-ik/indexed-pose-backend,None,true,true,1,lyra-5.7/ABP_Mannequin_Base/CR_Mannequin_FootPlant,unreal-engine-5.7/SpringInterpV2/FMath.SpringDamper,corin.animation-rig,87731f0d0ca14844bbf861368b9847b3,corin.foot-placement,6d6118d2f41a5948ddd18dc6d88083c8c5bf77a4682a4ec3fce5d2ec6af01624,298b6781705cafb383942fcc3f3b1f6e0800ead13829aedd29916feeb5d1f702,Corin.FootPlacementRig,2997edf1c34f13f7e2a3033372226eb399379f30c4303fddfe3e97ec1e4bf38d,0,-192572,0.04797918,0.04797917,0.04797917,2.602774E-08,0.04797918,true,0,0.04797917,0,1,PelvisPreSolveTranslation,FootGrounding,ModifierNotCompiled,-1,-1,-1,0,,,true,-98068,Sphere,CurrentGrounding,0,0.1228998,1.253444,1.753921,0,0,0,0,-1,0,0.05,1,4608,0.5735765,0.1228998,0.9599999,1.753921,0.1228998,0.9599999,1.753921,0,1,0,0.2434442,Swing,None,false,0,0,0,0,0,0,1,0,0,0,0,0,0,1,0,false,false,false,ModifierNotCompiled,0,0,0,0,0,0,0,0,ModifierNotCompiled,0,0,0,0,FootPlacementEffectorTarget,FootGrounding,true,1,false,-0.001501099,1,0.05793101,0.2883247,-98068,0.1228998,0.9599999,1.753921,0,1,0,0.0008839965,0,0.0008839965,0,0.1228998,1.043105,1.753921,0.1218665,0.9618742,1.753153,0.1772673,0.9607971,1.800576,0.001874268,0.0007972121,0,1,1,1,1,0.2879792,0.240884,0.2416812,0,0.2416812,-0.008456178,0.240884,true,0,1,0,0,1,0,0,0,0,0,1,0,true,-0.2405459,0.3710839,0.1309486,-0.2405459,0.3710839,0.1309486,-0.2405459,0.3710839,0.1309486,-0.240546,0.3710839,0.1309485,1.497548E-07,0,true,-98058,Sphere,CurrentGrounding,1,0.5138021,1.253636,1.536278,0,0,0,0,-1,0,0.05,1,4608,0.5735765,0.5138021,0.7199999,1.536278,0.5138021,0.7199999,1.536278,0,1,0,0.4836361,Anchored,None,true,0.1562916,0.7789224,-0.06718682,-0.5739628,-0.5066513,-0.5039867,-0.3998359,0.5001333,0.9208242,1.475735,-0.5739628,-0.5066513,-0.5039867,-0.3998359,1,false,false,false,ModifierNotCompiled,0,0,0,0,0,0,0,0,ModifierNotCompiled,0,0,0,0,FootPlacementEffectorTarget,FootGrounding,true,1,true,0.0005151709,1,0.0737747,0.04742181,-98058,0.5001333,0.7199999,1.475735,0,1,0,0,0,0,0,0.5001333,0.9208242,1.475735,0.5019368,0.8406724,1.463114,0.5176294,0.8282533,1.540416,0.1206725,0.1082534,0,1,1,1,1,0.04797918,3.72529E-09,6.257198E-05,0,6.257198E-05,-0.0008059043,3.72529E-09,true,0,1,0,0,1,0,0,0,0,0,1,0,true,0.2025561,0.1296571,0.06903419,0.2116564,0.2488034,0.007637609,0.2116564,0.2488034,0.007637609,0.2116563,0.2488035,0.007637501,1.52373E-07,0
2097,177,2097,1,2098,0,2098,false,rootmotion.finalik.full-body-biped-ik/indexed-pose-backend,None,true,true,1,lyra-5.7/ABP_Mannequin_Base/CR_Mannequin_FootPlant,unreal-engine-5.7/SpringInterpV2/FMath.SpringDamper,corin.animation-rig,87731f0d0ca14844bbf861368b9847b3,corin.foot-placement,6d6118d2f41a5948ddd18dc6d88083c8c5bf77a4682a4ec3fce5d2ec6af01624,298b6781705cafb383942fcc3f3b1f6e0800ead13829aedd29916feeb5d1f702,Corin.FootPlacementRig,2997edf1c34f13f7e2a3033372226eb399379f30c4303fddfe3e97ec1e4bf38d,0,-192572,0.09913707,0.05537533,0.05537533,0.4360602,0.09913707,true,0,0.05537533,0,1,PelvisPreSolveTranslation,FootGrounding,ModifierNotCompiled,-1,-1,-1,0,,,true,-98068,Sphere,CurrentGrounding,0,0.2851686,1.202286,1.698323,0,0,0,0,-1,0,0.05,1,4608,0.5735765,0.2851688,0.9600015,1.734995,0.2851688,0.9600015,1.734995,-2.383877E-06,0.6797435,-0.7334499,0.2082977,Swing,None,false,0,0,0,0,0,0,1,0,0,0,0,0,0,1,0,false,false,false,ModifierNotCompiled,0,0,0,0,0,0,0,0,ModifierNotCompiled,0,0,0,0,FootPlacementEffectorTarget,FootGrounding,true,1,false,-0.001501099,1,0.05793101,0.2131017,-98068,0.2851688,0.9600015,1.734995,-2.383877E-06,0.6797435,-0.7334499,9.263871E-05,0,9.263871E-05,0,0.2851686,1.045137,1.698323,0.2839368,0.9684486,1.725108,0.3520952,0.9760979,1.749913,0.01299369,-7.101603E-09,7.101603E-09,1,1,1,1,0.3391386,0.2838559,0.2476769,0.03979826,0.2874751,0.3597488,0.2838559,true,-2.383877E-06,0.6797435,-0.7334499,-1.085839E-06,0.9425443,-0.3340813,-4.134745E-05,-5.554728,-12.72141,-2.383877E-06,0.6797435,-0.7334499,true,-0.240546,0.424274,0.1309488,-0.240546,0.424274,0.1309488,-0.240546,0.424274,0.1309488,-0.2405463,0.4242739,0.1309486,2.673918E-07,0,true,-98058,Sphere,CurrentGrounding,1,0.5796442,1.202478,1.361489,0,0,0,0,-1,0,0.05,1,4608,0.5735765,0.5796442,0.7199999,1.361489,0.5796442,0.7199999,1.361489,0,1,0,0.4324782,Anchored,AnchorDistanceExceeded,true,0.1562916,0.7789224,-0.06718682,-0.5739628,-0.5066513,-0.5039867,-0.3998359,0.5001333,0.9208242,1.475735,-0.5739628,-0.5066513,-0.5039867,-0.3998359,0.7677384,false,false,false,ModifierNotCompiled,0,0,0,0,0,0,0,0,ModifierNotCompiled,0,0,0,0,FootPlacementEffectorTarget,FootGrounding,true,1,false,0.0005151709,1,0.0737747,0.09857976,-98058,0.5001333,0.7199999,1.475735,0,1,0,0,0,0,0,0.5186006,0.8930296,1.4492,0.5197293,0.8124438,1.439635,0.5397425,0.8030209,1.516361,0.09244388,0.08302099,0,1,1,1,1,0.09913707,0.04376174,0.006369772,0.03693181,0.04330159,0.3724548,0.04376174,true,0,1,0,0,1,0,0,0,0,0,1,0,true,0.2025562,0.1802922,0.06903445,0.09899548,0.2721668,0.09539194,0.09899548,0.2721668,0.09539194,0.09899542,0.2721667,0.09539199,1.127477E-07,0
2098,178,2098,1,2099,0,2099,false,rootmotion.finalik.full-body-biped-ik/indexed-pose-backend,None,true,true,1,lyra-5.7/ABP_Mannequin_Base/CR_Mannequin_FootPlant,unreal-engine-5.7/SpringInterpV2/FMath.SpringDamper,corin.animation-rig,87731f0d0ca14844bbf861368b9847b3,corin.foot-placement,6d6118d2f41a5948ddd18dc6d88083c8c5bf77a4682a4ec3fce5d2ec6af01624,298b6781705cafb383942fcc3f3b1f6e0800ead13829aedd29916feeb5d1f702,Corin.FootPlacementRig,2997edf1c34f13f7e2a3033372226eb399379f30c4303fddfe3e97ec1e4bf38d,0,-192572,-0.07409805,0.0405273,0.0405273,-1.138055,-0.07409805,true,0,0.0405273,0,1,PelvisPreSolveTranslation,FootGrounding,ModifierNotCompiled,-1,-1,-1,0,,,true,-98058,Sphere,CurrentGrounding,0,0.4563673,1.128427,1.588486,0,0,0,0,-1,0,0.05,1,4608,0.5735765,0.4563673,0.7199999,1.588486,0.4563673,0.7199999,1.588486,0,1,0,0.3584268,Swing,None,false,0,0,0,0,0,0,1,0,0,0,0,0,0,1,0,false,false,false,ModifierNotCompiled,0,0,0,0,0,0,0,0,ModifierNotCompiled,0,0,0,0,FootPlacementEffectorTarget,FootGrounding,true,0.9926612,false,-0.001881916,1,0.03228639,0.1722674,-98058,0.4563673,0.7199999,1.588486,0,1,0,0.006892502,0,0.006892502,0,0.4563673,0.9394801,1.588486,0.4575156,0.8618201,1.612311,0.5303724,0.8619731,1.609041,0.1418202,0.1419732,0,1,1,1,1,0.1659019,0.1322671,0.270526,0,0.270526,-1.198748,0.1322671,true,0,1,0,-9.014178E-07,0.9607718,-0.2773401,2.183393E-05,2.933228,6.717666,0,1,0,true,-0.2645817,0.3853821,0.1001396,-0.2645817,0.3853821,0.1001396,-0.2645817,0.3853821,0.1001396,-0.2645818,0.385382,0.1001396,1.077118E-07,0,true,-98048,Sphere,CurrentGrounding,1,0.6334944,1.123854,1.1267,0,0,0,0,-1,0,0.05,1,4608,0.5735765,0.6334944,0.48,1.1267,0.6334944,0.48,1.1267,0,1,0,0.5938539,Anchored,AnchorDistanceExceeded,true,0.1562916,0.7789224,-0.06718682,-0.5739628,-0.5066513,-0.5039867,-0.3998359,0.5001333,0.9208242,1.475735,-0.5739628,-0.5066513,-0.5039867,-0.3998359,0.522476,false,false,false,ModifierNotCompiled,0,0,0,0,0,0,0,0,ModifierNotCompiled,0,0,0,0,FootPlacementEffectorTarget,FootGrounding,true,1,false,0.0003315655,1,0.09946633,0.0637247,-98058,0.5001333,0.7199999,1.475735,0,1,0,0.01130831,0,0.01130831,0,0.5638164,0.8115633,1.309062,0.5656309,0.7307045,1.302324,0.6043769,0.7251824,1.371928,0.01070464,0.005182445,0,1,1,1,1,-0.07409805,-0.103317,0.02763586,0,0.02763586,-1.13702,-0.103317,true,0,1,0,0,1,0,0,0,0,0,1,0,true,0.2272462,0.1379191,0.04793859,0.03314321,0.2574653,0.06879426,0.03314321,0.2574653,0.06879426,0.03314321,0.2574653,0.06879418,8.229435E-08,0
2099,179,2099,1,2100,0,2100,false,rootmotion.finalik.full-body-biped-ik/indexed-pose-backend,None,true,true,1,lyra-5.7/ABP_Mannequin_Base/CR_Mannequin_FootPlant,unreal-engine-5.7/SpringInterpV2/FMath.SpringDamper,corin.animation-rig,87731f0d0ca14844bbf861368b9847b3,corin.foot-placement,6d6118d2f41a5948ddd18dc6d88083c8c5bf77a4682a4ec3fce5d2ec6af01624,298b6781705cafb383942fcc3f3b1f6e0800ead13829aedd29916feeb5d1f702,Corin.FootPlacementRig,2997edf1c34f13f7e2a3033372226eb399379f30c4303fddfe3e97ec1e4bf38d,0,-192572,-0.01403236,0.02023379,0.02023379,-0.4143341,-0.01403236,true,0,0.02023379,0,1,PelvisPreSolveTranslation,FootGrounding,ModifierNotCompiled,-1,-1,-1,0,,,true,-98058,Sphere,CurrentGrounding,0,0.6296837,1.069567,1.446935,0,0,0,0,-1,0,0.05,1,4608,0.5735765,0.6296837,0.7199999,1.446935,0.6296837,0.7199999,1.446935,0,1,0,0.2995671,Swing,None,false,0,0,0,0,0,0,1,0,0,0,0,0,0,1,0,false,false,false,ModifierNotCompiled,0,0,0,0,0,0,0,0,ModifierNotCompiled,0,0,0,0,FootPlacementEffectorTarget,FootGrounding,true,0.7720565,false,-0.0009810969,1,0.5779647,0.2333489,-98058,0.6296837,0.7199999,1.446935,0,1,0,0.009192109,0,0.009192109,0,0.6296837,0.840345,1.446935,0.6265464,0.7601483,1.459532,0.6952391,0.753822,1.435878,0.04014838,0.03382206,0,1,1,1,1,0.2259676,0.2149259,0.2505442,0,0.2505442,-0.3491717,0.2149259,true,0,1,0,-3.661099E-07,0.9936357,-0.1126414,1.256952E-05,1.688623,3.867277,0,1,0,true,-0.2528112,0.3463127,0.07895161,-0.2528112,0.3463127,0.07895161,-0.2528112,0.3463127,0.07895161,-0.2528113,0.3463128,0.07895161,8.42937E-08,0,true,-98048,Sphere,CurrentGrounding,1,0.6179769,1.056059,0.962996,0,0,0,0,-1,0,0.05,1,4608,0.5735765,0.6179769,0.48,0.962996,0.6179769,0.48,0.962996,0,1,0,0.5260591,Anchored,AnchorDistanceExceeded,true,0.1562916,0.7789224,-0.06718682,-0.5739628,-0.5066513,-0.5039867,-0.3998359,0.5001333,0.9208242,1.475735,-0.5739628,-0.5066513,-0.5039867,-0.3998359,0.3018224,false,false,false,ModifierNotCompiled,0,0,0,0,0,0,0,0,ModifierNotCompiled,0,0,0,0,FootPlacementEffectorTarget,FootGrounding,true,1,false,0.0001347337,1,0.4322262,0.003675461,-98058,0.5001333,0.7199999,1.475735,0,1,0,0.01897901,0,0.01897901,0,0.5824091,0.6872631,1.117752,0.5849093,0.6063077,1.112574,0.6474584,0.604474,1.162177,-0.1136922,-0.1155259,0.1155259,1,1,1,1,-0.01403236,-0.01528714,0.01000173,0,0.01000173,-0.2486476,-0.01528714,true,0,1,0,0,1,0,0,0,0,0,1,0,true,0.2258615,0.09226227,0.006794339,0.06787155,0.1932308,-0.009133548,0.06787155,0.1932308,-0.009133548,0.06787144,0.1932309,-0.009133577,1.237783E-07,0
2100,180,2100,1,2101,0,2101,false,rootmotion.finalik.full-body-biped-ik/indexed-pose-backend,None,true,true,1,lyra-5.7/ABP_Mannequin_Base/CR_Mannequin_FootPlant,unreal-engine-5.7/SpringInterpV2/FMath.SpringDamper,corin.animation-rig,87731f0d0ca14844bbf861368b9847b3,corin.foot-placement,6d6118d2f41a5948ddd18dc6d88083c8c5bf77a4682a4ec3fce5d2ec6af01624,298b6781705cafb383942fcc3f3b1f6e0800ead13829aedd29916feeb5d1f702,Corin.FootPlacementRig,2997edf1c34f13f7e2a3033372226eb399379f30c4303fddfe3e97ec1e4bf38d,0,-192572,0.04288498,0.01806255,0.01806255,0.1716894,0.04288498,true,0,0.01806255,0,1,PelvisPreSolveTranslation,FootGrounding,ModifierNotCompiled,-1,-1,-1,0,,,true,-98058,Sphere,CurrentGrounding,0,0.7491448,1.033942,1.265308,0,0,0,0,-1,0,0.05,1,4608,0.5735765,0.7491448,0.7199999,1.265308,0.7491448,0.7199999,1.265308,0,1,0,0.263942,Swing,None,false,0,0,0,0,0,0,1,0,0,0,0,0,0,1,0,false,false,false,ModifierNotCompiled,0,0,0,0,0,0,0,0,ModifierNotCompiled,0,0,0,0,FootPlacementEffectorTarget,FootGrounding,true,0.3783733,false,0.004333563,1,1.628513,0.2745872,-98058,0.7491448,0.7199999,1.265308,0,1,0,0.003631949,0,0.003631949,0,0.7491448,0.8209528,1.265308,0.7273705,0.7450809,1.284527,0.7893395,0.7199999,1.255402,0.02508098,0,0,1,1,1,1,0.2828849,0.2684543,0.2489864,0.01996201,0.2689484,0.1628709,0.2684543,true,0,1,0,-1.339755E-07,0.9991501,-0.04122035,5.237167E-06,0.7035753,1.611324,0,1,0,true,-0.2052149,0.3838378,0.03609435,-0.2052149,0.3838378,0.03609435,-0.2052149,0.3838378,0.03609435,-0.2052149,0.3838378,0.03609437,4.998001E-08,0,true,-98048,Sphere,CurrentGrounding,1,0.5879474,0.9963561,0.8836493,0,0,0,0,-1,0,0.05,1,4608,0.5735765,0.5879474,0.48,0.8836493,0.5879474,0.48,0.8836493,0,1,0,0.4663561,Anchored,AnchorDistanceExceeded,true,0.1562916,0.7789224,-0.06718682,-0.5739628,-0.5066513,-0.5039867,-0.3998359,0.5001333,0.9208242,1.475735,-0.5739628,-0.5066513,-0.5039867,-0.3998359,0.09340003,false,false,false,ModifierNotCompiled,0,0,0,0,0,0,0,0,ModifierNotCompiled,0,0,0,0,FootPlacementEffectorTarget,FootGrounding,true,1,false,-0.001853391,1,1.073535,0.06219617,-98058,0.5001333,0.7199999,1.475735,0,1,0,0.02169868,0,0.02169868,0,0.5797455,0.594553,0.9389501,0.5844473,0.5135748,0.9362517,0.6627645,0.5170168,0.9514217,-0.2064251,-0.2029831,0.2064251,1,1,1,1,0.04288498,0.04652111,0.01188891,0.03463227,0.04652118,0.3163448,0.04652111,true,0,1,0,0,1,0,0,0,0,0,1,0,true,0.2010262,0.1238248,-0.04524453,0.1484958,0.157438,-0.06437574,0.1484958,0.157438,-0.06437574,0.1484959,0.157438,-0.06437582,1.107608E-07,0
2101,181,2101,1,2102,0,2102,false,rootmotion.finalik.full-body-biped-ik/indexed-pose-backend,None,true,true,1,lyra-5.7/ABP_Mannequin_Base/CR_Mannequin_FootPlant,unreal-engine-5.7/SpringInterpV2/FMath.SpringDamper,corin.animation-rig,87731f0d0ca14844bbf861368b9847b3,corin.foot-placement,6d6118d2f41a5948ddd18dc6d88083c8c5bf77a4682a4ec3fce5d2ec6af01624,298b6781705cafb383942fcc3f3b1f6e0800ead13829aedd29916feeb5d1f702,Corin.FootPlacementRig,2997edf1c34f13f7e2a3033372226eb399379f30c4303fddfe3e97ec1e4bf38d,0,-192572,0.1049226,0.03157835,0.03157835,0.6998129,0.1049226,true,0,0.03157835,0,1,PelvisPreSolveTranslation,FootGrounding,ModifierNotCompiled,-1,-1,-1,0,,,true,-98048,Sphere,CurrentGrounding,0,0.8520548,0.9992983,1.058295,0,0,0,0,-1,0,0.05,1,4608,0.5735765,0.8520548,0.48,1.058295,0.8520548,0.48,1.058295,0,1,0,0.4692982,Swing,None,false,0,0,0,0,0,0,1,0,0,0,0,0,0,1,0,false,false,false,ModifierNotCompiled,0,0,0,0,0,0,0,0,ModifierNotCompiled,0,0,0,0,FootPlacementEffectorTarget,FootGrounding,true,0.4037309,false,0.01890591,1,1.504069,0.06725609,-98048,0.8520548,0.48,1.058295,0,1,0,0,0,0,0,0.8520548,0.775664,1.058295,0.8184867,0.7104771,1.093279,0.8703425,0.6682609,1.064198,0.2304771,0.1882609,0,1,1,1,1,0.1049227,0.07334433,0.2447873,0,0.2447873,-1.602365,0.07334433,true,0,1,0,-4.240986E-08,0.9999149,-0.01304828,1.777779E-06,0.2388319,0.546971,0,1,0,true,-0.1398342,0.4005866,0.01331912,-0.1398342,0.4005866,0.01331912,-0.1398342,0.4005866,0.01331912,-0.1398343,0.4005867,0.01331905,1.297048E-07,0,true,-98048,Sphere,CurrentGrounding,1,0.5858102,0.9444633,0.856286,0,0,0,0,-1,0,0.05,1,4608,0.5735765,0.5858102,0.48,0.856286,0.5858102,0.48,0.856286,0,1,0,0.4144633,Swing,AnchorDistanceExceeded,false,0,0,0,0,0,0,1,0,0,0,0,0,0,1,0,false,false,false,ModifierNotCompiled,0,0,0,0,0,0,0,0,ModifierNotCompiled,0,0,0,0,FootPlacementEffectorTarget,FootGrounding,true,0.9901178,false,-0.0006880949,1,1.586501,0.1150676,-98048,0.5858102,0.48,0.856286,0,1,0,0.0116812,0,0.0116812,0,0.5858102,0.5610671,0.856286,0.5892663,0.48,0.8545494,0.6660187,0.4830725,0.8328848,0,0.00307256,0,1,1,1,1,0.1049226,0.08502547,0.05758003,0.0274455,0.08502552,0.4410627,0.08502547,true,0,1,0,0,1,0,0,0,0,0,1,0,true,0.172144,0.1859898,-0.106528,0.172144,0.1859898,-0.106528,0.172144,0.1859898,-0.106528,0.172144,0.1859899,-0.106528,1.309693E-07,0
2102,182,2102,1,2103,0,2103,false,rootmotion.finalik.full-body-biped-ik/indexed-pose-backend,None,true,true,1,lyra-5.7/ABP_Mannequin_Base/CR_Mannequin_FootPlant,unreal-engine-5.7/SpringInterpV2/FMath.SpringDamper,corin.animation-rig,87731f0d0ca14844bbf861368b9847b3,corin.foot-placement,6d6118d2f41a5948ddd18dc6d88083c8c5bf77a4682a4ec3fce5d2ec6af01624,298b6781705cafb383942fcc3f3b1f6e0800ead13829aedd29916feeb5d1f702,Corin.FootPlacementRig,2997edf1c34f13f7e2a3033372226eb399379f30c4303fddfe3e97ec1e4bf38d,0,-192572,0.1824903,0.0674767,0.0674767,1.21572,0.1824903,true,0,0.0674767,0,1,PelvisPreSolveTranslation,FootGrounding,ModifierNotCompiled,-1,-1,-1,0,,,true,-98048,Sphere,CurrentGrounding,0,1.029695,0.9169692,0.7414188,0,0,0,0,-1,0,0.05,1,4608,0.5735765,1.029695,0.48,0.775,1.029695,0.48,0.775,0,0.7408931,-0.6716229,0.3999246,Swing,None,false,0,0,0,0,0,0,1,0,0,0,0,0,0,1,0,false,false,false,ModifierNotCompiled,0,0,0,0,0,0,0,0,ModifierNotCompiled,0,0,0,0,FootPlacementEffectorTarget,FootGrounding,true,0.009452105,false,0.01569345,1,6.138959,0.09414507,-98048,1.029695,0.48,0.775,0,0.7408931,-0.6716229,0,0,0,0,1.029695,0.6864949,0.7414188,1.012396,0.6304148,0.7975953,1.053598,0.5820124,0.7618549,0.0962658,0.08440883,0,1,1,1,1,0.1824903,0.1150137,0.202049,0,0.202049,-0.9133639,0.1150137,true,0,0.7408931,-0.6716229,-1.047823E-08,0.9309586,-0.3651247,4.295212E-07,-4.066586,-10.55829,0,0.7408931,-0.6716229,true,-0.08701801,0.3889853,0.1284206,-0.08701801,0.3889853,0.1284206,-0.08701801,0.3889853,0.1284206,-0.08701798,0.3889853,0.1284206,6.365779E-08,0,true,-98048,Sphere,CurrentGrounding,1,0.6692357,0.889211,0.818594,0,0,0,0,-1,0,0.05,1,4608,0.5735765,0.6692357,0.48,0.818594,0.6692357,0.48,0.818594,0,1,0,0.359211,Swing,None,false,0,0,0,0,0,0,1,0,0,0,0,0,0,1,0,false,false,false,ModifierNotCompiled,0,0,0,0,0,0,0,0,ModifierNotCompiled,0,0,0,0,FootPlacementEffectorTarget,FootGrounding,true,0.930221,false,-0.003862822,1,1.922486,0.1784218,-98048,0.6692357,0.48,0.818594,0,1,0,0.004745573,0,0.004745573,0,0.6692357,0.5764469,0.818594,0.6539953,0.4976281,0.8305173,0.7143035,0.48,0.779767,0.0176281,2.980232E-08,0,1,1,1,1,0.1824903,0.1197592,0.1002278,0.01953137,0.1197592,0.4143783,0.1197592,true,0,1,0,0,1,0,0,0,0,0,1,0,true,0.1515694,0.2789372,-0.1525829,0.1515694,0.2789372,-0.1525829,0.1515694,0.2789372,-0.1525829,0.1515694,0.2789372,-0.1525828,7.598131E-08,0
2103,183,2103,1,2104,0,2104,false,rootmotion.finalik.full-body-biped-ik/indexed-pose-backend,None,true,true,1,lyra-5.7/ABP_Mannequin_Base/CR_Mannequin_FootPlant,unreal-engine-5.7/SpringInterpV2/FMath.SpringDamper,corin.animation-rig,87731f0d0ca14844bbf861368b9847b3,corin.foot-placement,6d6118d2f41a5948ddd18dc6d88083c8c5bf77a4682a4ec3fce5d2ec6af01624,298b6781705cafb383942fcc3f3b1f6e0800ead13829aedd29916feeb5d1f702,Corin.FootPlacementRig,2997edf1c34f13f7e2a3033372226eb399379f30c4303fddfe3e97ec1e4bf38d,0,-192572,0.01804969,0.07442513,0.07442513,-0.5108974,0.01804969,true,0,0.07442513,0,1,PelvisPreSolveTranslation,FootGrounding,ModifierNotCompiled,-1,-1,-1,0,,,true,-98038,Sphere,CurrentGrounding,0,1.191939,0.8095182,0.4410782,0,0,0,0,-1,0,0.05,1,4608,0.5735765,1.191939,0.24,0.4410782,1.191939,0.24,0.4410782,0,1,0,0.5195182,Swing,None,false,0,0,0,0,0,0,1,0,0,0,0,0,0,1,0,false,false,false,ModifierNotCompiled,0,0,0,0,0,0,0,0,ModifierNotCompiled,0,0,0,0,FootPlacementEffectorTarget,FootGrounding,true,0.7509196,false,0.002258112,1,1.856086,0.0138249,-98038,1.191939,0.24,0.4410782,0,1,0,0,0,0,0,1.191939,0.5298629,0.4410782,1.186803,0.4524788,0.4652724,1.22116,0.4312812,0.4045123,0.2124788,0.1912812,0,1,1,1,1,0.01804969,-0.05637544,0.1459196,0,0.1459196,-2.154478,-0.05637544,true,0,1,0,-2.433468E-09,0.9655573,-0.2601907,1.028336E-07,2.676255,6.932866,0,1,0,true,-0.05584079,0.3079126,0.2771687,-0.05584079,0.3079126,0.2771687,-0.05584079,0.3079126,0.2771687,-0.05584079,0.3079126,0.2771687,0,0,true,-98038,Sphere,CurrentGrounding,1,0.7608438,0.8267915,0.7163897,0,0,0,0,-1,0,0.05,1,4608,0.5735765,0.7608438,0.24,0.7163897,0.7608438,0.24,0.7163897,0,1,0,0.5367915,Swing,None,false,0,0,0,0,0,0,1,0,0,0,0,0,0,1,0,false,false,false,ModifierNotCompiled,0,0,0,0,0,0,0,0,ModifierNotCompiled,0,0,0,0,FootPlacementEffectorTarget,FootGrounding,true,0.6250969,false,-0.002951585,1,2.802397,0.0003880262,-98038,0.7608438,0.24,0.7163897,0,1,0,0.003729448,0,0.003729448,0,0.7608438,0.4994473,0.7163897,0.7250843,0.4352109,0.7507668,0.7690232,0.3908767,0.6991792,0.1952109,0.1508766,0,1,1,1,1,0.01804969,-0.052646,0.09823062,0,0.09823062,-1.365633,-0.052646,true,0,1,0,0,1,0,0,0,0,0,1,0,true,0.1433731,0.277497,-0.1939504,0.1433731,0.277497,-0.1939504,0.1433731,0.277497,-0.1939504,0.1433731,0.277497,-0.1939503,5.960464E-08,0
2104,184,2104,1,2105,0,2105,false,rootmotion.finalik.full-body-biped-ik/indexed-pose-backend,None,true,true,1,lyra-5.7/ABP_Mannequin_Base/CR_Mannequin_FootPlant,unreal-engine-5.7/SpringInterpV2/FMath.SpringDamper,corin.animation-rig,87731f0d0ca14844bbf861368b9847b3,corin.foot-placement,6d6118d2f41a5948ddd18dc6d88083c8c5bf77a4682a4ec3fce5d2ec6af01624,298b6781705cafb383942fcc3f3b1f6e0800ead13829aedd29916feeb5d1f702,Corin.FootPlacementRig,2997edf1c34f13f7e2a3033372226eb399379f30c4303fddfe3e97ec1e4bf38d,0,-192572,0.08178639,0.06994337,0.06994337,0.1056174,0.08178639,true,0,0.06994337,0,1,PelvisPreSolveTranslation,FootGrounding,ModifierNotCompiled,-1,-1,-1,0,,,true,-98038,Sphere,CurrentGrounding,0,1.230412,0.7432802,0.3568125,0,0,0,0,-1,0,0.05,1,4608,0.5735765,1.230412,0.24,0.3568125,1.230412,0.24,0.3568125,0,1,0,0.4532802,Swing,None,false,0,0,0,0,0,0,1,0,0,0,0,0,0,1,0,false,false,false,ModifierNotCompiled,0,0,0,0,0,0,0,0,ModifierNotCompiled,0,0,0,0,FootPlacementEffectorTarget,FootGrounding,true,1,false,0.00314271,1,3.26404,0.07632057,-98038,1.230412,0.24,0.3568125,0,1,0,0,0,0,0,1.230412,0.4152726,0.3568125,1.227686,0.3341525,0.3602954,1.259022,0.3303492,0.2944402,0.09415248,0.0903492,0,1,1,1,1,0.08178639,0.01184303,0.102049,0,0.102049,-1.101129,0.01184303,true,0,1,0,-6.765304E-10,0.9948259,-0.1015946,2.990523E-08,1.390579,3.603264,0,1,0,true,-0.04664737,0.257059,0.2131086,-0.04664737,0.257059,0.2131086,-0.04664737,0.257059,0.2131086,-0.04664741,0.2570591,0.2131086,8.1702E-08,0,true,-98038,Sphere,CurrentGrounding,1,0.8317602,0.770201,0.6544924,0,0,0,0,-1,0,0.05,1,4608,0.5735765,0.8317602,0.24,0.6544924,0.8317602,0.24,0.6544924,0,1,0,0.4802009,Swing,None,false,0,0,0,0,0,0,1,0,0,0,0,0,0,1,0,false,false,false,ModifierNotCompiled,0,0,0,0,0,0,0,0,ModifierNotCompiled,0,0,0,0,FootPlacementEffectorTarget,FootGrounding,true,0.5002064,false,0.00212061,1,3.194717,0.0472565,-98038,0.8317602,0.24,0.6544924,0,1,0,0,0,0,0,0.8317602,0.4118592,0.6544924,0.7861502,0.3659854,0.7035041,0.8137984,0.3028182,0.6608868,0.1259854,0.06281817,0,1,1,1,1,0.08178642,0.01184306,0.07171491,0,0.07171491,-0.6179417,0.01184306,true,0,1,0,0,1,0,0,0,0,0,1,0,true,0.1232019,0.2536457,-0.2545325,0.1232019,0.2536457,-0.2545325,0.1232019,0.2536457,-0.2545325,0.1232019,0.2536458,-0.2545325,1.535977E-07,0
2105,185,2105,1,2106,0,2106,false,rootmotion.finalik.full-body-biped-ik/indexed-pose-backend,None,true,true,1,lyra-5.7/ABP_Mannequin_Base/CR_Mannequin_FootPlant,unreal-engine-5.7/SpringInterpV2/FMath.SpringDamper,corin.animation-rig,87731f0d0ca14844bbf861368b9847b3,corin.foot-placement,6d6118d2f41a5948ddd18dc6d88083c8c5bf77a4682a4ec3fce5d2ec6af01624,298b6781705cafb383942fcc3f3b1f6e0800ead13829aedd29916feeb5d1f702,Corin.FootPlacementRig,2997edf1c34f13f7e2a3033372226eb399379f30c4303fddfe3e97ec1e4bf38d,0,-192572,0.1589057,0.08642409,0.08642409,0.7503506,0.1589057,true,0,0.08642409,0,1,PelvisPreSolveTranslation,FootGrounding,ModifierNotCompiled,-1,-1,-1,0,,,true,-98038,Sphere,CurrentGrounding,0,1.249212,0.6643973,0.290813,0,0,0,0,-1,0,0.05,1,4608,0.5735765,1.249212,0.2400007,0.2949886,1.249212,0.2400007,0.2949886,-5.944236E-07,0.9965066,-0.08351295,0.3745712,Swing,None,false,0,0,0,0,0,0,1,0,0,0,0,0,0,1,0,false,false,false,ModifierNotCompiled,0,0,0,0,0,0,0,0,ModifierNotCompiled,0,0,0,0,FootPlacementEffectorTarget,FootGrounding,true,1,false,0.001999731,1,3.657996,0.1527147,-98038,1.249212,0.2400007,0.2949886,-5.944237E-07,0.9965067,-0.08351296,0,0,0,0,1.249212,0.3327594,0.290813,1.245579,0.2516821,0.2944639,1.275135,0.2474327,0.2276104,0.01168442,0.01303296,0,1,1,1,1,0.1589064,0.07248231,0.08193795,0,0.08193795,-0.2291784,0.07248231,true,-5.944236E-07,0.9965066,-0.08351295,-2.893785E-07,0.9976461,-0.06857309,-9.690815E-06,0.3796444,-0.2309365,-5.944237E-07,0.9965067,-0.08351296,true,-0.03039615,0.251665,0.09350072,-0.03039615,0.251665,0.09350072,-0.03039615,0.251665,0.09350072,-0.0303962,0.251665,0.0935007,5.245256E-08,0,true,-98038,Sphere,CurrentGrounding,1,0.9238515,0.6969348,0.5803781,0,0,0,0,-1,0,0.05,1,4608,0.5735765,0.9238515,0.24,0.5803781,0.9238515,0.24,0.5803781,0,1,0,0.4069348,Swing,None,false,0,0,0,0,0,0,1,0,0,0,0,0,0,1,0,false,false,false,ModifierNotCompiled,0,0,0,0,0,0,0,0,ModifierNotCompiled,0,0,0,0,FootPlacementEffectorTarget,FootGrounding,true,0,false,0.01788369,1,2.306449,0.1046247,-98038,0.9238515,0.24,0.5803781,0,1,0,0,0,0,0,0.9238515,0.3474564,0.5803781,0.8738456,0.3238218,0.6397719,0.8823619,0.2479719,0.6124902,0.08382186,0.007971942,0,1,1,1,1,0.1589057,0.07248157,0.0640975,0,0.0640975,0.0550201,0.07248157,true,0,1,0,0,1,0,0,0,0,0,1,0,true,0.09156108,0.2663621,-0.3246306,0.09156108,0.2663621,-0.3246306,0.09156108,0.2663621,-0.3246306,0.09156106,0.2663621,-0.3246306,1.490116E-08,0
2106,186,2106,1,2107,0,2107,false,rootmotion.finalik.full-body-biped-ik/indexed-pose-backend,None,true,true,1,lyra-5.7/ABP_Mannequin_Base/CR_Mannequin_FootPlant,unreal-engine-5.7/SpringInterpV2/FMath.SpringDamper,corin.animation-rig,87731f0d0ca14844bbf861368b9847b3,corin.foot-placement,6d6118d2f41a5948ddd18dc6d88083c8c5bf77a4682a4ec3fce5d2ec6af01624,298b6781705cafb383942fcc3f3b1f6e0800ead13829aedd29916feeb5d1f702,Corin.FootPlacementRig,2997edf1c34f13f7e2a3033372226eb399379f30c4303fddfe3e97ec1e4bf38d,0,-192572,-0.009993488,0.07721809,0.07721809,-0.9110728,-0.009993488,true,0,0.07721809,0,1,PelvisPreSolveTranslation,FootGrounding,ModifierNotCompiled,-1,-1,-1,0,,,true,-97698,Sphere,CurrentGrounding,0,1.269835,0.5918795,0.2114186,0,0,0,0,-1,0,0.05,1,4608,0.5735765,1.269835,0,0.2114172,1.269835,0,0.2114172,-7.152556E-06,1,2.861022E-05,0.5418795,Swing,None,false,0,0,0,0,0,0,1,0,0,0,0,0,0,1,0,false,false,false,ModifierNotCompiled,0,0,0,0,0,0,0,0,ModifierNotCompiled,0,0,0,0,FootPlacementEffectorTarget,FootGrounding,true,1,false,-0.001116855,1,3.613348,0.009752735,-97698,1.269835,0,0.2114172,-7.152556E-06,1,2.861022E-05,0.001238415,0,0.001238415,0,1.269835,0.2140005,0.2114186,1.265699,0.1329491,0.2151071,1.290074,0.1286596,0.1460195,0.1329492,0.1286576,0,1,1,1,1,-0.009993488,-0.08597317,0.04490288,0,0.04490288,-1.467269,-0.08597317,true,-7.152556E-06,1,2.861022E-05,-4.01436E-06,0.9994486,-0.03320491,-0.0001037134,0.1353189,1.072149,-7.152556E-06,1,2.861022E-05,true,-0.01388128,0.204007,-0.03718989,-0.01388128,0.204007,-0.03718989,-0.01388128,0.204007,-0.03718989,-0.01388127,0.204007,-0.03718993,5.893146E-08,0,true,-98038,Sphere,CurrentGrounding,1,1.0711,0.6712025,0.4115524,0,0,0,0,-1,0,0.05,1,4608,0.5735765,1.0711,0.24,0.4115524,1.0711,0.24,0.4115524,0,1,0,0.3812025,Swing,None,false,0,0,0,0,0,0,1,0,0,0,0,0,0,1,0,false,false,false,ModifierNotCompiled,0,0,0,0,0,0,0,0,ModifierNotCompiled,0,0,0,0,FootPlacementEffectorTarget,FootGrounding,true,0,false,0.08638823,1,2.85359,0.1039514,-98038,1.0711,0.24,0.4115524,0,1,0,0,0,0,0,1.0711,0.3304397,0.4115524,1.02896,0.3350904,0.4807582,1.016015,0.2554812,0.4762139,0.09509039,0.01548123,0,1,1,1,1,0.2300065,0.1527884,0.08201911,0,0.08201911,0.7478422,0.1527884,true,0,1,0,0,1,0,0,0,0,0,1,0,true,0.0720147,0.3204462,-0.3058369,0.0720147,0.3204462,-0.3058369,0.0720147,0.3204462,-0.3058369,0.07201466,0.3204463,-0.3058369,6.143906E-08,0
2107,187,2107,1,2108,0,2108,false,rootmotion.finalik.full-body-biped-ik/indexed-pose-backend,None,true,true,1,lyra-5.7/ABP_Mannequin_Base/CR_Mannequin_FootPlant,unreal-engine-5.7/SpringInterpV2/FMath.SpringDamper,corin.animation-rig,87731f0d0ca14844bbf861368b9847b3,corin.foot-placement,6d6118d2f41a5948ddd18dc6d88083c8c5bf77a4682a4ec3fce5d2ec6af01624,298b6781705cafb383942fcc3f3b1f6e0800ead13829aedd29916feeb5d1f702,Corin.FootPlacementRig,2997edf1c34f13f7e2a3033372226eb399379f30c4303fddfe3e97ec1e4bf38d,0,-192572,-0.009993525,0.04823701,0.04823701,-0.6582953,-0.009993525,true,0,0.04823701,0,1,PelvisPreSolveTranslation,FootGrounding,ModifierNotCompiled,-1,-1,-1,0,,,true,-97698,Sphere,CurrentGrounding,0,1.297724,0.5918796,0.1568451,0,0,0,0,-1,0,0.05,1,4608,0.5735765,1.297723,0,0.1568451,1.297723,0,0.1568451,1.66893E-05,1,0,0.5418796,Swing,None,false,0,0,0,0,0,0,1,0,0,0,0,0,0,1,0,false,false,false,ModifierNotCompiled,0,0,0,0,0,0,0,0,ModifierNotCompiled,0,0,0,0,FootPlacementEffectorTarget,FootGrounding,true,1,false,-0.001116855,1,3.613348,0.009753959,-97698,1.297723,0,0.1568451,1.66893E-05,1,0,0.001235952,0,0.001235952,0,1.297724,0.1451305,0.1568451,1.293586,0.06401368,0.1585728,1.317962,0.06139567,0.08940165,0.06401362,0.06139601,0,1,1,1,1,-0.009993525,-0.05699458,0.005013939,0,0.005013939,-0.7614852,-0.05699458,true,1.66893E-05,1,0,6.355766E-06,0.9999592,-0.009029468,0.0003321753,0.03418047,0.3564776,1.66893E-05,1,0,true,-0.01388128,0.135137,-0.03718989,-0.01388128,0.135137,-0.03718989,-0.01388128,0.135137,-0.03718989,-0.01388131,0.135137,-0.03718987,4.223935E-08,0,true,-98038,Sphere,CurrentGrounding,1,1.098988,0.6712025,0.3569789,0,0,0,0,-1,0,0.05,1,4608,0.5735765,1.098988,0.24,0.3569789,1.098988,0.24,0.3569789,0,1,0,0.3812025,Swing,None,false,0,0,0,0,0,0,1,0,0,0,0,0,0,1,0,false,false,false,ModifierNotCompiled,0,0,0,0,0,0,0,0,ModifierNotCompiled,0,0,0,0,FootPlacementEffectorTarget,FootGrounding,true,0,false,0.08638823,1,2.85359,0.1039513,-98038,1.098988,0.24,0.3569789,0,1,0,0,0,0,0,1.098988,0.3308265,0.3569789,1.056848,0.3354772,0.4261847,1.043903,0.255868,0.4216404,0.09547719,0.01586804,0,1,1,1,1,0.2300065,0.1817694,0.1113869,0,0.1113869,0.7859678,0.1817694,true,0,1,0,0,1,0,0,0,0,0,1,0,true,0.0720146,0.320833,-0.3058368,0.0720146,0.320833,-0.3058368,0.0720146,0.320833,-0.3058368,0.07201459,0.320833,-0.3058368,6.705523E-08,0
2108,188,2108,1,2109,0,2109,false,rootmotion.finalik.full-body-biped-ik/indexed-pose-backend,None,true,true,1,lyra-5.7/ABP_Mannequin_Base/CR_Mannequin_FootPlant,unreal-engine-5.7/SpringInterpV2/FMath.SpringDamper,corin.animation-rig,87731f0d0ca14844bbf861368b9847b3,corin.foot-placement,6d6118d2f41a5948ddd18dc6d88083c8c5bf77a4682a4ec3fce5d2ec6af01624,298b6781705cafb383942fcc3f3b1f6e0800ead13829aedd29916feeb5d1f702,Corin.FootPlacementRig,2997edf1c34f13f7e2a3033372226eb399379f30c4303fddfe3e97ec1e4bf38d,0,-192572,-0.009993525,0.0263406,0.0263406,-0.4349431,-0.009993525,true,0,0.0263406,0,1,PelvisPreSolveTranslation,FootGrounding,ModifierNotCompiled,-1,-1,-1,0,,,true,-97698,Sphere,CurrentGrounding,0,1.257279,0.5915152,0.2298412,0,0,0,0,-1,0,0.05,1,4608,0.5735765,1.257279,0,0.2298422,1.257279,0,0.2298422,-1.430513E-05,1,-1.90735E-05,0.5415152,Swing,None,false,0,0,0,0,0,0,1,0,0,0,0,0,0,1,0,false,false,false,ModifierNotCompiled,0,0,0,0,0,0,0,0,ModifierNotCompiled,0,0,0,0,FootPlacementEffectorTarget,FootGrounding,true,1,false,-0.00107639,1,3.068716,0.01307262,-97698,1.257279,0,0.2298422,-1.430513E-05,1,-1.90735E-05,0,0,0,0,1.257279,0.1027619,0.2298412,1.24748,0.0223048,0.2243026,1.257629,0.02617778,0.151644,0.02230505,0.02617927,0,1,1,1,1,-0.009993525,-0.03633413,-0.01509381,0,-0.01509381,-0.2968652,-0.03633413,true,-1.430513E-05,1,-1.90735E-05,-3.548851E-06,0.9999983,-0.001841539,-0.0003469678,0.006683742,0.07801056,-1.430513E-05,1,-1.90735E-05,true,-0.0110834,0.09276842,-0.1205949,-0.0110834,0.09276842,-0.1205949,-0.0110834,0.09276842,-0.1205949,-0.01108338,0.09276843,-0.120595,4.715841E-08,0,true,-98038,Sphere,CurrentGrounding,1,1.115916,0.6773776,0.3094449,0,0,0,0,-1,0,0.05,1,4608,0.5735765,1.115916,0.24,0.3094449,1.115916,0.24,0.3094449,0,1,0,0.3873776,Swing,None,false,0,0,0,0,0,0,1,0,0,0,0,0,0,1,0,false,false,false,ModifierNotCompiled,0,0,0,0,0,0,0,0,ModifierNotCompiled,0,0,0,0,FootPlacementEffectorTarget,FootGrounding,true,0.1528938,false,0.07317642,1,2.413109,0.09547633,-98038,1.115916,0.24,0.3094449,0,1,0,0,0,0,0,1.115916,0.3461377,0.3094449,1.076247,0.3518887,0.3800149,1.055145,0.2746789,0.3741999,0.1118887,0.03467888,0,1,1,1,1,0.2300065,0.2036659,0.1424195,0,0.1424195,0.7124581,0.2036659,true,0,1,0,0,1,0,0,0,0,0,1,0,true,0.07857101,0.3361441,-0.2558063,0.07857101,0.3361441,-0.2558063,0.07857101,0.3361441,-0.2558063,0.07857107,0.3361442,-0.2558064,2.066109E-07,0
2109,189,2109,1,2110,0,2110,false,rootmotion.finalik.full-body-biped-ik/indexed-pose-backend,None,true,true,1,lyra-5.7/ABP_Mannequin_Base/CR_Mannequin_FootPlant,unreal-engine-5.7/SpringInterpV2/FMath.SpringDamper,corin.animation-rig,87731f0d0ca14844bbf861368b9847b3,corin.foot-placement,6d6118d2f41a5948ddd18dc6d88083c8c5bf77a4682a4ec3fce5d2ec6af01624,298b6781705cafb383942fcc3f3b1f6e0800ead13829aedd29916feeb5d1f702,Corin.FootPlacementRig,2997edf1c34f13f7e2a3033372226eb399379f30c4303fddfe3e97ec1e4bf38d,0,-192572,-0.009993496,0.01109288,0.01109288,-0.2636333,-0.009993496,true,0,0.01109288,0,1,PelvisPreSolveTranslation,FootGrounding,ModifierNotCompiled,-1,-1,-1,0,,,true,-97698,Sphere,CurrentGrounding,0,1.312539,0.5648937,0.2350631,0,0,0,0,-1,0,0.05,1,4608,0.5735765,1.312539,0,0.2350626,1.312539,0,0.2350626,-9.536741E-06,1,9.536741E-06,0.5148937,Swing,None,false,0,0,0,0,0,0,1,0,0,0,0,0,0,1,0,false,false,false,ModifierNotCompiled,0,0,0,0,0,0,0,0,ModifierNotCompiled,0,0,0,0,FootPlacementEffectorTarget,FootGrounding,true,1,false,-0.0008676462,1,1.734052,0.01275786,-97698,1.312539,0,0.2350626,-9.536741E-06,1,9.536741E-06,0.02539447,0,0.02539447,0,1.312539,0.08029465,0.2350631,1.30106,-7.450581E-08,0.2304764,1.29382,0.005286776,0.1576962,-8.767541E-09,0.005286216,8.767541E-09,1,1,1,1,-0.009993496,0.004308088,-0.01502971,0.0193378,0.004308087,0.1881937,0.004308088,true,-9.536741E-06,1,9.536741E-06,-9.064243E-06,0.9999999,-0.0002919254,-2.926337E-05,0.001043773,0.0133543,-9.536741E-06,1,9.536741E-06,true,-0.09979229,0.07030116,-0.09681851,-0.09979229,0.07030116,-0.09681851,-0.09979229,0.07030116,-0.09681851,-0.09979236,0.07030126,-0.09681848,1.294773E-07,0,true,-97698,Sphere,CurrentGrounding,1,1.064912,0.6240631,0.2020683,0,0,0,0,-1,0,0.05,1,4608,0.5735765,1.064911,0,0.2020683,1.064911,0,0.2020683,2.384188E-05,1,0,0.5740632,Swing,None,false,0,0,0,0,0,0,1,0,0,0,0,0,0,1,0,false,false,false,ModifierNotCompiled,0,0,0,0,0,0,0,0,ModifierNotCompiled,0,0,0,0,FootPlacementEffectorTarget,FootGrounding,true,0.5250267,false,0.04086634,1,1.336276,0.05153907,-97698,1.064911,0,0.2020683,2.384188E-05,1,0,0,0,0,0,1.064912,0.2479668,0.2020683,1.034996,0.208949,0.2666402,1.028147,0.1419381,0.2239847,0.2089482,0.1419372,0,1,1,1,1,-0.009993496,-0.02108638,0.1128108,0,0.1128108,-1.487188,-0.02108638,true,2.384188E-05,1,0,1.461627E-05,1,0,0.0003202377,0,0,2.384188E-05,1,0,true,0.1453819,0.2379733,-0.1447475,0.1453819,0.2379733,-0.1447475,0.1453819,0.2379733,-0.1447475,0.1453818,0.2379733,-0.1447476,1.281846E-07,0
2110,190,2110,1,2111,0,2111,false,rootmotion.finalik.full-body-biped-ik/indexed-pose-backend,None,true,true,1,lyra-5.7/ABP_Mannequin_Base/CR_Mannequin_FootPlant,unreal-engine-5.7/SpringInterpV2/FMath.SpringDamper,corin.animation-rig,87731f0d0ca14844bbf861368b9847b3,corin.foot-placement,6d6118d2f41a5948ddd18dc6d88083c8c5bf77a4682a4ec3fce5d2ec6af01624,298b6781705cafb383942fcc3f3b1f6e0800ead13829aedd29916feeb5d1f702,Corin.FootPlacementRig,2997edf1c34f13f7e2a3033372226eb399379f30c4303fddfe3e97ec1e4bf38d,0,-192572,-0.009993406,0.004317162,0.004317162,-0.1830225,-0.009993406,true,0,0.004317162,0,1,PelvisPreSolveTranslation,FootGrounding,ModifierNotCompiled,-1,-1,-1,0,,,true,-97698,Sphere,CurrentGrounding,0,1.177587,0.5648937,0.2018194,0,0,0,0,-1,0,0.05,1,4608,0.5735765,1.177586,0,0.2018194,1.177586,0,0.2018194,2.861022E-05,1,0,0.5148937,Swing,None,false,0,0,0,0,0,0,1,0,0,0,0,0,0,1,0,false,false,false,ModifierNotCompiled,0,0,0,0,0,0,0,0,ModifierNotCompiled,0,0,0,0,FootPlacementEffectorTarget,FootGrounding,true,1,false,-0.0008676462,1,1.734052,0.01275851,-97698,1.177586,0,0.2018194,2.861022E-05,1,0,0.02539484,0,0.02539484,0,1.177587,0.08029509,0.2018194,1.165226,3.501773E-07,0.2018819,1.131172,0.005287178,0.1371541,-3.437595E-09,0.00528585,3.437595E-09,1,1,1,1,-0.009993406,0.01108427,0.008921227,0.002163045,0.01108427,0.1182794,0.01108427,true,2.861022E-05,1,0,7.434938E-06,1,-7.284017E-05,0.0006429418,0.0002658034,0.00337222,2.861022E-05,1,0,true,-0.09979224,0.07030169,-0.0968182,-0.09979224,0.07030169,-0.0968182,-0.09979224,0.07030169,-0.0968182,-0.09979226,0.07030171,-0.09681816,5.475036E-08,0,true,-98038,Sphere,CurrentGrounding,1,0.9357061,0.624063,0.2642798,0,0,0,0,-1,0,0.05,1,4608,0.5735765,0.9357061,0.24,0.295,0.9357061,0.24,0.295,0,0.788992,-0.6144035,0.3446134,Swing,None,false,0,0,0,0,0,0,1,0,0,0,0,0,0,1,0,false,false,false,ModifierNotCompiled,0,0,0,0,0,0,0,0,ModifierNotCompiled,0,0,0,0,FootPlacementEffectorTarget,FootGrounding,true,0.5250267,false,0.04086634,1,1.336276,0.162138,-98038,0.9357061,0.24,0.295,0,0.788992,-0.6144035,0,0,0,0,0.9357061,0.3570093,0.2642798,0.9322426,0.3400882,0.3435801,0.9098684,0.2652789,0.3274622,0.04912104,1.345196E-08,0,1,1,1,1,0.2300066,0.2256894,0.1115053,0.1171237,0.2286291,1.009208,0.2256894,true,0,0.788992,-0.6144035,1.087202E-05,0.9577307,-0.2876662,-0.0002860471,-3.581597,-10.42873,0,0.788992,-0.6144035,true,0.1453821,0.3470159,-0.1447477,0.1453821,0.3470159,-0.1447477,0.1453821,0.3470159,-0.1447477,0.1453821,0.3470159,-0.1447477,7.300049E-08,0
2111,191,2111,1,2112,0,2112,false,rootmotion.finalik.full-body-biped-ik/indexed-pose-backend,None,true,true,1,lyra-5.7/ABP_Mannequin_Base/CR_Mannequin_FootPlant,unreal-engine-5.7/SpringInterpV2/FMath.SpringDamper,corin.animation-rig,87731f0d0ca14844bbf861368b9847b3,corin.foot-placement,6d6118d2f41a5948ddd18dc6d88083c8c5bf77a4682a4ec3fce5d2ec6af01624,298b6781705cafb383942fcc3f3b1f6e0800ead13829aedd29916feeb5d1f702,Corin.FootPlacementRig,2997edf1c34f13f7e2a3033372226eb399379f30c4303fddfe3e97ec1e4bf38d,0,-192572,-0.0313532,-0.006610427,-0.006610427,-0.2923526,-0.0313532,true,0,-0.006610427,0,1,PelvisPreSolveTranslation,FootGrounding,ModifierNotCompiled,-1,-1,-1,0,,,true,-97698,Sphere,CurrentGrounding,0,1.04612,0.582726,0.1684408,0,0,0,0,-1,0,0.05,1,4608,0.5735765,1.046119,0,0.1684418,1.046119,0,0.1684418,2.145769E-05,1,-1.90735E-05,0.532726,Swing,None,false,0,0,0,0,0,0,1,0,0,0,0,0,0,1,0,false,false,false,ModifierNotCompiled,0,0,0,0,0,0,0,0,ModifierNotCompiled,0,0,0,0,FootPlacementEffectorTarget,FootGrounding,true,0.969449,false,-0.001154191,1,1.62139,0.005007737,-97698,1.046119,0,0.1684418,2.145769E-05,1,-1.90735E-05,0.02927664,0,0.02927664,0,1.04612,0.08826847,0.1684408,1.03719,0.007619306,0.1724434,0.9711477,0.01348247,0.1416159,0.007619039,0.01348138,0,1,1,1,1,-0.0313532,0.004533861,0.0121529,0,0.0121529,-0.03578497,0.004533861,true,2.145769E-05,1,-1.90735E-05,1.927297E-05,1,-2.242505E-05,0.0001016843,4.181944E-05,0.0002564121,2.145769E-05,1,-1.90735E-05,true,-0.1807496,0.05691527,-0.01842649,-0.1807496,0.05691527,-0.01842649,-0.1807496,0.05691527,-0.01842649,-0.1807496,0.05691525,-0.01842652,3.673711E-08,0,true,-98038,Sphere,CurrentGrounding,1,0.7556624,0.6274289,0.4027801,0,0,0,0,-1,0,0.05,1,4608,0.5735765,0.7556624,0.24,0.4027801,0.7556624,0.24,0.4027801,0,1,0,0.3374289,Swing,None,false,0,0,0,0,0,0,1,0,0,0,0,0,0,1,0,false,false,false,ModifierNotCompiled,0,0,0,0,0,0,0,0,ModifierNotCompiled,0,0,0,0,FootPlacementEffectorTarget,FootGrounding,true,0.5764245,false,0.03637964,1,1.136302,0.2028126,-98038,0.7556624,0.24,0.4027801,0,1,0,0.01088303,0,0.01088303,0,0.7556624,0.3710722,0.4027801,0.765785,0.3045207,0.4481156,0.7250378,0.2610696,0.395392,0.06452075,0.02106962,0,1,1,1,1,0.2086468,0.2261402,0.2502537,0,0.2502537,0.1636015,0.2261402,true,0,1,0,2.750822E-06,0.9842146,-0.1769791,-0.0001019527,1.835931,5.345782,0,1,0,true,0.190971,0.339719,-0.05165615,0.190971,0.339719,-0.05165615,0.190971,0.339719,-0.05165615,0.190971,0.3397189,-0.05165622,6.999185E-08,0
2112,192,2112,1,2113,0,2113,false,rootmotion.finalik.full-body-biped-ik/indexed-pose-backend,None,true,true,1,lyra-5.7/ABP_Mannequin_Base/CR_Mannequin_FootPlant,unreal-engine-5.7/SpringInterpV2/FMath.SpringDamper,corin.animation-rig,87731f0d0ca14844bbf861368b9847b3,corin.foot-placement,6d6118d2f41a5948ddd18dc6d88083c8c5bf77a4682a4ec3fce5d2ec6af01624,298b6781705cafb383942fcc3f3b1f6e0800ead13829aedd29916feeb5d1f702,Corin.FootPlacementRig,2997edf1c34f13f7e2a3033372226eb399379f30c4303fddfe3e97ec1e4bf38d,0,-192572,0.09227473,0.01515491,0.01515491,0.8825103,0.09227473,true,0,0.01515491,0,1,PelvisPreSolveTranslation,FootGrounding,ModifierNotCompiled,-1,-1,-1,0,,,true,-98038,Sphere,CurrentGrounding,0,0.9090762,0.7451672,0.2760258,0,0,0,0,-1,0,0.05,1,4608,0.5735765,0.9090762,0.2399989,0.2949952,0.9090762,0.2399989,0.2949952,1.19179E-06,0.9252375,-0.3793884,0.4589064,Swing,None,false,0,0,0,0,0,0,1,0,0,0,0,0,0,1,0,false,false,false,ModifierNotCompiled,0,0,0,0,0,0,0,0,ModifierNotCompiled,0,0,0,0,FootPlacementEffectorTarget,FootGrounding,true,0.521633,false,0.005117151,1,1.922865,0.06803751,-98038,0.9090762,0.2399989,0.2949952,1.19179E-06,0.9252375,-0.3793884,0.006939115,0,0.006939115,0,0.9090762,0.3417096,0.2760258,0.9428862,0.269946,0.2935453,0.877133,0.2385364,0.2914284,0.02825825,3.562702E-09,0,1,1,1,1,0.09227473,0.08405893,0.03100216,0.0503853,0.08138746,0.6322818,0.08405893,true,1.19179E-06,0.9252375,-0.3793884,8.335641E-06,0.9688741,-0.247554,-0.0002445489,-0.9495546,-4.818374,1.19179E-06,0.9252375,-0.3793884,true,-0.2209615,0.1939853,0.01984941,-0.2209615,0.1939853,0.01984941,-0.2209615,0.1939853,0.01984941,-0.2209615,0.1939853,0.01984937,6.236385E-08,0,true,-98038,Sphere,CurrentGrounding,1,0.780385,0.7131745,0.6589088,0,0,0,0,-1,0,0.05,1,4608,0.5735765,0.780385,0.24,0.6589088,0.780385,0.24,0.6589088,0,1,0,0.4231744,Swing,None,false,0,0,0,0,0,0,1,0,0,0,0,0,0,1,0,false,false,false,ModifierNotCompiled,0,0,0,0,0,0,0,0,ModifierNotCompiled,0,0,0,0,FootPlacementEffectorTarget,FootGrounding,true,0.747981,false,0.01969885,1,0.7867246,0.09796807,-98038,0.780385,0.24,0.6589088,0,1,0,0.0137645,0,0.0137645,0,0.780385,0.4424822,0.6589088,0.7660996,0.3629581,0.6512476,0.7061367,0.3773908,0.6010603,0.1229581,0.1373908,0,1,1,1,1,0.0922758,0.09088539,0.2141528,0,0.2141528,-1.26869,0.09088539,true,0,1,0,4.369048E-07,0.9994124,-0.03427758,-1.849503E-05,0.4697263,1.367727,0,1,0,true,0.1822016,0.294758,-0.00505708,0.1822016,0.294758,-0.00505708,0.1822016,0.294758,-0.00505708,0.1822016,0.2947579,-0.005057186,1.226662E-07,0
2113,193,2113,1,2114,0,2114,false,rootmotion.finalik.full-body-biped-ik/indexed-pose-backend,None,true,true,1,lyra-5.7/ABP_Mannequin_Base/CR_Mannequin_FootPlant,unreal-engine-5.7/SpringInterpV2/FMath.SpringDamper,corin.animation-rig,87731f0d0ca14844bbf861368b9847b3,corin.foot-placement,6d6118d2f41a5948ddd18dc6d88083c8c5bf77a4682a4ec3fce5d2ec6af01624,298b6781705cafb383942fcc3f3b1f6e0800ead13829aedd29916feeb5d1f702,Corin.FootPlacementRig,2997edf1c34f13f7e2a3033372226eb399379f30c4303fddfe3e97ec1e4bf38d,0,-192572,0.01893239,0.02650206,0.02650206,0.03924473,0.01893239,true,0,0.02650206,0,1,PelvisPreSolveTranslation,FootGrounding,ModifierNotCompiled,-1,-1,-1,0,,,true,-98038,Sphere,CurrentGrounding,0,0.852957,0.8429152,0.4908614,0,0,0,0,-1,0,0.05,1,4608,0.5735765,0.852957,0.2399999,0.4908614,0.852957,0.2399999,0.4908614,0,1,0,0.5529152,Swing,None,false,0,0,0,0,0,0,1,0,0,0,0,0,0,1,0,false,false,false,ModifierNotCompiled,0,0,0,0,0,0,0,0,ModifierNotCompiled,0,0,0,0,FootPlacementEffectorTarget,FootGrounding,true,0.5484908,false,0.02240321,1,1.9197,0.01693016,-98038,0.852957,0.2399999,0.4908614,0,1,0,0,0,0,0,0.852957,0.4497727,0.4908614,0.9014122,0.3845948,0.4928525,0.8428735,0.341247,0.4953899,0.1445948,0.1012471,0,1,1,1,1,0.01893239,-0.007569669,0.08035547,0,0.08035547,-0.5375673,-0.007569669,true,0,1,0,3.267582E-06,0.9831627,-0.1827323,-0.0001194672,0.9382901,4.761517,0,1,0,true,-0.1443976,0.2287052,0.02465541,-0.1443976,0.2287052,0.02465541,-0.1443976,0.2287052,0.02465541,-0.1443976,0.2287052,0.0246554,6.169265E-08,0,true,-98048,Sphere,CurrentGrounding,1,0.9574993,0.789651,0.8072839,0,0,0,0,-1,0,0.05,1,4608,0.5735765,0.9574993,0.48,0.8072839,0.9574993,0.48,0.8072839,0,1,0,0.259651,Swing,None,false,0,0,0,0,0,0,1,0,0,0,0,0,0,1,0,false,false,false,ModifierNotCompiled,0,0,0,0,0,0,0,0,ModifierNotCompiled,0,0,0,0,FootPlacementEffectorTarget,FootGrounding,true,0.9501832,false,0.004742101,1,1.604271,0.2655575,-98048,0.9574993,0.48,0.8072839,0,1,0,0.01177782,0,0.01177782,0,0.9574993,0.5603887,0.8072839,0.9465415,0.48,0.805182,0.8721552,0.490015,0.7783185,0,0.01001501,0,1,1,1,1,0.2589324,0.2442082,0.2035377,0.04069793,0.2442357,0.2953687,0.2442082,true,0,1,0,1.306575E-07,0.9999413,-0.01083272,-5.739795E-06,0.1575292,0.4586869,0,1,0,true,0.1681435,0.3393212,-0.09097471,0.1681435,0.3393212,-0.09097471,0.1681435,0.3393212,-0.09097471,0.1681435,0.3393212,-0.09097475,6.537858E-08,0
2114,194,2114,1,2115,0,2115,false,rootmotion.finalik.full-body-biped-ik/indexed-pose-backend,None,true,true,1,lyra-5.7/ABP_Mannequin_Base/CR_Mannequin_FootPlant,unreal-engine-5.7/SpringInterpV2/FMath.SpringDamper,corin.animation-rig,87731f0d0ca14844bbf861368b9847b3,corin.foot-placement,6d6118d2f41a5948ddd18dc6d88083c8c5bf77a4682a4ec3fce5d2ec6af01624,298b6781705cafb383942fcc3f3b1f6e0800ead13829aedd29916feeb5d1f702,Corin.FootPlacementRig,2997edf1c34f13f7e2a3033372226eb399379f30c4303fddfe3e97ec1e4bf38d,0,-192572,0.16792,0.05354645,0.05354645,1.255215,0.16792,true,0,0.05354645,0,1,PelvisPreSolveTranslation,FootGrounding,ModifierNotCompiled,-1,-1,-1,0,,,true,-98048,Sphere,CurrentGrounding,0,0.7306039,0.927036,0.8116755,0,0,0,0,-1,0,0.05,1,4608,0.5735765,0.7306039,0.48,0.8116755,0.7306039,0.48,0.8116755,0,1,0,0.397036,Swing,None,false,0,0,0,0,0,0,1,0,0,0,0,0,0,1,0,false,false,false,ModifierNotCompiled,0,0,0,0,0,0,0,0,ModifierNotCompiled,0,0,0,0,FootPlacementEffectorTarget,FootGrounding,true,0.0004774332,false,0.01288521,1,6.377378,0.1417586,-98048,0.7306039,0.48,0.8116755,0,1,0,0,0,0,0,0.7306039,0.5810032,0.8116755,0.755819,0.5045266,0.8009257,0.6933975,0.48,0.8295659,0.02452663,0,0,1,1,1,1,0.16792,0.1143736,0.08243184,0.01798886,0.1004207,0.4717018,0.1143736,true,0,1,0,8.507209E-07,0.998211,-0.05979024,-3.480205E-05,0.4349434,2.207177,0,1,0,true,-0.07939138,0.2689233,0.1664156,-0.07939138,0.2689233,0.1664156,-0.07939138,0.2689233,0.1664156,-0.07939133,0.2689233,0.1664156,9.570444E-08,0,true,-98048,Sphere,CurrentGrounding,1,1.119188,0.9069651,0.8955998,0,0,0,0,-1,0,0.05,1,4608,0.5735765,1.119188,0.48,0.8955998,1.119188,0.48,0.8955998,0,1,0,0.3769651,Swing,None,false,0,0,0,0,0,0,1,0,0,0,0,0,0,1,0,false,false,false,ModifierNotCompiled,0,0,0,0,0,0,0,0,ModifierNotCompiled,0,0,0,0,FootPlacementEffectorTarget,FootGrounding,true,0.9997732,false,-0.00469343,1,2.042432,0.1614915,-98048,1.119188,0.48,0.8955998,0,1,0,0.004984468,0,0.004984468,0,1.119188,0.6880339,0.8955998,1.144389,0.6109806,0.8917837,1.068329,0.5881943,0.9078096,0.1309806,0.1081943,0,1,1,1,1,0.1679201,0.1193581,0.2275223,0,0.2275223,-0.9976355,0.1193581,true,0,1,0,2.86236E-08,0.9999969,-0.002481606,-1.292244E-06,0.03759799,0.1094768,0,1,0,true,0.1501282,0.375954,-0.1581788,0.1501282,0.375954,-0.1581788,0.1501282,0.375954,-0.1581788,0.1501282,0.375954,-0.1581788,6.143906E-08,0
2115,195,2115,1,2116,0,2116,false,rootmotion.finalik.full-body-biped-ik/indexed-pose-backend,None,true,true,1,lyra-5.7/ABP_Mannequin_Base/CR_Mannequin_FootPlant,unreal-engine-5.7/SpringInterpV2/FMath.SpringDamper,corin.animation-rig,87731f0d0ca14844bbf861368b9847b3,corin.foot-placement,6d6118d2f41a5948ddd18dc6d88083c8c5bf77a4682a4ec3fce5d2ec6af01624,298b6781705cafb383942fcc3f3b1f6e0800ead13829aedd29916feeb5d1f702,Corin.FootPlacementRig,2997edf1c34f13f7e2a3033372226eb399379f30c4303fddfe3e97ec1e4bf38d,0,-192572,0.07018816,0.07380268,0.07380268,0.02998375,0.07018816,true,0,0.07380268,0,1,PelvisPreSolveTranslation,FootGrounding,ModifierNotCompiled,-1,-1,-1,0,,,true,-98048,Sphere,CurrentGrounding,0,0.7499444,0.9914116,1.196527,0,0,0,0,-1,0,0.05,1,4608,0.5735765,0.7499444,0.48,1.196527,0.7499444,0.48,1.196527,0,1,0,0.4614115,Swing,None,false,0,0,0,0,0,0,1,0,0,0,0,0,0,1,0,false,false,false,ModifierNotCompiled,0,0,0,0,0,0,0,0,ModifierNotCompiled,0,0,0,0,FootPlacementEffectorTarget,FootGrounding,true,1,false,0.001505704,1,1.097569,0.06958199,-98048,0.7499444,0.48,1.196527,0,1,0,0,0,0,0,0.7499444,0.653594,1.196527,0.7533295,0.5725023,1.200094,0.7142012,0.5736535,1.261668,0.0925023,0.09365344,0,1,1,1,1,0.07018822,-0.003614455,0.08837975,0,0.08837975,-0.8383878,-0.003614455,true,0,1,0,1.805657E-07,0.9999002,-0.01413071,-7.846253E-06,0.1153687,0.5854511,0,1,0,true,-0.04995275,0.2437822,0.2762142,-0.04995275,0.2437822,0.2762142,-0.04995275,0.2437822,0.2762142,-0.04995278,0.2437823,0.2762142,9.071675E-08,0,true,-98048,Sphere,CurrentGrounding,1,1.207998,1.01793,0.9403644,0,0,0,0,-1,0,0.05,1,4608,0.5735765,1.207998,0.48,0.9403644,1.207998,0.48,0.9403644,0,1,0,0.4879298,Swing,None,false,0,0,0,0,0,0,1,0,0,0,0,0,0,1,0,false,false,false,ModifierNotCompiled,0,0,0,0,0,0,0,0,ModifierNotCompiled,0,0,0,0,FootPlacementEffectorTarget,FootGrounding,true,0.5005894,false,-0.0009763283,1,3.058866,0.04564691,-98048,1.207998,0.48,0.9403644,0,1,0,0.001536578,0,0.001536578,0,1.207998,0.7614032,0.9403644,1.252289,0.7039043,0.9040456,1.209753,0.6517487,0.9489899,0.2239043,0.1717487,0,1,1,1,1,0.07018816,-0.002077937,0.1696707,0,0.1696707,-1.828884,-0.002077937,true,0,1,0,5.450135E-09,0.9999999,-0.0004879059,-2.506616E-07,0.007588972,0.02209611,0,1,0,true,0.1375695,0.3515914,-0.2139571,0.1375695,0.3515914,-0.2139571,0.1375695,0.3515914,-0.2139571,0.1375696,0.3515915,-0.2139573,2.407356E-07,0
2116,196,2116,1,2117,0,2117,false,rootmotion.finalik.full-body-biped-ik/indexed-pose-backend,None,true,true,1,lyra-5.7/ABP_Mannequin_Base/CR_Mannequin_FootPlant,unreal-engine-5.7/SpringInterpV2/FMath.SpringDamper,corin.animation-rig,87731f0d0ca14844bbf861368b9847b3,corin.foot-placement,6d6118d2f41a5948ddd18dc6d88083c8c5bf77a4682a4ec3fce5d2ec6af01624,298b6781705cafb383942fcc3f3b1f6e0800ead13829aedd29916feeb5d1f702,Corin.FootPlacementRig,2997edf1c34f13f7e2a3033372226eb399379f30c4303fddfe3e97ec1e4bf38d,0,-192572,-0.000177145,0.06472682,0.06472682,-0.6010567,-0.000177145,true,0,0.06472682,0,1,PelvisPreSolveTranslation,FootGrounding,ModifierNotCompiled,-1,-1,-1,0,,,true,-98058,Sphere,CurrentGrounding,0,0.902885,1.065203,1.309824,0,0,0,0,-1,0,0.05,1,4608,0.5735765,0.902885,0.7199999,1.309824,0.902885,0.7199999,1.309824,0,1,0,0.2952034,Swing,None,false,0,0,0,0,0,0,1,0,0,0,0,0,0,1,0,false,false,false,ModifierNotCompiled,0,0,0,0,0,0,0,0,ModifierNotCompiled,0,0,0,0,FootPlacementEffectorTarget,FootGrounding,true,1,false,0.003940351,1,3.638257,0.2344246,-98058,0.902885,0.7199999,1.309824,0,1,0,0,0,0,0,0.902885,0.8010359,1.309824,0.9066746,0.7199999,1.314167,0.8911316,0.7231748,1.385511,0,0.003174901,0,1,1,1,1,0.2398228,0.175096,0.09097032,0.08013535,0.1711057,0.7985846,0.175096,true,0,1,0,5.505108E-08,0.9999899,-0.004508966,-2.453148E-06,0.03836309,0.1946754,0,1,0,true,-0.04212049,0.3208588,0.1771252,-0.04212049,0.3208588,0.1771252,-0.04212049,0.3208588,0.1771252,-0.04212046,0.3208588,0.1771253,1.107608E-07,0,true,-98048,Sphere,CurrentGrounding,1,1.206763,1.091382,0.936636,0,0,0,0,-1,0,0.05,1,4608,0.5735765,1.206763,0.48,0.936636,1.206763,0.48,0.936636,0,1,0,0.5613821,Swing,None,false,0,0,0,0,0,0,1,0,0,0,0,0,0,1,0,false,false,false,ModifierNotCompiled,0,0,0,0,0,0,0,0,ModifierNotCompiled,0,0,0,0,FootPlacementEffectorTarget,FootGrounding,true,0.4693979,false,0.004108472,1,3.091444,0.0380863,-98048,1.206763,0.48,0.936636,0,1,0,0,0,0,0,1.206763,0.7732067,0.936636,1.241778,0.7339523,0.8748307,1.228814,0.6658691,0.9169936,0.2539524,0.1858692,0,1,1,1,1,-0.000177145,-0.06490397,0.1170977,0,0.1170977,-1.968547,-0.06490397,true,0,1,0,1.571534E-09,1,-0.0001430982,-7.298229E-08,0.002255158,0.006565928,0,1,0,true,0.1134458,0.2930295,-0.2782985,0.1134458,0.2930295,-0.2782985,0.1134458,0.2930295,-0.2782985,0.1134458,0.2930296,-0.2782985,7.634574E-08,0
2117,197,2117,1,2118,0,2118,false,rootmotion.finalik.full-body-biped-ik/indexed-pose-backend,None,true,true,1,lyra-5.7/ABP_Mannequin_Base/CR_Mannequin_FootPlant,unreal-engine-5.7/SpringInterpV2/FMath.SpringDamper,corin.animation-rig,87731f0d0ca14844bbf861368b9847b3,corin.foot-placement,6d6118d2f41a5948ddd18dc6d88083c8c5bf77a4682a4ec3fce5d2ec6af01624,298b6781705cafb383942fcc3f3b1f6e0800ead13829aedd29916feeb5d1f702,Corin.FootPlacementRig,2997edf1c34f13f7e2a3033372226eb399379f30c4303fddfe3e97ec1e4bf38d,0,-192572,-0.06762797,0.04166884,0.04166884,-1.082601,-0.06762797,true,0,0.04166884,0,1,PelvisPreSolveTranslation,FootGrounding,ModifierNotCompiled,-1,-1,-1,0,,,true,-98058,Sphere,CurrentGrounding,0,1.009793,1.130693,1.376943,0,0,0,0,-1,0,0.05,1,4608,0.5735765,1.009793,0.7199999,1.376943,1.009793,0.7199999,1.376943,0,1,0,0.360693,Swing,None,false,0,0,0,0,0,0,1,0,0,0,0,0,0,1,0,false,false,false,ModifierNotCompiled,0,0,0,0,0,0,0,0,ModifierNotCompiled,0,0,0,0,FootPlacementEffectorTarget,FootGrounding,true,1,false,0.001758397,1,3.63674,0.170428,-98058,1.009793,0.7199999,1.376943,0,1,0,0,0,0,0,1.009793,0.8519364,1.376943,1.013776,0.7707945,1.37654,1.022353,0.7709405,1.449268,0.05079454,0.05094063,0,1,1,1,1,0.172372,0.1307032,0.1795746,0,0.1795746,-0.04431093,0.1307032,true,0,1,0,1.721119E-08,0.9999989,-0.001454072,-7.799405E-07,0.01269209,0.06440788,0,1,0,true,-0.02903325,0.3043085,0.08349472,-0.02903325,0.3043085,0.08349472,-0.02903325,0.3043085,0.08349472,-0.02903328,0.3043086,0.08349466,1.647573E-07,0,true,-98048,Sphere,CurrentGrounding,1,1.138922,1.165554,0.9679036,0,0,0,0,-1,0,0.05,1,4608,0.5735765,1.138922,0.48,0.9679036,1.138922,0.48,0.9679036,0,1,0,0.6355535,Swing,None,false,0,0,0,0,0,0,1,0,0,0,0,0,0,1,0,false,false,false,ModifierNotCompiled,0,0,0,0,0,0,0,0,ModifierNotCompiled,0,0,0,0,FootPlacementEffectorTarget,FootGrounding,true,0,false,0.0211947,1,2.195777,0.1257691,-98048,1.138922,0.48,0.9679036,0,1,0,0,0,0,0,1.138922,0.7730362,0.9679036,1.151631,0.7515213,0.8906865,1.158741,0.6749822,0.9163604,0.2715213,0.1949822,0,1,1,1,1,-0.06762797,-0.1092968,0.06581385,0,0.06581385,-1.924677,-0.1092968,true,0,1,0,4.710473E-10,1,-4.345684E-05,-2.203933E-08,0.0006920622,0.002013528,0,1,0,true,0.08901493,0.2254083,-0.3288786,0.08901493,0.2254083,-0.3288786,0.08901493,0.2254083,-0.3288786,0.08901494,0.2254083,-0.3288789,2.499001E-07,0
2118,198,2118,1,2119,0,2119,false,rootmotion.finalik.full-body-biped-ik/indexed-pose-backend,None,true,true,1,lyra-5.7/ABP_Mannequin_Base/CR_Mannequin_FootPlant,unreal-engine-5.7/SpringInterpV2/FMath.SpringDamper,corin.animation-rig,87731f0d0ca14844bbf861368b9847b3,corin.foot-placement,6d6118d2f41a5948ddd18dc6d88083c8c5bf77a4682a4ec3fce5d2ec6af01624,298b6781705cafb383942fcc3f3b1f6e0800ead13829aedd29916feeb5d1f702,Corin.FootPlacementRig,2997edf1c34f13f7e2a3033372226eb399379f30c4303fddfe3e97ec1e4bf38d,0,-192572,-0.1592317,-0.009033146,-0.009033146,-1.611983,-0.1592317,true,0,-0.009033146,0,1,PelvisPreSolveTranslation,FootGrounding,ModifierNotCompiled,-1,-1,-1,0,,,true,-98058,Sphere,CurrentGrounding,0,1.068423,1.221138,1.442878,0,0,0,0,-1,0,0.05,1,4608,0.5735765,1.068423,0.7199999,1.442878,1.068423,0.7199999,1.442878,0,1,0,0.4511385,Swing,None,false,0,0,0,0,0,0,1,0,0,0,0,0,0,1,0,false,false,false,ModifierNotCompiled,0,0,0,0,0,0,0,0,ModifierNotCompiled,0,0,0,0,FootPlacementEffectorTarget,FootGrounding,true,1,false,-0.001207736,1,3.612914,0.08102447,-98058,1.068423,0.7199999,1.442878,0,1,0,0.001292467,0,0.001292467,0,1.068423,0.8781872,1.442878,1.070745,0.7970603,1.43926,1.099823,0.794988,1.506616,0.0770604,0.07498807,0,1,1,1,1,0.08076817,0.09109378,0.1660819,0,0.1660819,-0.5972272,0.09109378,true,0,1,0,3.565297E-09,0.9999999,-0.0003104829,-1.642194E-07,0.002774282,0.0140781,0,1,0,true,-0.01341487,0.2389554,-0.04119444,-0.01341487,0.2389554,-0.04119444,-0.01341487,0.2389554,-0.04119444,-0.0134149,0.2389554,-0.04119447,5.436882E-08,0,true,-98048,Sphere,CurrentGrounding,1,1.079497,1.30215,1.167576,0,0,0,0,-1,0,0.05,1,4608,0.5735765,1.079497,0.48,1.167576,1.079497,0.48,1.167576,0,1,0,0.7721497,Swing,None,false,0,0,0,0,0,0,1,0,0,0,0,0,0,1,0,false,false,false,ModifierNotCompiled,0,0,0,0,0,0,0,0,ModifierNotCompiled,0,0,0,0,FootPlacementEffectorTarget,FootGrounding,true,0,false,0.08892599,1,2.914951,0.2878116,-98048,1.079497,0.48,1.167576,0,1,0,0,0,0,0,1.079497,0.7934312,1.167576,1.063222,0.7988588,1.088251,1.075736,0.7193276,1.081908,0.3188588,0.2393276,0,1,1,1,1,-0.1592317,-0.1501986,0.0003147409,0,0.0003147409,-1.719331,-0.1501986,true,0,1,0,9.330431E-11,1,-8.731054E-06,-4.401125E-09,0.0001408754,0.0004087421,0,1,0,true,0.07178992,0.1541995,-0.3032134,0.07178992,0.1541995,-0.3032134,0.07178992,0.1541995,-0.3032134,0.07178993,0.1541995,-0.3032134,3.071953E-08,0
2119,199,2119,1,2120,0,2120,false,rootmotion.finalik.full-body-biped-ik/indexed-pose-backend,None,true,true,1,lyra-5.7/ABP_Mannequin_Base/CR_Mannequin_FootPlant,unreal-engine-5.7/SpringInterpV2/FMath.SpringDamper,corin.animation-rig,87731f0d0ca14844bbf861368b9847b3,corin.foot-placement,6d6118d2f41a5948ddd18dc6d88083c8c5bf77a4682a4ec3fce5d2ec6af01624,298b6781705cafb383942fcc3f3b1f6e0800ead13829aedd29916feeb5d1f702,Corin.FootPlacementRig,2997edf1c34f13f7e2a3033372226eb399379f30c4303fddfe3e97ec1e4bf38d,0,-192572,-0.004990041,-0.02896747,-0.02896747,0.1367544,-0.004990041,true,0,-0.02896747,0,1,PelvisPreSolveTranslation,FootGrounding,ModifierNotCompiled,-1,-1,-1,0,,,true,-98058,Sphere,CurrentGrounding,0,1.099955,1.302184,1.502858,0,0,0,0,-1,0,0.05,1,4608,0.5735765,1.099955,0.7199999,1.502858,1.099955,0.7199999,1.502858,0,1,0,0.532184,Swing,None,false,0,0,0,0,0,0,1,0,0,0,0,0,0,1,0,false,false,false,ModifierNotCompiled,0,0,0,0,0,0,0,0,ModifierNotCompiled,0,0,0,0,FootPlacementEffectorTarget,FootGrounding,true,0.4063939,false,-0.01044918,1,3.644891,0.002040029,-98058,1.099955,0.7199999,1.502858,0,1,0,0.01046425,0,0.01046425,0,1.099955,0.9106154,1.502858,1.100317,0.8298255,1.49432,1.129131,0.8229572,1.561656,0.1098256,0.1029572,0,1,1,1,1,-0.004990041,0.03444168,0.1373989,0,0.1373989,-1.021242,0.03444168,true,0,1,0,7.925098E-10,1,-7.045818E-05,-3.691257E-08,0.0006387476,0.00324355,0,1,0,true,0.0007822736,0.1856255,-0.1545421,0.0007822736,0.1856255,-0.1545421,0.0007822736,0.1856255,-0.1545421,0.0007822686,0.1856255,-0.1545421,5.39596E-08,0,true,-98058,Sphere,CurrentGrounding,1,1.147373,1.442143,1.42926,0,0,0,0,-1,0,0.05,1,4608,0.5735765,1.147373,0.72,1.42926,1.147373,0.72,1.42926,0,1,0,0.6721435,Swing,None,false,0,0,0,0,0,0,1,0,0,0,0,0,0,1,0,false,false,false,ModifierNotCompiled,0,0,0,0,0,0,0,0,ModifierNotCompiled,0,0,0,0,FootPlacementEffectorTarget,FootGrounding,true,0,false,0.1618356,1,3.042357,0.2055733,-98058,1.147373,0.72,1.42926,0,1,0,0,0,0,0,1.147373,0.8948144,1.42926,1.126029,0.915875,1.353843,1.136828,0.8406137,1.329249,0.195875,0.1206137,0,1,1,1,1,-0.004989922,0.02397755,-0.01836156,0,-0.01836156,0.2759927,0.02397755,true,0,1,0,2.007286E-11,1,-1.898392E-06,-9.526183E-10,3.136349E-05,8.954579E-05,0,1,0,true,0.06647238,0.1698244,-0.212421,0.06647238,0.1698244,-0.212421,0.06647238,0.1698244,-0.212421,0.06647238,0.1698244,-0.212421,1.490116E-08,0
2120,200,2120,1,2121,0,2121,false,rootmotion.finalik.full-body-biped-ik/indexed-pose-backend,None,true,true,1,lyra-5.7/ABP_Mannequin_Base/CR_Mannequin_FootPlant,unreal-engine-5.7/SpringInterpV2/FMath.SpringDamper,corin.animation-rig,87731f0d0ca14844bbf861368b9847b3,corin.foot-placement,6d6118d2f41a5948ddd18dc6d88083c8c5bf77a4682a4ec3fce5d2ec6af01624,298b6781705cafb383942fcc3f3b1f6e0800ead13829aedd29916feeb5d1f702,Corin.FootPlacementRig,2997edf1c34f13f7e2a3033372226eb399379f30c4303fddfe3e97ec1e4bf38d,0,-192572,-0.07246423,-0.03360388,-0.03360388,-0.413809,-0.07246423,true,0,-0.03360388,0,1,PelvisPreSolveTranslation,FootGrounding,ModifierNotCompiled,-1,-1,-1,0,,,true,-98058,Sphere,CurrentGrounding,0,1.121181,1.383344,1.562434,0,0,0,0,-1,0,0.05,1,4608,0.5735765,1.121181,0.7199999,1.562434,1.121181,0.7199999,1.562434,0,1,0,0.6133441,Swing,None,false,0,0,0,0,0,0,1,0,0,0,0,0,0,1,0,false,false,false,ModifierNotCompiled,0,0,0,0,0,0,0,0,ModifierNotCompiled,0,0,0,0,FootPlacementEffectorTarget,FootGrounding,true,0,false,-0.0069278,1,3.567385,0.07525623,-98058,1.121181,0.7199999,1.562434,0,1,0,0.007277012,0,0.007277012,0,1.121181,0.9544857,1.562434,1.115727,0.8764668,1.540448,1.144643,0.8563287,1.605327,0.1564669,0.1363288,0,1,1,1,1,-0.07246423,-0.03158334,0.1047455,0,0.1047455,-1.397678,-0.03158334,true,0,1,0,2.361438E-10,1,-2.126522E-05,-1.107542E-08,0.0001947761,0.0009879005,0,1,0,true,0.00495521,0.1620215,-0.232796,0.00495521,0.1620215,-0.232796,0.00495521,0.1620215,-0.232796,0.004955231,0.1620216,-0.2327959,5.766872E-08,0,true,-98058,Sphere,CurrentGrounding,1,1.202362,1.539865,1.629964,0,0,0,0,-1,0,0.05,1,4608,0.5735765,1.202362,0.72,1.629964,1.202362,0.72,1.629964,0,1,0,0.7698655,Swing,None,false,0,0,0,0,0,0,1,0,0,0,0,0,0,1,0,false,false,false,ModifierNotCompiled,0,0,0,0,0,0,0,0,ModifierNotCompiled,0,0,0,0,FootPlacementEffectorTarget,FootGrounding,true,0,false,0.1827271,1,2.817762,0.2945213,-98058,1.202362,0.72,1.629964,0,1,0,0,0,0,0,1.202362,0.9874401,1.629964,1.182147,1.000442,1.552445,1.196039,0.9237505,1.535265,0.2804415,0.2037505,0,1,1,1,1,-0.07246411,-0.03886023,-0.01882149,0,-0.01882149,-0.2416292,-0.03886023,true,0,1,0,5.855731E-12,1,-5.576953E-07,-2.790241E-10,9.092917E-06,2.643524E-05,0,1,0,true,0.06464679,0.194976,-0.1456892,0.06464679,0.194976,-0.1456892,0.06464679,0.194976,-0.1456892,0.06464677,0.194976,-0.1456893,9.064023E-08,0
2121,201,2121,1,2122,0,2122,false,rootmotion.finalik.full-body-biped-ik/indexed-pose-backend,None,true,true,1,lyra-5.7/ABP_Mannequin_Base/CR_Mannequin_FootPlant,unreal-engine-5.7/SpringInterpV2/FMath.SpringDamper,corin.animation-rig,87731f0d0ca14844bbf861368b9847b3,corin.foot-placement,6d6118d2f41a5948ddd18dc6d88083c8c5bf77a4682a4ec3fce5d2ec6af01624,298b6781705cafb383942fcc3f3b1f6e0800ead13829aedd29916feeb5d1f702,Corin.FootPlacementRig,2997edf1c34f13f7e2a3033372226eb399379f30c4303fddfe3e97ec1e4bf38d,0,-192572,-0.123458,-0.04654881,-0.04654881,-0.764553,-0.123458,true,0,-0.04654881,0,1,PelvisPreSolveTranslation,FootGrounding,ModifierNotCompiled,-1,-1,-1,0,,,true,-98058,Sphere,CurrentGrounding,0,1.125792,1.454211,1.60299,0,0,0,0,-1,0,0.05,1,4608,0.5735765,1.125792,0.7200001,1.60299,1.125792,0.7200001,1.60299,0,1,0,0.6842113,Swing,None,false,0,0,0,0,0,0,1,0,0,0,0,0,0,1,0,false,false,false,ModifierNotCompiled,0,0,0,0,0,0,0,0,ModifierNotCompiled,0,0,0,0,FootPlacementEffectorTarget,FootGrounding,true,0,false,0.004426365,1,3.90649,0.145242,-98058,1.125792,0.7200001,1.60299,0,1,0,0,0,0,0,1.125792,0.980805,1.60299,1.121975,0.9090734,1.565042,1.13664,0.8745983,1.629436,0.1890733,0.1545982,0,1,1,1,1,-0.123458,-0.07690922,0.07314252,0,0.07314252,-1.554314,-0.07690922,true,0,1,0,8.76887E-11,1,-7.965814E-06,-4.132276E-09,7.303112E-05,0.0003723209,0,1,0,true,0.003954497,0.1373469,-0.2877275,0.003954497,0.1373469,-0.2877275,0.003954497,0.1373469,-0.2877275,0.003954507,0.1373469,-0.2877275,6.228731E-08,0,true,-98068,Sphere,CurrentGrounding,1,1.195615,1.608006,1.795285,0,0,0,0,-1,0,0.05,1,4608,0.5735765,1.195615,0.96,1.795285,1.195615,0.96,1.795285,0,1,0,0.598006,Swing,None,false,0,0,0,0,0,0,1,0,0,0,0,0,0,1,0,false,false,false,ModifierNotCompiled,0,0,0,0,0,0,0,0,ModifierNotCompiled,0,0,0,0,FootPlacementEffectorTarget,FootGrounding,true,0,false,0.1817083,1,2.870351,0.1037524,-98068,1.195615,0.96,1.795285,0,1,0,0,0,0,0,1.195615,1.057732,1.795285,1.197806,1.052328,1.714336,1.215458,0.974629,1.719385,0.09232759,0.01462901,0,1,1,1,1,0.1165419,0.1630907,-0.003725213,0,-0.003725213,1.475235,0.1630907,true,0,1,0,2.142367E-12,1,-2.050535E-07,-1.023766E-10,3.114058E-06,9.753216E-06,0,1,0,true,0.0638795,0.2142739,-0.09212133,0.0638795,0.2142739,-0.09212133,0.0638795,0.2142739,-0.09212133,0.06387949,0.214274,-0.09212145,1.491978E-07,0
2122,202,2122,1,2123,0,2123,false,rootmotion.finalik.full-body-biped-ik/indexed-pose-backend,None,true,true,1,lyra-5.7/ABP_Mannequin_Base/CR_Mannequin_FootPlant,unreal-engine-5.7/SpringInterpV2/FMath.SpringDamper,corin.animation-rig,87731f0d0ca14844bbf861368b9847b3,corin.foot-placement,6d6118d2f41a5948ddd18dc6d88083c8c5bf77a4682a4ec3fce5d2ec6af01624,298b6781705cafb383942fcc3f3b1f6e0800ead13829aedd29916feeb5d1f702,Corin.FootPlacementRig,2997edf1c34f13f7e2a3033372226eb399379f30c4303fddfe3e97ec1e4bf38d,0,-192572,-0.2062067,-0.08502543,-0.08502543,-1.295164,-0.2062067,true,0,-0.08502543,0,1,PelvisPreSolveTranslation,FootGrounding,ModifierNotCompiled,-1,-1,-1,0,,,true,-98058,Sphere,CurrentGrounding,0,1.187244,1.561224,1.69381,0,0,0,0,-1,0,0.05,1,4608,0.5735765,1.187244,0.72,1.69381,1.187244,0.72,1.69381,0,1,0,0.7912235,Swing,None,false,0,0,0,0,0,0,1,0,0,0,0,0,0,1,0,false,false,false,ModifierNotCompiled,0,0,0,0,0,0,0,0,ModifierNotCompiled,0,0,0,0,FootPlacementEffectorTarget,FootGrounding,true,0,false,0.02764896,1,3.849653,0.2613519,-98058,1.187244,0.72,1.69381,0,1,0,0,0,0,0,1.187244,0.994262,1.69381,1.207359,0.9432054,1.633904,1.199821,0.8855756,1.681129,0.2232054,0.1655756,0,1,1,1,1,-0.2062067,-0.1211813,0.01806396,0,0.01806396,-1.534624,-0.1211813,true,0,1,0,1.760632E-11,1,-1.618703E-06,-8.351419E-10,1.475929E-05,7.628216E-05,0,1,0,true,0.0002334944,0.06805527,-0.3916097,0.0002334944,0.06805527,-0.3916097,0.0002334944,0.06805527,-0.3916097,0.00023349,0.0680553,-0.3916096,6.678477E-08,0,true,-98068,Sphere,CurrentGrounding,1,1.107172,1.710747,2.060491,0,0,0,0,-1,0,0.05,1,4608,0.5735765,1.107172,0.9600001,2.060491,1.107172,0.9600001,2.060491,0,1,0,0.7007465,Swing,None,false,0,0,0,0,0,0,1,0,0,0,0,0,0,1,0,false,false,false,ModifierNotCompiled,0,0,0,0,0,0,0,0,ModifierNotCompiled,0,0,0,0,FootPlacementEffectorTarget,FootGrounding,true,0,false,0.1780546,1,2.859296,0.1822585,-98068,1.107172,0.9600001,2.060491,0,1,0,0,0,0,0,1.107172,1.161177,2.060491,1.145527,1.128272,1.996985,1.14569,1.057106,2.033173,0.1682718,0.09710592,0,1,1,1,1,0.03379333,0.1188188,0.03545581,0,0.03545581,0.8350289,0.1188188,true,0,1,0,4.212065E-13,1,-4.060266E-08,-2.021104E-11,5.261987E-07,1.940667E-06,0,1,0,true,0.06204259,0.2349702,-0.02141178,0.06204259,0.2349702,-0.02141178,0.06204259,0.2349702,-0.02141178,0.06204262,0.2349701,-0.02141172,7.347421E-08,0
2123,203,2123,1,2124,0,2124,false,rootmotion.finalik.full-body-biped-ik/indexed-pose-backend,None,true,true,1,lyra-5.7/ABP_Mannequin_Base/CR_Mannequin_FootPlant,unreal-engine-5.7/SpringInterpV2/FMath.SpringDamper,corin.animation-rig,87731f0d0ca14844bbf861368b9847b3,corin.foot-placement,6d6118d2f41a5948ddd18dc6d88083c8c5bf77a4682a4ec3fce5d2ec6af01624,298b6781705cafb383942fcc3f3b1f6e0800ead13829aedd29916feeb5d1f702,Corin.FootPlacementRig,2997edf1c34f13f7e2a3033372226eb399379f30c4303fddfe3e97ec1e4bf38d,0,-192572,-0.01317275,-0.1000108,-0.08896251,0.7142892,-0.01317275,true,0,-0.1000108,0,1,PelvisPreSolveTranslation,FootGrounding,ModifierNotCompiled,-1,-1,-1,0,,,true,-98068,Sphere,CurrentGrounding,0,1.211107,1.683993,1.813772,0,0,0,0,-1,0,0.05,1,4608,0.5735765,1.211107,0.96,1.813772,1.211107,0.96,1.813772,0,1,0,0.6739932,Swing,None,false,0,0,0,0,0,0,1,0,0,0,0,0,0,1,0,false,false,false,ModifierNotCompiled,0,0,0,0,0,0,0,0,ModifierNotCompiled,0,0,0,0,FootPlacementEffectorTarget,FootGrounding,true,0,false,0.116702,1,4.182834,0.1631687,-98068,1.211107,0.96,1.813772,0,1,0,0,0,0,0,1.211107,1.103217,1.813772,1.266481,1.07556,1.761152,1.253475,1.009225,1.782981,0.1155604,0.04922485,0,1,1,1,1,-0.01317275,0.07578976,0.008186364,0,0.008186364,0.5945789,0.07578976,true,0,1,0,3.576215E-12,1,-3.319685E-07,-1.705319E-10,2.802949E-06,1.574561E-05,0,1,0,true,-0.006037302,0.1300443,-0.4698647,-0.006037302,0.1300443,-0.4698647,-0.006037302,0.1300443,-0.4698647,-0.006585591,0.1446024,-0.4849078,0.0209412,0,true,-98078,Sphere,CurrentGrounding,1,0.877645,1.696073,2.232232,0,0,0,0,-1,0,0.05,1,4608,0.5735765,0.877645,1.2,2.232232,0.877645,1.2,2.232232,0,1,0,0.4460734,Swing,None,false,0,0,0,0,0,0,1,0,0,0,0,0,0,1,0,false,false,false,ModifierNotCompiled,0,0,0,0,0,0,0,0,ModifierNotCompiled,0,0,0,0,FootPlacementEffectorTarget,FootGrounding,true,0,false,0.1121467,1,4.525907,0.08284247,-98078,0.877645,1.2,2.232232,0,1,0,0,0,0,0,0.877645,1.310786,2.232232,0.9323905,1.26374,2.195131,0.9055614,1.2,2.235024,0.06374049,0,0,1,1,1,1,0.2268271,0.3157896,0.09579013,0.1078851,0.2036753,2.331078,0.3157896,true,0,1,0,8.40851E-14,1,-8.15376E-09,-4.048649E-12,-7.068003E-08,3.912945E-07,0,1,0,true,0.05127647,0.3376132,0.0621322,0.05127647,0.3376132,0.0621322,0.05127647,0.3376132,0.0621322,0.05127651,0.3376132,0.06213224,5.795192E-08,0
2124,204,2124,1,2125,0,2125,false,rootmotion.finalik.full-body-biped-ik/indexed-pose-backend,None,true,true,1,lyra-5.7/ABP_Mannequin_Base/CR_Mannequin_FootPlant,unreal-engine-5.7/SpringInterpV2/FMath.SpringDamper,corin.animation-rig,87731f0d0ca14844bbf861368b9847b3,corin.foot-placement,6d6118d2f41a5948ddd18dc6d88083c8c5bf77a4682a4ec3fce5d2ec6af01624,298b6781705cafb383942fcc3f3b1f6e0800ead13829aedd29916feeb5d1f702,Corin.FootPlacementRig,2997edf1c34f13f7e2a3033372226eb399379f30c4303fddfe3e97ec1e4bf38d,0,-192572,-0.03224218,-0.07215868,-0.07215868,0.421826,-0.03224218,true,0,-0.07215868,0,1,PelvisPreSolveTranslation,FootGrounding,ModifierNotCompiled,-1,-1,-1,0,,,true,-98068,Sphere,CurrentGrounding,0,1.199503,1.777062,1.976288,0,0,0,0,-1,0,0.05,1,4608,0.5735765,1.199503,0.9600001,1.976288,1.199503,0.9600001,1.976288,0,1,0,0.7670624,Swing,None,false,0,0,0,0,0,0,1,0,0,0,0,0,0,1,0,false,false,false,ModifierNotCompiled,0,0,0,0,0,0,0,0,ModifierNotCompiled,0,0,0,0,FootPlacementEffectorTarget,FootGrounding,true,0,false,0.2025697,1,3.459978,0.2689142,-98068,1.199503,0.9600001,1.976288,0,1,0,0,0,0,0,1.199503,1.224406,1.976288,1.274624,1.210703,1.948555,1.267022,1.141813,1.96342,0.2507024,0.1818127,0,1,1,1,1,-0.03224218,0.0399165,0.01950198,0,0.01950198,0.201112,0.0399165,true,0,1,0,8.604482E-13,1,-8.044211E-08,-4.119133E-11,6.91106E-07,3.833467E-06,0,1,0,true,-0.0005133759,0.2321635,-0.5356789,-0.0005133283,0.2321635,-0.5356789,-0.0005133283,0.2321635,-0.5356789,-0.0005133562,0.2321635,-0.5356789,4.081121E-08,0,true,-98078,Sphere,CurrentGrounding,1,0.5597546,1.673788,2.301571,0,0,0,0,-1,0,0.05,1,4608,0.5735765,0.5597546,1.2,2.301571,0.5597546,1.2,2.301571,0,1,0,0.423788,Swing,None,false,0,0,0,0,0,0,1,0,0,0,0,0,0,1,0,false,false,false,ModifierNotCompiled,0,0,0,0,0,0,0,0,ModifierNotCompiled,0,0,0,0,FootPlacementEffectorTarget,FootGrounding,true,0,false,0.06964084,1,3.494661,0.1137745,-98078,0.5597546,1.2,2.301571,0,1,0,0,0,0,0,0.5597546,1.352975,2.301571,0.6104765,1.290169,2.293238,0.5548944,1.240657,2.322107,0.09016871,0.04065728,0,1,1,1,1,0.2077577,0.2799163,0.2513462,0,0.2513462,0.9741661,0.2799163,true,0,1,0,1.996738E-14,1,-1.945054E-09,-9.639611E-13,8.221934E-09,9.362737E-08,0,1,0,true,0.04257911,0.3607331,0.1807216,0.04257911,0.3607331,0.1807216,0.04257911,0.3607331,0.1807216,0.04257917,0.3607331,0.1807216,6.82857E-08,0
2125,205,2125,1,2126,0,2126,false,rootmotion.finalik.full-body-biped-ik/indexed-pose-backend,None,true,true,1,lyra-5.7/ABP_Mannequin_Base/CR_Mannequin_FootPlant,unreal-engine-5.7/SpringInterpV2/FMath.SpringDamper,corin.animation-rig,87731f0d0ca14844bbf861368b9847b3,corin.foot-placement,6d6118d2f41a5948ddd18dc6d88083c8c5bf77a4682a4ec3fce5d2ec6af01624,298b6781705cafb383942fcc3f3b1f6e0800ead13829aedd29916feeb5d1f702,Corin.FootPlacementRig,2997edf1c34f13f7e2a3033372226eb399379f30c4303fddfe3e97ec1e4bf38d,0,-192572,-0.04648262,-0.06438129,-0.06438129,0.2196716,-0.04648262,true,0,-0.06438129,0,1,PelvisPreSolveTranslation,FootGrounding,ModifierNotCompiled,-1,-1,-1,0,,,true,-98068,Sphere,CurrentGrounding,0,1.122339,1.859712,2.11722,0,0,0,0,-1,0,0.05,1,4608,0.5735765,1.122339,0.9600001,2.11722,1.122339,0.9600001,2.11722,0,1,0,0.8497118,Swing,None,false,0,0,0,0,0,0,1,0,0,0,0,0,0,1,0,false,false,false,ModifierNotCompiled,0,0,0,0,0,0,0,0,ModifierNotCompiled,0,0,0,0,FootPlacementEffectorTarget,FootGrounding,true,0,false,0.2765445,1,3.109379,0.357565,-98068,1.122339,0.9600001,2.11722,0,1,0,0,0,0,0,1.122339,1.316799,2.11722,1.202407,1.309052,2.105857,1.198047,1.240253,2.124267,0.3490515,0.2802525,0,1,1,1,1,-0.04648262,0.01789867,0.02146839,0,0.02146839,-0.01755309,0.01789867,true,0,1,0,2.618598E-13,1,-2.460605E-08,-1.257108E-11,-5.059708E-08,1.176531E-06,0,1,0,true,0.008500644,0.3103162,-0.5693047,0.008500644,0.3103162,-0.5693047,0.008500644,0.3103162,-0.5693047,0.008500665,0.3103162,-0.5693047,3.670167E-08,0,true,-98078,Sphere,CurrentGrounding,1,0.3576381,1.667653,2.302503,0,0,0,0,-1,0,0.05,1,4608,0.5735765,0.3576381,1.2,2.302503,0.3576381,1.2,2.302503,0,1,0,0.417653,Swing,None,false,0,0,0,0,0,0,1,0,0,0,0,0,0,1,0,false,false,false,ModifierNotCompiled,0,0,0,0,0,0,0,0,ModifierNotCompiled,0,0,0,0,FootPlacementEffectorTarget,FootGrounding,true,0,false,0.05230473,1,2.230619,0.1219392,-98078,0.3576381,1.2,2.302503,0,1,0,0,0,0,0,0.3576381,1.370109,2.302503,0.3987329,1.300295,2.307398,0.3309824,1.26074,2.322211,0.1002947,0.06073964,0,1,1,1,1,0.1935172,0.2578985,0.2668377,0,0.2668377,0.3339064,0.2578985,true,0,1,0,6.018709E-15,1,-5.882534E-10,-2.911301E-13,-6.019423E-10,2.837947E-08,0,1,0,true,0.04217146,0.3636266,0.2168016,0.04217146,0.3636266,0.2168016,0.04217146,0.3636266,0.2168016,0.04217145,0.3636266,0.2168016,5.487695E-08,0
2126,206,2126,1,2127,0,2127,false,rootmotion.finalik.full-body-biped-ik/indexed-pose-backend,None,true,true,1,lyra-5.7/ABP_Mannequin_Base/CR_Mannequin_FootPlant,unreal-engine-5.7/SpringInterpV2/FMath.SpringDamper,corin.animation-rig,87731f0d0ca14844bbf861368b9847b3,corin.foot-placement,6d6118d2f41a5948ddd18dc6d88083c8c5bf77a4682a4ec3fce5d2ec6af01624,298b6781705cafb383942fcc3f3b1f6e0800ead13829aedd29916feeb5d1f702,Corin.FootPlacementRig,2997edf1c34f13f7e2a3033372226eb399379f30c4303fddfe3e97ec1e4bf38d,0,-192572,-0.06146795,-0.0613273,-0.0613273,0.03604883,-0.06146795,true,0,-0.0613273,0,1,PelvisPreSolveTranslation,FootGrounding,ModifierNotCompiled,-1,-1,-1,0,,,true,-98068,Sphere,CurrentGrounding,0,0.9714539,1.945884,2.147245,0,0,0,0,-1,0,0.05,1,4608,0.5735765,0.9714539,0.9600001,2.147245,0.9714539,0.9600001,2.147245,0,1,0,0.9358842,Swing,None,false,0,0,0,0,0,0,1,0,0,0,0,0,0,1,0,false,false,false,ModifierNotCompiled,0,0,0,0,0,0,0,0,ModifierNotCompiled,0,0,0,0,FootPlacementEffectorTarget,FootGrounding,true,0,false,0.3533514,1,2.766212,0.4489257,-98068,0.9714539,0.9600001,2.147245,0,1,0,0,0,0,0,0.971454,1.403213,2.147245,1.051722,1.40015,2.135094,1.05258,1.332358,2.15901,0.4401496,0.3723583,0,1,1,1,1,-0.06146795,-0.0001406409,0.01865565,0,0.01865565,-0.1744705,-0.0001406409,true,0,1,0,7.547942E-14,1,-7.126107E-09,-3.633015E-12,4.278871E-09,3.417817E-07,0,1,0,true,0.01188452,0.3817445,-0.5711278,0.01188454,0.3817445,-0.5711279,0.01188454,0.3817445,-0.5711279,0.01188455,0.3817446,-0.571128,1.076514E-07,0,true,-98078,Sphere,CurrentGrounding,1,0.1616707,1.667754,2.338687,0,0,0,0,-1,0,0.05,1,4608,0.5735765,0.1616707,1.2,2.338687,0.1616707,1.2,2.338687,0,1,0,0.4177545,Swing,None,false,0,0,0,0,0,0,1,0,0,0,0,0,0,1,0,false,false,false,ModifierNotCompiled,0,0,0,0,0,0,0,0,ModifierNotCompiled,0,0,0,0,FootPlacementEffectorTarget,FootGrounding,true,0.4160134,false,0.04366127,1,2.619539,0.1216438,-98078,0.1616707,1.2,2.338687,0,1,0,0,0,0,0,0.1616707,1.376194,2.338687,0.1895936,1.300221,2.344621,0.1155493,1.273371,2.357685,0.1002209,0.07337117,0,1,1,1,1,0.1785319,0.2398592,0.2697671,0,0.2697671,-0.05961414,0.2398592,true,0,1,0,1.719307E-15,1,-1.68572E-10,-8.331768E-14,5.090478E-11,8.149589E-09,0,1,0,true,0.03821275,0.3547262,0.2605608,0.03821275,0.3547262,0.2605608,0.03821275,0.3547262,0.2605608,0.03821277,0.3547261,0.2605607,1.501712E-07,0
2127,207,2127,1,2128,0,2128,false,rootmotion.finalik.full-body-biped-ik/indexed-pose-backend,None,true,true,1,lyra-5.7/ABP_Mannequin_Base/CR_Mannequin_FootPlant,unreal-engine-5.7/SpringInterpV2/FMath.SpringDamper,corin.animation-rig,87731f0d0ca14844bbf861368b9847b3,corin.foot-placement,6d6118d2f41a5948ddd18dc6d88083c8c5bf77a4682a4ec3fce5d2ec6af01624,298b6781705cafb383942fcc3f3b1f6e0800ead13829aedd29916feeb5d1f702,Corin.FootPlacementRig,2997edf1c34f13f7e2a3033372226eb399379f30c4303fddfe3e97ec1e4bf38d,0,-192572,0.1568069,-0.02194921,-0.02194921,1.886954,0.1568069,true,0,-0.02194921,0,1,PelvisPreSolveTranslation,FootGrounding,ModifierNotCompiled,-1,-1,-1,0,,,true,-98078,Sphere,CurrentGrounding,0,0.7174354,2.029789,2.179221,0,0,0,0,-1,0,0.05,1,4608,0.5735765,0.7174354,1.2,2.215,0.7174354,1.2,2.215,0,0.6985223,-0.7155883,0.7948629,Swing,None,false,0,0,0,0,0,0,1,0,0,0,0,0,0,1,0,false,false,false,ModifierNotCompiled,0,0,0,0,0,0,0,0,ModifierNotCompiled,0,0,0,0,FootPlacementEffectorTarget,FootGrounding,true,0,false,0.4274531,1,2.756504,0.2412641,-98078,0.7174354,1.2,2.215,0,0.6985223,-0.7155883,0,0,0,0,0.7174354,1.552797,2.179221,0.7967875,1.555453,2.162009,0.8086002,1.501516,2.208671,0.2862116,0.2151448,0,1,1,1,1,0.1568071,0.1787563,0.04495671,0,0.04495671,1.399199,0.1787563,true,0,0.6985223,-0.7155883,1.637975E-14,0.9237075,-0.3830985,-7.287506E-13,-4.8527,-11.51838,0,0.6985223,-0.7155883,true,0.00424287,0.5096036,-0.5197744,0.00424287,0.5096036,-0.5197744,0.00424287,0.5096036,-0.5197744,0.004242841,0.5096036,-0.5197743,6.622876E-08,0,true,-98078,Sphere,CurrentGrounding,1,-0.1089857,1.670534,2.390599,0,0,0,0,-1,0,0.05,1,4608,0.5735765,-0.1089857,1.2,2.390599,-0.1089857,1.2,2.390599,0,1,0,0.4205343,Swing,None,false,0,0,0,0,0,0,1,0,0,0,0,0,0,1,0,false,false,false,ModifierNotCompiled,0,0,0,0,0,0,0,0,ModifierNotCompiled,0,0,0,0,FootPlacementEffectorTarget,FootGrounding,true,0.04406518,false,0.04497712,1,3.035732,0.1074703,-98078,-0.1089857,1.2,2.390599,0,1,0,0,0,0,0,-0.1089857,1.403299,2.390599,-0.1145844,1.322504,2.395865,-0.1934271,1.328084,2.407126,0.1225042,0.1280844,0,1,1,1,1,0.1568069,0.1787562,0.2547138,0,0.2547138,-0.6892771,0.1787562,true,0,1,0,3.402549E-16,1,-3.348449E-11,-1.652447E-14,-6.812428E-12,1.622765E-09,0,1,0,true,0.02240855,0.3601058,0.3330578,0.02240855,0.3601058,0.3330578,0.02240855,0.3601058,0.3330578,0.02240844,0.3601058,0.3330579,1.851529E-07,0
2128,208,2128,1,2129,0,2129,false,rootmotion.finalik.full-body-biped-ik/indexed-pose-backend,None,true,true,1,lyra-5.7/ABP_Mannequin_Base/CR_Mannequin_FootPlant,unreal-engine-5.7/SpringInterpV2/FMath.SpringDamper,corin.animation-rig,87731f0d0ca14844bbf861368b9847b3,corin.foot-placement,6d6118d2f41a5948ddd18dc6d88083c8c5bf77a4682a4ec3fce5d2ec6af01624,298b6781705cafb383942fcc3f3b1f6e0800ead13829aedd29916feeb5d1f702,Corin.FootPlacementRig,2997edf1c34f13f7e2a3033372226eb399379f30c4303fddfe3e97ec1e4bf38d,0,-192572,0.1360421,0.02288183,0.02288183,1.292442,0.1360421,true,0,0.02288183,0,1,PelvisPreSolveTranslation,FootGrounding,ModifierNotCompiled,-1,-1,-1,0,,,true,-98078,Sphere,CurrentGrounding,0,0.4782429,2.067592,2.210501,0,0,0,0,-1,0,0.05,1,4608,0.5735765,0.4782429,1.2,2.215,0.4782429,1.2,2.215,0,0.9959439,-0.08997682,0.8177946,Swing,None,false,0,0,0,0,0,0,1,0,0,0,0,0,0,1,0,false,false,false,ModifierNotCompiled,0,0,0,0,0,0,0,0,ModifierNotCompiled,0,0,0,0,FootPlacementEffectorTarget,FootGrounding,true,0,false,0.4654665,1,1.830025,0.3670383,-98078,0.4782429,1.2,2.215,0,0.9959439,-0.08997682,0,0,0,0,0.4782429,1.661663,2.210501,0.5518332,1.689226,2.189889,0.5818939,1.627762,2.215326,0.4895008,0.4259973,0,1,1,1,1,0.1360422,0.1131604,0.07118951,0,0.07118951,0.5366744,0.1131604,true,0,0.9959439,-0.08997682,4.127907E-15,0.9378639,-0.3470032,-1.868008E-13,3.03535,5.802464,0,0.9959439,-0.08997682,true,-0.00709037,0.5977052,-0.4501057,-0.00709037,0.5977052,-0.4501057,-0.00709037,0.5977052,-0.4501057,-0.007090362,0.5977052,-0.4501057,7.916242E-09,0,true,-98078,Sphere,CurrentGrounding,1,-0.2849643,1.659918,2.432513,0,0,0,0,-1,0,0.05,1,4608,0.5735765,-0.2849643,1.2,2.432513,-0.2849643,1.2,2.432513,0,1,0,0.4099177,Swing,None,false,0,0,0,0,0,0,1,0,0,0,0,0,0,1,0,false,false,false,ModifierNotCompiled,0,0,0,0,0,0,0,0,ModifierNotCompiled,0,0,0,0,FootPlacementEffectorTarget,FootGrounding,true,0,false,0.0243479,1,1.374186,0.08956027,-98078,-0.2849643,1.2,2.432513,0,1,0,0,0,0,0,-0.2849643,1.409984,2.432513,-0.3263814,1.340318,2.436757,-0.3943844,1.380695,2.447683,0.1403177,0.1806953,0,1,1,1,1,0.1360421,0.1131603,0.2271849,0,0.2271849,-1.143012,0.1131603,true,0,1,0,8.634944E-17,1,-8.521198E-12,-4.200355E-15,7.164117E-13,4.137156E-10,0,1,0,true,0.00772503,0.3460265,0.3445988,0.00772503,0.3460265,0.3445988,0.00772503,0.3460265,0.3445988,0.007725009,0.3460265,0.3445989,9.193715E-08,0
2129,209,2129,1,2130,0,2130,false,rootmotion.finalik.full-body-biped-ik/indexed-pose-backend,None,true,true,1,lyra-5.7/ABP_Mannequin_Base/CR_Mannequin_FootPlant,unreal-engine-5.7/SpringInterpV2/FMath.SpringDamper,corin.animation-rig,87731f0d0ca14844bbf861368b9847b3,corin.foot-placement,6d6118d2f41a5948ddd18dc6d88083c8c5bf77a4682a4ec3fce5d2ec6af01624,298b6781705cafb383942fcc3f3b1f6e0800ead13829aedd29916feeb5d1f702,Corin.FootPlacementRig,2997edf1c34f13f7e2a3033372226eb399379f30c4303fddfe3e97ec1e4bf38d,0,-192572,0.1164559,0.04573683,0.04573683,0.879343,0.1164559,true,0,0.04573683,0,1,PelvisPreSolveTranslation,FootGrounding,ModifierNotCompiled,-1,-1,-1,0,,,true,-98078,Sphere,CurrentGrounding,0,0.3260446,2.084866,2.22868,0,0,0,0,-1,0,0.05,1,4608,0.5735765,0.3260446,1.2,2.22868,0.3260446,1.2,2.22868,0,1,0,0.8348663,Swing,None,false,0,0,0,0,0,0,1,0,0,0,0,0,0,1,0,false,false,false,ModifierNotCompiled,0,0,0,0,0,0,0,0,ModifierNotCompiled,0,0,0,0,FootPlacementEffectorTarget,FootGrounding,true,0,false,0.46784,1,1.604735,0.3845477,-98078,0.3260446,1.2,2.22868,0,1,0,0,0,0,0,0.3260446,1.707683,2.22868,0.3990228,1.737383,2.208878,0.4281731,1.671001,2.217057,0.5373831,0.4710014,0,1,1,1,1,0.116456,0.0707192,0.0770798,0,0.0770798,0.06289618,0.0707192,true,0,1,0,1.445864E-15,0.9803007,-0.1975106,-6.681401E-14,2.196676,5.85851,0,1,0,true,-0.01095907,0.6241388,-0.4259859,-0.01095907,0.6241388,-0.4259859,-0.01095907,0.6241388,-0.4259859,-0.0109591,0.624139,-0.4259858,1.361771E-07,0,true,-98078,Sphere,CurrentGrounding,1,-0.3648491,1.665613,2.480658,0,0,0,0,-1,0,0.05,1,4608,0.5735765,-0.3648491,1.2,2.480658,-0.3648491,1.2,2.480658,0,1,0,0.4156128,Swing,None,false,0,0,0,0,0,0,1,0,0,0,0,0,0,1,0,false,false,false,ModifierNotCompiled,0,0,0,0,0,0,0,0,ModifierNotCompiled,0,0,0,0,FootPlacementEffectorTarget,FootGrounding,true,0,false,0.003056068,1,4.730791,0.1067743,-98078,-0.3648491,1.2,2.480658,0,1,0,0,0,0,0,-0.3648491,1.411818,2.480658,-0.3808296,1.33227,2.478748,-0.4573517,1.346591,2.496451,0.1322701,0.1465907,0,1,1,1,1,0.1164559,0.07071909,0.2004679,0,0.2004679,-1.323756,0.07071909,true,0,1,0,3.067487E-17,1,-3.032837E-12,-1.493801E-15,-1.750701E-14,1.474315E-10,0,1,0,true,0.008355842,0.3282735,0.3091698,0.008355842,0.3282735,0.3091698,0.008355842,0.3282735,0.3091698,0.008355813,0.3282736,0.3091698,5.10871E-08,0
2130,210,2130,1,2131,0,2131,false,rootmotion.finalik.full-body-biped-ik/indexed-pose-backend,None,true,true,1,lyra-5.7/ABP_Mannequin_Base/CR_Mannequin_FootPlant,unreal-engine-5.7/SpringInterpV2/FMath.SpringDamper,corin.animation-rig,87731f0d0ca14844bbf861368b9847b3,corin.foot-placement,6d6118d2f41a5948ddd18dc6d88083c8c5bf77a4682a4ec3fce5d2ec6af01624,298b6781705cafb383942fcc3f3b1f6e0800ead13829aedd29916feeb5d1f702,Corin.FootPlacementRig,2997edf1c34f13f7e2a3033372226eb399379f30c4303fddfe3e97ec1e4bf38d,0,-192572,0.05041277,0.05902388,0.05902388,0.00709051,0.05041277,true,0,0.05902388,0,1,PelvisPreSolveTranslation,FootGrounding,ModifierNotCompiled,-1,-1,-1,0,,,true,-98078,Sphere,CurrentGrounding,0,0.04543018,2.143528,2.277374,0,0,0,0,-1,0,0.05,1,4608,0.5735765,0.04543018,1.2,2.277374,0.04543018,1.2,2.277374,0,1,0,0.8935286,Swing,None,false,0,0,0,0,0,0,1,0,0,0,0,0,0,1,0,false,false,false,ModifierNotCompiled,0,0,0,0,0,0,0,0,ModifierNotCompiled,0,0,0,0,FootPlacementEffectorTarget,FootGrounding,true,0,false,0.4890042,1,4.330255,0.4695981,-98078,0.04543018,1.2,2.277374,0,1,0,0,0,0,0,0.04543018,1.765383,2.277374,0.09545493,1.816846,2.239308,0.1333461,1.760377,2.212921,0.6168466,0.5603771,0,1,1,1,1,0.05041277,-0.008611109,0.06283066,0,0.06283066,-0.6995699,-0.008611109,true,0,1,0,2.597494E-16,0.9984233,-0.05613269,-1.240716E-14,0.7189111,2.146884,0,1,0,true,-0.05135191,0.6157959,-0.3357789,-0.05135191,0.6157959,-0.3357789,-0.05135191,0.6157959,-0.3357789,-0.05135191,0.6157959,-0.335779,1.192093E-07,0,true,-98078,Sphere,CurrentGrounding,1,-0.3017824,1.728249,2.557448,0,0,0,0,-1,0,0.05,1,4608,0.5735765,-0.3017824,1.2,2.557448,-0.3017824,1.2,2.557448,0,1,0,0.4782487,Swing,None,false,0,0,0,0,0,0,1,0,0,0,0,0,0,1,0,false,false,false,ModifierNotCompiled,0,0,0,0,0,0,0,0,ModifierNotCompiled,0,0,0,0,FootPlacementEffectorTarget,FootGrounding,true,0.2126349,false,-0.004027355,1,5.857095,0.05324066,-98078,-0.3017824,1.2,2.557448,0,1,0,0.003313899,0,0.003313899,0,-0.3017824,1.432385,2.557448,-0.2991152,1.351382,2.561716,-0.3696134,1.35041,2.599161,0.1513823,0.1504102,0,1,1,1,1,0.05041277,-0.00529721,0.145113,0,0.145113,-1.638993,-0.00529721,true,0,1,0,5.637398E-18,1,-5.589947E-13,-2.749976E-16,2.421102E-15,2.722525E-11,0,1,0,true,-0.01309429,0.2827983,0.1086696,-0.01309429,0.2827983,0.1086696,-0.01309429,0.2827983,0.1086696,-0.01309429,0.2827983,0.1086694,1.814932E-07,0
2131,211,2131,1,2132,0,2132,false,rootmotion.finalik.full-body-biped-ik/indexed-pose-backend,None,true,true,1,lyra-5.7/ABP_Mannequin_Base/CR_Mannequin_FootPlant,unreal-engine-5.7/SpringInterpV2/FMath.SpringDamper,corin.animation-rig,87731f0d0ca14844bbf861368b9847b3,corin.foot-placement,6d6118d2f41a5948ddd18dc6d88083c8c5bf77a4682a4ec3fce5d2ec6af01624,298b6781705cafb383942fcc3f3b1f6e0800ead13829aedd29916feeb5d1f702,Corin.FootPlacementRig,2997edf1c34f13f7e2a3033372226eb399379f30c4303fddfe3e97ec1e4bf38d,0,-192572,-0.04069197,0.04093376,0.04093376,-0.8267254,-0.04069197,true,0,0.04093376,0,1,PelvisPreSolveTranslation,FootGrounding,ModifierNotCompiled,-1,-1,-1,0,,,true,-98078,Sphere,CurrentGrounding,0,-0.2406766,2.132835,2.502908,0,0,0,0,-1,0,0.05,1,4608,0.5735765,-0.2406766,1.2,2.502908,-0.2406766,1.2,2.502908,0,1,0,0.8828354,Swing,None,false,0,0,0,0,0,0,1,0,0,0,0,0,0,1,0,false,false,false,ModifierNotCompiled,0,0,0,0,0,0,0,0,ModifierNotCompiled,0,0,0,0,FootPlacementEffectorTarget,FootGrounding,true,0,false,0.3553398,1,5.188169,0.4270433,-98078,-0.2406766,1.2,2.502908,0,1,0,0,0,0,0,-0.2406766,1.700482,2.502908,-0.2196159,1.727355,2.42919,-0.1995685,1.659801,2.410375,0.5273552,0.4598014,0,1,1,1,1,-0.04069173,-0.08162549,0.02671309,0,0.02671309,-1.161781,-0.08162549,true,0,1,0,4.653748E-17,0.9999107,-0.01336841,-2.255329E-15,0.1810646,0.5618154,0,1,0,true,-0.06575276,0.4597906,-0.1795,-0.06575276,0.4597906,-0.1795,-0.06575276,0.4597906,-0.1795,-0.06575281,0.4597906,-0.1795001,8.462233E-08,0,true,-98078,Sphere,CurrentGrounding,1,-0.2417693,1.821459,2.591738,0,0,0,0,-1,0,0.05,1,4608,0.5735765,-0.2417693,1.2,2.591738,-0.2417693,1.2,2.591738,0,1,0,0.571459,Swing,None,false,0,0,0,0,0,0,1,0,0,0,0,0,0,1,0,false,false,false,ModifierNotCompiled,0,0,0,0,0,0,0,0,ModifierNotCompiled,0,0,0,0,FootPlacementEffectorTarget,FootGrounding,true,0.3450388,false,-0.001951599,1,6.256221,0.03944039,-98078,-0.2417693,1.2,2.591738,0,1,0,0.002236128,0,0.002236128,0,-0.2417693,1.443164,2.591738,-0.2374384,1.36213,2.59298,-0.2856965,1.360161,2.656764,0.1621302,0.1601613,0,1,1,1,1,-0.04069197,-0.0793896,0.08077165,0,0.08077165,-1.800664,-0.0793896,true,0,1,0,1.015214E-18,1,-1.009325E-13,-4.959976E-17,-3.372477E-16,4.924223E-12,0,1,0,true,-0.02224341,0.2024724,-0.102048,-0.02224341,0.2024724,-0.102048,-0.02224341,0.2024724,-0.102048,-0.02224338,0.2024724,-0.1020481,7.563807E-08,0
2132,212,2132,1,2133,0,2133,false,rootmotion.finalik.full-body-biped-ik/indexed-pose-backend,None,true,true,1,lyra-5.7/ABP_Mannequin_Base/CR_Mannequin_FootPlant,unreal-engine-5.7/SpringInterpV2/FMath.SpringDamper,corin.animation-rig,87731f0d0ca14844bbf861368b9847b3,corin.foot-placement,6d6118d2f41a5948ddd18dc6d88083c8c5bf77a4682a4ec3fce5d2ec6af01624,298b6781705cafb383942fcc3f3b1f6e0800ead13829aedd29916feeb5d1f702,Corin.FootPlacementRig,2997edf1c34f13f7e2a3033372226eb399379f30c4303fddfe3e97ec1e4bf38d,0,-192572,-0.1069225,0.01371048,0.01371048,-1.234522,-0.1069225,true,0,0.01371048,0,1,PelvisPreSolveTranslation,FootGrounding,ModifierNotCompiled,-1,-1,-1,0,,,true,-98088,Sphere,CurrentGrounding,0,-0.3487048,2.14113,2.704588,0,0,0,0,-1,0,0.05,1,4608,0.5735765,-0.3487048,1.44,2.704588,-0.3487048,1.44,2.704588,0,1,0,0.65113,Swing,None,false,0,0,0,0,0,0,1,0,0,0,0,0,0,1,0,false,false,false,ModifierNotCompiled,0,0,0,0,0,0,0,0,ModifierNotCompiled,0,0,0,0,FootPlacementEffectorTarget,FootGrounding,true,0,false,0.2698666,1,5.208251,0.1741483,-98088,-0.3487048,1.44,2.704588,0,1,0,0,0,0,0,-0.3487048,1.679732,2.704588,-0.343528,1.688557,2.623994,-0.3386385,1.616181,2.616459,0.2485572,0.1761813,0,1,1,1,1,0.1330776,0.1193671,0.02489115,0,0.02489115,0.7692289,0.1193671,true,0,1,0,1.355796E-17,0.9999899,-0.00450999,-6.597115E-16,0.0623326,0.1962395,0,1,0,true,-0.06697456,0.3728093,-0.1087951,-0.06697456,0.3728093,-0.1087951,-0.06697456,0.3728093,-0.1087951,-0.06697455,0.3728093,-0.1087952,1.087376E-07,0,true,-98078,Sphere,CurrentGrounding,1,-0.2735419,1.885328,2.560812,0,0,0,0,-1,0,0.05,1,4608,0.5735765,-0.2735419,1.2,2.560812,-0.2735419,1.2,2.560812,0,1,0,0.6353284,Swing,None,false,0,0,0,0,0,0,1,0,0,0,0,0,0,1,0,false,false,false,ModifierNotCompiled,0,0,0,0,0,0,0,0,ModifierNotCompiled,0,0,0,0,FootPlacementEffectorTarget,FootGrounding,true,0,false,-0.009464314,1,6.668323,0.1016997,-98078,-0.2735419,1.2,2.560812,0,1,0,0.008077502,0,0.008077502,0,-0.2735419,1.435212,2.560812,-0.2778065,1.354438,2.554163,-0.2960913,1.348729,2.631899,0.1544383,0.148729,0,1,1,1,1,-0.1069225,-0.1125555,0.03617352,0,0.03617352,-1.678838,-0.1125555,true,0,1,0,2.951901E-19,1,-2.939765E-14,-1.443634E-17,2.637557E-17,1.435806E-12,0,1,0,true,-0.02256879,0.1282898,-0.2648375,-0.02256879,0.1282898,-0.2648375,-0.02256879,0.1282898,-0.2648375,-0.0225688,0.1282898,-0.2648377,1.193402E-07,0
2133,213,2133,1,2134,0,2134,false,rootmotion.finalik.full-body-biped-ik/indexed-pose-backend,None,true,true,1,lyra-5.7/ABP_Mannequin_Base/CR_Mannequin_FootPlant,unreal-engine-5.7/SpringInterpV2/FMath.SpringDamper,corin.animation-rig,87731f0d0ca14844bbf861368b9847b3,corin.foot-placement,6d6118d2f41a5948ddd18dc6d88083c8c5bf77a4682a4ec3fce5d2ec6af01624,298b6781705cafb383942fcc3f3b1f6e0800ead13829aedd29916feeb5d1f702,Corin.FootPlacementRig,2997edf1c34f13f7e2a3033372226eb399379f30c4303fddfe3e97ec1e4bf38d,0,-192572,-0.1611516,-0.02887595,-0.01456414,-1.495568,-0.1611516,true,0,-0.02887595,0,1,PelvisPreSolveTranslation,FootGrounding,ModifierNotCompiled,-1,-1,-1,0,,,true,-98088,Sphere,CurrentGrounding,0,-0.3711476,2.135493,2.895081,0,0,0,0,-1,0,0.05,1,4608,0.5735765,-0.3711476,1.44,2.895081,-0.3711476,1.44,2.895081,0,1,0,0.6454929,Swing,None,false,0,0,0,0,0,0,1,0,0,0,0,0,0,1,0,false,false,false,ModifierNotCompiled,0,0,0,0,0,0,0,0,ModifierNotCompiled,0,0,0,0,FootPlacementEffectorTarget,FootGrounding,true,0,false,0.18282,1,6.711541,0.1374228,-98088,-0.3711476,1.44,2.895081,0,1,0,0,0,0,0,-0.3711476,1.658681,2.895081,-0.3750985,1.635264,2.817389,-0.3803072,1.565711,2.838696,0.1952643,0.1257112,0,1,1,1,1,0.07884848,0.09341262,0.03775288,0,0.03775288,0.5116702,0.09341262,true,0,1,0,5.029754E-18,0.9999983,-0.001843291,-2.4518E-16,0.025756,0.08175038,0,1,0,true,-0.06296091,0.2975298,-0.03658731,-0.06296091,0.2975298,-0.03658731,-0.06296091,0.2975298,-0.03658731,-0.06296088,0.2975298,-0.03658733,4.770699E-08,0,true,-98078,Sphere,CurrentGrounding,1,-0.3050473,1.983416,2.565732,0,0,0,0,-1,0,0.05,1,4608,0.5735765,-0.3050473,1.2,2.565732,-0.3050473,1.2,2.565732,0,1,0,0.7334164,Swing,None,false,0,0,0,0,0,0,1,0,0,0,0,0,0,1,0,false,false,false,ModifierNotCompiled,0,0,0,0,0,0,0,0,ModifierNotCompiled,0,0,0,0,FootPlacementEffectorTarget,FootGrounding,true,0,false,0.01602393,1,6.928504,0.1943654,-98078,-0.3050473,1.2,2.565732,0,1,0,0,0,0,0,-0.3050473,1.470899,2.565732,-0.3179016,1.398334,2.531734,-0.3223746,1.365363,2.604883,0.1983336,0.1653626,0,1,1,1,1,-0.1611516,-0.1465875,0.002046827,0,0.002046827,-1.651782,-0.1465875,true,0,1,0,1.092167E-19,1,-1.089063E-14,-5.345268E-18,-2.186703E-19,5.323448E-13,0,1,0,true,-0.009348569,0.1097474,-0.3681986,-0.009348569,0.1097474,-0.3681986,-0.009348569,0.1097474,-0.3681986,-0.009348564,0.1097474,-0.3681986,5.9866E-08,0
2134,214,2134,1,2135,0,2135,false,rootmotion.finalik.full-body-biped-ik/indexed-pose-backend,None,true,true,1,lyra-5.7/ABP_Mannequin_Base/CR_Mannequin_FootPlant,unreal-engine-5.7/SpringInterpV2/FMath.SpringDamper,corin.animation-rig,87731f0d0ca14844bbf861368b9847b3,corin.foot-placement,6d6118d2f41a5948ddd18dc6d88083c8c5bf77a4682a4ec3fce5d2ec6af01624,298b6781705cafb383942fcc3f3b1f6e0800ead13829aedd29916feeb5d1f702,Corin.FootPlacementRig,2997edf1c34f13f7e2a3033372226eb399379f30c4303fddfe3e97ec1e4bf38d,0,-192572,-0.005312204,-0.05947691,-0.03205013,0.2481903,-0.005312204,true,0,-0.05947691,0,1,PelvisPreSolveTranslation,FootGrounding,ModifierNotCompiled,-1,-1,-1,0,,,true,-98098,Sphere,CurrentGrounding,0,-0.4825437,2.139657,3.172866,0,0,0,0,-1,0,0.05,1,4608,0.5735765,-0.4825437,1.68,3.175,-0.4825437,1.68,3.175,0,0.9990892,-0.04266981,0.4097022,Swing,None,false,0,0,0,0,0,0,1,0,0,0,0,0,0,1,0,false,false,false,ModifierNotCompiled,0,0,0,0,0,0,0,0,ModifierNotCompiled,0,0,0,0,FootPlacementEffectorTarget,FootGrounding,true,0,false,0.08878794,1,3.988051,0.1269453,-98098,-0.4825437,1.68,3.175,0,0.9990892,-0.04266981,0,0,0,0,-0.4825437,1.787028,3.172866,-0.4761879,1.717887,3.130686,-0.5008516,1.680568,3.188288,0.03974298,3.095878E-08,0,1,1,1,1,0.2346879,0.2667381,0.08919445,0.09022689,0.1794213,1.896888,0.2667381,true,0,0.9990892,-0.04266981,8.588304E-19,0.9997314,-0.02317857,-4.194226E-17,-0.008753161,-0.6348901,0,0.9990892,-0.04266981,true,-0.04901823,0.3417156,0.0907248,-0.04901823,0.3417156,0.0907248,-0.04901823,0.3417156,0.0907248,-0.04901821,0.3417156,0.09072478,2.686345E-08,0,true,-98088,Sphere,CurrentGrounding,1,-0.239856,2.157274,2.665049,0,0,0,0,-1,0,0.05,1,4608,0.5735765,-0.239856,1.44,2.695,-0.239856,1.44,2.695,0,0.8007296,-0.5990261,0.6772377,Swing,None,false,0,0,0,0,0,0,1,0,0,0,0,0,0,1,0,false,false,false,ModifierNotCompiled,0,0,0,0,0,0,0,0,ModifierNotCompiled,0,0,0,0,FootPlacementEffectorTarget,FootGrounding,true,0,false,0.1187371,1,4.120846,0.1897128,-98088,-0.239856,1.44,2.695,0,0.8007296,-0.5990261,0,0,0,0,-0.239856,1.609757,2.665049,-0.2229941,1.566267,2.598632,-0.2406278,1.49907,2.634769,0.1588325,0.08337906,0,1,1,1,1,-0.005312204,0.02673793,-0.0154673,0,-0.0154673,0.3525121,0.02673793,true,0,0.8007296,-0.5990261,1.953639E-20,0.9413809,-0.3373457,-9.086604E-19,-3.042126,-9.144924,0,0.8007296,-0.5990261,true,0.01061476,0.1644446,-0.4689359,0.01061476,0.1644446,-0.4689359,0.01061476,0.1644446,-0.4689359,0.01061475,0.1644446,-0.4689359,1.862645E-08,0
2135,215,2135,1,2136,0,2136,false,rootmotion.finalik.full-body-biped-ik/indexed-pose-backend,None,true,true,1,lyra-5.7/ABP_Mannequin_Base/CR_Mannequin_FootPlant,unreal-engine-5.7/SpringInterpV2/FMath.SpringDamper,corin.animation-rig,87731f0d0ca14844bbf861368b9847b3,corin.foot-placement,6d6118d2f41a5948ddd18dc6d88083c8c5bf77a4682a4ec3fce5d2ec6af01624,298b6781705cafb383942fcc3f3b1f6e0800ead13829aedd29916feeb5d1f702,Corin.FootPlacementRig,2997edf1c34f13f7e2a3033372226eb399379f30c4303fddfe3e97ec1e4bf38d,0,-192572,-0.09343255,-0.04189005,-0.04189005,-0.5683013,-0.09343255,true,0,-0.04189005,0,1,PelvisPreSolveTranslation,FootGrounding,ModifierNotCompiled,-1,-1,-1,0,,,true,-98098,Sphere,CurrentGrounding,0,-0.67907,2.198514,3.434118,0,0,0,0,-1,0,0.05,1,4608,0.5735765,-0.67907,1.68,3.434118,-0.67907,1.68,3.434118,0,1,0,0.4685143,Swing,None,false,0,0,0,0,0,0,1,0,0,0,0,0,0,1,0,false,false,false,ModifierNotCompiled,0,0,0,0,0,0,0,0,ModifierNotCompiled,0,0,0,0,FootPlacementEffectorTarget,FootGrounding,true,0,false,0.06246752,1,3.204835,0.06997752,-98098,-0.67907,1.68,3.434118,0,1,0,0,0,0,0,-0.67907,1.870899,3.434118,-0.6693287,1.7963,3.403457,-0.7065399,1.768426,3.459654,0.1162996,0.08842587,0,1,1,1,1,0.1465673,0.1884574,0.2142748,0,0.2142748,0.1749612,0.1884574,true,0,1,0,1.351294E-19,0.9999023,-0.01398008,-6.610005E-18,0.0101268,0.4342469,0,1,0,true,-0.042478,0.3374664,0.2082645,-0.042478,0.3374664,0.2082645,-0.042478,0.3374664,0.2082645,-0.04247801,0.3374664,0.2082645,5.424105E-08,0,true,-98088,Sphere,CurrentGrounding,1,-0.2482016,2.347065,2.834094,0,0,0,0,-1,0,0.05,1,4608,0.5735765,-0.2482016,1.44,2.834094,-0.2482016,1.44,2.834094,0,1,0,0.8570647,Swing,None,false,0,0,0,0,0,0,1,0,0,0,0,0,0,1,0,false,false,false,ModifierNotCompiled,0,0,0,0,0,0,0,0,ModifierNotCompiled,0,0,0,0,FootPlacementEffectorTarget,FootGrounding,true,0,false,0.2335367,1,3.232021,0.3647738,-98088,-0.2482016,1.44,2.834094,0,1,0,0,0,0,0,-0.2482016,1.786111,2.834094,-0.2115843,1.766983,2.764236,-0.2299175,1.691288,2.772084,0.3269825,0.2512877,0,1,1,1,1,-0.09343255,-0.05154249,-0.01906336,0,-0.01906336,-0.3810337,-0.05154249,true,0,1,0,3.037444E-21,0.9788725,-0.2044717,-1.42353E-19,2.014045,6.054411,0,1,0,true,-0.001388242,0.2526788,-0.5292911,-0.001388242,0.2526788,-0.5292911,-0.001388242,0.2526788,-0.5292911,-0.001388196,0.2526788,-0.529291,7.513913E-08,0
2136,216,2136,1,2137,0,2137,false,rootmotion.finalik.full-body-biped-ik/indexed-pose-backend,None,true,true,1,lyra-5.7/ABP_Mannequin_Base/CR_Mannequin_FootPlant,unreal-engine-5.7/SpringInterpV2/FMath.SpringDamper,corin.animation-rig,87731f0d0ca14844bbf861368b9847b3,corin.foot-placement,6d6118d2f41a5948ddd18dc6d88083c8c5bf77a4682a4ec3fce5d2ec6af01624,298b6781705cafb383942fcc3f3b1f6e0800ead13829aedd29916feeb5d1f702,Corin.FootPlacementRig,2997edf1c34f13f7e2a3033372226eb399379f30c4303fddfe3e97ec1e4bf38d,0,-192572,0,-0.0411607,-0.0411607,0.4128813,0,true,0,-0.0411607,0,1,PelvisPreSolveTranslation,FootGrounding,ModifierNotCompiled,-1,-1,-1,0,,,true,-98108,Sphere,CurrentGrounding,0,-0.7698412,2.277187,3.739492,0,0,0,0,-1,0,0.05,1,4608,0.5735765,-0.7698412,1.92,3.739492,-0.7698412,1.92,3.739492,0,1,0,0.3071873,Swing,None,false,0,0,0,0,0,0,1,0,0,0,0,0,0,1,0,false,false,false,ModifierNotCompiled,0,0,0,0,0,0,0,0,ModifierNotCompiled,0,0,0,0,FootPlacementEffectorTarget,FootGrounding,true,0.4711913,false,0.05254111,1,3.607891,0.2306182,-98108,-0.7698412,1.92,3.739492,0,1,0,0,0,0,0,-0.7698412,2.017385,3.739492,-0.7672877,1.93924,3.717429,-0.7931604,1.92,3.782859,0.01923943,0,0,1,1,1,1,0.2931484,0.3343091,0.2441898,0.03716874,0.2813586,1.163167,0.3343091,true,0,1,0,2.241131E-20,0.9999927,-0.00381234,-1.097878E-18,0.003343282,0.149257,0,1,0,true,-0.02998867,0.3905336,0.3083777,-0.02998867,0.3905336,0.3083777,-0.02998867,0.3905336,0.3083777,-0.02998868,0.3905336,0.3083778,1.337478E-07,0,false,0,Sphere,CurrentGrounding,1,-0.4084363,2.548739,2.968646,0,0,0,0,-1,0,0.05,1,4608,0.5735765,0,0,0,0,0,0,0,1,0,0,Swing,None,false,0,0,0,0,0,0,1,0,0,0,0,0,0,1,0,false,false,false,ModifierNotCompiled,0,0,0,0,0,0,0,0,ModifierNotCompiled,0,0,0,0,FootPlacementEffectorTarget,FootGrounding,true,0,false,0.3519119,1,2.841664,Infinity,0,0,0,0,0,0,0,0,0,0,0,-0.4084363,1.995307,2.968646,-0.3816803,1.995373,2.892024,-0.402571,1.920792,2.881544,0,0,0,1,1,1,1,0,0.0411607,-0.01227139,0,-0.01227139,0.5466582,0.0411607,true,0,1,0,4.868257E-22,0.9985282,-0.05423506,-2.35212E-20,0.6944746,2.087658,0,1,0,true,-0.01112831,0.3684554,-0.5427756,-0.01112831,0.3684554,-0.5427756,-0.01112831,0.3684554,-0.5427756,-0.01112831,0.3684555,-0.5427757,1.3328E-07,0
2137,217,2137,1,2138,0,2138,false,rootmotion.finalik.full-body-biped-ik/indexed-pose-backend,None,true,true,1,lyra-5.7/ABP_Mannequin_Base/CR_Mannequin_FootPlant,unreal-engine-5.7/SpringInterpV2/FMath.SpringDamper,corin.animation-rig,87731f0d0ca14844bbf861368b9847b3,corin.foot-placement,6d6118d2f41a5948ddd18dc6d88083c8c5bf77a4682a4ec3fce5d2ec6af01624,298b6781705cafb383942fcc3f3b1f6e0800ead13829aedd29916feeb5d1f702,Corin.FootPlacementRig,2997edf1c34f13f7e2a3033372226eb399379f30c4303fddfe3e97ec1e4bf38d,0,-192572,-0.05383766,-0.03867507,-0.03867507,-0.1715451,-0.05383766,true,0,-0.03867507,0,1,PelvisPreSolveTranslation,FootGrounding,ModifierNotCompiled,-1,-1,-1,0,,,true,-98108,Sphere,CurrentGrounding,0,-0.8431604,2.332219,4.029937,0,0,0,0,-1,0,0.05,1,4608,0.5735765,-0.8431604,1.92,4.029937,-0.8431604,1.92,4.029937,0,1,0,0.3622186,Swing,None,false,0,0,0,0,0,0,1,0,0,0,0,0,0,1,0,false,false,false,ModifierNotCompiled,0,0,0,0,0,0,0,0,ModifierNotCompiled,0,0,0,0,FootPlacementEffectorTarget,FootGrounding,true,0,false,0.02822575,1,1.617523,0.1343486,-98108,-0.8431604,1.92,4.029937,0,1,0,0,0,0,0,-0.8431604,2.082545,4.029937,-0.8452942,2.015846,4.076269,-0.8669796,2.056111,4.133103,0.0958457,0.1361105,0,1,1,1,1,0.1861625,0.2248375,0.2890017,0,0.2890017,-0.4595674,0.2248375,true,0,1,0,3.046149E-21,0.9999998,-0.0007242533,-1.494329E-19,0.0006843676,0.03094336,0,1,0,true,-0.009392867,0.3487077,0.3717026,-0.009392867,0.3487077,0.3717026,-0.009392867,0.3487077,0.3717026,-0.009392928,0.3487075,0.3717027,1.843266E-07,0,true,-98098,Sphere,CurrentGrounding,1,-0.5365241,2.729259,3.249364,0,0,0,0,-1,0,0.05,1,4608,0.5735765,-0.5365241,1.68,3.249364,-0.5365241,1.68,3.249364,0,1,0,0.9992596,Swing,None,false,0,0,0,0,0,0,1,0,0,0,0,0,0,1,0,false,false,false,ModifierNotCompiled,0,0,0,0,0,0,0,0,ModifierNotCompiled,0,0,0,0,FootPlacementEffectorTarget,FootGrounding,true,0,false,0.4421286,1,2.553116,0.5351189,-98098,-0.5365241,1.68,3.249364,0,1,0,0,0,0,0,-0.5365241,2.184925,3.249364,-0.5131843,2.207748,3.17506,-0.5211346,2.132047,3.149612,0.5277482,0.4520468,0,1,1,1,1,-0.05383766,-0.01516259,-0.005659861,0,-0.005659861,-0.1042321,-0.01516259,true,0,1,0,6.498304E-23,0.9999482,-0.01017674,-3.184582E-21,0.1441229,0.4332487,0,1,0,true,0.003545052,0.451087,-0.4668393,0.003545052,0.451087,-0.4668393,0.003545052,0.451087,-0.4668393,0.003545098,0.4510871,-0.4668392,9.585386E-08,0
2138,218,2138,1,2139,0,2139,false,rootmotion.finalik.full-body-biped-ik/indexed-pose-backend,None,true,true,1,lyra-5.7/ABP_Mannequin_Base/CR_Mannequin_FootPlant,unreal-engine-5.7/SpringInterpV2/FMath.SpringDamper,corin.animation-rig,87731f0d0ca14844bbf861368b9847b3,corin.foot-placement,6d6118d2f41a5948ddd18dc6d88083c8c5bf77a4682a4ec3fce5d2ec6af01624,298b6781705cafb383942fcc3f3b1f6e0800ead13829aedd29916feeb5d1f702,Corin.FootPlacementRig,2997edf1c34f13f7e2a3033372226eb399379f30c4303fddfe3e97ec1e4bf38d,0,-192572,0.02581847,-0.02580962,-0.02580962,0.5746547,0.02581847,true,0,-0.02580962,0,1,PelvisPreSolveTranslation,FootGrounding,ModifierNotCompiled,-1,-1,-1,0,,,true,-98108,Sphere,CurrentGrounding,0,-0.7806726,2.237633,3.641857,0,0,0,0,-1,0,0.05,1,4608,0.5735765,-0.7806726,1.92,3.655,-0.7806726,1.92,3.655,0,0.9648328,-0.2628644,0.2693919,Swing,None,false,0,0,0,0,0,0,1,0,0,0,0,0,0,1,0,false,false,false,ModifierNotCompiled,0,0,0,0,0,0,0,0,ModifierNotCompiled,0,0,0,0,FootPlacementEffectorTarget,FootGrounding,true,1,false,-0.001555235,1,6.437026,0.2593172,-98108,-0.7806726,1.92,3.655,0,0.9648328,-0.2628644,0.001598328,0,0.001598328,0,-0.7806726,2.010287,3.641857,-0.7769659,1.929696,3.651417,-0.823559,1.934267,3.707368,0.01029685,-8.065398E-08,8.065398E-08,1,1,1,1,0.2658186,0.2932265,0.2855531,0.01291013,0.2984632,0.166127,0.2932265,true,0,0.9648328,-0.2628644,4.041615E-22,0.987141,-0.1598519,-1.968373E-20,-0.481515,-3.594705,0,0.9648328,-0.2628644,true,0.001698337,0.3561057,0.170955,0.001698337,0.3561057,0.170955,0.001698337,0.3561057,0.170955,0.001698303,0.3561057,0.170955,8.733105E-08,0,true,-98098,Sphere,CurrentGrounding,1,-0.3641086,2.651493,3.296192,0,0,0,0,-1,0,0.05,1,4608,0.5735765,-0.3641086,1.68,3.296192,-0.3641086,1.68,3.296192,0,1,0,0.9214935,Swing,None,false,0,0,0,0,0,0,1,0,0,0,0,0,0,1,0,false,false,false,ModifierNotCompiled,0,0,0,0,0,0,0,0,ModifierNotCompiled,0,0,0,0,FootPlacementEffectorTarget,FootGrounding,true,0,false,0.4576616,1,3.459955,0.4697909,-98098,-0.3641086,1.68,3.296192,0,1,0,0,0,0,0,-0.3641086,2.13216,3.296192,-0.3127558,2.166313,3.243434,-0.2849135,2.09439,3.22293,0.4863131,0.4143901,0,1,1,1,1,0.02581847,0.05162809,0.006476384,0,0.006476384,0.5056123,0.05162809,true,0,1,0,8.486068E-24,0.9999986,-0.001684081,-4.174461E-22,0.0249588,0.07502916,0,1,0,true,0.03022637,0.4779788,-0.3695965,0.03022637,0.4779788,-0.3695965,0.03022637,0.4779788,-0.3695965,0.03022639,0.4779788,-0.3695967,1.209573E-07,0
2139,219,2139,1,2140,0,2140,false,rootmotion.finalik.full-body-biped-ik/indexed-pose-backend,None,true,true,1,lyra-5.7/ABP_Mannequin_Base/CR_Mannequin_FootPlant,unreal-engine-5.7/SpringInterpV2/FMath.SpringDamper,corin.animation-rig,87731f0d0ca14844bbf861368b9847b3,corin.foot-placement,6d6118d2f41a5948ddd18dc6d88083c8c5bf77a4682a4ec3fce5d2ec6af01624,298b6781705cafb383942fcc3f3b1f6e0800ead13829aedd29916feeb5d1f702,Corin.FootPlacementRig,2997edf1c34f13f7e2a3033372226eb399379f30c4303fddfe3e97ec1e4bf38d,0,-192572,0.1189201,0.009163706,0.009163706,1.204804,0.1189201,true,0,0.009163706,0,1,PelvisPreSolveTranslation,FootGrounding,ModifierNotCompiled,-1,-1,-1,0,,,true,-98098,Sphere,CurrentGrounding,0,-0.5608931,2.145152,3.343089,0,0,0,0,-1,0,0.05,1,4608,0.5735765,-0.5608931,1.68,3.343089,-0.5608931,1.68,3.343089,0,1,0,0.4151517,Swing,None,false,0,0,0,0,0,0,1,0,0,0,0,0,0,1,0,false,false,false,ModifierNotCompiled,0,0,0,0,0,0,0,0,ModifierNotCompiled,0,0,0,0,FootPlacementEffectorTarget,FootGrounding,true,0.8251782,false,0.001707953,1,5.883732,0.1150855,-98098,-0.5608931,1.68,3.343089,0,1,0,0,0,0,0,-0.5608931,1.921028,3.343089,-0.5655963,1.839925,3.342648,-0.6322365,1.84371,3.372035,0.1599247,0.1637102,0,1,1,1,1,0.1189201,0.1097564,0.2667127,0,0.2667127,-1.565831,0.1097564,true,0,1,0,7.253265E-23,0.9950141,-0.0997344,-3.536361E-21,0.3983611,2.978578,0,1,0,true,0.01888404,0.359948,-0.04136055,0.01888404,0.359948,-0.04136055,0.01888404,0.359948,-0.04136055,0.01888402,0.3599481,-0.04136065,1.356154E-07,0,true,-98098,Sphere,CurrentGrounding,1,-0.3500752,2.507226,3.322728,0,0,0,0,-1,0,0.05,1,4608,0.5735765,-0.3500752,1.68,3.322728,-0.3500752,1.68,3.322728,0,1,0,0.7772266,Swing,None,false,0,0,0,0,0,0,1,0,0,0,0,0,0,1,0,false,false,false,ModifierNotCompiled,0,0,0,0,0,0,0,0,ModifierNotCompiled,0,0,0,0,FootPlacementEffectorTarget,FootGrounding,true,0,false,0.3823745,1,4.614387,0.3031658,-98098,-0.3500752,1.68,3.322728,0,1,0,0,0,0,0,-0.3500752,2.049126,3.322728,-0.2734761,2.063268,3.299937,-0.2546899,1.986863,3.313486,0.3832682,0.3068626,0,1,1,1,1,0.1189201,0.1097564,0.03273589,0,0.03273589,0.8537402,0.1097564,true,0,1,0,1.51715E-24,0.9999999,-0.0003494676,-7.472201E-23,0.005294071,0.0159136,0,1,0,true,0.06049221,0.4880463,-0.2490321,0.06049221,0.4880463,-0.2490321,0.06049221,0.4880463,-0.2490321,0.06049223,0.4880464,-0.2490321,1.256147E-07,0
2140,220,2140,1,2141,0,2141,false,rootmotion.finalik.full-body-biped-ik/indexed-pose-backend,None,true,true,1,lyra-5.7/ABP_Mannequin_Base/CR_Mannequin_FootPlant,unreal-engine-5.7/SpringInterpV2/FMath.SpringDamper,corin.animation-rig,87731f0d0ca14844bbf861368b9847b3,corin.foot-placement,6d6118d2f41a5948ddd18dc6d88083c8c5bf77a4682a4ec3fce5d2ec6af01624,298b6781705cafb383942fcc3f3b1f6e0800ead13829aedd29916feeb5d1f702,Corin.FootPlacementRig,2997edf1c34f13f7e2a3033372226eb399379f30c4303fddfe3e97ec1e4bf38d,0,-192572,0.206858,0.05907538,0.05907538,1.628831,0.206858,true,0,0.05907538,0,1,PelvisPreSolveTranslation,FootGrounding,ModifierNotCompiled,-1,-1,-1,0,,,true,-98098,Sphere,CurrentGrounding,0,-0.3202927,2.048054,3.220809,0,0,0,0,-1,0,0.05,1,4608,0.5735765,-0.3202927,1.68,3.220809,-0.3202927,1.68,3.220809,0,1,0,0.3180538,Swing,None,false,0,0,0,0,0,0,1,0,0,0,0,0,0,1,0,false,false,false,ModifierNotCompiled,0,0,0,0,0,0,0,0,ModifierNotCompiled,0,0,0,0,FootPlacementEffectorTarget,FootGrounding,true,0.04198507,false,-0.006167244,1,6.526291,0.2154893,-98098,-0.3202927,1.68,3.220809,0,1,0,0.01134872,0,0.01134872,0,-0.3202927,1.835914,3.220809,-0.3142302,1.754953,3.217868,-0.3868175,1.749568,3.219499,0.07495308,0.06956756,0,1,1,1,1,0.206858,0.1591314,0.2287847,0,0.2287847,-0.779793,0.1591314,true,0,1,0,1.43521E-23,0.999491,-0.03190047,-7.035094E-22,0.16258,1.215449,0,1,0,true,0.0289101,0.3627719,-0.2542094,0.0289101,0.3627719,-0.2542094,0.0289101,0.3627719,-0.2542094,0.02891011,0.3627719,-0.2542094,3.122362E-08,0,true,-98098,Sphere,CurrentGrounding,1,-0.4286289,2.332367,3.247454,0,0,0,0,-1,0,0.05,1,4608,0.5735765,-0.4286289,1.68,3.247454,-0.4286289,1.68,3.247454,0,1,0,0.6023668,Swing,None,false,0,0,0,0,0,0,1,0,0,0,0,0,0,1,0,false,false,false,ModifierNotCompiled,0,0,0,0,0,0,0,0,ModifierNotCompiled,0,0,0,0,FootPlacementEffectorTarget,FootGrounding,true,0,false,0.2670077,1,5.500754,0.09927404,-98098,-0.4286289,1.68,3.247454,0,1,0,0,0,0,0,-0.4286289,1.955265,3.247454,-0.3508785,1.940149,3.265153,-0.3688338,1.864195,3.281971,0.2601492,0.1841947,0,1,1,1,1,0.206858,0.1477827,0.06382262,0,0.06382262,0.941713,0.1477827,true,0,1,0,3.006242E-25,1,-7.759933E-05,-1.481747E-23,0.001192066,0.003584091,0,1,0,true,0.06913951,0.4821228,-0.1501502,0.06913951,0.4821228,-0.1501502,0.06913951,0.4821228,-0.1501502,0.06913951,0.4821228,-0.1501503,6.664002E-08,0
2141,221,2141,1,2142,0,2142,false,rootmotion.finalik.full-body-biped-ik/indexed-pose-backend,None,true,true,1,lyra-5.7/ABP_Mannequin_Base/CR_Mannequin_FootPlant,unreal-engine-5.7/SpringInterpV2/FMath.SpringDamper,corin.animation-rig,87731f0d0ca14844bbf861368b9847b3,corin.foot-placement,6d6118d2f41a5948ddd18dc6d88083c8c5bf77a4682a4ec3fce5d2ec6af01624,298b6781705cafb383942fcc3f3b1f6e0800ead13829aedd29916feeb5d1f702,Corin.FootPlacementRig,2997edf1c34f13f7e2a3033372226eb399379f30c4303fddfe3e97ec1e4bf38d,0,-192572,0.05430377,0.07939,0.07939,-0.12878,0.05430377,true,0,0.07939,0,1,PelvisPreSolveTranslation,FootGrounding,ModifierNotCompiled,-1,-1,-1,0,,,true,-98098,Sphere,CurrentGrounding,0,-0.2061055,2.017843,3.192879,0,0,0,0,-1,0,0.05,1,4608,0.5735765,-0.2061055,1.68,3.192879,-0.2061055,1.68,3.192879,0,1,0,0.2878436,Swing,None,false,0,0,0,0,0,0,1,0,0,0,0,0,0,1,0,false,false,false,ModifierNotCompiled,0,0,0,0,0,0,0,0,ModifierNotCompiled,0,0,0,0,FootPlacementEffectorTarget,FootGrounding,true,0,false,0.02744911,1,6.14853,0.248335,-98098,-0.2061055,1.68,3.192879,0,1,0,0,0,0,0,-0.2061055,1.813456,3.192879,-0.1626732,1.749357,3.217477,-0.2154822,1.705431,3.19576,0.06935716,0.02543068,0,1,1,1,1,0.2943037,0.2149137,0.2162228,0,0.2162228,-0.08126271,0.2149137,true,0,1,0,2.895205E-24,0.9999622,-0.008692741,-1.423948E-22,0.04839854,0.3618141,0,1,0,true,0.00619688,0.42776,-0.3941654,0.00619688,0.42776,-0.3941654,0.00619688,0.42776,-0.3941654,0.006196868,0.42776,-0.3941655,9.0223E-08,0,true,-98088,Sphere,CurrentGrounding,1,-0.5756781,2.13956,3.029182,0,0,0,0,-1,0,0.05,1,4608,0.5735765,-0.5756781,1.44,3.029182,-0.5756781,1.44,3.029182,0,1,0,0.6495602,Swing,None,false,0,0,0,0,0,0,1,0,0,0,0,0,0,1,0,false,false,false,ModifierNotCompiled,0,0,0,0,0,0,0,0,ModifierNotCompiled,0,0,0,0,FootPlacementEffectorTarget,FootGrounding,true,0,false,0.1492879,1,6.796693,0.1275403,-98088,-0.5756781,1.44,3.029182,0,1,0,0,0,0,0,-0.5756781,1.779935,3.029182,-0.5213871,1.742524,3.076508,-0.5600824,1.673308,3.067232,0.3025241,0.2333075,0,1,1,1,1,0.05430377,-0.02508623,0.0609854,0,0.0609854,-0.8091999,-0.02508623,true,0,1,0,6.06306E-26,1,-1.720908E-05,-2.990334E-24,0.000267146,0.0008032069,0,1,0,true,0.05750105,0.3942392,0.006769309,0.05750105,0.3942392,0.006769309,0.05750105,0.3942392,0.006769309,0.05750107,0.3942392,0.00676924,7.184023E-08,0
2142,222,2142,1,2143,0,2143,false,rootmotion.finalik.full-body-biped-ik/indexed-pose-backend,None,true,true,1,lyra-5.7/ABP_Mannequin_Base/CR_Mannequin_FootPlant,unreal-engine-5.7/SpringInterpV2/FMath.SpringDamper,corin.animation-rig,87731f0d0ca14844bbf861368b9847b3,corin.foot-placement,6d6118d2f41a5948ddd18dc6d88083c8c5bf77a4682a4ec3fce5d2ec6af01624,298b6781705cafb383942fcc3f3b1f6e0800ead13829aedd29916feeb5d1f702,Corin.FootPlacementRig,2997edf1c34f13f7e2a3033372226eb399379f30c4303fddfe3e97ec1e4bf38d,0,-192572,0.1257505,0.08483094,0.08483094,0.4473197,0.1257505,true,0,0.08483094,0,1,PelvisPreSolveTranslation,FootGrounding,ModifierNotCompiled,-1,-1,-1,0,,,true,-98098,Sphere,CurrentGrounding,0,-0.2188306,2.022312,3.200262,0,0,0,0,-1,0,0.05,1,4608,0.5735765,-0.2188306,1.68,3.200262,-0.2188306,1.68,3.200262,0,1,0,0.2923118,Swing,None,false,0,0,0,0,0,0,1,0,0,0,0,0,0,1,0,false,false,false,ModifierNotCompiled,0,0,0,0,0,0,0,0,ModifierNotCompiled,0,0,0,0,FootPlacementEffectorTarget,FootGrounding,true,0,false,0.1184959,1,4.710347,0.2129679,-98098,-0.2188306,1.68,3.200262,0,1,0,0,0,0,0,-0.2188306,1.830539,3.200262,-0.1719217,1.809185,3.263059,-0.1901917,1.741657,3.252996,0.1291846,0.06165683,0,1,1,1,1,0.3657504,0.2809195,0.2233967,0,0.2233967,0.5227431,0.2809195,true,0,1,0,7.75906E-25,0.9999961,-0.002792102,-3.821164E-23,0.01616151,0.1208155,0,1,0,true,-0.005767538,0.5162897,-0.471688,-0.005767538,0.5162897,-0.471688,-0.005767538,0.5162897,-0.471688,-0.005767569,0.5162898,-0.4716882,1.93287E-07,0,true,-98088,Sphere,CurrentGrounding,1,-0.6507509,2.01083,2.757301,0,0,0,0,-1,0,0.05,1,4608,0.5735765,-0.6507509,1.44,2.757301,-0.6507509,1.44,2.757301,0,1,0,0.5208302,Swing,None,false,0,0,0,0,0,0,1,0,0,0,0,0,0,1,0,false,false,false,ModifierNotCompiled,0,0,0,0,0,0,0,0,ModifierNotCompiled,0,0,0,0,FootPlacementEffectorTarget,FootGrounding,true,0,false,0.08514109,1,5.409674,0.01392698,-98088,-0.6507509,1.44,2.757301,0,1,0,0,0,0,0,-0.6507509,1.645227,2.757301,-0.6245663,1.588276,2.808856,-0.6662393,1.532663,2.769551,0.1482762,0.09266281,0,1,1,1,1,0.1257505,0.0409196,0.04956565,0,0.04956565,-0.1213696,0.0409196,true,0,1,0,1.622582E-26,1,-4.9259E-06,-8.006504E-25,7.69579E-05,0.0002314713,0,1,0,true,0.04672871,0.3309772,0.1447644,0.04672871,0.3309772,0.1447644,0.04672871,0.3309772,0.1447644,0.0467287,0.3309772,0.1447644,1.862645E-08,0
2143,223,2143,1,2144,0,2144,false,rootmotion.finalik.full-body-biped-ik/indexed-pose-backend,None,true,true,1,lyra-5.7/ABP_Mannequin_Base/CR_Mannequin_FootPlant,unreal-engine-5.7/SpringInterpV2/FMath.SpringDamper,corin.animation-rig,87731f0d0ca14844bbf861368b9847b3,corin.foot-placement,6d6118d2f41a5948ddd18dc6d88083c8c5bf77a4682a4ec3fce5d2ec6af01624,298b6781705cafb383942fcc3f3b1f6e0800ead13829aedd29916feeb5d1f702,Corin.FootPlacementRig,2997edf1c34f13f7e2a3033372226eb399379f30c4303fddfe3e97ec1e4bf38d,0,-192572,-0.04193449,0.07323255,0.07323255,-1.075369,-0.04193449,true,0,0.07323255,0,1,PelvisPreSolveTranslation,FootGrounding,ModifierNotCompiled,-1,-1,-1,0,,,true,-98098,Sphere,CurrentGrounding,0,-0.328397,2.019542,3.176961,0,0,0,0,-1,0,0.05,1,4608,0.5735765,-0.328397,1.68,3.176961,-0.328397,1.68,3.176961,0,1,0,0.2895424,Swing,None,false,0,0,0,0,0,0,1,0,0,0,0,0,0,1,0,false,false,false,ModifierNotCompiled,0,0,0,0,0,0,0,0,ModifierNotCompiled,0,0,0,0,FootPlacementEffectorTarget,FootGrounding,true,0,false,0.1964879,1,3.18291,0.2062097,-98098,-0.328397,1.68,3.176961,0,1,0,0,0,0,0,-0.328397,1.840599,3.176961,-0.3038702,1.829268,3.253579,-0.3206158,1.760425,3.248314,0.1492685,0.08042514,0,1,1,1,1,0.4380655,0.364833,0.247824,0,0.247824,1.158606,0.364833,true,0,1,0,2.05427E-25,0.9999996,-0.0008563177,-1.012484E-23,0.00508548,0.03801635,0,1,0,true,-0.006735821,0.5986645,-0.5160857,-0.006735821,0.5986645,-0.5160857,-0.006735821,0.5986645,-0.5160857,-0.006735886,0.5986646,-0.5160858,1.485751E-07,0,true,-98078,Sphere,CurrentGrounding,1,-0.6309209,1.916872,2.49131,0,0,0,0,-1,0,0.05,1,4608,0.5735765,-0.6309209,1.2,2.49131,-0.6309209,1.2,2.49131,0,1,0,0.6668724,Swing,None,false,0,0,0,0,0,0,1,0,0,0,0,0,0,1,0,false,false,false,ModifierNotCompiled,0,0,0,0,0,0,0,0,ModifierNotCompiled,0,0,0,0,FootPlacementEffectorTarget,FootGrounding,true,0.2296535,false,0.06531055,1,3.164535,0.1276774,-98078,-0.6309209,1.2,2.49131,0,1,0,0,0,0,0,-0.6309209,1.516111,2.49131,-0.6279733,1.447961,2.535285,-0.6548343,1.405871,2.472986,0.2479616,0.2058709,0,1,1,1,1,-0.04193449,-0.115167,0.02600624,0,0.02600624,-1.406525,-0.115167,true,0,1,0,4.288088E-27,1,-1.383121E-06,-2.116892E-25,2.122854E-05,6.536442E-05,0,1,0,true,0.04541882,0.2741767,0.2315231,0.04541882,0.2741767,0.2315231,0.04541882,0.2741767,0.2315231,0.04541878,0.2741767,0.231523,8.688795E-08,0
2144,224,2144,1,2145,0,2145,false,rootmotion.finalik.full-body-biped-ik/indexed-pose-backend,None,true,true,1,lyra-5.7/ABP_Mannequin_Base/CR_Mannequin_FootPlant,unreal-engine-5.7/SpringInterpV2/FMath.SpringDamper,corin.animation-rig,87731f0d0ca14844bbf861368b9847b3,corin.foot-placement,6d6118d2f41a5948ddd18dc6d88083c8c5bf77a4682a4ec3fce5d2ec6af01624,298b6781705cafb383942fcc3f3b1f6e0800ead13829aedd29916feeb5d1f702,Corin.FootPlacementRig,2997edf1c34f13f7e2a3033372226eb399379f30c4303fddfe3e97ec1e4bf38d,0,-192572,0.03652215,0.05574663,0.05574663,-0.2215065,0.03652215,true,0,0.05574663,0,1,PelvisPreSolveTranslation,FootGrounding,ModifierNotCompiled,-1,-1,-1,0,,,true,-98088,Sphere,CurrentGrounding,0,-0.4907866,2.022426,3.076971,0,0,0,0,-1,0,0.05,1,4608,0.5735765,-0.4907866,1.44,3.076971,-0.4907866,1.44,3.076971,0,1,0,0.5324262,Swing,None,false,0,0,0,0,0,0,1,0,0,0,0,0,0,1,0,false,false,false,ModifierNotCompiled,0,0,0,0,0,0,0,0,ModifierNotCompiled,0,0,0,0,FootPlacementEffectorTarget,FootGrounding,true,0,false,0.2838207,1,3.158136,0.04108238,-98088,-0.4907866,1.44,3.076971,0,1,0,0,0,0,0,-0.4907866,1.835518,3.076971,-0.4920557,1.828206,3.157872,-0.5134752,1.760143,3.151159,0.388206,0.3201426,0,1,1,1,1,0.2765223,0.2207756,0.2573452,0,0.2573452,-0.3016536,0.2207756,true,0,1,0,4.8995E-26,1,-0.0002328376,-2.416335E-24,0.001410184,0.01053884,0,1,0,true,-0.0008889282,0.6720403,-0.5415142,-0.0008889282,0.6720403,-0.5415142,-0.0008889282,0.6720403,-0.5415142,-0.0008889101,0.6720405,-0.5415142,1.34496E-07,0,true,-98078,Sphere,CurrentGrounding,1,-0.5481274,1.82789,2.25082,0,0,0,0,-1,0,0.05,1,4608,0.5735765,-0.5481274,1.2,2.25082,-0.5481274,1.2,2.25082,0,1,0,0.5778898,Swing,None,false,0,0,0,0,0,0,1,0,0,0,0,0,0,1,0,false,false,false,ModifierNotCompiled,0,0,0,0,0,0,0,0,ModifierNotCompiled,0,0,0,0,FootPlacementEffectorTarget,FootGrounding,true,0.3473762,false,0.06078515,1,2.054018,0.03842413,-98078,-0.5481274,1.2,2.25082,0,1,0,0,0,0,0,-0.5481274,1.386536,2.25082,-0.5587983,1.311025,2.278587,-0.5605578,1.283116,2.203805,0.111025,0.08311617,0,1,1,1,1,0.03652215,-0.01922448,0.00289985,0,0.00289985,-0.3033879,-0.01922448,true,0,1,0,1.020629E-27,1,-3.491135E-07,-5.040886E-26,4.834532E-06,1.658402E-05,0,1,0,true,0.03981516,0.2230583,0.2856234,0.03981516,0.2230583,0.2856234,0.03981516,0.2230583,0.2856234,0.03981518,0.2230583,0.2856233,9.541399E-08,0
2145,225,2145,1,2146,0,2146,false,rootmotion.finalik.full-body-biped-ik/indexed-pose-backend,None,true,true,1,lyra-5.7/ABP_Mannequin_Base/CR_Mannequin_FootPlant,unreal-engine-5.7/SpringInterpV2/FMath.SpringDamper,corin.animation-rig,87731f0d0ca14844bbf861368b9847b3,corin.foot-placement,6d6118d2f41a5948ddd18dc6d88083c8c5bf77a4682a4ec3fce5d2ec6af01624,298b6781705cafb383942fcc3f3b1f6e0800ead13829aedd29916feeb5d1f702,Corin.FootPlacementRig,2997edf1c34f13f7e2a3033372226eb399379f30c4303fddfe3e97ec1e4bf38d,0,-192572,-0.1124036,0.02300171,0.02300171,-1.436013,-0.1124036,true,0,0.02300171,0,1,PelvisPreSolveTranslation,FootGrounding,ModifierNotCompiled,-1,-1,-1,0,,,true,-98088,Sphere,CurrentGrounding,0,-0.5046985,1.931352,2.893496,0,0,0,0,-1,0,0.05,1,4608,0.5735765,-0.5046985,1.44,2.893496,-0.5046985,1.44,2.893496,0,1,0,0.4413522,Swing,None,false,0,0,0,0,0,0,1,0,0,0,0,0,0,1,0,false,false,false,ModifierNotCompiled,0,0,0,0,0,0,0,0,ModifierNotCompiled,0,0,0,0,FootPlacementEffectorTarget,FootGrounding,true,0,false,0.2838207,1,3.158136,0.04999161,-98088,-0.5046985,1.44,2.893496,0,1,0,0,0,0,0,-0.5046985,1.723887,2.893496,-0.508601,1.716576,2.974313,-0.5297904,1.648512,2.966907,0.2765754,0.2085119,0,1,1,1,1,0.3675964,0.3445947,0.2695336,0,0.2695336,0.803244,0.3445947,true,0,1,0,9.434541E-27,1,-5.085263E-05,-4.655835E-25,0.0003132629,0.002338894,0,1,0,true,-0.0008888955,0.6514838,-0.5415138,-0.0008888955,0.6514838,-0.5415138,-0.0008888955,0.6514838,-0.5415138,-0.0008889651,0.6514839,-0.5415139,1.503393E-07,0,true,-98068,Sphere,CurrentGrounding,1,-0.5351107,1.736816,2.065917,0,0,0,0,-1,0,0.05,1,4608,0.5735765,-0.5351107,0.9600001,2.065917,-0.5351107,0.9600001,2.065917,0,1,0,0.7268156,Swing,None,false,0,0,0,0,0,0,1,0,0,0,0,0,0,1,0,false,false,false,ModifierNotCompiled,0,0,0,0,0,0,0,0,ModifierNotCompiled,0,0,0,0,FootPlacementEffectorTarget,FootGrounding,true,0.3473762,false,0.06078515,1,2.054018,0.18735,-98068,-0.5351107,0.9600001,2.065917,0,1,0,0,0,0,0,-0.5351107,1.23384,2.065917,-0.5466802,1.158329,2.093322,-0.5460038,1.13042,2.018522,0.1983292,0.1704203,0,1,1,1,1,-0.1124036,-0.1354053,-0.02597689,0,-0.02597689,-1.190784,-0.1354053,true,0,1,0,1.960804E-28,1,-7.126811E-08,-9.689393E-27,1.27261E-06,3.40244E-06,0,1,0,true,0.03981508,0.1614368,0.2856235,0.03981508,0.1614368,0.2856235,0.03981508,0.1614368,0.2856235,0.03981508,0.1614368,0.2856233,1.231038E-07,0
2146,226,2146,1,2147,0,2147,false,rootmotion.finalik.full-body-biped-ik/indexed-pose-backend,None,true,true,1,lyra-5.7/ABP_Mannequin_Base/CR_Mannequin_FootPlant,unreal-engine-5.7/SpringInterpV2/FMath.SpringDamper,corin.animation-rig,87731f0d0ca14844bbf861368b9847b3,corin.foot-placement,6d6118d2f41a5948ddd18dc6d88083c8c5bf77a4682a4ec3fce5d2ec6af01624,298b6781705cafb383942fcc3f3b1f6e0800ead13829aedd29916feeb5d1f702,Corin.FootPlacementRig,2997edf1c34f13f7e2a3033372226eb399379f30c4303fddfe3e97ec1e4bf38d,0,-192572,-0.03588963,-0.002577125,-0.002577125,-0.4620047,-0.03588963,true,0,-0.002577125,0,1,PelvisPreSolveTranslation,FootGrounding,ModifierNotCompiled,-1,-1,-1,0,,,true,-98088,Sphere,CurrentGrounding,0,-0.4712832,1.936809,2.664827,0,0,0,0,-1,0,0.05,1,4608,0.5735765,-0.4712832,1.44,2.695,-0.4712832,1.44,2.695,0,0.7973906,-0.6034634,0.4569391,Swing,None,false,0,0,0,0,0,0,1,0,0,0,0,0,0,1,0,false,false,false,ModifierNotCompiled,0,0,0,0,0,0,0,0,ModifierNotCompiled,0,0,0,0,FootPlacementEffectorTarget,FootGrounding,true,0,false,0.3105202,1,2.498417,0.04638987,-98088,-0.4712832,1.44,2.695,0,0.7973907,-0.6034635,0,0,0,0,-0.4712832,1.738664,2.664827,-0.4650347,1.780291,2.734312,-0.4867196,1.721786,2.771203,0.2476216,0.1787077,0,1,1,1,1,0.4441103,0.4466874,0.3044329,0,0.3044329,1.489266,0.4466874,true,0,0.7973906,-0.6034634,2.449772E-27,0.9649034,-0.2626053,-1.148564E-25,-3.529063,-10.51079,0,0.7973907,-0.6034635,true,-0.0270537,0.7427747,-0.4670305,-0.0270537,0.7427747,-0.4670305,-0.0270537,0.7427747,-0.4670305,-0.0270537,0.7427747,-0.4670305,2.980232E-08,0,true,-98068,Sphere,CurrentGrounding,1,-0.5042861,1.624577,2.034936,0,0,0,0,-1,0,0.05,1,4608,0.5735765,-0.5042861,0.96,2.034936,-0.5042861,0.96,2.034936,0,1,0,0.6145768,Swing,None,false,0,0,0,0,0,0,1,0,0,0,0,0,0,1,0,false,false,false,ModifierNotCompiled,0,0,0,0,0,0,0,0,ModifierNotCompiled,0,0,0,0,FootPlacementEffectorTarget,FootGrounding,true,0.4335062,false,0.05234727,1,1.078669,0.07820702,-98068,-0.5042861,0.96,2.034936,0,1,0,0,0,0,0,-0.5042861,1.080533,2.034936,-0.5199523,1.001727,2.046381,-0.5029929,0.9865998,1.969855,0.04172707,0.02659976,0,1,1,1,1,-0.03588963,-0.0333125,-0.04146639,0,-0.04146639,-0.04112796,-0.0333125,true,0,1,0,4.82592E-29,1,-1.836294E-08,-2.385725E-27,-1.352414E-07,8.798028E-07,0,1,0,true,0.006117147,0.0846436,0.1628516,0.006117147,0.0846436,0.1628516,0.006117147,0.0846436,0.1628516,0.006117102,0.08464357,0.1628517,7.019139E-08,0
2147,227,2147,1,2148,0,2148,false,rootmotion.finalik.full-body-biped-ik/indexed-pose-backend,None,true,true,1,lyra-5.7/ABP_Mannequin_Base/CR_Mannequin_FootPlant,unreal-engine-5.7/SpringInterpV2/FMath.SpringDamper,corin.animation-rig,87731f0d0ca14844bbf861368b9847b3,corin.foot-placement,6d6118d2f41a5948ddd18dc6d88083c8c5bf77a4682a4ec3fce5d2ec6af01624,298b6781705cafb383942fcc3f3b1f6e0800ead13829aedd29916feeb5d1f702,Corin.FootPlacementRig,2997edf1c34f13f7e2a3033372226eb399379f30c4303fddfe3e97ec1e4bf38d,0,-192572,0.03636086,-0.003453078,-0.003453078,0.2933592,0.03636086,true,0,-0.003453078,0,1,PelvisPreSolveTranslation,FootGrounding,ModifierNotCompiled,-1,-1,-1,0,,,true,-98078,Sphere,CurrentGrounding,0,-0.4612606,1.819318,2.335828,0,0,0,0,-1,0,0.05,1,4608,0.5735765,-0.4612606,1.2,2.335828,-0.4612606,1.2,2.335828,0,1,0,0.5693182,Swing,None,false,0,0,0,0,0,0,1,0,0,0,0,0,0,1,0,false,false,false,ModifierNotCompiled,0,0,0,0,0,0,0,0,ModifierNotCompiled,0,0,0,0,FootPlacementEffectorTarget,FootGrounding,true,0,false,0.3246271,1,1.299858,0.09838963,-98078,-0.4612606,1.2,2.335828,0,1,0,0,0,0,0,-0.4612606,1.634262,2.335828,-0.4451249,1.66449,2.409489,-0.4733996,1.604578,2.440184,0.4644903,0.4045786,0,1,1,1,1,0.2763608,0.2798138,0.318397,0,0.318397,-0.2337291,0.2798138,true,0,1,0,6.492414E-28,0.9712403,-0.2381011,-3.050708E-26,1.816854,5.411535,0,1,0,true,-0.03784966,0.7106229,-0.2834936,-0.03784966,0.7106229,-0.2834936,-0.03784966,0.7106229,-0.2834936,-0.03784961,0.710623,-0.2834936,8.237863E-08,0,true,-98068,Sphere,CurrentGrounding,1,-0.5250843,1.508776,2.030175,0,0,0,0,-1,0,0.05,1,4608,0.5735765,-0.5250843,0.9599999,2.030175,-0.5250843,0.9599999,2.030175,0,1,0,0.4987764,Swing,None,false,0,0,0,0,0,0,1,0,0,0,0,0,0,1,0,false,false,false,ModifierNotCompiled,0,0,0,0,0,0,0,0,ModifierNotCompiled,0,0,0,0,FootPlacementEffectorTarget,FootGrounding,true,0.5951217,false,0.03681274,1,1.157638,0.03132486,-98068,-0.5250843,0.9599999,2.030175,0,1,0,0,0,0,0,-0.5250843,1.04052,2.030175,-0.5401108,0.9608365,2.026761,-0.5206089,0.9599999,1.949239,0.0008365512,0,0,1,1,1,1,0.03636086,0.03981394,-0.03193898,0.06713521,0.03519624,0.6399287,0.03981394,true,0,1,0,1.279132E-29,1,-5.063711E-09,-6.325806E-28,1.268869E-08,2.433263E-07,0,1,0,true,0.02741161,0.1168805,0.02185536,0.02741161,0.1168805,0.02185536,0.02741161,0.1168805,0.02185536,0.02741158,0.1168805,0.0218555,1.491047E-07,0
2148,228,2148,1,2149,0,2149,false,rootmotion.finalik.full-body-biped-ik/indexed-pose-backend,None,true,true,1,lyra-5.7/ABP_Mannequin_Base/CR_Mannequin_FootPlant,unreal-engine-5.7/SpringInterpV2/FMath.SpringDamper,corin.animation-rig,87731f0d0ca14844bbf861368b9847b3,corin.foot-placement,6d6118d2f41a5948ddd18dc6d88083c8c5bf77a4682a4ec3fce5d2ec6af01624,298b6781705cafb383942fcc3f3b1f6e0800ead13829aedd29916feeb5d1f702,Corin.FootPlacementRig,2997edf1c34f13f7e2a3033372226eb399379f30c4303fddfe3e97ec1e4bf38d,0,-192572,0.1209389,0.01944602,0.01944602,1.00397,0.1209389,true,0,0.01944602,0,1,PelvisPreSolveTranslation,FootGrounding,ModifierNotCompiled,-1,-1,-1,0,,,true,-98068,Sphere,CurrentGrounding,0,-0.4413066,1.688633,2.030259,0,0,0,0,-1,0,0.05,1,4608,0.5735765,-0.4413066,0.96,2.030259,-0.4413066,0.96,2.030259,0,1,0,0.6786333,Swing,None,false,0,0,0,0,0,0,1,0,0,0,0,0,0,1,0,false,false,false,ModifierNotCompiled,0,0,0,0,0,0,0,0,ModifierNotCompiled,0,0,0,0,FootPlacementEffectorTarget,FootGrounding,true,0,false,0.2831475,1,2.209399,0.1925899,-98068,-0.4413066,0.96,2.030259,0,1,0,0,0,0,0,-0.4413066,1.489685,2.030259,-0.4281113,1.495604,2.110202,-0.4504633,1.426448,2.118926,0.5356042,0.4664478,0,1,1,1,1,0.120939,0.101493,0.2816058,0,0.2816058,-1.783748,0.101493,true,0,1,0,1.356459E-28,0.9960371,-0.08893857,-6.534023E-27,1.045237,3.11322,0,1,0,true,-0.05609193,0.650624,-0.1458954,-0.05609193,0.650624,-0.1458954,-0.05609193,0.650624,-0.1458954,-0.05609192,0.6506242,-0.1458954,1.229346E-07,0,true,-98068,Sphere,CurrentGrounding,1,-0.5351694,1.400398,2.068138,0,0,0,0,-1,0,0.05,1,4608,0.5735765,-0.5351694,0.9599999,2.068138,-0.5351694,0.9599999,2.068138,0,1,0,0.3903975,Swing,None,false,0,0,0,0,0,0,1,0,0,0,0,0,0,1,0,false,false,false,ModifierNotCompiled,0,0,0,0,0,0,0,0,ModifierNotCompiled,0,0,0,0,FootPlacementEffectorTarget,FootGrounding,true,0.7222,false,0.01853295,1,3.547811,0.1391463,-98068,-0.5351694,0.9599999,2.068138,0,1,0,0.01958352,0,0.01958352,0,-0.5351694,1.04092,2.068138,-0.5397983,0.96,2.063972,-0.5288713,0.9627522,1.984914,5.960464E-08,0.002752244,0,1,1,1,1,0.1209389,0.1210764,0.06108559,0.05999088,0.1210765,0.9136066,0.1210764,true,0,1,0,2.733259E-30,1,-1.128933E-09,-1.352261E-28,-1.574842E-09,5.441251E-08,0,1,0,true,0.03570719,0.201859,-0.1885333,0.03570719,0.201859,-0.1885333,0.03570719,0.201859,-0.1885333,0.03570716,0.201859,-0.1885334,4.726864E-08,0
2149,229,2149,1,2150,0,2150,false,rootmotion.finalik.full-body-biped-ik/indexed-pose-backend,None,true,true,1,lyra-5.7/ABP_Mannequin_Base/CR_Mannequin_FootPlant,unreal-engine-5.7/SpringInterpV2/FMath.SpringDamper,corin.animation-rig,87731f0d0ca14844bbf861368b9847b3,corin.foot-placement,6d6118d2f41a5948ddd18dc6d88083c8c5bf77a4682a4ec3fce5d2ec6af01624,298b6781705cafb383942fcc3f3b1f6e0800ead13829aedd29916feeb5d1f702,Corin.FootPlacementRig,2997edf1c34f13f7e2a3033372226eb399379f30c4303fddfe3e97ec1e4bf38d,0,-192572,0.2092006,0.06412425,0.06412425,1.537305,0.2092006,true,0,0.06412425,0,1,PelvisPreSolveTranslation,FootGrounding,ModifierNotCompiled,-1,-1,-1,0,,,true,-98068,Sphere,CurrentGrounding,0,-0.4228928,1.506733,1.720171,0,0,0,0,-1,0,0.05,1,4608,0.5735765,-0.4228928,0.9599999,1.735,-0.4228928,0.9599999,1.735,0,0.9550108,-0.2965713,0.4989829,Swing,None,false,0,0,0,0,0,0,1,0,0,0,0,0,0,1,0,false,false,false,ModifierNotCompiled,0,0,0,0,0,0,0,0,ModifierNotCompiled,0,0,0,0,FootPlacementEffectorTarget,FootGrounding,true,0,false,0.1581556,1,5.85062,0.03695221,-98068,-0.4228928,0.9599999,1.735,0,0.9550108,-0.2965713,0,0,0,0,-0.4228928,1.307342,1.720171,-0.4212306,1.274549,1.794481,-0.4180329,1.207806,1.764869,0.282757,0.2277996,0,1,1,1,1,0.2092006,0.1450764,0.2364844,0,0.2364844,-1.00821,0.1450764,true,0,0.9550108,-0.2965713,2.692198E-29,0.9854592,-0.1699123,-1.310202E-27,-0.3958572,-3.836856,0,0.9550108,-0.2965713,true,-0.05342313,0.5565428,-0.01172103,-0.05342313,0.5565428,-0.01172103,-0.05342313,0.5565428,-0.01172103,-0.05342315,0.5565428,-0.01172104,1.980019E-08,0,true,-98068,Sphere,CurrentGrounding,1,-0.5295551,1.395096,2.091841,0,0,0,0,-1,0,0.05,1,4608,0.5735765,-0.5295551,0.9599999,2.091841,-0.5295551,0.9599999,2.091841,0,1,0,0.3850958,Swing,None,false,0,0,0,0,0,0,1,0,0,0,0,0,0,1,0,false,false,false,ModifierNotCompiled,0,0,0,0,0,0,0,0,ModifierNotCompiled,0,0,0,0,FootPlacementEffectorTarget,FootGrounding,true,0.03243413,false,0.04353458,1,5.935068,0.1535594,-98068,-0.5295551,0.9599999,2.091841,0,1,0,0,0,0,0,-0.5295551,1.102402,2.091841,-0.5209613,1.036771,2.138804,-0.511703,0.9907233,2.074475,0.0767709,0.03072339,0,1,1,1,1,0.2092006,0.1450764,0.1431823,0,0.1431823,0.4658622,0.1450764,true,0,1,0,5.468058E-31,1,-2.351719E-10,-2.70639E-29,2.052113E-10,1.136607E-08,0,1,0,true,0.0200061,0.3516032,-0.3913569,0.0200061,0.3516032,-0.3913569,0.0200061,0.3516032,-0.3913569,0.01788618,0.3593432,-0.4022354,0.01351826,0
2150,230,2150,1,2151,0,2151,false,rootmotion.finalik.full-body-biped-ik/indexed-pose-backend,None,true,true,1,lyra-5.7/ABP_Mannequin_Base/CR_Mannequin_FootPlant,unreal-engine-5.7/SpringInterpV2/FMath.SpringDamper,corin.animation-rig,87731f0d0ca14844bbf861368b9847b3,corin.foot-placement,6d6118d2f41a5948ddd18dc6d88083c8c5bf77a4682a4ec3fce5d2ec6af01624,298b6781705cafb383942fcc3f3b1f6e0800ead13829aedd29916feeb5d1f702,Corin.FootPlacementRig,2997edf1c34f13f7e2a3033372226eb399379f30c4303fddfe3e97ec1e4bf38d,0,-192572,0.04125023,0.07900019,0.07900019,-0.2134674,0.04125023,true,0,0.07900019,0,1,PelvisPreSolveTranslation,FootGrounding,ModifierNotCompiled,-1,-1,-1,0,,,true,-98058,Sphere,CurrentGrounding,0,-0.3995605,1.374014,1.476189,0,0,0,0,-1,0,0.05,1,4608,0.5735765,-0.3995605,0.7199999,1.476189,-0.3995605,0.7199999,1.476189,0,1,0,0.6040142,Swing,None,false,0,0,0,0,0,0,1,0,0,0,0,0,0,1,0,false,false,false,ModifierNotCompiled,0,0,0,0,0,0,0,0,ModifierNotCompiled,0,0,0,0,FootPlacementEffectorTarget,FootGrounding,true,0,false,0.08963126,1,3.989304,0.06658638,-98058,-0.3995605,0.7199999,1.476189,0,1,0,0,0,0,0,-0.3995605,1.141036,1.476189,-0.3961647,1.079428,1.529038,-0.3845766,1.032958,1.474004,0.3594285,0.312958,0,1,1,1,1,0.04125023,-0.03774996,0.1880219,0,0.1880219,-2.327083,-0.03774996,true,0,1,0,7.092771E-30,0.9914059,-0.1308218,-3.463744E-28,0.5687438,3.328103,0,1,0,true,-0.04913209,0.4622866,0.08872955,-0.04913209,0.4622866,0.08872955,-0.04913209,0.4622866,0.08872955,-0.04913211,0.4622867,0.08872947,9.721509E-08,0,true,-98068,Sphere,CurrentGrounding,1,-0.5241024,1.389019,2.021551,0,0,0,0,-1,0,0.05,1,4608,0.5735765,-0.5241024,0.9599999,2.021551,-0.5241024,0.9599999,2.021551,0,1,0,0.3790188,Swing,None,false,0,0,0,0,0,0,1,0,0,0,0,0,0,1,0,false,false,false,ModifierNotCompiled,0,0,0,0,0,0,0,0,ModifierNotCompiled,0,0,0,0,FootPlacementEffectorTarget,FootGrounding,true,0,false,0.1155967,1,4.117554,0.1274229,-98068,-0.5241024,0.9599999,2.021551,0,1,0,0,0,0,0,-0.5241024,1.127194,2.021551,-0.5235052,1.108462,2.100516,-0.5088975,1.033043,2.085374,0.1484617,0.07304335,0,1,1,1,1,0.2812502,0.20225,0.1591752,0,0.1591752,0.6673418,0.20225,true,0,1,0,1.44297E-31,1,-6.398043E-11,-7.144192E-30,-1.935902E-11,3.098411E-09,0,1,0,true,0.01068472,0.4484445,-0.4674645,0.01068472,0.4484445,-0.4674645,0.01068472,0.4484445,-0.4674645,0.01068474,0.4484445,-0.4674646,4.535837E-08,0
2151,231,2151,1,2152,0,2152,false,rootmotion.finalik.full-body-biped-ik/indexed-pose-backend,None,true,true,1,lyra-5.7/ABP_Mannequin_Base/CR_Mannequin_FootPlant,unreal-engine-5.7/SpringInterpV2/FMath.SpringDamper,corin.animation-rig,87731f0d0ca14844bbf861368b9847b3,corin.foot-placement,6d6118d2f41a5948ddd18dc6d88083c8c5bf77a4682a4ec3fce5d2ec6af01624,298b6781705cafb383942fcc3f3b1f6e0800ead13829aedd29916feeb5d1f702,Corin.FootPlacementRig,2997edf1c34f13f7e2a3033372226eb399379f30c4303fddfe3e97ec1e4bf38d,0,-192572,-0.09544933,0.0412212,0.0412212,-1.419907,-0.09544933,true,0,0.0412212,0,1,PelvisPreSolveTranslation,FootGrounding,ModifierNotCompiled,-1,-1,-1,0,,,true,-98048,Sphere,CurrentGrounding,0,-0.3613274,1.241005,1.152689,0,0,0,0,-1,0,0.05,1,4608,0.5735765,-0.3613274,0.48,1.152689,-0.3613274,0.48,1.152689,0,1,0,0.7110047,Swing,None,false,0,0,0,0,0,0,1,0,0,0,0,0,0,1,0,false,false,false,ModifierNotCompiled,0,0,0,0,0,0,0,0,ModifierNotCompiled,0,0,0,0,FootPlacementEffectorTarget,FootGrounding,true,0,false,0.06265884,1,3.244643,0.1725125,-98048,-0.3613274,0.48,1.152689,0,1,0,0,0,0,0,-0.3613274,0.8719581,1.152689,-0.3569241,0.7992108,1.188585,-0.3463793,0.7678503,1.123563,0.3192109,0.2878504,0,1,1,1,1,-0.09544933,-0.1366705,0.08973222,0,0.08973222,-2.518394,-0.1366705,true,0,1,0,1.092973E-30,0.9992694,-0.03821949,-5.379526E-29,0.2306414,1.434586,0,1,0,true,-0.04278987,0.2965088,0.2053142,-0.04278987,0.2965088,0.2053142,-0.04278987,0.2965088,0.2053142,-0.04278987,0.2965089,0.2053143,1.203678E-07,0,true,-98068,Sphere,CurrentGrounding,1,-0.5017121,1.386709,1.874139,0,0,0,0,-1,0,0.05,1,4608,0.5735765,-0.5017121,0.9599999,1.874139,-0.5017121,0.9599999,1.874139,0,1,0,0.3767093,Swing,None,false,0,0,0,0,0,0,1,0,0,0,0,0,0,1,0,false,false,false,ModifierNotCompiled,0,0,0,0,0,0,0,0,ModifierNotCompiled,0,0,0,0,FootPlacementEffectorTarget,FootGrounding,true,0,false,0.2318251,1,3.221231,0.1157474,-98068,-0.5017121,0.9599999,1.874139,0,1,0,0,0,0,0,-0.5017121,1.136062,1.874139,-0.5046768,1.13147,1.955114,-0.4848781,1.05574,1.954362,0.1714703,0.09574008,0,1,1,1,1,0.3845506,0.3433294,0.2081314,0,0.2081314,1.580696,0.3433294,true,0,1,0,2.235564E-32,1,-1.031901E-11,-1.107318E-30,2.798104E-12,5.009924E-10,0,1,0,true,-0.001170928,0.5606126,-0.5284874,-0.001170928,0.5606126,-0.5284874,-0.001170928,0.5606126,-0.5284874,-0.001170926,0.5606127,-0.5284874,8.431427E-08,0
2152,232,2152,1,2153,0,2153,false,rootmotion.finalik.full-body-biped-ik/indexed-pose-backend,None,true,true,1,lyra-5.7/ABP_Mannequin_Base/CR_Mannequin_FootPlant,unreal-engine-5.7/SpringInterpV2/FMath.SpringDamper,corin.animation-rig,87731f0d0ca14844bbf861368b9847b3,corin.foot-placement,6d6118d2f41a5948ddd18dc6d88083c8c5bf77a4682a4ec3fce5d2ec6af01624,298b6781705cafb383942fcc3f3b1f6e0800ead13829aedd29916feeb5d1f702,Corin.FootPlacementRig,2997edf1c34f13f7e2a3033372226eb399379f30c4303fddfe3e97ec1e4bf38d,0,-192572,0.01162836,0.01579108,0.01579108,-0.07217275,0.01162836,true,0,0.01579108,0,1,PelvisPreSolveTranslation,FootGrounding,ModifierNotCompiled,-1,-1,-1,0,,,true,-98048,Sphere,CurrentGrounding,0,-0.3059528,1.119163,0.8310122,0,0,0,0,-1,0,0.05,1,4608,0.5735765,-0.3059528,0.48,0.8310122,-0.3059528,0.48,0.8310122,0,1,0,0.5891626,Swing,None,false,0,0,0,0,0,0,1,0,0,0,0,0,0,1,0,false,false,false,ModifierNotCompiled,0,0,0,0,0,0,0,0,ModifierNotCompiled,0,0,0,0,FootPlacementEffectorTarget,FootGrounding,true,0.2904062,false,0.05385563,1,3.626724,0.05149418,-98048,-0.3059528,0.48,0.8310122,0,1,0,0,0,0,0,-0.3059528,0.6691375,0.8310122,-0.3034248,0.5909923,0.8530796,-0.2932866,0.571735,0.7834462,0.1109923,0.09173501,0,1,1,1,1,0.01162836,-0.004162719,0.03418377,0,0.03418377,-0.537713,-0.004162719,true,0,1,0,1.572012E-31,0.9999676,-0.008043051,-7.772969E-30,0.05346004,0.3371234,0,1,0,true,-0.02884346,0.2007659,0.3142499,-0.02884346,0.2007659,0.3142499,-0.02884346,0.2007659,0.3142499,-0.0288435,0.200766,0.31425,1.043081E-07,0,true,-98058,Sphere,CurrentGrounding,1,-0.4816222,1.394724,1.669046,0,0,0,0,-1,0,0.05,1,4608,0.5735765,-0.4816222,0.7199999,1.669046,-0.4816222,0.7199999,1.669046,0,1,0,0.6247236,Swing,None,false,0,0,0,0,0,0,1,0,0,0,0,0,0,1,0,false,false,false,ModifierNotCompiled,0,0,0,0,0,0,0,0,ModifierNotCompiled,0,0,0,0,FootPlacementEffectorTarget,FootGrounding,true,0,false,0.3554503,1,2.815665,0.142522,-98058,-0.4816222,0.7199999,1.669046,0,1,0,0,0,0,0,-0.4816222,1.147238,1.669046,-0.4903138,1.151936,1.749602,-0.4666169,1.078137,1.759454,0.4319363,0.3581372,0,1,1,1,1,0.2516283,0.2358372,0.2367237,0,0.2367237,0.09142743,0.2358372,true,0,1,0,3.222416E-33,1,-1.545091E-12,-1.59681E-31,-4.092719E-13,7.518768E-11,0,1,0,true,-0.01115524,0.6788666,-0.5418156,-0.01115524,0.6788666,-0.5418156,-0.01115524,0.6788666,-0.5418156,-0.01115522,0.6788667,-0.5418156,8.77027E-08,0
2153,233,2153,1,2154,0,2154,false,rootmotion.finalik.full-body-biped-ik/indexed-pose-backend,None,true,true,1,lyra-5.7/ABP_Mannequin_Base/CR_Mannequin_FootPlant,unreal-engine-5.7/SpringInterpV2/FMath.SpringDamper,corin.animation-rig,87731f0d0ca14844bbf861368b9847b3,corin.foot-placement,6d6118d2f41a5948ddd18dc6d88083c8c5bf77a4682a4ec3fce5d2ec6af01624,298b6781705cafb383942fcc3f3b1f6e0800ead13829aedd29916feeb5d1f702,Corin.FootPlacementRig,2997edf1c34f13f7e2a3033372226eb399379f30c4303fddfe3e97ec1e4bf38d,0,-192572,-0.1146533,-0.03695881,-0.01650613,-1.118894,-0.1146533,true,0,-0.03695881,0,1,PelvisPreSolveTranslation,FootGrounding,ModifierNotCompiled,-1,-1,-1,0,,,true,-98038,Sphere,CurrentGrounding,0,-0.2437112,0.9491061,0.5505371,0,0,0,0,-1,0,0.05,1,4608,0.5735765,-0.2437112,0.24,0.5505371,-0.2437112,0.24,0.5505371,0,1,0,0.6591061,Swing,None,false,0,0,0,0,0,0,1,0,0,0,0,0,0,1,0,false,false,false,ModifierNotCompiled,0,0,0,0,0,0,0,0,ModifierNotCompiled,0,0,0,0,FootPlacementEffectorTarget,FootGrounding,true,0,false,0.02768727,1,2.179028,0.1632132,-98038,-0.2437112,0.24,0.5505371,0,1,0,0,0,0,0,-0.2437112,0.4268185,0.5505371,-0.2472222,0.3605385,0.5036893,-0.2324433,0.4013128,0.4450254,0.1205385,0.1613128,0,1,1,1,1,-0.1146533,-0.09814721,-0.005781408,0,-0.005781408,-1.101045,-0.09814721,true,0,1,0,2.014625E-32,0.9999991,-0.001358203,-9.976614E-31,0.009452476,0.0599772,0,1,0,true,-0.009786587,0.07216516,0.3676565,-0.009786587,0.07216516,0.3676565,-0.009786587,0.07216516,0.3676565,-0.009786466,0.07216519,0.3676566,1.382002E-07,0,true,-98058,Sphere,CurrentGrounding,1,-0.4547405,1.351964,1.351543,0,0,0,0,-1,0,0.05,1,4608,0.5735765,-0.4547405,0.7199999,1.351543,-0.4547405,0.7199999,1.351543,0,1,0,0.5819644,Swing,None,false,0,0,0,0,0,0,1,0,0,0,0,0,0,1,0,false,false,false,ModifierNotCompiled,0,0,0,0,0,0,0,0,ModifierNotCompiled,0,0,0,0,FootPlacementEffectorTarget,FootGrounding,true,0,false,0.4464408,1,2.515796,0.1190433,-98058,-0.4547405,0.7199999,1.351543,0,1,0,0,0,0,0,-0.4547405,1.108845,1.351543,-0.4691067,1.13361,1.427485,-0.4595215,1.058237,1.453471,0.4136103,0.3382368,0,1,1,1,1,0.3653466,0.3818527,0.2733864,0,0.2733864,1.264127,0.3818527,true,0,1,0,4.125951E-34,1,-2.052716E-13,-2.045424E-32,6.035554E-14,1.001045E-11,0,1,0,true,0.004517293,0.7541913,-0.4605584,0.004517293,0.7541913,-0.4605584,0.004517293,0.7541913,-0.4605584,0.004517425,0.7541914,-0.4605584,1.805229E-07,0
2154,234,2154,1,2155,0,2155,false,rootmotion.finalik.full-body-biped-ik/indexed-pose-backend,None,true,true,1,lyra-5.7/ABP_Mannequin_Base/CR_Mannequin_FootPlant,unreal-engine-5.7/SpringInterpV2/FMath.SpringDamper,corin.animation-rig,87731f0d0ca14844bbf861368b9847b3,corin.foot-placement,6d6118d2f41a5948ddd18dc6d88083c8c5bf77a4682a4ec3fce5d2ec6af01624,298b6781705cafb383942fcc3f3b1f6e0800ead13829aedd29916feeb5d1f702,Corin.FootPlacementRig,2997edf1c34f13f7e2a3033372226eb399379f30c4303fddfe3e97ec1e4bf38d,0,-192572,-0.04817009,-0.03360268,-0.03360268,-0.3002317,-0.04817009,true,0,-0.03360268,0,1,PelvisPreSolveTranslation,FootGrounding,ModifierNotCompiled,-1,-1,-1,0,,,true,-98038,Sphere,CurrentGrounding,0,-0.2169149,0.8657757,0.5234575,0,0,0,0,-1,0,0.05,1,4608,0.5735765,-0.2169149,0.24,0.5234575,-0.2169149,0.24,0.5234575,0,1,0,0.5757757,Swing,None,false,0,0,0,0,0,0,1,0,0,0,0,0,0,1,0,false,false,false,ModifierNotCompiled,0,0,0,0,0,0,0,0,ModifierNotCompiled,0,0,0,0,FootPlacementEffectorTarget,FootGrounding,true,0.6317222,false,-0.0003506915,1,6.375436,0.04873389,-98038,-0.2169149,0.24,0.5234575,0,1,0,0.00303337,0,0.00303337,0,-0.2169149,0.320639,0.5234575,-0.2212422,0.24,0.5145879,-0.2076929,0.2471943,0.4432645,0,0.00719431,0,1,1,1,1,-0.04817009,-0.01153404,-0.01970449,0.008170456,-0.01153404,0,-0.01153404,true,0,1,0,5.675608E-33,0.9999999,-0.0004344876,-2.811794E-31,0.003073975,0.01954881,0,1,0,true,-0.01127906,0.03246891,0.2618679,-0.01127906,0.03246891,0.2618679,-0.01127906,0.03246891,0.2618679,-0.01127904,0.03246886,0.2618681,1.610973E-07,0,true,-98048,Sphere,CurrentGrounding,1,-0.4293797,1.293262,1.161747,0,0,0,0,-1,0,0.05,1,4608,0.5735765,-0.4293797,0.4800001,1.161747,-0.4293797,0.4800001,1.161747,0,1,0,0.7632615,Swing,None,false,0,0,0,0,0,0,1,0,0,0,0,0,0,1,0,false,false,false,ModifierNotCompiled,0,0,0,0,0,0,0,0,ModifierNotCompiled,0,0,0,0,FootPlacementEffectorTarget,FootGrounding,true,0,false,0.4634143,1,2.60585,0.3103016,-98048,-0.4293797,0.4800001,1.161747,0,1,0,0,0,0,0,-0.4293797,1.042091,1.161747,-0.4462159,1.075438,1.233799,-0.4510131,1.002825,1.266817,0.5954382,0.5228248,0,1,1,1,1,0.19183,0.2254327,0.2824327,0,0.2824327,-0.3568371,0.2254327,true,0,1,0,1.161265E-34,1,-5.895509E-14,-5.758329E-33,-4.910579E-15,2.878336E-12,0,1,0,true,0.01078953,0.7539214,-0.4104919,0.01078953,0.7539214,-0.4104919,0.01078953,0.7539214,-0.4104919,0.01078956,0.7539214,-0.4104917,1.916104E-07,0
2155,235,2155,1,2156,0,2156,false,rootmotion.finalik.full-body-biped-ik/indexed-pose-backend,None,true,true,1,lyra-5.7/ABP_Mannequin_Base/CR_Mannequin_FootPlant,unreal-engine-5.7/SpringInterpV2/FMath.SpringDamper,corin.animation-rig,87731f0d0ca14844bbf861368b9847b3,corin.foot-placement,6d6118d2f41a5948ddd18dc6d88083c8c5bf77a4682a4ec3fce5d2ec6af01624,298b6781705cafb383942fcc3f3b1f6e0800ead13829aedd29916feeb5d1f702,Corin.FootPlacementRig,2997edf1c34f13f7e2a3033372226eb399379f30c4303fddfe3e97ec1e4bf38d,0,-192572,0.04760699,-0.02268824,-0.02268824,0.6814157,0.04760699,true,0,-0.02268824,0,1,PelvisPreSolveTranslation,FootGrounding,ModifierNotCompiled,-1,-1,-1,0,,,true,-98038,Sphere,CurrentGrounding,0,-0.2474077,0.7742547,0.5368524,0,0,0,0,-1,0,0.05,1,4608,0.5735765,-0.2474077,0.24,0.5368524,-0.2474077,0.24,0.5368524,0,1,0,0.4842547,Swing,None,false,0,0,0,0,0,0,1,0,0,0,0,0,0,1,0,false,false,false,ModifierNotCompiled,0,0,0,0,0,0,0,0,ModifierNotCompiled,0,0,0,0,FootPlacementEffectorTarget,FootGrounding,true,0.6600083,false,-4.158565E-05,1,5.688037,0.04730523,-98038,-0.2474077,0.24,0.5368524,0,1,0,0.0004874915,0,0.0004874915,0,-0.2474077,0.3223493,0.5368524,-0.2393079,0.2415785,0.5400982,-0.2270014,0.24,0.468204,0.00157854,1.490116E-08,0,1,1,1,1,0.04760699,0.07078272,0.004659249,0.06612352,0.07078277,0.7095176,0.07078272,true,0,1,0,9.491518E-34,1,-8.463486E-05,-4.704303E-32,0.0006092484,0.003881256,0,1,0,true,0.01499041,0.1299562,0.03870775,0.01499041,0.1299562,0.03870775,0.01499041,0.1299562,0.03870775,0.01499041,0.1299563,0.03870772,5.588711E-08,0,true,-98048,Sphere,CurrentGrounding,1,-0.3809857,1.163981,0.8416061,0,0,0,0,-1,0,0.05,1,4608,0.5735765,-0.3809857,0.48,0.8416061,-0.3809857,0.48,0.8416061,0,1,0,0.6339807,Swing,None,false,0,0,0,0,0,0,1,0,0,0,0,0,0,1,0,false,false,false,ModifierNotCompiled,0,0,0,0,0,0,0,0,ModifierNotCompiled,0,0,0,0,FootPlacementEffectorTarget,FootGrounding,true,0,false,0.4227824,1,4.298248,0.173246,-98048,-0.3809857,0.48,0.8416061,0,1,0,0,0,0,0,-0.3809857,0.9263637,0.8416061,-0.4015927,0.9525757,0.9156003,-0.4235945,0.8786821,0.936326,0.4725757,0.3986821,0,1,1,1,1,0.287607,0.3102952,0.2850713,0,0.2850713,0.3571146,0.3102952,true,0,1,0,1.939204E-35,1,-1.011788E-14,-9.619114E-34,6.955414E-16,4.947242E-13,0,1,0,true,0.05472111,0.7339707,-0.2916548,0.05472111,0.7339707,-0.2916548,0.05472111,0.7339707,-0.2916548,0.05472108,0.7339709,-0.2916548,1.802055E-07,0
2156,236,2156,1,2157,0,2157,false,rootmotion.finalik.full-body-biped-ik/indexed-pose-backend,None,true,true,1,lyra-5.7/ABP_Mannequin_Base/CR_Mannequin_FootPlant,unreal-engine-5.7/SpringInterpV2/FMath.SpringDamper,corin.animation-rig,87731f0d0ca14844bbf861368b9847b3,corin.foot-placement,6d6118d2f41a5948ddd18dc6d88083c8c5bf77a4682a4ec3fce5d2ec6af01624,298b6781705cafb383942fcc3f3b1f6e0800ead13829aedd29916feeb5d1f702,Corin.FootPlacementRig,2997edf1c34f13f7e2a3033372226eb399379f30c4303fddfe3e97ec1e4bf38d,0,-192572,0.1453941,0.01973465,0.01973465,1.357284,0.1453941,true,0,0.01973465,0,1,PelvisPreSolveTranslation,FootGrounding,ModifierNotCompiled,-1,-1,-1,0,,,true,-98038,Sphere,CurrentGrounding,0,-0.2626827,0.6756431,0.5580091,0,0,0,0,-1,0,0.05,1,4608,0.5735765,-0.2626827,0.24,0.5580091,-0.2626827,0.24,0.5580091,0,1,0,0.3856431,Swing,None,false,0,0,0,0,0,0,1,0,0,0,0,0,0,1,0,false,false,false,ModifierNotCompiled,0,0,0,0,0,0,0,0,ModifierNotCompiled,0,0,0,0,FootPlacementEffectorTarget,FootGrounding,true,0.1391143,false,5.370565E-05,1,6.762201,0.1455623,-98038,-0.2626827,0.24,0.5580091,0,1,0,0.0004550815,0,0.0004550815,0,-0.2626827,0.3214923,0.5580091,-0.2556953,0.2405737,0.5598555,-0.2447622,0.24,0.4878354,0.0005737394,0,0,1,1,1,1,0.1453941,0.1261145,0.09676312,0.02935141,0.1261145,0.6350266,0.1261145,true,0,1,0,1.536693E-34,1,-1.557788E-05,-7.619222E-33,0.0001137835,0.0007242188,0,1,0,true,0.02376775,0.2268864,-0.1912474,0.02376775,0.2268864,-0.1912474,0.02376775,0.2268864,-0.1912474,0.02376777,0.2268864,-0.1912474,9.606627E-08,0,true,-98038,Sphere,CurrentGrounding,1,-0.302021,0.9812066,0.5343695,0,0,0,0,-1,0,0.05,1,4608,0.5735765,-0.302021,0.24,0.5343695,-0.302021,0.24,0.5343695,0,1,0,0.6912066,Swing,None,false,0,0,0,0,0,0,1,0,0,0,0,0,0,1,0,false,false,false,ModifierNotCompiled,0,0,0,0,0,0,0,0,ModifierNotCompiled,0,0,0,0,FootPlacementEffectorTarget,FootGrounding,true,0,false,0.2996244,1,5.062139,0.1927224,-98038,-0.302021,0.24,0.5343695,0,1,0,0,0,0,0,-0.302021,0.7593129,0.5343695,-0.3297012,0.7491313,0.6099801,-0.3459091,0.6725261,0.5943913,0.5091313,0.4325261,0,1,1,1,1,0.1453941,0.1256595,0.2583717,0,0.2583717,-1.381943,0.1256595,true,0,1,0,3.135055E-36,1,-1.67854E-15,-1.555602E-34,-9.943427E-17,8.218741E-14,0,1,0,true,0.06816275,0.664707,-0.1796101,0.06816275,0.664707,-0.1796101,0.06816275,0.664707,-0.1796101,0.06816272,0.6647071,-0.1796101,6.82857E-08,0
2157,237,2157,1,2158,0,2158,false,rootmotion.finalik.full-body-biped-ik/indexed-pose-backend,None,true,true,1,lyra-5.7/ABP_Mannequin_Base/CR_Mannequin_FootPlant,unreal-engine-5.7/SpringInterpV2/FMath.SpringDamper,corin.animation-rig,87731f0d0ca14844bbf861368b9847b3,corin.foot-placement,6d6118d2f41a5948ddd18dc6d88083c8c5bf77a4682a4ec3fce5d2ec6af01624,298b6781705cafb383942fcc3f3b1f6e0800ead13829aedd29916feeb5d1f702,Corin.FootPlacementRig,2997edf1c34f13f7e2a3033372226eb399379f30c4303fddfe3e97ec1e4bf38d,0,-192572,0.2111716,0.06115247,0.06115247,1.615527,0.2111716,true,0,0.06115247,0,1,PelvisPreSolveTranslation,FootGrounding,ModifierNotCompiled,-1,-1,-1,0,,,true,-98038,Sphere,CurrentGrounding,0,-0.2520025,0.623256,0.5667977,0,0,0,0,-1,0,0.05,1,4608,0.5735765,-0.2520025,0.24,0.5667977,-0.2520025,0.24,0.5667977,0,1,0,0.333256,Swing,None,false,0,0,0,0,0,0,1,0,0,0,0,0,0,1,0,false,false,false,ModifierNotCompiled,0,0,0,0,0,0,0,0,ModifierNotCompiled,0,0,0,0,FootPlacementEffectorTarget,FootGrounding,true,0.2323027,false,-0.000914841,1,5.98923,0.2046558,-98038,-0.2520025,0.24,0.5667977,0,1,0,0.00303182,0,0.00303182,0,-0.2520025,0.3374594,0.5667977,-0.2526603,0.2590954,0.5882149,-0.2472723,0.24,0.5181837,0.01909542,0,0,1,1,1,1,0.2111716,0.153051,0.1409504,0.01210058,0.153051,0.4661948,0.153051,true,0,1,0,4.048045E-35,1,-4.441717E-06,-2.007607E-33,3.262279E-05,0.0002080552,0,1,0,true,0.02084704,0.3086311,-0.3426912,0.02084704,0.3086311,-0.3426912,0.02084704,0.3086311,-0.3426912,0.02084699,0.3086311,-0.3426912,8.462233E-08,0,true,-98038,Sphere,CurrentGrounding,1,-0.2310972,0.8296721,0.2938809,0,0,0,0,-1,0,0.05,1,4608,0.5735765,-0.2310973,0.2400044,0.2949998,-0.2310973,0.2400044,0.2949998,2.383668E-06,0.9997495,-0.02237668,0.5396802,Swing,None,false,0,0,0,0,0,0,1,0,0,0,0,0,0,1,0,false,false,false,ModifierNotCompiled,0,0,0,0,0,0,0,0,ModifierNotCompiled,0,0,0,0,FootPlacementEffectorTarget,FootGrounding,true,0,false,0.2017564,1,6.528294,0.02583999,-98038,-0.2310973,0.2400044,0.2949998,2.383668E-06,0.9997496,-0.02237668,0,0,0,0,-0.2310972,0.618839,0.2938809,-0.2597339,0.5937489,0.3655553,-0.2685133,0.5197703,0.3368476,0.3520771,0.2787594,0,1,1,1,1,0.211176,0.1500235,0.2280145,0,0.2280145,-0.8915396,0.1500235,true,2.383668E-06,0.9997495,-0.02237668,9.261299E-07,0.9999622,-0.008694043,4.227871E-05,-0.004441286,-0.3968914,2.383668E-06,0.9997496,-0.02237668,true,0.0652943,0.5900107,-0.07260774,0.0652943,0.5900107,-0.07260774,0.0652943,0.5900107,-0.07260774,0.06529424,0.5900107,-0.07260773,6.143906E-08,0
2158,238,2158,1,2159,0,2159,false,rootmotion.finalik.full-body-biped-ik/indexed-pose-backend,None,true,true,1,lyra-5.7/ABP_Mannequin_Base/CR_Mannequin_FootPlant,unreal-engine-5.7/SpringInterpV2/FMath.SpringDamper,corin.animation-rig,87731f0d0ca14844bbf861368b9847b3,corin.foot-placement,6d6118d2f41a5948ddd18dc6d88083c8c5bf77a4682a4ec3fce5d2ec6af01624,298b6781705cafb383942fcc3f3b1f6e0800ead13829aedd29916feeb5d1f702,Corin.FootPlacementRig,2997edf1c34f13f7e2a3033372226eb399379f30c4303fddfe3e97ec1e4bf38d,0,-192572,-0.009992881,0.06940779,0.06940779,-0.729653,-0.009992881,true,0,0.06940779,0,1,PelvisPreSolveTranslation,FootGrounding,ModifierNotCompiled,-1,-1,-1,0,,,true,-98038,Sphere,CurrentGrounding,0,-0.1976168,0.6980557,0.4882717,0,0,0,0,-1,0,0.05,1,4608,0.5735765,-0.1976168,0.24,0.4882717,-0.1976168,0.24,0.4882717,0,1,0,0.4080557,Swing,None,false,0,0,0,0,0,0,1,0,0,0,0,0,0,1,0,false,false,false,ModifierNotCompiled,0,0,0,0,0,0,0,0,ModifierNotCompiled,0,0,0,0,FootPlacementEffectorTarget,FootGrounding,true,0,false,0.09242703,1,5.355079,0.1046582,-98038,-0.1976168,0.24,0.4882717,0,1,0,0,0,0,0,-0.1976168,0.431217,0.4882717,-0.2161207,0.4011013,0.56142,-0.2170708,0.3359049,0.533772,0.1611013,0.09590489,0,1,1,1,1,0.2300071,0.1605993,0.1637535,0,0.1637535,0.1893812,0.1605993,true,0,1,0,7.619813E-36,1,-9.136326E-07,-3.780165E-34,7.063308E-06,4.312591E-05,0,1,0,true,-0.004008449,0.4212241,-0.4545525,-0.004008449,0.4212241,-0.4545525,-0.004008449,0.4212241,-0.4545525,-0.004008558,0.4212241,-0.4545525,1.440663E-07,0,true,-97698,Sphere,CurrentGrounding,1,-0.1324689,0.7190501,-0.07311583,0,0,0,0,-1,0,0.05,1,4608,0.5735765,-0.1324682,0,-0.0731163,-0.1324682,0,-0.0731163,-1.430511E-05,1,9.536741E-06,0.6690501,Swing,None,false,0,0,0,0,0,0,1,0,0,0,0,0,0,1,0,false,false,false,ModifierNotCompiled,0,0,0,0,0,0,0,0,ModifierNotCompiled,0,0,0,0,FootPlacementEffectorTarget,FootGrounding,true,0,false,0.09839635,1,6.033543,0.1370298,-97698,-0.1324682,0,-0.0731163,-1.430511E-05,1,9.536741E-06,0,0,0,0,-0.1324689,0.4494852,-0.07311583,-0.1574821,0.397804,-0.01575478,-0.154958,0.3375497,-0.06807235,0.3978049,0.33755,0,1,1,1,1,-0.009992881,-0.07940067,0.1610272,0,0.1610272,-2.598305,-0.07940067,true,-1.430511E-05,1,9.536741E-06,-6.380315E-06,0.9999763,-0.006882797,-0.0002497269,0.002157021,0.1929235,-1.430511E-05,1,9.536741E-06,true,0.04880601,0.4394923,0.1081294,0.04880601,0.4394923,0.1081294,0.04880601,0.4394923,0.1081294,0.048806,0.4394923,0.1081294,7.347421E-08,0
2159,239,2159,1,2160,0,2160,false,rootmotion.finalik.full-body-biped-ik/indexed-pose-backend,None,true,true,1,lyra-5.7/ABP_Mannequin_Base/CR_Mannequin_FootPlant,unreal-engine-5.7/SpringInterpV2/FMath.SpringDamper,corin.animation-rig,87731f0d0ca14844bbf861368b9847b3,corin.foot-placement,6d6118d2f41a5948ddd18dc6d88083c8c5bf77a4682a4ec3fce5d2ec6af01624,298b6781705cafb383942fcc3f3b1f6e0800ead13829aedd29916feeb5d1f702,Corin.FootPlacementRig,2997edf1c34f13f7e2a3033372226eb399379f30c4303fddfe3e97ec1e4bf38d,0,-192572,-0.009992788,0.04261963,0.04261963,-0.5563632,-0.009992788,true,0,0.04261963,0,1,PelvisPreSolveTranslation,FootGrounding,ModifierNotCompiled,-1,-1,-1,0,,,true,-98038,Sphere,CurrentGrounding,0,-0.4255505,0.8043038,0.6132741,0,0,0,0,-1,0,0.05,1,4608,0.5735765,-0.4255505,0.24,0.6132741,-0.4255505,0.24,0.6132741,0,1,0,0.5143037,Swing,None,false,0,0,0,0,0,0,1,0,0,0,0,0,0,1,0,false,false,false,ModifierNotCompiled,0,0,0,0,0,0,0,0,ModifierNotCompiled,0,0,0,0,FootPlacementEffectorTarget,FootGrounding,true,0,false,0.2155103,1,3.139424,0.01976949,-98038,-0.4255505,0.24,0.6132741,0,1,0,0,0,0,0,-0.4255505,0.520338,0.6132741,-0.4744298,0.5101902,0.6773667,-0.4816175,0.4414172,0.6605239,0.2701902,0.2014172,0,1,1,1,1,0.2300072,0.1873876,0.1734146,0,0.1734146,0.2483596,0.1873876,true,0,1,0,1.062598E-36,1,-1.397682E-07,-5.273356E-35,1.502775E-06,6.645608E-06,0,1,0,true,-0.006362775,0.5103452,-0.5233529,-0.006362775,0.5103452,-0.5233529,-0.006362775,0.5103452,-0.5233529,-0.006362779,0.5103453,-0.5233529,1.333459E-07,0,true,-97698,Sphere,CurrentGrounding,1,-0.02171803,0.6828452,-0.04371548,0,0,0,0,-1,0,0.05,1,4608,0.5735765,-0.02171803,0,-0.04371548,-0.02171803,0,-0.04371548,0,1,0,0.6328452,Swing,None,false,0,0,0,0,0,0,1,0,0,0,0,0,0,1,0,false,false,false,ModifierNotCompiled,0,0,0,0,0,0,0,0,ModifierNotCompiled,0,0,0,0,FootPlacementEffectorTarget,FootGrounding,true,0.1655092,false,0.06398255,1,2.83217,0.09327518,-97698,-0.02171803,0,-0.04371548,0,1,0,0,0,0,0,-0.02171803,0.3029836,-0.04371548,-0.05420108,0.2329851,-0.01857733,-0.01671199,0.1938267,-0.07718865,0.2329851,0.1938267,0,1,1,1,1,-0.009992788,-0.05261242,0.0775188,0,0.0775188,-1.525038,-0.05261242,true,0,1,0,-4.072368E-06,0.9999984,-0.001794529,0.0001272522,0.0007779082,0.06942558,0,1,0,true,0.04472327,0.2929908,0.2461315,0.04472327,0.2929908,0.2461315,0.04472327,0.2929908,0.2461315,0.04472326,0.2929907,0.2461315,1.231038E-07,0
2160,240,2160,1,2161,0,2161,false,rootmotion.finalik.full-body-biped-ik/indexed-pose-backend,None,true,true,1,lyra-5.7/ABP_Mannequin_Base/CR_Mannequin_FootPlant,unreal-engine-5.7/SpringInterpV2/FMath.SpringDamper,corin.animation-rig,87731f0d0ca14844bbf861368b9847b3,corin.foot-placement,6d6118d2f41a5948ddd18dc6d88083c8c5bf77a4682a4ec3fce5d2ec6af01624,298b6781705cafb383942fcc3f3b1f6e0800ead13829aedd29916feeb5d1f702,Corin.FootPlacementRig,2997edf1c34f13f7e2a3033372226eb399379f30c4303fddfe3e97ec1e4bf38d,0,-192572,-0.07358849,0.01803954,0.01803954,-0.9691679,-0.07358849,true,0,0.01803954,0,1,PelvisPreSolveTranslation,FootGrounding,ModifierNotCompiled,-1,-1,-1,0,,,true,-98038,Sphere,CurrentGrounding,0,-0.6210747,0.9552907,0.6318746,0,0,0,0,-1,0,0.05,1,4608,0.5735765,-0.6210747,0.24,0.6318746,-0.6210747,0.24,0.6318746,0,1,0,0.6652907,Swing,None,false,0,0,0,0,0,0,1,0,0,0,0,0,0,1,0,false,false,false,ModifierNotCompiled,0,0,0,0,0,0,0,0,ModifierNotCompiled,0,0,0,0,FootPlacementEffectorTarget,FootGrounding,true,0,false,0.3074714,1,3.123326,0.175294,-98038,-0.6210747,0.24,0.6318746,0,1,0,0,0,0,0,-0.6210747,0.6466233,0.6318746,-0.6908278,0.6405271,0.6730738,-0.6980033,0.5727262,0.650517,0.4005271,0.3327262,0,1,1,1,1,0.1664115,0.148372,0.1732931,0,0.1732931,-0.1879815,0.148372,true,0,1,0,2.406921E-37,1,-3.362005E-08,-1.194775E-35,8.40249E-07,1.60551E-06,0,1,0,true,0.002015375,0.5730348,-0.5446994,0.002015375,0.5730348,-0.5446994,0.002015375,0.5730348,-0.5446994,0.00201536,0.5730349,-0.5446993,8.564149E-08,0,true,-97698,Sphere,CurrentGrounding,1,0.06412554,0.7337797,0.147882,0,0,0,0,-1,0,0.05,1,4608,0.5735765,0.06412601,0,0.1478815,0.06412601,0,0.1478815,-9.536741E-06,1,9.536741E-06,0.6837797,Swing,None,false,0,0,0,0,0,0,1,0,0,0,0,0,0,1,0,false,false,false,ModifierNotCompiled,0,0,0,0,0,0,0,0,ModifierNotCompiled,0,0,0,0,FootPlacementEffectorTarget,FootGrounding,true,0.3764379,false,0.05900864,1,1.957933,0.1447601,-97698,0.06412601,0,0.1478815,-9.536741E-06,1,9.536741E-06,0,0,0,0,0.06412554,0.283815,0.147882,0.03803849,0.2070566,0.1516843,0.1023915,0.1825346,0.1112933,0.2070569,0.1825339,0,1,1,1,1,-0.07358849,-0.09162803,0.03199579,0,0.03199579,-1.434078,-0.09162803,true,-9.536741E-06,1,9.536741E-06,-5.61134E-06,0.9999999,-0.0005347096,-0.0001080036,0.0002514392,0.02263366,-9.536741E-06,1,9.536741E-06,true,0.03816797,0.2102265,0.2934183,0.03816797,0.2102265,0.2934183,0.03816797,0.2102265,0.2934183,0.03816796,0.2102264,0.2934183,6.82857E-08,0
2161,241,2161,1,2162,0,2162,false,rootmotion.finalik.full-body-biped-ik/indexed-pose-backend,None,true,true,1,lyra-5.7/ABP_Mannequin_Base/CR_Mannequin_FootPlant,unreal-engine-5.7/SpringInterpV2/FMath.SpringDamper,corin.animation-rig,87731f0d0ca14844bbf861368b9847b3,corin.foot-placement,6d6118d2f41a5948ddd18dc6d88083c8c5bf77a4682a4ec3fce5d2ec6af01624,298b6781705cafb383942fcc3f3b1f6e0800ead13829aedd29916feeb5d1f702,Corin.FootPlacementRig,2997edf1c34f13f7e2a3033372226eb399379f30c4303fddfe3e97ec1e4bf38d,0,-192572,0.07405655,0.01582949,0.01582949,0.5659888,0.07405655,true,0,0.01582949,0,1,PelvisPreSolveTranslation,FootGrounding,ModifierNotCompiled,-1,-1,-1,0,,,true,-98038,Sphere,CurrentGrounding,0,-0.7227724,1.13127,0.5848241,0,0,0,0,-1,0,0.05,1,4608,0.5735765,-0.7227724,0.2399999,0.5848241,-0.7227724,0.2399999,0.5848241,0,1,0,0.8412699,Swing,None,false,0,0,0,0,0,0,1,0,0,0,0,0,0,1,0,false,false,false,ModifierNotCompiled,0,0,0,0,0,0,0,0,ModifierNotCompiled,0,0,0,0,FootPlacementEffectorTarget,FootGrounding,true,0,false,0.4016846,1,2.788461,0.3612432,-98038,-0.7227724,0.2399999,0.5848241,0,1,0,0,0,0,0,-0.7227721,0.7971991,0.5848241,-0.8036358,0.8008807,0.5917225,-0.808748,0.7334638,0.5663495,0.5608807,0.4934638,0,1,1,1,1,0.07405655,0.05822706,0.1500996,0,0.1500996,-0.9490441,0.05822706,true,0,1,0,4.337052E-38,1,-6.453609E-09,-2.153466E-36,-1.155685E-07,3.095125E-07,0,1,0,true,0.005905623,0.6312557,-0.5198829,0.005905593,0.6312557,-0.5198826,0.005905593,0.6312557,-0.5198826,0.005905687,0.6312557,-0.5198826,1.263067E-07,0,true,-98038,Sphere,CurrentGrounding,1,0.1327972,0.8074912,0.4556918,0,0,0,0,-1,0,0.05,1,4608,0.5735765,0.1327972,0.24,0.4556918,0.1327972,0.24,0.4556918,0,1,0,0.5174912,Swing,None,false,0,0,0,0,0,0,1,0,0,0,0,0,0,1,0,false,false,false,ModifierNotCompiled,0,0,0,0,0,0,0,0,ModifierNotCompiled,0,0,0,0,FootPlacementEffectorTarget,FootGrounding,true,0.02006444,false,0.05859499,1,2.404996,0.01211177,-98038,0.1327972,0.24,0.4556918,0,1,0,0,0,0,0,0.1327972,0.340629,0.4556918,0.1357863,0.2597276,0.4499588,0.2154913,0.2623245,0.4461632,0.01972759,0.0223245,0,1,1,1,1,0.07405661,0.05822712,0.0173083,0,0.0173083,0.3064604,0.05822712,true,0,1,0,-3.424413E-06,1,-0.0001207526,0.0001033698,6.037973E-05,0.005321613,0,1,0,true,0.02579101,0.1746856,0.3451483,0.02579101,0.1746856,0.3451483,0.02579101,0.1746856,0.3451483,0.02579105,0.1746856,0.3451484,6.433545E-08,0
2162,242,2162,1,2163,0,2163,false,rootmotion.finalik.full-body-biped-ik/indexed-pose-backend,None,true,true,1,lyra-5.7/ABP_Mannequin_Base/CR_Mannequin_FootPlant,unreal-engine-5.7/SpringInterpV2/FMath.SpringDamper,corin.animation-rig,87731f0d0ca14844bbf861368b9847b3,corin.foot-placement,6d6118d2f41a5948ddd18dc6d88083c8c5bf77a4682a4ec3fce5d2ec6af01624,298b6781705cafb383942fcc3f3b1f6e0800ead13829aedd29916feeb5d1f702,Corin.FootPlacementRig,2997edf1c34f13f7e2a3033372226eb399379f30c4303fddfe3e97ec1e4bf38d,0,-192572,-0.01436299,0.01737271,0.01737271,-0.3208091,-0.01436299,true,0,0.01737271,0,1,PelvisPreSolveTranslation,FootGrounding,ModifierNotCompiled,-1,-1,-1,0,,,true,-98038,Sphere,CurrentGrounding,0,-0.6842284,1.254892,0.5773783,0,0,0,0,-1,0,0.05,1,4608,0.5735765,-0.6842284,0.24,0.5773783,-0.6842284,0.24,0.5773783,0,1,0,0.9648921,Swing,None,false,0,0,0,0,0,0,1,0,0,0,0,0,0,1,0,false,false,false,ModifierNotCompiled,0,0,0,0,0,0,0,0,ModifierNotCompiled,0,0,0,0,FootPlacementEffectorTarget,FootGrounding,true,0,false,0.4657401,1,1.830982,0.5152434,-98038,-0.6842284,0.24,0.5773783,0,1,0,0,0,0,0,-0.6842284,0.8780157,0.5773783,-0.7517214,0.911485,0.5469718,-0.7760406,0.8452491,0.5282488,0.671485,0.605249,0,1,1,1,1,-0.01436299,-0.0317357,0.1057509,0,0.1057509,-1.483334,-0.0317357,true,0,1,0,8.219445E-39,1,-1.292577E-09,-4.082216E-37,1.55014E-08,6.220974E-08,0,1,0,true,-0.007432573,0.6236527,-0.4441036,-0.007432573,0.6236527,-0.4441036,-0.007432573,0.6236527,-0.4441036,-0.007432541,0.6236527,-0.4441036,3.213063E-08,0,true,-98048,Sphere,CurrentGrounding,1,0.07761812,0.8497218,0.7859473,0,0,0,0,-1,0,0.05,1,4608,0.5735765,0.07761812,0.48,0.7859473,0.07761812,0.48,0.7859473,0,1,0,0.3197218,Swing,None,false,0,0,0,0,0,0,1,0,0,0,0,0,0,1,0,false,false,false,ModifierNotCompiled,0,0,0,0,0,0,0,0,ModifierNotCompiled,0,0,0,0,FootPlacementEffectorTarget,FootGrounding,true,0,false,0.02469617,1,2.083128,0.1806553,-98048,0.07761812,0.48,0.7859473,0,1,0,0,0,0,0,0.07761812,0.5501673,0.7859473,0.1146271,0.48,0.8030853,0.1781642,0.5195805,0.8308434,2.980232E-08,0.03958049,0,1,1,1,1,0.225637,0.2082643,0.05428437,0.1287885,0.1830728,1.575518,0.2082643,true,0,1,0,-1.073033E-06,1,-2.717261E-05,4.11734E-05,1.393497E-05,0.001226988,0,1,0,true,0.02147478,0.2958043,0.3452478,0.02147478,0.2958043,0.3452478,0.02147478,0.2958043,0.3452478,0.02147473,0.2958043,0.3452478,7.922266E-08,0
2163,243,2163,1,2164,0,2164,false,rootmotion.finalik.full-body-biped-ik/indexed-pose-backend,None,true,true,1,lyra-5.7/ABP_Mannequin_Base/CR_Mannequin_FootPlant,unreal-engine-5.7/SpringInterpV2/FMath.SpringDamper,corin.animation-rig,87731f0d0ca14844bbf861368b9847b3,corin.foot-placement,6d6118d2f41a5948ddd18dc6d88083c8c5bf77a4682a4ec3fce5d2ec6af01624,298b6781705cafb383942fcc3f3b1f6e0800ead13829aedd29916feeb5d1f702,Corin.FootPlacementRig,2997edf1c34f13f7e2a3033372226eb399379f30c4303fddfe3e97ec1e4bf38d,0,-192572,0,0.01165624,0.01165624,-0.1408849,0,true,0,0.01165624,0,1,PelvisPreSolveTranslation,FootGrounding,ModifierNotCompiled,-1,-1,-1,0,,,false,0,Sphere,CurrentGrounding,0,-0.6514013,1.325221,0.6016111,0,0,0,0,-1,0,0.05,1,4608,0.5735765,0,0,0,0,0,0,0,1,0,0,Swing,None,false,0,0,0,0,0,0,1,0,0,0,0,0,0,1,0,false,false,false,ModifierNotCompiled,0,0,0,0,0,0,0,0,ModifierNotCompiled,0,0,0,0,FootPlacementEffectorTarget,FootGrounding,true,0,false,0.4705828,1,2.132178,Infinity,0,0,0,0,0,0,0,0,0,0,0,-0.6514013,0.9110028,0.6016111,-0.7046669,0.9466412,0.5516839,-0.728657,0.8810514,0.5305829,0,0,0,1,1,1,1,0,-0.01165624,0.07412605,0,0.07412605,-1.002976,-0.01165624,true,0,1,0,2.305034E-39,1,-3.766265E-10,-1.145014E-37,-1.265501E-09,1.816847E-08,0,1,0,true,-0.01484953,0.5909444,-0.4188266,-0.01484953,0.5909444,-0.4188266,-0.01484953,0.5909444,-0.4188266,-0.01484952,0.5909445,-0.4188266,1.500586E-07,0,true,-98048,Sphere,CurrentGrounding,1,-0.07924676,0.8990247,0.9873443,0,0,0,0,-1,0,0.05,1,4608,0.5735765,-0.07924676,0.48,0.9873443,-0.07924676,0.48,0.9873443,0,1,0,0.3690247,Swing,None,false,0,0,0,0,0,0,1,0,0,0,0,0,0,1,0,false,false,false,ModifierNotCompiled,0,0,0,0,0,0,0,0,ModifierNotCompiled,0,0,0,0,FootPlacementEffectorTarget,FootGrounding,true,0,false,0.001497472,1,5.458342,0.1608132,-98048,-0.07924676,0.48,0.9873443,0,1,0,0.001981467,0,0.001981467,0,-0.07924676,0.6152001,0.9873443,-0.08052253,0.5342523,0.9930596,-0.02122402,0.5364721,1.046471,0.05425227,0.05647206,0,1,1,1,1,0.1599416,0.1502668,0.2045191,0,0.2045191,0.2432397,0.1502668,true,0,1,0,-3.871851E-07,1,-8.492524E-06,1.593732E-05,4.222362E-06,0.0003885338,0,1,0,true,0.008971859,0.2951417,0.270799,0.008971859,0.2951417,0.270799,0.008971859,0.2951417,0.270799,0.008971862,0.2951418,0.270799,8.945062E-08,0
2164,244,2164,1,2165,0,2165,false,rootmotion.finalik.full-body-biped-ik/indexed-pose-backend,None,true,true,1,lyra-5.7/ABP_Mannequin_Base/CR_Mannequin_FootPlant,unreal-engine-5.7/SpringInterpV2/FMath.SpringDamper,corin.animation-rig,87731f0d0ca14844bbf861368b9847b3,corin.foot-placement,6d6118d2f41a5948ddd18dc6d88083c8c5bf77a4682a4ec3fce5d2ec6af01624,298b6781705cafb383942fcc3f3b1f6e0800ead13829aedd29916feeb5d1f702,Corin.FootPlacementRig,2997edf1c34f13f7e2a3033372226eb399379f30c4303fddfe3e97ec1e4bf38d,0,-192572,0.07158771,0.02062541,0.02062541,0.5215839,0.07158771,true,0,0.02062541,0,1,PelvisPreSolveTranslation,FootGrounding,ModifierNotCompiled,-1,-1,-1,0,,,true,-98048,Sphere,CurrentGrounding,0,-0.5663574,1.391858,0.7683396,0,0,0,0,-1,0,0.05,1,4608,0.5735765,-0.5663574,0.48,0.775,-0.5663574,0.48,0.775,0,0.9910883,-0.133207,0.8623034,Swing,None,false,0,0,0,0,0,0,1,0,0,0,0,0,0,1,0,false,false,false,ModifierNotCompiled,0,0,0,0,0,0,0,0,ModifierNotCompiled,0,0,0,0,FootPlacementEffectorTarget,FootGrounding,true,0,false,0.4789938,1,4.9217,0.4429335,-98048,-0.5663574,0.48,0.775,0,0.9910883,-0.133207,0,0,0,0,-0.5663574,0.9687294,0.7683396,-0.5996096,1.017468,0.7124929,-0.6255383,0.9591519,0.6771473,0.541005,0.4879166,0,1,1,1,1,0.07158771,0.05096231,0.05624614,0,0.05624614,-0.1493565,0.05096231,true,0,0.9910883,-0.133207,4.24379E-40,0.9977355,-0.06725907,-2.103889E-38,-0.1416531,-2.117342,0,0.9910883,-0.133207,true,-0.05314731,0.5603172,-0.3094211,-0.05314731,0.5603172,-0.3094211,-0.05314731,0.5603172,-0.3094211,-0.05314733,0.5603172,-0.3094211,3.960038E-08,0,true,-98048,Sphere,CurrentGrounding,1,-0.3460112,0.9860978,1.083827,0,0,0,0,-1,0,0.05,1,4608,0.5735765,-0.3460112,0.48,1.083827,-0.3460112,0.48,1.083827,0,1,0,0.4560977,Swing,None,false,0,0,0,0,0,0,1,0,0,0,0,0,0,1,0,false,false,false,ModifierNotCompiled,0,0,0,0,0,0,0,0,ModifierNotCompiled,0,0,0,0,FootPlacementEffectorTarget,FootGrounding,true,1,false,-0.003445863,1,5.862212,0.07441276,-98048,-0.3460112,0.48,1.083827,0,1,0,0.003440261,0,0.003440261,0,-0.3460112,0.6929703,1.083827,-0.344002,0.6118445,1.085019,-0.3132825,0.613075,1.1587,0.1318445,0.133075,0,1,1,1,1,0.07158777,0.05440263,0.1862471,0,0.1862471,-1.032214,0.05440263,true,0,1,0,-9.186035E-08,1,-1.769739E-06,3.98302E-06,1.319583E-06,8.205503E-05,0,1,0,true,-0.01248962,0.284558,0.07324247,-0.01248962,0.284558,0.07324247,-0.01248962,0.284558,0.07324247,-0.01248958,0.284558,0.07324241,7.450581E-08,0
2165,245,2165,1,2166,0,2166,false,rootmotion.finalik.full-body-biped-ik/indexed-pose-backend,None,true,true,1,lyra-5.7/ABP_Mannequin_Base/CR_Mannequin_FootPlant,unreal-engine-5.7/SpringInterpV2/FMath.SpringDamper,corin.animation-rig,87731f0d0ca14844bbf861368b9847b3,corin.foot-placement,6d6118d2f41a5948ddd18dc6d88083c8c5bf77a4682a4ec3fce5d2ec6af01624,298b6781705cafb383942fcc3f3b1f6e0800ead13829aedd29916feeb5d1f702,Corin.FootPlacementRig,2997edf1c34f13f7e2a3033372226eb399379f30c4303fddfe3e97ec1e4bf38d,0,-192572,-0.04815811,0.009181981,0.009181981,-0.6769009,-0.04815811,true,0,0.009181981,0,1,PelvisPreSolveTranslation,FootGrounding,ModifierNotCompiled,-1,-1,-1,0,,,true,-98048,Sphere,CurrentGrounding,0,-0.5284071,1.379549,1.121038,0,0,0,0,-1,0,0.05,1,4608,0.5735765,-0.5284071,0.4800001,1.121038,-0.5284071,0.4800001,1.121038,0,1,0,0.8495492,Swing,None,false,0,0,0,0,0,0,1,0,0,0,0,0,0,1,0,false,false,false,ModifierNotCompiled,0,0,0,0,0,0,0,0,ModifierNotCompiled,0,0,0,0,FootPlacementEffectorTarget,FootGrounding,true,0,false,0.2944648,1,4.581688,0.3791593,-98048,-0.5284071,0.4800001,1.121038,0,1,0,0,0,0,0,-0.5284071,0.9115607,1.121038,-0.5344512,0.9240484,1.040991,-0.5271411,0.8524019,1.029339,0.4440483,0.3724018,0,1,1,1,1,-0.04815799,-0.05733997,0.02282938,0,0.02282938,-0.9696479,-0.05733997,true,0,1,0,4.483034E-41,0.9994169,-0.03414394,-2.224381E-39,0.0768536,1.148765,0,1,0,true,-0.06705909,0.3834026,-0.1278562,-0.06705909,0.3834026,-0.1278562,-0.06705909,0.3834026,-0.1278562,-0.0670591,0.3834026,-0.1278562,6.00685E-08,0,true,-98048,Sphere,CurrentGrounding,1,-0.4752989,1.106138,1.031186,0,0,0,0,-1,0,0.05,1,4608,0.5735765,-0.4752989,0.48,1.031186,-0.4752989,0.48,1.031186,0,1,0,0.5761376,Swing,None,false,0,0,0,0,0,0,1,0,0,0,0,0,0,1,0,false,false,false,ModifierNotCompiled,0,0,0,0,0,0,0,0,ModifierNotCompiled,0,0,0,0,FootPlacementEffectorTarget,FootGrounding,true,1,false,-0.004376132,1,6.510497,0.04449683,-98048,-0.4752989,0.48,1.031186,0,1,0,0.004171491,0,0.004171491,0,-0.4752989,0.7261455,1.031186,-0.4773939,0.6450149,1.030665,-0.4897351,0.6439945,1.109478,0.1650149,0.1639945,0,1,1,1,1,-0.04815811,-0.0531686,0.1108259,0,0.1108259,-1.769942,-0.0531686,true,0,1,0,-1.258669E-08,1,-2.161487E-07,5.674444E-07,5.529233E-07,1.015513E-05,0,1,0,true,-0.02330447,0.1979874,-0.2226167,-0.02330447,0.1979874,-0.2226167,-0.02330447,0.1979874,-0.2226167,-0.02330448,0.1979875,-0.2226167,6.00685E-08,0
2166,246,2166,1,2167,0,2167,false,rootmotion.finalik.full-body-biped-ik/indexed-pose-backend,None,true,true,1,lyra-5.7/ABP_Mannequin_Base/CR_Mannequin_FootPlant,unreal-engine-5.7/SpringInterpV2/FMath.SpringDamper,corin.animation-rig,87731f0d0ca14844bbf861368b9847b3,corin.foot-placement,6d6118d2f41a5948ddd18dc6d88083c8c5bf77a4682a4ec3fce5d2ec6af01624,298b6781705cafb383942fcc3f3b1f6e0800ead13829aedd29916feeb5d1f702,Corin.FootPlacementRig,2997edf1c34f13f7e2a3033372226eb399379f30c4303fddfe3e97ec1e4bf38d,0,-192572,-0.2197788,-0.113111,-0.09440366,-1.653016,-0.2197788,true,0,-0.113111,0,1,PelvisPreSolveTranslation,FootGrounding,ModifierNotCompiled,-1,-1,-1,0,,,true,-98058,Sphere,CurrentGrounding,0,-0.7384858,1.387813,1.674254,0,0,0,0,-1,0,0.05,1,4608,0.5735765,-0.7384858,0.7199999,1.674254,-0.7384858,0.7199999,1.674254,0,1,0,0.6178126,Swing,None,false,0,0,0,0,0,0,1,0,0,0,0,0,0,1,0,false,false,false,ModifierNotCompiled,0,0,0,0,0,0,0,0,ModifierNotCompiled,0,0,0,0,FootPlacementEffectorTarget,FootGrounding,true,0,false,0.08206707,1,3.569629,0.07998067,-98058,-0.7384858,0.7199999,1.674254,0,1,0,0,0,0,0,-0.7384858,0.840013,1.674254,-0.7276433,0.7704055,1.63379,-0.7596421,0.7338652,1.688228,0.05040556,0.01386529,0,1,1,1,1,0.02022111,0.1146248,0.04660409,0,0.04660409,0.9217315,0.1146248,true,0,1,0,2.145388E-42,0.9999942,-0.003408593,-1.067061E-40,0.009718259,0.1452597,0,1,0,true,-0.04853229,0.1402342,0.106749,-0.04853229,0.1402342,0.106749,-0.04853229,0.1402342,0.106749,-0.04853228,0.1402341,0.1067491,1.164414E-07,0,true,-98048,Sphere,CurrentGrounding,1,-0.4213846,1.425908,1.176462,0,0,0,0,-1,0,0.05,1,4608,0.5735765,-0.4213846,0.48,1.176462,-0.4213846,0.48,1.176462,0,1,0,0.8959082,Swing,None,false,0,0,0,0,0,0,1,0,0,0,0,0,0,1,0,false,false,false,ModifierNotCompiled,0,0,0,0,0,0,0,0,ModifierNotCompiled,0,0,0,0,FootPlacementEffectorTarget,FootGrounding,true,0,false,0.1343715,1,3.742008,0.3919551,-98048,-0.4213846,0.48,1.176462,0,1,0,0,0,0,0,-0.4213846,0.8218551,1.176462,-0.3942132,0.8057944,1.101692,-0.412976,0.7300096,1.108181,0.3257943,0.2500095,0,1,1,1,1,-0.2197788,-0.1253751,-0.009649448,0,-0.009649448,-1.448823,-0.1253751,true,0,1,0,-7.925788E-10,1,-1.227586E-08,3.683107E-08,-6.487744E-08,5.843233E-07,0,1,0,true,0.009501318,0.1220763,-0.4806027,0.009501318,0.1220763,-0.4806027,0.009501318,0.1220763,-0.4806027,0.009501349,0.1220762,-0.4806027,9.94206E-08,0
2167,247,2167,1,2168,0,2168,false,rootmotion.finalik.full-body-biped-ik/indexed-pose-backend,None,true,true,1,lyra-5.7/ABP_Mannequin_Base/CR_Mannequin_FootPlant,unreal-engine-5.7/SpringInterpV2/FMath.SpringDamper,corin.animation-rig,87731f0d0ca14844bbf861368b9847b3,corin.foot-placement,6d6118d2f41a5948ddd18dc6d88083c8c5bf77a4682a4ec3fce5d2ec6af01624,298b6781705cafb383942fcc3f3b1f6e0800ead13829aedd29916feeb5d1f702,Corin.FootPlacementRig,2997edf1c34f13f7e2a3033372226eb399379f30c4303fddfe3e97ec1e4bf38d,0,-192572,-0.1094936,-0.1244617,-0.1244617,0.07127,-0.1094936,true,0,-0.1244617,0,1,PelvisPreSolveTranslation,FootGrounding,ModifierNotCompiled,-1,-1,-1,0,,,true,-98068,Sphere,CurrentGrounding,0,-0.609055,1.487007,2.119071,0,0,0,0,-1,0,0.05,1,4608,0.5735765,-0.609055,0.9599999,2.119071,-0.609055,0.9599999,2.119071,0,1,0,0.4770069,Swing,None,false,0,0,0,0,0,0,1,0,0,0,0,0,0,1,0,false,false,false,ModifierNotCompiled,0,0,0,0,0,0,0,0,ModifierNotCompiled,0,0,0,0,FootPlacementEffectorTarget,FootGrounding,true,0.04936533,false,0.05649969,1,2.99011,0.06144524,-98068,-0.609055,0.9599999,2.119071,0,1,0,0,0,0,0,-0.609055,1.061232,2.119071,-0.6202736,0.9855596,2.091724,-0.6129217,0.9599999,2.159659,0.02555966,0,0,1,1,1,1,0.1305063,0.254968,0.1200113,0.07867551,0.1986868,1.661843,0.254968,true,0,1,0,2.087935E-43,0.9999999,-0.0004469104,-1.038362E-41,0.001337711,0.01999586,0,1,0,true,-0.03762458,0.2317383,0.2541547,-0.03762458,0.2317383,0.2541547,-0.03762458,0.2317383,0.2541547,-0.03762453,0.2317384,0.2541546,1.059582E-07,0,true,-98058,Sphere,CurrentGrounding,1,-0.65906,1.690677,1.324917,0,0,0,0,-1,0,0.05,1,4608,0.5735765,-0.65906,0.72,1.324917,-0.65906,0.72,1.324917,0,1,0,0.9206774,Swing,None,false,0,0,0,0,0,0,1,0,0,0,0,0,0,1,0,false,false,false,ModifierNotCompiled,0,0,0,0,0,0,0,0,ModifierNotCompiled,0,0,0,0,FootPlacementEffectorTarget,FootGrounding,true,0,false,0.2854145,1,3.161656,0.432436,-98058,-0.65906,0.72,1.324917,0,1,0,0,0,0,0,-0.65906,1.041463,1.324917,-0.6747572,1.040768,1.245294,-0.6966386,0.965676,1.247354,0.3207676,0.2456759,0,1,1,1,1,-0.1094936,0.01496813,-0.02475255,0,-0.02475255,0.4001589,0.01496813,true,0,1,0,-8.943424E-11,1,-1.319211E-09,4.210346E-09,9.372157E-09,6.320896E-08,0,1,0,true,-0.00584384,0.2119695,-0.5409374,-0.00584384,0.2119695,-0.5409374,-0.00584384,0.2119695,-0.5409374,-0.005843762,0.2119696,-0.5409374,1.230906E-07,0
2168,248,2168,1,2169,0,2169,false,rootmotion.finalik.full-body-biped-ik/indexed-pose-backend,None,true,true,1,lyra-5.7/ABP_Mannequin_Base/CR_Mannequin_FootPlant,unreal-engine-5.7/SpringInterpV2/FMath.SpringDamper,corin.animation-rig,87731f0d0ca14844bbf861368b9847b3,corin.foot-placement,6d6118d2f41a5948ddd18dc6d88083c8c5bf77a4682a4ec3fce5d2ec6af01624,298b6781705cafb383942fcc3f3b1f6e0800ead13829aedd29916feeb5d1f702,Corin.FootPlacementRig,2997edf1c34f13f7e2a3033372226eb399379f30c4303fddfe3e97ec1e4bf38d,0,-192572,0,-0.09490991,-0.09490991,1.033637,0,true,0,-0.09490991,0,1,PelvisPreSolveTranslation,FootGrounding,ModifierNotCompiled,-1,-1,-1,0,,,true,-98078,Sphere,CurrentGrounding,0,-0.4723697,1.571184,2.450527,0,0,0,0,-1,0,0.05,1,4608,0.5735765,-0.4723697,1.2,2.450527,-0.4723697,1.2,2.450527,0,1,0,0.3211836,Swing,None,false,0,0,0,0,0,0,1,0,0,0,0,0,0,1,0,false,false,false,ModifierNotCompiled,0,0,0,0,0,0,0,0,ModifierNotCompiled,0,0,0,0,FootPlacementEffectorTarget,FootGrounding,true,0.01912347,false,0.04682537,1,3.026138,0.2056863,-98078,-0.4723697,1.2,2.450527,0,1,0,0,0,0,0,-0.4723697,1.28076,2.450527,-0.4679058,1.2,2.458135,-0.4467652,1.207781,2.527524,0,0.00778091,0,1,1,1,1,0.2583152,0.3532251,0.2665308,0.03795576,0.3044866,1.421419,0.3532251,true,0,1,0,2.662467E-44,1,-6.994669E-05,-1.343845E-42,0.0002146744,0.003203895,0,1,0,true,-0.01887028,0.3390757,0.3681293,-0.01887028,0.3390757,0.3681293,-0.01887028,0.3390757,0.3681293,-0.01887031,0.3390758,0.3681294,1.509662E-07,0,false,0,Sphere,CurrentGrounding,1,-0.6712997,1.910468,1.588611,0,0,0,0,-1,0,0.05,1,4608,0.5735765,0,0,0,0,0,0,0,1,0,0,Swing,None,false,0,0,0,0,0,0,1,0,0,0,0,0,0,1,0,false,false,false,ModifierNotCompiled,0,0,0,0,0,0,0,0,ModifierNotCompiled,0,0,0,0,FootPlacementEffectorTarget,FootGrounding,true,0,false,0.4064756,1,2.795712,Infinity,0,0,0,0,0,0,0,0,0,0,0,-0.6712997,1.324263,1.588611,-0.6952851,1.33708,1.512144,-0.7213037,1.262744,1.505782,0,0,0,1,1,1,1,0,0.09490991,0.008705688,0,0.008705688,0.9673677,0.09490991,true,0,1,0,-1.286077E-11,1,-1.836915E-10,6.104052E-10,-1.38153E-09,8.841165E-09,0,1,0,true,-0.006348853,0.3825787,-0.5163573,-0.006348853,0.3825787,-0.5163573,-0.006348853,0.3825787,-0.5163573,-0.006348807,0.3825788,-0.5163573,5.489473E-08,0
2169,249,2169,1,2170,0,2170,false,rootmotion.finalik.full-body-biped-ik/indexed-pose-backend,None,true,true,1,lyra-5.7/ABP_Mannequin_Base/CR_Mannequin_FootPlant,unreal-engine-5.7/SpringInterpV2/FMath.SpringDamper,corin.animation-rig,87731f0d0ca14844bbf861368b9847b3,corin.foot-placement,6d6118d2f41a5948ddd18dc6d88083c8c5bf77a4682a4ec3fce5d2ec6af01624,298b6781705cafb383942fcc3f3b1f6e0800ead13829aedd29916feeb5d1f702,Corin.FootPlacementRig,2997edf1c34f13f7e2a3033372226eb399379f30c4303fddfe3e97ec1e4bf38d,0,-192572,0,-0.06581634,-0.06581634,0.759815,0,true,0,-0.06581634,0,1,PelvisPreSolveTranslation,FootGrounding,ModifierNotCompiled,-1,-1,-1,0,,,true,-98078,Sphere,CurrentGrounding,0,-0.4186661,1.607741,2.593132,0,0,0,0,-1,0,0.05,1,4608,0.5735765,-0.4186661,1.2,2.593132,-0.4186661,1.2,2.593132,0,1,0,0.3577415,Swing,None,false,0,0,0,0,0,0,1,0,0,0,0,0,0,1,0,false,false,false,ModifierNotCompiled,0,0,0,0,0,0,0,0,ModifierNotCompiled,0,0,0,0,FootPlacementEffectorTarget,FootGrounding,true,0,false,0.01135292,1,4.343536,0.1477953,-98078,-0.4186661,1.2,2.593132,0,1,0,0,0,0,0,-0.4186661,1.359765,2.593132,-0.3963132,1.287914,2.623756,-0.3771679,1.320543,2.686135,0.08791399,0.1205426,0,1,1,1,1,0.1737424,0.2395588,0.31784,0,0.31784,-0.3252941,0.2395588,true,0,1,0,5.605194E-45,1,-1.605022E-05,-2.67648E-43,5.023313E-05,0.0007442674,0,1,0,true,-0.01312227,0.3335074,0.3428999,-0.01312227,0.3335074,0.3428999,-0.01312227,0.3335074,0.3428999,-0.01312229,0.3335074,0.3428999,4.770699E-08,0,false,0,Sphere,CurrentGrounding,1,-0.6084094,2.028304,1.831324,0,0,0,0,-1,0,0.05,1,4608,0.5735765,0,0,0,0,0,0,0,1,0,0,Swing,None,false,0,0,0,0,0,0,1,0,0,0,0,0,0,1,0,false,false,false,ModifierNotCompiled,0,0,0,0,0,0,0,0,ModifierNotCompiled,0,0,0,0,FootPlacementEffectorTarget,FootGrounding,true,0,false,0.4554043,1,2.259166,Infinity,0,0,0,0,0,0,0,0,0,0,0,-0.6084094,1.493316,1.831324,-0.6325064,1.521551,1.759151,-0.6509483,1.446939,1.73626,0,0,0,1,1,1,1,0,0.06581634,0.03082858,0,0.03082858,0.448665,0.06581634,true,0,1,0,-2.811883E-12,1,-3.936119E-11,1.34119E-10,1.767017E-10,1.899942E-09,0,1,0,true,0.00565114,0.4670583,-0.4419581,0.00565114,0.4670583,-0.4419581,0.00565114,0.4670583,-0.4419581,0.005651169,0.4670583,-0.4419582,7.24414E-08,0
2170,250,2170,1,2171,0,2171,false,rootmotion.finalik.full-body-biped-ik/indexed-pose-backend,None,true,true,1,lyra-5.7/ABP_Mannequin_Base/CR_Mannequin_FootPlant,unreal-engine-5.7/SpringInterpV2/FMath.SpringDamper,corin.animation-rig,87731f0d0ca14844bbf861368b9847b3,corin.foot-placement,6d6118d2f41a5948ddd18dc6d88083c8c5bf77a4682a4ec3fce5d2ec6af01624,298b6781705cafb383942fcc3f3b1f6e0800ead13829aedd29916feeb5d1f702,Corin.FootPlacementRig,2997edf1c34f13f7e2a3033372226eb399379f30c4303fddfe3e97ec1e4bf38d,0,-192572,0,-0.04425523,-0.04425523,0.533522,0,true,0,-0.04425523,0,1,PelvisPreSolveTranslation,FootGrounding,ModifierNotCompiled,-1,-1,-1,0,,,true,-98078,Sphere,CurrentGrounding,0,-0.3905051,1.695789,2.582134,0,0,0,0,-1,0,0.05,1,4608,0.5735765,-0.3905051,1.2,2.582134,-0.3905051,1.2,2.582134,0,1,0,0.4457884,Swing,None,false,0,0,0,0,0,0,1,0,0,0,0,0,0,1,0,false,false,false,ModifierNotCompiled,0,0,0,0,0,0,0,0,ModifierNotCompiled,0,0,0,0,FootPlacementEffectorTarget,FootGrounding,true,1,false,-0.002091698,1,6.187552,0.08749878,-98078,-0.3905051,1.2,2.582134,0,1,0,0.002352715,0,0.002352715,0,-0.3905051,1.436871,2.582134,-0.3928952,1.355784,2.577752,-0.361505,1.351384,2.643461,0.1557838,0.1513838,0,1,1,1,1,0.08734608,0.133954,0.2853378,0,0.2853378,-1.381481,0.133954,true,0,1,0,1.401298E-45,1,-3.471677E-06,-5.605194E-44,1.080219E-05,0.0001625506,0,1,0,true,0.004110303,0.3242171,0.1580324,0.004110303,0.3242171,0.1580324,0.004110303,0.3242171,0.1580324,0.004110304,0.3242171,0.1580323,6.664653E-08,0,false,0,Sphere,CurrentGrounding,1,-0.5235064,2.108164,2.078402,0,0,0,0,-1,0,0.05,1,4608,0.5735765,0,0,0,0,0,0,0,1,0,0,Swing,None,false,0,0,0,0,0,0,1,0,0,0,0,0,0,1,0,false,false,false,ModifierNotCompiled,0,0,0,0,0,0,0,0,ModifierNotCompiled,0,0,0,0,FootPlacementEffectorTarget,FootGrounding,true,0,false,0.4551759,1,3.601887,Infinity,0,0,0,0,0,0,0,0,0,0,0,-0.5235064,1.603345,2.078402,-0.5498424,1.637257,2.009531,-0.555594,1.565305,1.975499,0,0,0,1,1,1,1,0,0.04425523,0.03943622,0,0.03943622,0.1106992,0.04425523,true,0,1,0,-5.842445E-13,1,-8.033568E-12,2.798607E-11,-2.330024E-11,3.887837E-10,0,1,0,true,0.03363021,0.4906911,-0.3621253,0.03363021,0.4906911,-0.3621253,0.03363021,0.4906911,-0.3621253,0.03363022,0.4906911,-0.3621252,1.237783E-07,0
2171,251,2171,1,2172,0,2172,false,rootmotion.finalik.full-body-biped-ik/indexed-pose-backend,None,true,true,1,lyra-5.7/ABP_Mannequin_Base/CR_Mannequin_FootPlant,unreal-engine-5.7/SpringInterpV2/FMath.SpringDamper,corin.animation-rig,87731f0d0ca14844bbf861368b9847b3,corin.foot-placement,6d6118d2f41a5948ddd18dc6d88083c8c5bf77a4682a4ec3fce5d2ec6af01624,298b6781705cafb383942fcc3f3b1f6e0800ead13829aedd29916feeb5d1f702,Corin.FootPlacementRig,2997edf1c34f13f7e2a3033372226eb399379f30c4303fddfe3e97ec1e4bf38d,0,-192572,-0.007377744,-0.02926338,-0.02926338,0.2836203,-0.007377744,true,0,-0.02926338,0,1,PelvisPreSolveTranslation,FootGrounding,ModifierNotCompiled,-1,-1,-1,0,,,true,-98078,Sphere,CurrentGrounding,0,-0.4616475,1.791631,2.559364,0,0,0,0,-1,0,0.05,1,4608,0.5735765,-0.4616475,1.2,2.559364,-0.4616475,1.2,2.559364,0,1,0,0.5416309,Swing,None,false,0,0,0,0,0,0,1,0,0,0,0,0,0,1,0,false,false,false,ModifierNotCompiled,0,0,0,0,0,0,0,0,ModifierNotCompiled,0,0,0,0,FootPlacementEffectorTarget,FootGrounding,true,0.9726412,false,0.003213187,1,5.988904,0.01169217,-98078,-0.4616475,1.2,2.559364,0,1,0,0,0,0,0,-0.4616475,1.47805,2.559364,-0.4709466,1.397384,2.561953,-0.4626234,1.398837,2.634379,0.1973845,0.1988372,0,1,1,1,1,-0.007377744,0.02188564,0.2156821,0,0.2156821,-2.054807,0.02188564,true,0,1,0,0,1,-6.197664E-07,-1.261169E-44,2.061381E-06,2.926503E-05,0,1,0,true,0.01949432,0.270672,-0.06494394,0.01949432,0.270672,-0.06494394,0.01949432,0.270672,-0.06494394,0.01949435,0.2706719,-0.06494391,7.37805E-08,0,true,-98078,Sphere,CurrentGrounding,1,-0.4167552,2.144055,2.388497,0,0,0,0,-1,0,0.05,1,4608,0.5735765,-0.4167552,1.2,2.388497,-0.4167552,1.2,2.388497,0,1,0,0.8940555,Swing,None,false,0,0,0,0,0,0,1,0,0,0,0,0,0,1,0,false,false,false,ModifierNotCompiled,0,0,0,0,0,0,0,0,ModifierNotCompiled,0,0,0,0,FootPlacementEffectorTarget,FootGrounding,true,0,false,0.3686083,1,4.691645,0.4149789,-98078,-0.4167552,1.2,2.388497,0,1,0,0,0,0,0,-0.4167552,1.652618,2.388497,-0.4147215,1.662008,2.307909,-0.3954122,1.585076,2.298813,0.4620078,0.3850759,0,1,1,1,1,-0.007377625,0.02188576,0.03782637,0,0.03782637,-0.1432818,0.02188576,true,0,1,0,-1.005258E-13,1,-1.358533E-12,4.834859E-12,3.329838E-12,6.591432E-11,0,1,0,true,0.0623374,0.4452407,-0.2363357,0.0623374,0.4452407,-0.2363357,0.0623374,0.4452407,-0.2363357,0.06233735,0.4452408,-0.2363358,7.82311E-08,0
2172,252,2172,1,2173,0,2173,false,rootmotion.finalik.full-body-biped-ik/indexed-pose-backend,None,true,true,1,lyra-5.7/ABP_Mannequin_Base/CR_Mannequin_FootPlant,unreal-engine-5.7/SpringInterpV2/FMath.SpringDamper,corin.animation-rig,87731f0d0ca14844bbf861368b9847b3,corin.foot-placement,6d6118d2f41a5948ddd18dc6d88083c8c5bf77a4682a4ec3fce5d2ec6af01624,298b6781705cafb383942fcc3f3b1f6e0800ead13829aedd29916feeb5d1f702,Corin.FootPlacementRig,2997edf1c34f13f7e2a3033372226eb399379f30c4303fddfe3e97ec1e4bf38d,0,-192572,-0.07999659,-0.03286826,-0.03286826,-0.4219959,-0.07999659,true,0,-0.03286826,0,1,PelvisPreSolveTranslation,FootGrounding,ModifierNotCompiled,-1,-1,-1,0,,,true,-98078,Sphere,CurrentGrounding,0,-0.4328382,1.854893,2.542007,0,0,0,0,-1,0,0.05,1,4608,0.5735765,-0.4328382,1.2,2.542007,-0.4328382,1.2,2.542007,0,1,0,0.604893,Swing,None,false,0,0,0,0,0,0,1,0,0,0,0,0,0,1,0,false,false,false,ModifierNotCompiled,0,0,0,0,0,0,0,0,ModifierNotCompiled,0,0,0,0,FootPlacementEffectorTarget,FootGrounding,true,0.675146,false,-0.007321415,1,6.461651,0.07144451,-98078,-0.4328382,1.2,2.542007,0,1,0,0.01116073,0,0.01116073,0,-0.4328382,1.476514,2.542007,-0.4370933,1.395674,2.53516,-0.4506762,1.390457,2.606497,0.1956742,0.1904566,0,1,1,1,1,-0.07999647,-0.03596748,0.1544891,0,0.1544891,-2.081051,-0.03596748,true,0,1,0,0,1,-1.59189E-07,1.401298E-45,8.087302E-07,7.556272E-06,0,1,0,true,0.02882474,0.1965173,-0.2519681,0.02882474,0.1965173,-0.2519681,0.02882474,0.1965173,-0.2519681,0.02882474,0.1965174,-0.2519681,1.264954E-07,0,true,-98078,Sphere,CurrentGrounding,1,-0.4279187,2.140249,2.650331,0,0,0,0,-1,0,0.05,1,4608,0.5735765,-0.4279187,1.2,2.650331,-0.4279187,1.2,2.650331,0,1,0,0.8902489,Swing,None,false,0,0,0,0,0,0,1,0,0,0,0,0,0,1,0,false,false,false,ModifierNotCompiled,0,0,0,0,0,0,0,0,ModifierNotCompiled,0,0,0,0,FootPlacementEffectorTarget,FootGrounding,true,0,false,0.2684995,1,5.505373,0.3873235,-98078,-0.4279187,1.2,2.650331,0,1,0,0,0,0,0,-0.4279187,1.63134,2.650331,-0.3946311,1.616405,2.577835,-0.3817701,1.540424,2.598704,0.4164052,0.3404242,0,1,1,1,1,-0.07999659,-0.04712833,0.02395952,0,0.02395952,-0.7100842,-0.04712833,true,0,1,0,-2.521603E-14,1,-3.368336E-13,1.21603E-12,-3.626552E-13,1.637118E-11,0,1,0,true,0.0691295,0.3513436,-0.1513016,0.0691295,0.3513436,-0.1513016,0.0691295,0.3513436,-0.1513016,0.06912956,0.3513437,-0.1513017,1.309693E-07,0
2173,253,2173,1,2174,0,2174,false,rootmotion.finalik.full-body-biped-ik/indexed-pose-backend,None,true,true,1,lyra-5.7/ABP_Mannequin_Base/CR_Mannequin_FootPlant,unreal-engine-5.7/SpringInterpV2/FMath.SpringDamper,corin.animation-rig,87731f0d0ca14844bbf861368b9847b3,corin.foot-placement,6d6118d2f41a5948ddd18dc6d88083c8c5bf77a4682a4ec3fce5d2ec6af01624,298b6781705cafb383942fcc3f3b1f6e0800ead13829aedd29916feeb5d1f702,Corin.FootPlacementRig,2997edf1c34f13f7e2a3033372226eb399379f30c4303fddfe3e97ec1e4bf38d,0,-192572,-0.1679032,-0.06256255,-0.06256255,-1.101053,-0.1679032,true,0,-0.06256255,0,1,PelvisPreSolveTranslation,FootGrounding,ModifierNotCompiled,-1,-1,-1,0,,,true,-98078,Sphere,CurrentGrounding,0,-0.4576046,2.004446,2.581131,0,0,0,0,-1,0,0.05,1,4608,0.5735765,-0.4576046,1.2,2.581131,-0.4576046,1.2,2.581131,0,1,0,0.7544461,Swing,None,false,0,0,0,0,0,0,1,0,0,0,0,0,0,1,0,false,false,false,ModifierNotCompiled,0,0,0,0,0,0,0,0,ModifierNotCompiled,0,0,0,0,FootPlacementEffectorTarget,FootGrounding,true,0,false,0.03045275,1,6.351614,0.2195488,-98078,-0.4576046,1.2,2.581131,0,1,0,0,0,0,0,-0.4576046,1.52124,2.581131,-0.4385166,1.459617,2.531752,-0.452105,1.413068,2.58487,0.2596169,0.2130684,0,1,1,1,1,-0.1679032,-0.1053406,0.07935636,0,0.07935636,-2.084733,-0.1053406,true,0,1,0,0,1,-3.117134E-08,0,-1.106755E-07,1.487433E-06,0,1,0,true,0.004910087,0.1533368,-0.3994152,0.004910087,0.1533368,-0.3994152,0.004910087,0.1533368,-0.3994152,0.004910126,0.1533368,-0.3994152,4.917524E-08,0,true,-98088,Sphere,CurrentGrounding,1,-0.5704215,2.117012,2.984158,0,0,0,0,-1,0,0.05,1,4608,0.5735765,-0.5704215,1.44,2.984158,-0.5704215,1.44,2.984158,0,1,0,0.6270118,Swing,None,false,0,0,0,0,0,0,1,0,0,0,0,0,0,1,0,false,false,false,ModifierNotCompiled,0,0,0,0,0,0,0,0,ModifierNotCompiled,0,0,0,0,FootPlacementEffectorTarget,FootGrounding,true,0,false,0.1431036,1,6.813314,0.1039644,-98088,-0.5704215,1.44,2.984158,0,1,0,0,0,0,0,-0.5704215,1.589835,2.984158,-0.5318012,1.551053,2.924231,-0.5361292,1.482522,2.964959,0.1110533,0.0425216,0,1,1,1,1,0.07209694,0.1346595,0.03538552,0,0.03538552,1.027373,0.1346595,true,0,1,0,-4.817939E-15,1,-6.355795E-14,2.330011E-13,4.96297E-14,3.094953E-12,0,1,0,true,0.05658102,0.2219317,0.01590221,0.05658102,0.2219317,0.01590221,0.05658102,0.2219317,0.01590221,0.05658101,0.2219317,0.01590216,4.970157E-08,0
2174,254,2174,1,2175,0,2175,false,rootmotion.finalik.full-body-biped-ik/indexed-pose-backend,None,true,true,1,lyra-5.7/ABP_Mannequin_Base/CR_Mannequin_FootPlant,unreal-engine-5.7/SpringInterpV2/FMath.SpringDamper,corin.animation-rig,87731f0d0ca14844bbf861368b9847b3,corin.foot-placement,6d6118d2f41a5948ddd18dc6d88083c8c5bf77a4682a4ec3fce5d2ec6af01624,298b6781705cafb383942fcc3f3b1f6e0800ead13829aedd29916feeb5d1f702,Corin.FootPlacementRig,2997edf1c34f13f7e2a3033372226eb399379f30c4303fddfe3e97ec1e4bf38d,0,-192572,-0.01515877,-0.06802163,-0.06802163,0.5057885,-0.01515877,true,0,-0.06802163,0,1,PelvisPreSolveTranslation,FootGrounding,ModifierNotCompiled,-1,-1,-1,0,,,true,-98088,Sphere,CurrentGrounding,0,-0.4986999,2.187819,2.674351,0,0,0,0,-1,0,0.05,1,4608,0.5735765,-0.4986999,1.439996,2.694991,-0.4986999,1.439996,2.694991,0,0.9108214,-0.4128006,0.7022826,Swing,None,false,0,0,0,0,0,0,1,0,0,0,0,0,0,1,0,false,false,false,ModifierNotCompiled,0,0,0,0,0,0,0,0,ModifierNotCompiled,0,0,0,0,FootPlacementEffectorTarget,FootGrounding,true,0,false,0.1468151,1,3.720346,0.2129169,-98088,-0.4986999,1.439996,2.694991,0,0.9108214,-0.4128006,0,0,0,0,-0.4986999,1.666316,2.674351,-0.4630041,1.634306,2.608767,-0.4605389,1.571525,2.641397,0.2125755,0.141923,0,1,1,1,1,-0.01515877,0.05286285,0.04651849,0,0.04651849,-0.09669684,0.05286285,true,0,0.9108214,-0.4128006,0,0.9768018,-0.2141454,0,-1.411755,-6.534904,0,0.9108214,-0.4128006,true,-0.006690775,0.2111617,-0.4898494,-0.006690775,0.2111617,-0.4898494,-0.006690775,0.2111617,-0.4898494,-0.006690823,0.2111617,-0.4898494,8.183459E-08,0,true,-98098,Sphere,CurrentGrounding,1,-0.7286744,2.140488,3.31014,0,0,0,0,-1,0,0.05,1,4608,0.5735765,-0.7286744,1.68,3.31014,-0.7286744,1.68,3.31014,0,1,0,0.4104885,Swing,None,false,0,0,0,0,0,0,1,0,0,0,0,0,0,1,0,false,false,false,ModifierNotCompiled,0,0,0,0,0,0,0,0,ModifierNotCompiled,0,0,0,0,FootPlacementEffectorTarget,FootGrounding,true,0,false,0.07381772,1,4.424677,0.1266743,-98098,-0.7286744,1.68,3.31014,0,1,0,0,0,0,0,-0.7286744,1.79228,3.31014,-0.696507,1.730235,3.268878,-0.7164979,1.68,3.327623,0.05023456,0,0,1,1,1,1,0.2248454,0.292867,0.0958509,0.1239623,0.2198132,2.122596,0.292867,true,0,1,0,-9.150405E-16,1,-1.193822E-14,4.436189E-14,-6.796731E-15,5.823137E-13,0,1,0,true,0.04554898,0.3371254,0.1842333,0.04554898,0.3371254,0.1842333,0.04554898,0.3371254,0.1842333,0.04554901,0.3371254,0.1842333,4.470348E-08,0
2175,255,2175,1,2176,0,2176,false,rootmotion.finalik.full-body-biped-ik/indexed-pose-backend,None,true,true,1,lyra-5.7/ABP_Mannequin_Base/CR_Mannequin_FootPlant,unreal-engine-5.7/SpringInterpV2/FMath.SpringDamper,corin.animation-rig,87731f0d0ca14844bbf861368b9847b3,corin.foot-placement,6d6118d2f41a5948ddd18dc6d88083c8c5bf77a4682a4ec3fce5d2ec6af01624,298b6781705cafb383942fcc3f3b1f6e0800ead13829aedd29916feeb5d1f702,Corin.FootPlacementRig,2997edf1c34f13f7e2a3033372226eb399379f30c4303fddfe3e97ec1e4bf38d,0,-192572,-0.0851661,-0.06474153,-0.06474153,-0.1754925,-0.0851661,true,0,-0.06474153,0,1,PelvisPreSolveTranslation,FootGrounding,ModifierNotCompiled,-1,-1,-1,0,,,true,-98088,Sphere,CurrentGrounding,0,-0.5914669,2.329904,2.744438,0,0,0,0,-1,0,0.05,1,4608,0.5735765,-0.5914669,1.44,2.744438,-0.5914669,1.44,2.744438,0,1,0,0.8399044,Swing,None,false,0,0,0,0,0,0,1,0,0,0,0,0,0,1,0,false,false,false,ModifierNotCompiled,0,0,0,0,0,0,0,0,ModifierNotCompiled,0,0,0,0,FootPlacementEffectorTarget,FootGrounding,true,0,false,0.2266458,1,3.126315,0.3459587,-98088,-0.5914669,1.44,2.744438,0,1,0,0,0,0,0,-0.5914669,1.80042,2.744438,-0.5747285,1.777104,2.668437,-0.5599446,1.711566,2.692165,0.3371043,0.2715662,0,1,1,1,1,-0.0851661,-0.02042457,0.03525676,0,0.03525676,-0.6296074,-0.02042457,true,0,1,0,0,0.9844497,-0.1756663,0,0.9365092,4.335026,0,1,0,true,-0.005942182,0.2752534,-0.5272606,-0.005942182,0.2752534,-0.5272606,-0.005942182,0.2752534,-0.5272606,-0.005942155,0.2752534,-0.5272606,4.021977E-08,0,true,-98098,Sphere,CurrentGrounding,1,-0.6788599,2.196867,3.5228,0,0,0,0,-1,0,0.05,1,4608,0.5735765,-0.6788599,1.68,3.5228,-0.6788599,1.68,3.5228,0,1,0,0.4668666,Swing,None,false,0,0,0,0,0,0,1,0,0,0,0,0,0,1,0,false,false,false,ModifierNotCompiled,0,0,0,0,0,0,0,0,ModifierNotCompiled,0,0,0,0,FootPlacementEffectorTarget,FootGrounding,true,0.2142865,false,0.06361678,1,2.669592,0.07284415,-98098,-0.6788599,1.68,3.5228,0,1,0,0,0,0,0,-0.6788599,1.885176,3.5228,-0.6606331,1.814041,3.48824,-0.6701031,1.77689,3.55827,0.1340412,0.09689021,0,1,1,1,1,0.1548338,0.2195753,0.2530514,0,0.2530514,0.4778278,0.2195753,true,0,1,0,-2.421622E-16,1,-3.134709E-15,1.176055E-14,6.700963E-16,1.53087E-13,0,1,0,true,0.04412746,0.3600103,0.2543905,0.04412746,0.3600103,0.2543905,0.04412746,0.3600103,0.2543905,0.04412742,0.3600102,0.2543905,5.625065E-08,0
2176,256,2176,1,2177,0,2177,false,rootmotion.finalik.full-body-biped-ik/indexed-pose-backend,None,true,true,1,lyra-5.7/ABP_Mannequin_Base/CR_Mannequin_FootPlant,unreal-engine-5.7/SpringInterpV2/FMath.SpringDamper,corin.animation-rig,87731f0d0ca14844bbf861368b9847b3,corin.foot-placement,6d6118d2f41a5948ddd18dc6d88083c8c5bf77a4682a4ec3fce5d2ec6af01624,298b6781705cafb383942fcc3f3b1f6e0800ead13829aedd29916feeb5d1f702,Corin.FootPlacementRig,2997edf1c34f13f7e2a3033372226eb399379f30c4303fddfe3e97ec1e4bf38d,0,-192572,0,-0.05710165,-0.05710165,0.5736553,0,true,0,-0.05710165,0,1,PelvisPreSolveTranslation,FootGrounding,ModifierNotCompiled,-1,-1,-1,0,,,false,0,Sphere,CurrentGrounding,0,-0.7296431,2.491151,2.880244,0,0,0,0,-1,0,0.05,1,4608,0.5735765,0,0,0,0,0,0,0,1,0,0,Swing,None,false,0,0,0,0,0,0,1,0,0,0,0,0,0,1,0,false,false,false,ModifierNotCompiled,0,0,0,0,0,0,0,0,ModifierNotCompiled,0,0,0,0,FootPlacementEffectorTarget,FootGrounding,true,0,false,0.3169031,1,3.032475,Infinity,0,0,0,0,0,0,0,0,0,0,0,-0.7296431,1.964643,2.880244,-0.7420764,1.95342,2.800748,-0.7179606,1.885979,2.806681,0,0,0,1,1,1,1,0,0.05710165,0.030594,0,0.030594,0.1931635,0.05710165,true,0,1,0,0,0.9975292,-0.07025319,0,0.5371163,2.486268,0,1,0,true,0.003137148,0.3643512,-0.5453622,0.003137148,0.3643512,-0.5453622,0.003137148,0.3643512,-0.5453622,0.003137166,0.3643512,-0.5453622,6.894933E-08,0,true,-98108,Sphere,CurrentGrounding,1,-0.5341742,2.258661,3.699696,0,0,0,0,-1,0,0.05,1,4608,0.5735765,-0.5341742,1.92,3.699696,-0.5341742,1.92,3.699696,0,1,0,0.2886611,Swing,None,false,0,0,0,0,0,0,1,0,0,0,0,0,0,1,0,false,false,false,ModifierNotCompiled,0,0,0,0,0,0,0,0,ModifierNotCompiled,0,0,0,0,FootPlacementEffectorTarget,FootGrounding,true,0.3876431,false,0.05839235,1,2.017453,0.2501132,-98108,-0.5341742,1.92,3.699696,0,1,0,0,0,0,0,-0.5341742,2.020309,3.699696,-0.5279374,1.94307,3.67557,-0.5145519,1.92,3.75082,0.02307034,0,0,1,1,1,1,0.3197079,0.3768095,0.2823397,0.03641045,0.3187501,1.350679,0.3768095,true,0,1,0,-5.915368E-17,1,-7.59912E-16,2.877573E-15,-7.430689E-17,3.715492E-14,0,1,0,true,0.03743761,0.4200172,0.2963822,0.03743761,0.4200172,0.2963822,0.03743761,0.4200172,0.2963822,0.03743758,0.4200172,0.296382,1.807054E-07,0
2177,257,2177,1,2178,0,2178,false,rootmotion.finalik.full-body-biped-ik/indexed-pose-backend,None,true,true,1,lyra-5.7/ABP_Mannequin_Base/CR_Mannequin_FootPlant,unreal-engine-5.7/SpringInterpV2/FMath.SpringDamper,corin.animation-rig,87731f0d0ca14844bbf861368b9847b3,corin.foot-placement,6d6118d2f41a5948ddd18dc6d88083c8c5bf77a4682a4ec3fce5d2ec6af01624,298b6781705cafb383942fcc3f3b1f6e0800ead13829aedd29916feeb5d1f702,Corin.FootPlacementRig,2997edf1c34f13f7e2a3033372226eb399379f30c4303fddfe3e97ec1e4bf38d,0,-192572,0,-0.04185946,-0.04185946,0.4546062,0,true,0,-0.04185946,0,1,PelvisPreSolveTranslation,FootGrounding,ModifierNotCompiled,-1,-1,-1,0,,,false,0,Sphere,CurrentGrounding,0,-0.731473,2.63676,3.067173,0,0,0,0,-1,0,0.05,1,4608,0.5735765,0,0,0,0,0,0,0,1,0,0,Swing,None,false,0,0,0,0,0,0,1,0,0,0,0,0,0,1,0,false,false,false,ModifierNotCompiled,0,0,0,0,0,0,0,0,ModifierNotCompiled,0,0,0,0,FootPlacementEffectorTarget,FootGrounding,true,0,false,0.3949017,1,2.745033,Infinity,0,0,0,0,0,0,0,0,0,0,0,-0.731473,2.128946,3.067173,-0.7527871,2.12862,2.98878,-0.7275109,2.061344,2.982321,0,0,0,1,1,1,1,0,0.04185946,0.03404471,0,0.03404471,0.05639132,0.04185946,true,0,1,0,0,0.9997391,-0.02284562,0,0.1972965,0.913271,0,1,0,true,0.006596613,0.4525687,-0.5247409,0.006596613,0.4525687,-0.5247409,0.006596613,0.4525687,-0.5247409,0.006596602,0.4525687,-0.524741,8.491394E-08,0,true,-98108,Sphere,CurrentGrounding,1,-0.4511416,2.321651,3.886698,0,0,0,0,-1,0,0.05,1,4608,0.5735765,-0.4511416,1.92,3.886698,-0.4511416,1.92,3.886698,0,1,0,0.3516514,Swing,None,false,0,0,0,0,0,0,1,0,0,0,0,0,0,1,0,false,false,false,ModifierNotCompiled,0,0,0,0,0,0,0,0,ModifierNotCompiled,0,0,0,0,FootPlacementEffectorTarget,FootGrounding,true,0.02461068,false,0.06116514,1,2.592309,0.1800227,-98108,-0.4511416,1.92,3.886698,0,1,0,0,0,0,0,-0.4511416,2.114765,3.886698,-0.445411,2.033841,3.884411,-0.4268858,2.032341,3.962056,0.1138406,0.1123414,0,1,1,1,1,0.2436229,0.2854823,0.3349733,0,0.3349733,-0.06020672,0.2854823,true,0,1,0,-1.423194E-17,1,-1.81546E-16,6.933795E-16,8.374348E-18,8.886194E-15,0,1,0,true,0.02629722,0.438388,0.3411796,0.02629722,0.438388,0.3411796,0.02629722,0.438388,0.3411796,0.02629735,0.438388,0.3411795,1.563846E-07,0
2178,258,2178,1,2179,0,2179,false,rootmotion.finalik.full-body-biped-ik/indexed-pose-backend,None,true,true,1,lyra-5.7/ABP_Mannequin_Base/CR_Mannequin_FootPlant,unreal-engine-5.7/SpringInterpV2/FMath.SpringDamper,corin.animation-rig,87731f0d0ca14844bbf861368b9847b3,corin.foot-placement,6d6118d2f41a5948ddd18dc6d88083c8c5bf77a4682a4ec3fce5d2ec6af01624,298b6781705cafb383942fcc3f3b1f6e0800ead13829aedd29916feeb5d1f702,Corin.FootPlacementRig,2997edf1c34f13f7e2a3033372226eb399379f30c4303fddfe3e97ec1e4bf38d,0,-192572,0,-0.02802356,-0.02802356,0.3243913,0,true,0,-0.02802356,0,1,PelvisPreSolveTranslation,FootGrounding,ModifierNotCompiled,-1,-1,-1,0,,,false,0,Sphere,CurrentGrounding,0,-0.6623254,2.768773,3.33078,0,0,0,0,-1,0,0.05,1,4608,0.5735765,0,0,0,0,0,0,0,1,0,0,Swing,None,false,0,0,0,0,0,0,1,0,0,0,0,0,0,1,0,false,false,false,ModifierNotCompiled,0,0,0,0,0,0,0,0,ModifierNotCompiled,0,0,0,0,FootPlacementEffectorTarget,FootGrounding,true,0,false,0.4657998,1,1.911178,Infinity,0,0,0,0,0,0,0,0,0,0,0,-0.6623254,2.274209,3.33078,-0.6763611,2.307059,3.257815,-0.674479,2.240621,3.227626,0,0,0,1,1,1,1,0,0.02802356,0.03345898,0,0.03345898,-0.06575866,0.02802356,true,0,1,0,0,0.9999855,-0.005389476,0,0.04982279,0.2306264,0,1,0,true,-0.006635988,0.5062579,-0.4462854,-0.006635988,0.5062579,-0.4462854,-0.006635988,0.5062579,-0.4462854,-0.006635918,0.5062579,-0.4462855,1.384017E-07,0,true,-98108,Sphere,CurrentGrounding,1,-0.3942919,2.364678,4.077325,0,0,0,0,-1,0,0.05,1,4608,0.5735765,-0.3942919,1.92,4.077325,-0.3942919,1.92,4.077325,0,1,0,0.3946784,Swing,None,false,0,0,0,0,0,0,1,0,0,0,0,0,0,1,0,false,false,false,ModifierNotCompiled,0,0,0,0,0,0,0,0,ModifierNotCompiled,0,0,0,0,FootPlacementEffectorTarget,FootGrounding,true,0,false,0.02645501,1,1.891308,0.1049149,-98108,-0.3942919,1.92,4.077325,0,1,0,0,0,0,0,-0.3942919,2.145277,4.077325,-0.3866718,2.075534,4.118127,-0.3731072,2.115833,4.1857,0.1555343,0.195833,0,1,1,1,1,0.1520494,0.180073,0.3086221,0,0.3086221,-1.171953,0.180073,true,0,1,0,-2.612617E-18,1,-3.30707E-17,1.274978E-16,-1.158298E-18,1.620683E-15,0,1,0,true,0.02203384,0.3773264,0.3464004,0.02203384,0.3773264,0.3464004,0.02203384,0.3773264,0.3464004,0.02203388,0.3773263,0.3464005,1.730657E-07,0
2179,259,2179,1,2180,0,2180,false,rootmotion.finalik.full-body-biped-ik/indexed-pose-backend,None,true,true,1,lyra-5.7/ABP_Mannequin_Base/CR_Mannequin_FootPlant,unreal-engine-5.7/SpringInterpV2/FMath.SpringDamper,corin.animation-rig,87731f0d0ca14844bbf861368b9847b3,corin.foot-placement,6d6118d2f41a5948ddd18dc6d88083c8c5bf77a4682a4ec3fce5d2ec6af01624,298b6781705cafb383942fcc3f3b1f6e0800ead13829aedd29916feeb5d1f702,Corin.FootPlacementRig,2997edf1c34f13f7e2a3033372226eb399379f30c4303fddfe3e97ec1e4bf38d,0,-192572,0,-0.02069751,-0.02069751,0.2478097,0,true,0,-0.02069751,0,1,PelvisPreSolveTranslation,FootGrounding,ModifierNotCompiled,-1,-1,-1,0,,,false,0,Sphere,CurrentGrounding,0,-0.6198587,2.839978,3.491368,0,0,0,0,-1,0,0.05,1,4608,0.5735765,0,0,0,0,0,0,0,1,0,0,Swing,None,false,0,0,0,0,0,0,1,0,0,0,0,0,0,1,0,false,false,false,ModifierNotCompiled,0,0,0,0,0,0,0,0,ModifierNotCompiled,0,0,0,0,FootPlacementEffectorTarget,FootGrounding,true,0,false,0.4700776,1,2.040208,Infinity,0,0,0,0,0,0,0,0,0,0,0,-0.6198587,2.350358,3.491368,-0.6332793,2.385993,3.419603,-0.6397994,2.320397,3.388338,0,0,0,1,1,1,1,0,0.02069751,0.03107796,0,0.03107796,-0.1109828,0.02069751,true,0,1,0,0,0.9999985,-0.001774576,0,0.01687371,0.07810883,0,1,0,true,-0.01459126,0.5164291,-0.4200316,-0.01459126,0.5164291,-0.4200316,-0.01459126,0.5164291,-0.4200316,-0.0145913,0.5164291,-0.4200316,7.129334E-08,0,true,-98108,Sphere,CurrentGrounding,1,-0.3844757,2.411922,4.144332,0,0,0,0,-1,0,0.05,1,4608,0.5735765,-0.3844757,1.92,4.144332,-0.3844757,1.92,4.144332,0,1,0,0.4419219,Swing,None,false,0,0,0,0,0,0,1,0,0,0,0,0,0,1,0,false,false,false,ModifierNotCompiled,0,0,0,0,0,0,0,0,ModifierNotCompiled,0,0,0,0,FootPlacementEffectorTarget,FootGrounding,true,0,false,0.002278419,1,5.292305,0.08696675,-98108,-0.3844757,1.92,4.144332,0,1,0,0.002888203,0,0.002888203,0,-0.3844757,2.162913,4.144332,-0.3882453,2.082032,4.149889,-0.3719189,2.086017,4.227938,0.1620319,0.1660166,0,1,1,1,1,0.0860709,0.1096566,0.2716884,0,0.2716884,-1.604946,0.1096566,true,0,1,0,-7.500377E-19,1,-9.445573E-18,3.664236E-17,9.413721E-20,4.632687E-16,0,1,0,true,0.01055796,0.3289839,0.2736077,0.01055796,0.3289839,0.2736077,0.01055796,0.3289839,0.2736077,0.01055796,0.3289839,0.2736077,3.071953E-08,0
2180,260,2180,1,2181,0,2181,false,rootmotion.finalik.full-body-biped-ik/indexed-pose-backend,None,true,true,1,lyra-5.7/ABP_Mannequin_Base/CR_Mannequin_FootPlant,unreal-engine-5.7/SpringInterpV2/FMath.SpringDamper,corin.animation-rig,87731f0d0ca14844bbf861368b9847b3,corin.foot-placement,6d6118d2f41a5948ddd18dc6d88083c8c5bf77a4682a4ec3fce5d2ec6af01624,298b6781705cafb383942fcc3f3b1f6e0800ead13829aedd29916feeb5d1f702,Corin.FootPlacementRig,2997edf1c34f13f7e2a3033372226eb399379f30c4303fddfe3e97ec1e4bf38d,0,-192572,0.01849782,-0.01252465,-0.01252465,0.3406521,0.01849782,true,0,-0.01252465,0,1,PelvisPreSolveTranslation,FootGrounding,ModifierNotCompiled,-1,-1,-1,0,,,true,-98108,Sphere,CurrentGrounding,0,-0.5886991,2.897389,3.709336,0,0,0,0,-1,0,0.05,1,4608,0.5735765,-0.5886991,1.92,3.709336,-0.5886991,1.92,3.709336,0,1,0,0.9273887,Swing,None,false,0,0,0,0,0,0,1,0,0,0,0,0,0,1,0,false,false,false,ModifierNotCompiled,0,0,0,0,0,0,0,0,ModifierNotCompiled,0,0,0,0,FootPlacementEffectorTarget,FootGrounding,true,0,false,0.4886187,1,4.03215,0.503094,-98108,-0.5886991,1.92,3.709336,0,1,0,0,0,0,0,-0.5886991,2.414643,3.709336,-0.6075778,2.467901,3.650964,-0.6247985,2.412796,3.606362,0.5479009,0.4927962,0,1,1,1,1,0.01849782,0.03102248,0.02977925,0,0.02977925,0.0001769604,0.03102248,true,0,1,0,0,0.9999999,-0.0005440082,0,0.00527876,0.02443665,0,1,0,true,-0.04996558,0.513141,-0.3487034,-0.04996558,0.513141,-0.3487034,-0.04996558,0.513141,-0.3487034,-0.04996557,0.5131411,-0.3487034,5.972095E-08,0,true,-98108,Sphere,CurrentGrounding,1,-0.399193,2.481158,4.14944,0,0,0,0,-1,0,0.05,1,4608,0.5735765,-0.399193,1.92,4.14944,-0.399193,1.92,4.14944,0,1,0,0.5111583,Swing,None,false,0,0,0,0,0,0,1,0,0,0,0,0,0,1,0,false,false,false,ModifierNotCompiled,0,0,0,0,0,0,0,0,ModifierNotCompiled,0,0,0,0,FootPlacementEffectorTarget,FootGrounding,true,1,false,-0.003047169,1,5.923314,0.02055526,-98108,-0.399193,1.92,4.14944,0,1,0,0.002614856,0,0.002614856,0,-0.399193,2.191243,4.14944,-0.3998044,2.110087,4.149063,-0.3831279,2.108972,4.227122,0.1900866,0.188972,0,1,1,1,1,0.01849782,0.03363733,0.2226093,0,0.2226093,-1.957066,0.03363733,true,0,1,0,-2.045125E-19,1,-2.562739E-18,1.000179E-17,-8.602733E-21,1.257913E-16,0,1,0,true,-0.00625544,0.2897407,0.1284694,-0.00625544,0.2897407,0.1284694,-0.00625544,0.2897407,0.1284694,-0.006255446,0.2897407,0.1284694,6.691441E-08,0
2181,261,2181,1,2182,0,2182,false,rootmotion.finalik.full-body-biped-ik/indexed-pose-backend,None,true,true,1,lyra-5.7/ABP_Mannequin_Base/CR_Mannequin_FootPlant,unreal-engine-5.7/SpringInterpV2/FMath.SpringDamper,corin.animation-rig,87731f0d0ca14844bbf861368b9847b3,corin.foot-placement,6d6118d2f41a5948ddd18dc6d88083c8c5bf77a4682a4ec3fce5d2ec6af01624,298b6781705cafb383942fcc3f3b1f6e0800ead13829aedd29916feeb5d1f702,Corin.FootPlacementRig,2997edf1c34f13f7e2a3033372226eb399379f30c4303fddfe3e97ec1e4bf38d,0,-192572,-0.009999871,-0.007507724,-0.007507724,-0.004968088,-0.009999871,true,0,-0.007507724,0,1,PelvisPreSolveTranslation,FootGrounding,ModifierNotCompiled,-1,-1,-1,0,,,true,-98108,Sphere,CurrentGrounding,0,-0.489619,2.828206,4.058101,0,0,0,0,-1,0,0.05,1,4608,0.5735765,-0.489619,1.92,4.058101,-0.489619,1.92,4.058101,0,1,0,0.8582063,Swing,None,false,0,0,0,0,0,0,1,0,0,0,0,0,0,1,0,false,false,false,ModifierNotCompiled,0,0,0,0,0,0,0,0,ModifierNotCompiled,0,0,0,0,FootPlacementEffectorTarget,FootGrounding,true,0,false,0.364807,1,5.308472,0.4057,-98108,-0.489619,1.92,4.058101,0,1,0,0,0,0,0,-0.489619,2.34428,4.058101,-0.528142,2.375016,3.993515,-0.5308771,2.308532,3.963603,0.4550161,0.3885317,0,1,1,1,1,-0.009999871,-0.002492147,0.02358175,0,0.02358175,-0.2824306,-0.002492147,true,0,1,0,0,1,-0.0001112525,0,0.001100016,0.005093763,0,1,0,true,-0.06482234,0.4142803,-0.1935686,-0.06482234,0.4142803,-0.1935686,-0.06482234,0.4142803,-0.1935686,-0.06482239,0.4142804,-0.1935686,8.059035E-08,0,true,-98108,Sphere,CurrentGrounding,1,-0.4162421,2.510111,4.149707,0,0,0,0,-1,0,0.05,1,4608,0.5735765,-0.4162421,1.92,4.149707,-0.4162421,1.92,4.149707,0,1,0,0.5401106,Swing,None,false,0,0,0,0,0,0,1,0,0,0,0,0,0,1,0,false,false,false,ModifierNotCompiled,0,0,0,0,0,0,0,0,ModifierNotCompiled,0,0,0,0,FootPlacementEffectorTarget,FootGrounding,true,1,false,-0.003138297,1,6.187071,0.008401871,-98108,-0.4162421,1.92,4.149707,0,1,0,0.002240658,0,0.002240658,0,-0.4162421,2.157823,4.149707,-0.4126787,2.076757,4.148158,-0.3986764,2.075472,4.226902,0.1567571,0.155472,0,1,1,1,1,-0.009999871,-0.0002514892,0.1552204,0,0.1552204,-1.728237,-0.0002514892,true,0,1,0,-3.679699E-20,1,-4.582633E-19,1.801913E-18,1.1967E-21,2.25158E-17,0,1,0,true,-0.02214601,0.2278234,-0.08423158,-0.02214601,0.2278234,-0.08423158,-0.02214601,0.2278234,-0.08423158,-0.02214602,0.2278234,-0.0842316,2.421439E-08,0
2182,262,2182,1,2183,0,2183,false,rootmotion.finalik.full-body-biped-ik/indexed-pose-backend,None,true,true,1,lyra-5.7/ABP_Mannequin_Base/CR_Mannequin_FootPlant,unreal-engine-5.7/SpringInterpV2/FMath.SpringDamper,corin.animation-rig,87731f0d0ca14844bbf861368b9847b3,corin.foot-placement,6d6118d2f41a5948ddd18dc6d88083c8c5bf77a4682a4ec3fce5d2ec6af01624,298b6781705cafb383942fcc3f3b1f6e0800ead13829aedd29916feeb5d1f702,Corin.FootPlacementRig,2997edf1c34f13f7e2a3033372226eb399379f30c4303fddfe3e97ec1e4bf38d,0,-192572,-0.009999871,-0.007850094,-0.007850094,-0.0135577,-0.009999871,true,0,-0.007850094,0,1,PelvisPreSolveTranslation,FootGrounding,ModifierNotCompiled,-1,-1,-1,0,,,true,-98208,Sphere,CurrentGrounding,0,-0.4034398,2.751403,4.343512,0,0,0,0,-1,0,0.05,1,4608,0.5735765,-0.4034398,1.92,4.343512,-0.4034398,1.92,4.343512,0,1,0,0.7814028,Swing,None,false,0,0,0,0,0,0,1,0,0,0,0,0,0,1,0,false,false,false,ModifierNotCompiled,0,0,0,0,0,0,0,0,ModifierNotCompiled,0,0,0,0,FootPlacementEffectorTarget,FootGrounding,true,0,false,0.2502879,1,5.552389,0.2994637,-98208,-0.4034398,1.92,4.343512,0,1,0,0,0,0,0,-0.4034398,2.259053,4.343512,-0.4347003,2.263533,4.268661,-0.4351506,2.190694,4.264572,0.3435333,0.2706943,0,1,1,1,1,-0.009999871,-0.002149777,0.01550022,0,0.01550022,-0.203572,-0.002149777,true,0,1,0,0,1,-2.46436E-05,0,0.0002467083,0.001142725,0,1,0,true,-0.06724232,0.329053,-0.09459695,-0.06724232,0.329053,-0.09459695,-0.06724232,0.329053,-0.09459695,-0.06724229,0.3290531,-0.09459691,5.81909E-08,0,true,-98108,Sphere,CurrentGrounding,1,-0.4134047,2.509989,4.143848,0,0,0,0,-1,0,0.05,1,4608,0.5735765,-0.4134047,1.92,4.143848,-0.4134047,1.92,4.143848,0,1,0,0.5399886,Swing,None,false,0,0,0,0,0,0,1,0,0,0,0,0,0,1,0,false,false,false,ModifierNotCompiled,0,0,0,0,0,0,0,0,ModifierNotCompiled,0,0,0,0,FootPlacementEffectorTarget,FootGrounding,true,0.4355291,false,-0.00467131,1,6.703225,0.004434109,-98108,-0.4134047,1.92,4.143848,0,1,0,0.01123405,0,0.01123405,0,-0.4134047,2.109555,4.143848,-0.4242125,2.029669,4.134454,-0.4031646,2.018332,4.21122,0.109669,0.09833241,0,1,1,1,1,-0.009999871,0.009084268,0.1074168,0,0.1074168,-1.16354,0.009084268,true,0,1,0,-7.396429E-21,1,-9.162985E-20,3.625944E-19,-1.571057E-22,4.505829E-18,0,1,0,true,-0.02160892,0.1795553,-0.2892316,-0.02160892,0.1795553,-0.2892316,-0.02160892,0.1795553,-0.2892316,-0.02160898,0.1795553,-0.2892316,6.999185E-08,0
2183,263,2183,1,2184,0,2184,false,rootmotion.finalik.full-body-biped-ik/indexed-pose-backend,None,true,true,1,lyra-5.7/ABP_Mannequin_Base/CR_Mannequin_FootPlant,unreal-engine-5.7/SpringInterpV2/FMath.SpringDamper,corin.animation-rig,87731f0d0ca14844bbf861368b9847b3,corin.foot-placement,6d6118d2f41a5948ddd18dc6d88083c8c5bf77a4682a4ec3fce5d2ec6af01624,298b6781705cafb383942fcc3f3b1f6e0800ead13829aedd29916feeb5d1f702,Corin.FootPlacementRig,2997edf1c34f13f7e2a3033372226eb399379f30c4303fddfe3e97ec1e4bf38d,0,-192572,-0.009999871,-0.008249939,-0.008249939,-0.01446235,-0.009999871,true,0,-0.008249939,0,1,PelvisPreSolveTranslation,FootGrounding,ModifierNotCompiled,-1,-1,-1,0,,,true,-98208,Sphere,CurrentGrounding,0,-0.3161142,2.670869,4.606128,0,0,0,0,-1,0,0.05,1,4608,0.5735765,-0.3161142,1.92,4.606128,-0.3161142,1.92,4.606128,0,1,0,0.7008686,Swing,None,false,0,0,0,0,0,0,1,0,0,0,0,0,0,1,0,false,false,false,ModifierNotCompiled,0,0,0,0,0,0,0,0,ModifierNotCompiled,0,0,0,0,FootPlacementEffectorTarget,FootGrounding,true,0,false,0.1374545,1,6.339138,0.1739604,-98208,-0.3161142,1.92,4.606128,0,1,0,0,0,0,0,-0.3161142,2.173228,4.606128,-0.3414779,2.125524,4.545456,-0.334667,2.067115,4.588635,0.2055242,0.1471145,0,1,1,1,1,-0.009999871,-0.001749932,0.01060897,0,0.01060897,-0.1486676,-0.001749932,true,0,1,0,0,1,-6.792205E-06,0,6.828491E-05,0.0003175561,0,1,0,true,-0.05608228,0.2432276,0.01398047,-0.05608228,0.2432276,0.01398047,-0.05608228,0.2432276,0.01398047,-0.05608228,0.2432275,0.01398048,6.007572E-08,0,true,-98208,Sphere,CurrentGrounding,1,-0.3818157,2.590333,4.175573,0,0,0,0,-1,0,0.05,1,4608,0.5735765,-0.3818157,1.92,4.175573,-0.3818157,1.92,4.175573,0,1,0,0.6203332,Swing,None,false,0,0,0,0,0,0,1,0,0,0,0,0,0,1,0,false,false,false,ModifierNotCompiled,0,0,0,0,0,0,0,0,ModifierNotCompiled,0,0,0,0,FootPlacementEffectorTarget,FootGrounding,true,0,false,0.04954141,1,6.405207,0.08518147,-98208,-0.3818157,1.92,4.175573,0,1,0,0,0,0,0,-0.3818157,2.159917,4.175573,-0.4118242,2.10212,4.127139,-0.4016163,2.04741,4.183778,0.1821201,0.1274097,0,1,1,1,1,-0.009999871,-0.001749932,0.07783326,0,0.07783326,-0.9498886,-0.001749932,true,0,1,0,-1.90216E-21,1,-2.346827E-20,9.332882E-20,1.586795E-23,1.154793E-18,0,1,0,true,0.0003774259,0.2299167,-0.417884,0.0003774259,0.2299167,-0.417884,0.0003774259,0.2299167,-0.417884,0.0003774911,0.2299167,-0.417884,6.690226E-08,0
2184,264,2184,1,2185,0,2185,false,rootmotion.finalik.full-body-biped-ik/indexed-pose-backend,None,true,true,1,lyra-5.7/ABP_Mannequin_Base/CR_Mannequin_FootPlant,unreal-engine-5.7/SpringInterpV2/FMath.SpringDamper,corin.animation-rig,87731f0d0ca14844bbf861368b9847b3,corin.foot-placement,6d6118d2f41a5948ddd18dc6d88083c8c5bf77a4682a4ec3fce5d2ec6af01624,298b6781705cafb383942fcc3f3b1f6e0800ead13829aedd29916feeb5d1f702,Corin.FootPlacementRig,2997edf1c34f13f7e2a3033372226eb399379f30c4303fddfe3e97ec1e4bf38d,0,-192572,-0.009999871,-0.008653224,-0.008653224,-0.01291974,-0.009999871,true,0,-0.008653224,0,1,PelvisPreSolveTranslation,FootGrounding,ModifierNotCompiled,-1,-1,-1,0,,,true,-98208,Sphere,CurrentGrounding,0,-0.2351704,2.619552,4.857397,0,0,0,0,-1,0,0.05,1,4608,0.5735765,-0.2351704,1.92,4.857397,-0.2351704,1.92,4.857397,0,1,0,0.6495519,Swing,None,false,0,0,0,0,0,0,1,0,0,0,0,0,0,1,0,false,false,false,ModifierNotCompiled,0,0,0,0,0,0,0,0,ModifierNotCompiled,0,0,0,0,FootPlacementEffectorTarget,FootGrounding,true,0,false,0.08320317,1,3.587281,0.1118085,-98208,-0.2351704,1.92,4.857397,0,1,0,0,0,0,0,-0.2351704,2.117859,4.857397,-0.255197,2.048746,4.819683,-0.2416229,2.011486,4.88092,0.1287456,0.09148598,0,1,1,1,1,-0.009999871,-0.001346647,0.006960362,0,0.006960362,-0.1037204,-0.001346647,true,0,1,0,0,1,-1.755761E-06,0,1.725514E-05,8.266108E-05,0,1,0,true,-0.0486762,0.1878592,0.1024573,-0.0486762,0.1878592,0.1024573,-0.0486762,0.1878592,0.1024573,-0.04867622,0.1878591,0.1024574,6.757065E-08,0,true,-98208,Sphere,CurrentGrounding,1,-0.3412921,2.652443,4.284062,0,0,0,0,-1,0,0.05,1,4608,0.5735765,-0.3412921,1.92,4.284062,-0.3412921,1.92,4.284062,0,1,0,0.6824431,Swing,None,false,0,0,0,0,0,0,1,0,0,0,0,0,0,1,0,false,false,false,ModifierNotCompiled,0,0,0,0,0,0,0,0,ModifierNotCompiled,0,0,0,0,FootPlacementEffectorTarget,FootGrounding,true,0,false,0.1298919,1,3.776233,0.1777301,-98208,-0.3412921,1.92,4.284062,0,1,0,0,0,0,0,-0.3412921,2.197946,4.284062,-0.3725872,2.181076,4.211104,-0.3813772,2.105391,4.229334,0.2610757,0.1853909,0,1,1,1,1,-0.009999871,-0.001346647,0.05415628,0,0.05415628,-0.6840554,-0.001346647,true,0,1,0,-4.615875E-22,1,-5.672116E-21,2.266642E-20,-1.742661E-24,2.792856E-19,0,1,0,true,0.009848295,0.2679464,-0.4776714,0.009848295,0.2679464,-0.4776714,0.009848295,0.2679464,-0.4776714,0.009848334,0.2679464,-0.4776715,7.727171E-08,0
2185,265,2185,1,2186,0,2186,false,rootmotion.finalik.full-body-biped-ik/indexed-pose-backend,None,true,true,1,lyra-5.7/ABP_Mannequin_Base/CR_Mannequin_FootPlant,unreal-engine-5.7/SpringInterpV2/FMath.SpringDamper,corin.animation-rig,87731f0d0ca14844bbf861368b9847b3,corin.foot-placement,6d6118d2f41a5948ddd18dc6d88083c8c5bf77a4682a4ec3fce5d2ec6af01624,298b6781705cafb383942fcc3f3b1f6e0800ead13829aedd29916feeb5d1f702,Corin.FootPlacementRig,2997edf1c34f13f7e2a3033372226eb399379f30c4303fddfe3e97ec1e4bf38d,0,-192572,-0.009999871,-0.009023419,-0.009023419,-0.01033919,-0.009999871,true,0,-0.009023419,0,1,PelvisPreSolveTranslation,FootGrounding,ModifierNotCompiled,-1,-1,-1,0,,,true,-98208,Sphere,CurrentGrounding,0,-0.1443164,2.596606,5.130448,0,0,0,0,-1,0,0.05,1,4608,0.5735765,-0.1443164,1.92,5.130448,-0.1443164,1.92,5.130448,0,1,0,0.6266062,Swing,None,false,0,0,0,0,0,0,1,0,0,0,0,0,0,1,0,false,false,false,ModifierNotCompiled,0,0,0,0,0,0,0,0,ModifierNotCompiled,0,0,0,0,FootPlacementEffectorTarget,FootGrounding,true,0,false,0.06364035,1,3.274727,0.08812213,-98208,-0.1443164,1.92,5.130448,0,1,0,0,0,0,0,-0.1443164,2.091856,5.130448,-0.1624086,2.017995,5.101861,-0.1443541,1.988749,5.166213,0.0979948,0.06874883,0,1,1,1,1,-0.009999871,-0.0009764526,0.004273221,0,0.004273221,-0.06791054,-0.0009764526,true,0,1,0,0,1,-4.022828E-07,0,3.829802E-06,1.905724E-05,0,1,0,true,-0.04333805,0.1618561,0.198749,-0.04333805,0.1618561,0.198749,-0.04333805,0.1618561,0.198749,-0.04333802,0.1618561,0.198749,4.231116E-08,0,true,-98208,Sphere,CurrentGrounding,1,-0.3171821,2.7353,4.424997,0,0,0,0,-1,0,0.05,1,4608,0.5735765,-0.3171821,1.92,4.424997,-0.3171821,1.92,4.424997,0,1,0,0.7653,Swing,None,false,0,0,0,0,0,0,1,0,0,0,0,0,0,1,0,false,false,false,ModifierNotCompiled,0,0,0,0,0,0,0,0,ModifierNotCompiled,0,0,0,0,FootPlacementEffectorTarget,FootGrounding,true,0,false,0.2252125,1,3.242763,0.2723014,-98208,-0.3171821,1.92,4.424997,0,1,0,0,0,0,0,-0.3171821,2.262311,4.424997,-0.3486648,2.257212,4.350367,-0.3658431,2.181413,4.359742,0.3372118,0.2614133,0,1,1,1,1,-0.009999871,-0.0009764526,0.03603457,0,0.03603457,-0.469055,-0.0009764526,true,0,1,0,-9.957921E-23,1,-1.21867E-21,4.893979E-21,2.165036E-25,6.004485E-20,0,1,0,true,-0.0006187881,0.3323113,-0.5263157,-0.0006187881,0.3323113,-0.5263157,-0.0006187881,0.3323113,-0.5263157,-0.0006187446,0.3323113,-0.5263156,9.484743E-08,0
2186,266,2186,1,2187,0,2187,false,rootmotion.finalik.full-body-biped-ik/indexed-pose-backend,None,true,true,1,lyra-5.7/ABP_Mannequin_Base/CR_Mannequin_FootPlant,unreal-engine-5.7/SpringInterpV2/FMath.SpringDamper,corin.animation-rig,87731f0d0ca14844bbf861368b9847b3,corin.foot-placement,6d6118d2f41a5948ddd18dc6d88083c8c5bf77a4682a4ec3fce5d2ec6af01624,298b6781705cafb383942fcc3f3b1f6e0800ead13829aedd29916feeb5d1f702,Corin.FootPlacementRig,2997edf1c34f13f7e2a3033372226eb399379f30c4303fddfe3e97ec1e4bf38d,0,-192572,-0.009999871,-0.009325719,-0.009325719,-0.007646494,-0.009999871,true,0,-0.009325719,0,1,PelvisPreSolveTranslation,FootGrounding,ModifierNotCompiled,-1,-1,-1,0,,,true,-98208,Sphere,CurrentGrounding,0,-0.2598858,2.580738,5.397213,0,0,0,0,-1,0,0.05,1,4608,0.5735765,-0.2598858,1.92,5.397213,-0.2598858,1.92,5.397213,0,1,0,0.6107376,Swing,None,false,0,0,0,0,0,0,1,0,0,0,0,0,0,1,0,false,false,false,ModifierNotCompiled,0,0,0,0,0,0,0,0,ModifierNotCompiled,0,0,0,0,FootPlacementEffectorTarget,FootGrounding,true,0.4622191,false,0.05171135,1,3.30557,0.07256699,-98208,-0.2598858,1.92,5.397213,0,1,0,0,0,0,0,-0.2598858,2.073868,5.397213,-0.266825,1.996757,5.372601,-0.2667272,1.974638,5.442123,0.07675648,0.05463791,0,1,1,1,1,-0.009999871,-0.0006741527,0.002455924,0,0.002455924,-0.04192157,-0.0006741527,true,0,1,0,0,1,-8.398955E-08,0,4.596162E-07,4.000414E-06,0,1,0,true,-0.03364247,0.1438679,0.2872361,-0.03364247,0.1438679,0.2872361,-0.03364247,0.1438679,0.2872361,-0.03364249,0.1438679,0.287236,1.080334E-07,0,true,-98208,Sphere,CurrentGrounding,1,-0.2141306,2.831926,4.566333,0,0,0,0,-1,0,0.05,1,4608,0.5735765,-0.2141306,1.92,4.566333,-0.2141306,1.92,4.566333,0,1,0,0.8619258,Swing,None,false,0,0,0,0,0,0,1,0,0,0,0,0,0,1,0,false,false,false,ModifierNotCompiled,0,0,0,0,0,0,0,0,ModifierNotCompiled,0,0,0,0,FootPlacementEffectorTarget,FootGrounding,true,0,false,0.3299053,1,2.967091,0.3771803,-98208,-0.2141306,1.92,4.566333,0,1,0,0,0,0,0,-0.2141306,2.345697,4.566333,-0.2188475,2.348125,4.485347,-0.2428725,2.273778,4.481632,0.4281249,0.3537779,0,1,1,1,1,-0.009999871,-0.0006741527,0.02309668,0,0.02309668,-0.3085891,-0.0006741527,true,0,1,0,-1.965702E-23,1,-2.395952E-22,9.668755E-22,-2.864202E-26,1.181279E-20,0,1,0,true,-0.01013773,0.415697,-0.5445709,-0.01013773,0.415697,-0.5445709,-0.01013773,0.415697,-0.5445709,-0.01013773,0.415697,-0.544571,1.228817E-07,0
2187,267,2187,1,2188,0,2188,false,rootmotion.finalik.full-body-biped-ik/indexed-pose-backend,None,true,true,1,lyra-5.7/ABP_Mannequin_Base/CR_Mannequin_FootPlant,unreal-engine-5.7/SpringInterpV2/FMath.SpringDamper,corin.animation-rig,87731f0d0ca14844bbf861368b9847b3,corin.foot-placement,6d6118d2f41a5948ddd18dc6d88083c8c5bf77a4682a4ec3fce5d2ec6af01624,298b6781705cafb383942fcc3f3b1f6e0800ead13829aedd29916feeb5d1f702,Corin.FootPlacementRig,2997edf1c34f13f7e2a3033372226eb399379f30c4303fddfe3e97ec1e4bf38d,0,-192572,-0.009999871,-0.00949994,-0.00949994,-0.005891761,-0.009999871,true,0,-0.00949994,0,1,PelvisPreSolveTranslation,FootGrounding,ModifierNotCompiled,-1,-1,-1,0,,,true,-98208,Sphere,CurrentGrounding,0,-0.428314,2.565876,5.583617,0,0,0,0,-1,0,0.05,1,4608,0.5735765,-0.428314,1.92,5.583617,-0.428314,1.92,5.583617,0,1,0,0.595876,Swing,None,false,0,0,0,0,0,0,1,0,0,0,0,0,0,1,0,false,false,false,ModifierNotCompiled,0,0,0,0,0,0,0,0,ModifierNotCompiled,0,0,0,0,FootPlacementEffectorTarget,FootGrounding,true,0.03164275,false,0.04980465,1,3.303009,0.06514645,-98208,-0.428314,1.92,5.583617,0,1,0,0,0,0,0,-0.428314,2.057934,5.583617,-0.4285016,1.9767,5.584645,-0.449167,1.977709,5.654605,0.05670023,0.05770922,0,1,1,1,1,-0.009999871,-0.0004999312,0.001558219,0,0.001558219,-0.02842551,-0.0004999312,true,0,1,0,0,1,-2.468106E-08,0,-3.788307E-08,1.179706E-06,0,1,0,true,-0.0202536,0.1279343,0.3616091,-0.0202536,0.1279343,0.3616091,-0.0202536,0.1279343,0.3616091,-0.02025359,0.1279344,0.3616091,4.280033E-08,0,true,-98208,Sphere,CurrentGrounding,1,-0.1190891,2.89183,4.75532,0,0,0,0,-1,0,0.05,1,4608,0.5735765,-0.1190891,1.92,4.75532,-0.1190891,1.92,4.75532,0,1,0,0.9218304,Swing,None,false,0,0,0,0,0,0,1,0,0,0,0,0,0,1,0,false,false,false,ModifierNotCompiled,0,0,0,0,0,0,0,0,ModifierNotCompiled,0,0,0,0,FootPlacementEffectorTarget,FootGrounding,true,0,false,0.3982455,1,2.764671,0.4457598,-98208,-0.1190891,1.92,4.75532,0,1,0,0,0,0,0,-0.1190891,2.398634,4.75532,-0.09702803,2.409598,4.67799,-0.1163464,2.33553,4.65956,0.4895978,0.4155297,0,1,1,1,1,-0.009999871,-0.0004999312,0.01630395,0,0.01630395,-0.2216976,-0.0004999312,true,0,1,0,-5.558634E-24,1,-6.755563E-23,2.735767E-22,2.360769E-27,3.33228E-21,0,1,0,true,-0.007514529,0.4686345,-0.5224345,-0.007514529,0.4686345,-0.5224345,-0.007514529,0.4686345,-0.5224345,-0.00751457,0.4686345,-0.5224345,7.206926E-08,0
2188,268,2188,1,2189,0,2189,false,rootmotion.finalik.full-body-biped-ik/indexed-pose-backend,None,true,true,1,lyra-5.7/ABP_Mannequin_Base/CR_Mannequin_FootPlant,unreal-engine-5.7/SpringInterpV2/FMath.SpringDamper,corin.animation-rig,87731f0d0ca14844bbf861368b9847b3,corin.foot-placement,6d6118d2f41a5948ddd18dc6d88083c8c5bf77a4682a4ec3fce5d2ec6af01624,298b6781705cafb383942fcc3f3b1f6e0800ead13829aedd29916feeb5d1f702,Corin.FootPlacementRig,2997edf1c34f13f7e2a3033372226eb399379f30c4303fddfe3e97ec1e4bf38d,0,-192572,-0.009999871,-0.02348411,-0.009622038,-0.004577612,-0.009999871,true,0,-0.02348411,0,1,PelvisPreSolveTranslation,FootGrounding,ModifierNotCompiled,-1,-1,-1,0,,,true,-98208,Sphere,CurrentGrounding,0,-0.5183101,2.529328,5.708337,0,0,0,0,-1,0,0.05,1,4608,0.5735765,-0.5183101,1.92,5.708337,-0.5183101,1.92,5.708337,0,1,0,0.5593278,Swing,None,false,0,0,0,0,0,0,1,0,0,0,0,0,0,1,0,false,false,false,ModifierNotCompiled,0,0,0,0,0,0,0,0,ModifierNotCompiled,0,0,0,0,FootPlacementEffectorTarget,FootGrounding,true,0,false,0.03164895,1,1.503634,0.06229019,-98208,-0.5183101,1.92,5.708337,0,1,0,0,0,0,0,-0.5183101,2.020707,5.708337,-0.5244761,1.953715,5.753879,-0.5510914,1.993624,5.808846,0.03371537,0.07362413,0,1,1,1,1,-0.009999871,-0.0003778329,0.001001427,0,0.001001427,-0.01964931,-0.0003778329,true,0,1,0,0,1,-8.075971E-09,0,2.087091E-09,3.87105E-07,0,1,0,true,-0.009511125,0.09070742,0.3725036,-0.009511125,0.09070742,0.3725036,-0.009511125,0.09070742,0.3725036,-0.009511179,0.09070733,0.3725036,1.086259E-07,0,true,-98208,Sphere,CurrentGrounding,1,-0.1434515,2.924833,4.95535,0,0,0,0,-1,0,0.05,1,4608,0.5735765,-0.1434515,1.92,4.95535,-0.1434515,1.92,4.95535,0,1,0,0.954833,Swing,None,false,0,0,0,0,0,0,1,0,0,0,0,0,0,1,0,false,false,false,ModifierNotCompiled,0,0,0,0,0,0,0,0,ModifierNotCompiled,0,0,0,0,FootPlacementEffectorTarget,FootGrounding,true,0,false,0.4420146,1,2.587324,0.4903703,-98208,-0.1434515,1.92,4.95535,0,1,0,0,0,0,0,-0.1434515,2.427041,4.95535,-0.1136892,2.4503,4.883517,-0.119709,2.374855,4.856859,0.5303001,0.4548552,0,1,1,1,1,-0.009999871,-0.0003778329,0.01182961,0,0.01182961,-0.1631923,-0.0003778329,true,0,1,0,-1.761695E-24,1,-2.135652E-23,8.674883E-23,-1.300618E-28,1.053874E-21,0,1,0,true,0.003231312,0.4970406,-0.468535,0.003231312,0.4970406,-0.468535,0.003231312,0.4970406,-0.468535,0.003231321,0.4970407,-0.4685349,1.077624E-07,0
2189,269,2189,1,2190,0,2190,false,rootmotion.finalik.full-body-biped-ik/indexed-pose-backend,None,true,true,1,lyra-5.7/ABP_Mannequin_Base/CR_Mannequin_FootPlant,unreal-engine-5.7/SpringInterpV2/FMath.SpringDamper,corin.animation-rig,87731f0d0ca14844bbf861368b9847b3,corin.foot-placement,6d6118d2f41a5948ddd18dc6d88083c8c5bf77a4682a4ec3fce5d2ec6af01624,298b6781705cafb383942fcc3f3b1f6e0800ead13829aedd29916feeb5d1f702,Corin.FootPlacementRig,2997edf1c34f13f7e2a3033372226eb399379f30c4303fddfe3e97ec1e4bf38d,0,-192572,-0.009999871,-0.009734106,-0.009734106,-0.003308947,-0.009999871,true,0,-0.009734106,0,1,PelvisPreSolveTranslation,FootGrounding,ModifierNotCompiled,-1,-1,-1,0,,,true,-98208,Sphere,CurrentGrounding,0,-0.5286121,2.507244,5.774794,0,0,0,0,-1,0,0.05,1,4608,0.5735765,-0.5286121,1.92,5.774794,-0.5286121,1.92,5.774794,0,1,0,0.5372441,Swing,None,false,0,0,0,0,0,0,1,0,0,0,0,0,0,1,0,false,false,false,ModifierNotCompiled,0,0,0,0,0,0,0,0,ModifierNotCompiled,0,0,0,0,FootPlacementEffectorTarget,FootGrounding,true,0.6026009,false,-0.0003012219,1,6.3474,0.01073122,-98208,-0.5286121,1.92,5.774794,0,1,0,0.003282905,0,0.003282905,0,-0.5286121,2.000527,5.774794,-0.5253224,1.92,5.785021,-0.5463843,1.928029,5.854407,0,0.008028507,0,1,1,1,1,-0.009999871,0.00301714,0.001021312,0.001995802,0.003017114,0.01579789,0.00301714,true,0,1,0,0,1,-2.074666E-09,0,-2.210895E-10,9.974791E-08,0,1,0,true,-0.01132538,0.0705272,0.2649632,-0.01132538,0.0705272,0.2649632,-0.01132538,0.0705272,0.2649632,-0.01132543,0.0705272,0.2649633,1.030406E-07,0,true,-98208,Sphere,CurrentGrounding,1,-0.2492583,2.935239,5.158334,0,0,0,0,-1,0,0.05,1,4608,0.5735765,-0.2492583,1.92,5.158334,-0.2492583,1.92,5.158334,0,1,0,0.9652393,Swing,None,false,0,0,0,0,0,0,1,0,0,0,0,0,0,1,0,false,false,false,ModifierNotCompiled,0,0,0,0,0,0,0,0,ModifierNotCompiled,0,0,0,0,FootPlacementEffectorTarget,FootGrounding,true,0,false,0.4633139,1,2.579316,0.5121565,-98208,-0.2492583,1.92,5.158334,0,1,0,0,0,0,0,-0.2492583,2.43345,5.158334,-0.2249475,2.466698,5.088403,-0.2169886,2.394037,5.056092,0.5466983,0.4740367,0,1,1,1,1,-0.009999871,-0.000265765,0.007945316,0,0.007945316,-0.1113197,-0.000265765,true,0,1,0,-4.366636E-25,1,-5.278083E-24,2.15148E-23,1.377769E-29,2.605802E-22,0,1,0,true,0.0104479,0.5034505,-0.4114887,0.0104479,0.5034505,-0.4114887,0.0104479,0.5034505,-0.4114887,0.010448,0.5034505,-0.4114887,1.084821E-07,0
2190,270,2190,1,2191,0,2191,false,rootmotion.finalik.full-body-biped-ik/indexed-pose-backend,None,true,true,1,lyra-5.7/ABP_Mannequin_Base/CR_Mannequin_FootPlant,unreal-engine-5.7/SpringInterpV2/FMath.SpringDamper,corin.animation-rig,87731f0d0ca14844bbf861368b9847b3,corin.foot-placement,6d6118d2f41a5948ddd18dc6d88083c8c5bf77a4682a4ec3fce5d2ec6af01624,298b6781705cafb383942fcc3f3b1f6e0800ead13829aedd29916feeb5d1f702,Corin.FootPlacementRig,2997edf1c34f13f7e2a3033372226eb399379f30c4303fddfe3e97ec1e4bf38d,0,-192572,-0.009999871,-0.009826211,-0.009826211,-0.002218179,-0.009999871,true,0,-0.009826211,0,1,PelvisPreSolveTranslation,FootGrounding,ModifierNotCompiled,-1,-1,-1,0,,,true,-98208,Sphere,CurrentGrounding,0,-0.4942517,2.51201,5.787057,0,0,0,0,-1,0,0.05,1,4608,0.5735765,-0.4942517,1.92,5.787057,-0.4942517,1.92,5.787057,0,1,0,0.5420103,Swing,None,false,0,0,0,0,0,0,1,0,0,0,0,0,0,1,0,false,false,false,ModifierNotCompiled,0,0,0,0,0,0,0,0,ModifierNotCompiled,0,0,0,0,FootPlacementEffectorTarget,FootGrounding,true,0.7533422,false,-0.0007645194,1,5.745824,0.009902239,-98208,-0.4942517,1.92,5.787057,0,1,0,0.001354814,0,0.001354814,0,-0.4942517,2.005195,5.787057,-0.5009637,1.924344,5.782797,-0.5151508,1.92183,5.854318,0.004343987,0.001829743,0,1,1,1,1,-0.009999871,0.001181154,0.003010838,0,0.003010838,-0.01141461,0.001181154,true,0,1,0,0,1,-4.23761E-10,0,2.924832E-11,2.043765E-08,0,1,0,true,0.01171444,0.07519495,0.06206195,0.01171444,0.07519495,0.06206195,0.01171444,0.07519495,0.06206195,0.01171447,0.0751949,0.06206192,7.254758E-08,0,true,-98208,Sphere,CurrentGrounding,1,-0.3404789,2.90722,5.451077,0,0,0,0,-1,0,0.05,1,4608,0.5735765,-0.3404789,1.92,5.451077,-0.3404789,1.92,5.451077,0,1,0,0.9372196,Swing,None,false,0,0,0,0,0,0,1,0,0,0,0,0,0,1,0,false,false,false,ModifierNotCompiled,0,0,0,0,0,0,0,0,ModifierNotCompiled,0,0,0,0,FootPlacementEffectorTarget,FootGrounding,true,0,false,0.43031,1,4.180804,0.4789619,-98208,-0.3404789,1.92,5.451077,0,1,0,0,0,0,0,-0.3404789,2.402329,5.451077,-0.3182695,2.430771,5.378382,-0.2967384,2.357371,5.355541,0.5107713,0.4373708,0,1,1,1,1,-0.009999871,-0.00017366,0.004935257,0,0.004935257,-0.07025614,-0.00017366,true,0,1,0,-8.58515E-26,1,-1.034347E-24,4.23275E-24,-1.822675E-30,5.109311E-23,0,1,0,true,0.05136895,0.4723288,-0.3053022,0.05136895,0.4723288,-0.3053022,0.05136895,0.4723288,-0.3053022,0.05136888,0.4723288,-0.3053022,8.696778E-08,0
2191,271,2191,1,2192,0,2192,false,rootmotion.finalik.full-body-biped-ik/indexed-pose-backend,None,true,true,1,lyra-5.7/ABP_Mannequin_Base/CR_Mannequin_FootPlant,unreal-engine-5.7/SpringInterpV2/FMath.SpringDamper,corin.animation-rig,87731f0d0ca14844bbf861368b9847b3,corin.foot-placement,6d6118d2f41a5948ddd18dc6d88083c8c5bf77a4682a4ec3fce5d2ec6af01624,298b6781705cafb383942fcc3f3b1f6e0800ead13829aedd29916feeb5d1f702,Corin.FootPlacementRig,2997edf1c34f13f7e2a3033372226eb399379f30c4303fddfe3e97ec1e4bf38d,0,-192572,-0.009999871,-0.009886604,-0.009886604,-0.001476221,-0.009999871,true,0,-0.009886604,0,1,PelvisPreSolveTranslation,FootGrounding,ModifierNotCompiled,-1,-1,-1,0,,,true,-98208,Sphere,CurrentGrounding,0,-0.4866943,2.514445,5.790702,0,0,0,0,-1,0,0.05,1,4608,0.5735765,-0.4866943,1.92,5.790702,-0.4866943,1.92,5.790702,0,1,0,0.5444446,Swing,None,false,0,0,0,0,0,0,1,0,0,0,0,0,0,1,0,false,false,false,ModifierNotCompiled,0,0,0,0,0,0,0,0,ModifierNotCompiled,0,0,0,0,FootPlacementEffectorTarget,FootGrounding,true,0.3866155,false,0.002531179,1,6.520844,0.01446366,-98208,-0.4866943,1.92,5.790702,0,1,0,0,0,0,0,-0.4866943,2.006947,5.790702,-0.49546,1.926182,5.791027,-0.506196,1.927751,5.863094,0.006181479,0.007751346,0,1,1,1,1,-0.009999871,-0.0001132675,0.002389391,0,0.002389391,-0.02326565,-0.0001132675,true,0,1,0,0,1,-8.848455E-11,0,-3.802601E-12,4.278922E-09,0,1,0,true,0.02050106,0.07694733,-0.1346987,0.02050106,0.07694733,-0.1346987,0.02050106,0.07694733,-0.1346987,0.02050118,0.07694733,-0.1346987,1.264954E-07,0,true,-98208,Sphere,CurrentGrounding,1,-0.4230597,2.839464,5.736802,0,0,0,0,-1,0,0.05,1,4608,0.5735765,-0.4230597,1.92,5.736802,-0.4230597,1.92,5.736802,0,1,0,0.8694642,Swing,None,false,0,0,0,0,0,0,1,0,0,0,0,0,0,1,0,false,false,false,ModifierNotCompiled,0,0,0,0,0,0,0,0,ModifierNotCompiled,0,0,0,0,FootPlacementEffectorTarget,FootGrounding,true,0,false,0.3298108,1,4.860583,0.3779969,-98208,-0.4230597,1.92,5.736802,0,1,0,0,0,0,0,-0.4230597,2.332648,5.736802,-0.3976345,2.329747,5.659782,-0.3788414,2.252615,5.668243,0.4097466,0.3326151,0,1,1,1,1,-0.009999871,-0.0001132675,0.003070424,0,0.003070424,-0.04433607,-0.0001132675,true,0,1,0,-1.732917E-26,1,-2.081581E-25,8.548976E-25,2.369677E-31,1.028734E-23,0,1,0,true,0.06684848,0.4026481,-0.2040281,0.06684848,0.4026481,-0.2040281,0.06684848,0.4026481,-0.2040281,0.06684852,0.4026481,-0.2040281,8.024521E-08,0
2192,272,2192,1,2193,0,2193,false,rootmotion.finalik.full-body-biped-ik/indexed-pose-backend,None,true,true,1,lyra-5.7/ABP_Mannequin_Base/CR_Mannequin_FootPlant,unreal-engine-5.7/SpringInterpV2/FMath.SpringDamper,corin.animation-rig,87731f0d0ca14844bbf861368b9847b3,corin.foot-placement,6d6118d2f41a5948ddd18dc6d88083c8c5bf77a4682a4ec3fce5d2ec6af01624,298b6781705cafb383942fcc3f3b1f6e0800ead13829aedd29916feeb5d1f702,Corin.FootPlacementRig,2997edf1c34f13f7e2a3033372226eb399379f30c4303fddfe3e97ec1e4bf38d,0,-192572,-0.009999871,-0.009916474,-0.009916474,-0.001100036,-0.009999871,true,0,-0.009916474,0,1,PelvisPreSolveTranslation,FootGrounding,ModifierNotCompiled,-1,-1,-1,0,,,true,-98208,Sphere,CurrentGrounding,0,-0.4776795,2.508053,5.779659,0,0,0,0,-1,0,0.05,1,4608,0.5735765,-0.4776795,1.92,5.779659,-0.4776795,1.92,5.779659,0,1,0,0.538053,Swing,None,false,0,0,0,0,0,0,1,0,0,0,0,0,0,1,0,false,false,false,ModifierNotCompiled,0,0,0,0,0,0,0,0,ModifierNotCompiled,0,0,0,0,FootPlacementEffectorTarget,FootGrounding,true,0.9850397,false,-0.01157905,1,6.28487,0.002960443,-98208,-0.4776795,1.92,5.779659,0,1,0,0.01168931,0,0.01168931,0,-0.4776795,2.009742,5.779659,-0.4808774,1.9293,5.768761,-0.4888842,1.92,5.840497,0.009299636,0,0,1,1,1,1,-0.009999871,0.01160591,0.00317263,0.008433342,0.01160597,0.07763255,0.01160591,true,0,1,0,0,1,-2.869937E-11,0,2.056619E-13,1.390175E-09,0,1,0,true,0.02880121,0.07974255,-0.2875578,0.02880121,0.07974255,-0.2875578,0.02880121,0.07974255,-0.2875578,0.02880126,0.07974258,-0.2875578,5.845858E-08,0,true,-98208,Sphere,CurrentGrounding,1,-0.4801683,2.772188,5.941791,0,0,0,0,-1,0,0.05,1,4608,0.5735765,-0.4801683,1.92,5.941791,-0.4801683,1.92,5.941791,0,1,0,0.8021881,Swing,None,false,0,0,0,0,0,0,1,0,0,0,0,0,0,1,0,false,false,false,ModifierNotCompiled,0,0,0,0,0,0,0,0,ModifierNotCompiled,0,0,0,0,FootPlacementEffectorTarget,FootGrounding,true,0,false,0.2487036,1,5.798632,0.2964265,-98208,-0.4801683,1.92,5.941791,0,1,0,0,0,0,0,-0.4801683,2.26446,5.941791,-0.4511118,2.246431,5.868187,-0.4384813,2.170966,5.89098,0.3264308,0.2509656,0,1,1,1,1,-0.009999871,-8.339714E-05,0.002188104,0,0.002188104,-0.03191732,-8.339714E-05,true,0,1,0,-5.498045E-27,1,-6.59098E-26,2.713437E-25,-1.281629E-32,3.258392E-24,0,1,0,true,0.06878753,0.3344599,-0.1304141,0.06878753,0.3344599,-0.1304141,0.06878753,0.3344599,-0.1304141,0.0687875,0.33446,-0.1304141,6.82857E-08,0
2193,273,2193,1,2194,0,2194,false,rootmotion.finalik.full-body-biped-ik/indexed-pose-backend,None,true,true,1,lyra-5.7/ABP_Mannequin_Base/CR_Mannequin_FootPlant,unreal-engine-5.7/SpringInterpV2/FMath.SpringDamper,corin.animation-rig,87731f0d0ca14844bbf861368b9847b3,corin.foot-placement,6d6118d2f41a5948ddd18dc6d88083c8c5bf77a4682a4ec3fce5d2ec6af01624,298b6781705cafb383942fcc3f3b1f6e0800ead13829aedd29916feeb5d1f702,Corin.FootPlacementRig,2997edf1c34f13f7e2a3033372226eb399379f30c4303fddfe3e97ec1e4bf38d,0,-192572,-0.009999871,-0.01565504,-0.009942126,-0.0007711572,-0.009999871,true,0,-0.01565504,0,1,PelvisPreSolveTranslation,FootGrounding,ModifierNotCompiled,-1,-1,-1,0,,,true,-98208,Sphere,CurrentGrounding,0,-0.5189013,2.561896,5.8305,0,0,0,0,-1,0,0.05,1,4608,0.5735765,-0.5189013,1.92,5.8305,-0.5189013,1.92,5.8305,0,1,0,0.5918956,Swing,None,false,0,0,0,0,0,0,1,0,0,0,0,0,0,1,0,false,false,false,ModifierNotCompiled,0,0,0,0,0,0,0,0,ModifierNotCompiled,0,0,0,0,FootPlacementEffectorTarget,FootGrounding,true,0,false,0.02659513,1,6.287187,0.05563855,-98208,-0.5189013,1.92,5.8305,0,1,0,0,0,0,0,-0.5189013,2.063361,5.8305,-0.5086446,1.998872,5.782169,-0.5143933,1.955337,5.839286,0.07887173,0.03533649,0,1,1,1,1,-0.009999871,-5.774479E-05,0.01140762,0,0.01140762,-0.07066136,-5.774479E-05,true,0,1,0,0,1,-7.591984E-12,0,-2.033066E-14,3.684176E-10,0,1,0,true,0.006279865,0.1333612,-0.3938683,0.006279865,0.1333612,-0.3938683,0.006279865,0.1333612,-0.3938683,0.006279763,0.1333612,-0.3938683,1.019798E-07,0,true,-98208,Sphere,CurrentGrounding,1,-0.5675335,2.684152,6.230909,0,0,0,0,-1,0,0.05,1,4608,0.5735765,-0.5675335,1.92,6.230909,-0.5675335,1.92,6.230909,0,1,0,0.7141521,Swing,None,false,0,0,0,0,0,0,1,0,0,0,0,0,0,1,0,false,false,false,ModifierNotCompiled,0,0,0,0,0,0,0,0,ModifierNotCompiled,0,0,0,0,FootPlacementEffectorTarget,FootGrounding,true,0,false,0.1491717,1,6.803542,0.1922021,-98208,-0.5675335,1.92,6.230909,0,1,0,0,0,0,0,-0.5675335,2.175668,6.230909,-0.5380855,2.138348,6.16513,-0.5356271,2.069088,6.204767,0.2183478,0.1490879,0,1,1,1,1,-0.009999871,-5.774479E-05,0.001457849,0,0.001457849,-0.02150119,-5.774479E-05,true,0,1,0,-1.419387E-27,1,-1.697661E-26,7.008259E-26,1.266951E-33,8.395907E-25,0,1,0,true,0.05756622,0.2456678,0.006209158,0.05756622,0.2456678,0.006209158,0.05756622,0.2456678,0.006209158,0.05756617,0.2456679,0.006209105,1.129639E-07,0
2194,274,2194,1,2195,0,2195,false,rootmotion.finalik.full-body-biped-ik/indexed-pose-backend,None,true,true,1,lyra-5.7/ABP_Mannequin_Base/CR_Mannequin_FootPlant,unreal-engine-5.7/SpringInterpV2/FMath.SpringDamper,corin.animation-rig,87731f0d0ca14844bbf861368b9847b3,corin.foot-placement,6d6118d2f41a5948ddd18dc6d88083c8c5bf77a4682a4ec3fce5d2ec6af01624,298b6781705cafb383942fcc3f3b1f6e0800ead13829aedd29916feeb5d1f702,Corin.FootPlacementRig,2997edf1c34f13f7e2a3033372226eb399379f30c4303fddfe3e97ec1e4bf38d,0,-192572,-0.009999871,-0.0119361,-0.009961543,-0.0005179055,-0.009999871,true,0,-0.0119361,0,1,PelvisPreSolveTranslation,FootGrounding,ModifierNotCompiled,-1,-1,-1,0,,,true,-98208,Sphere,CurrentGrounding,0,-0.5552025,2.646518,5.923137,0,0,0,0,-1,0,0.05,1,4608,0.5735765,-0.5552025,1.92,5.923137,-0.5552025,1.92,5.923137,0,1,0,0.6765177,Swing,None,false,0,0,0,0,0,0,1,0,0,0,0,0,0,1,0,false,false,false,ModifierNotCompiled,0,0,0,0,0,0,0,0,ModifierNotCompiled,0,0,0,0,FootPlacementEffectorTarget,FootGrounding,true,0,false,0.1278618,1,4.326908,0.172915,-98208,-0.5552025,1.92,5.923137,0,1,0,0,0,0,0,-0.5552025,2.14567,5.923137,-0.5323989,2.126012,5.847682,-0.5287411,2.058122,5.867081,0.2060122,0.1381221,0,1,1,1,1,-0.009999871,-3.832858E-05,0.009113672,0,0.009113672,-0.07607925,-3.832858E-05,true,0,1,0,0,1,-1.763369E-12,0,2.394115E-15,8.572573E-11,0,1,0,true,-0.006236635,0.21567,-0.4782434,-0.006236635,0.21567,-0.4782434,-0.006236635,0.21567,-0.4782434,-0.006236594,0.21567,-0.4782435,5.029358E-08,0,true,-98208,Sphere,CurrentGrounding,1,-0.6614153,2.622084,6.554278,0,0,0,0,-1,0,0.05,1,4608,0.5735765,-0.6614153,1.92,6.554278,-0.6614153,1.92,6.554278,0,1,0,0.6520838,Swing,None,false,0,0,0,0,0,0,1,0,0,0,0,0,0,1,0,false,false,false,ModifierNotCompiled,0,0,0,0,0,0,0,0,ModifierNotCompiled,0,0,0,0,FootPlacementEffectorTarget,FootGrounding,true,0,false,0.08169366,1,5.051976,0.1163542,-98208,-0.6614153,1.92,6.554278,0,1,0,0,0,0,0,-0.6614153,2.11305,6.554278,-0.6359651,2.05417,6.504555,-0.6438479,2.00047,6.563106,0.1341703,0.08046985,0,1,1,1,1,-0.009999871,-3.832858E-05,0.0009273979,0,0.0009273979,-0.01383369,-3.832858E-05,true,0,1,0,-3.215746E-28,1,-3.837009E-27,1.58854E-26,-1.491947E-34,1.89837E-25,0,1,0,true,0.04612918,0.1830498,0.1596261,0.04612918,0.1830498,0.1596261,0.04612918,0.1830498,0.1596261,0.04612914,0.1830496,0.159626,2.117853E-07,0
2195,275,2195,1,2196,0,2196,false,rootmotion.finalik.full-body-biped-ik/indexed-pose-backend,None,true,true,1,lyra-5.7/ABP_Mannequin_Base/CR_Mannequin_FootPlant,unreal-engine-5.7/SpringInterpV2/FMath.SpringDamper,corin.animation-rig,87731f0d0ca14844bbf861368b9847b3,corin.foot-placement,6d6118d2f41a5948ddd18dc6d88083c8c5bf77a4682a4ec3fce5d2ec6af01624,298b6781705cafb383942fcc3f3b1f6e0800ead13829aedd29916feeb5d1f702,Corin.FootPlacementRig,2997edf1c34f13f7e2a3033372226eb399379f30c4303fddfe3e97ec1e4bf38d,0,-192572,-0.009999871,-0.009971515,-0.009971515,-0.0003860446,-0.009999871,true,0,-0.009971515,0,1,PelvisPreSolveTranslation,FootGrounding,ModifierNotCompiled,-1,-1,-1,0,,,true,-98208,Sphere,CurrentGrounding,0,-0.5812197,2.703664,6.017098,0,0,0,0,-1,0,0.05,1,4608,0.5735765,-0.5812197,1.92,6.017098,-0.5812197,1.92,6.017098,0,1,0,0.733664,Swing,None,false,0,0,0,0,0,0,1,0,0,0,0,0,0,1,0,false,false,false,ModifierNotCompiled,0,0,0,0,0,0,0,0,ModifierNotCompiled,0,0,0,0,FootPlacementEffectorTarget,FootGrounding,true,0,false,0.1928494,1,3.222915,0.2375846,-98208,-0.5812197,1.92,6.017098,0,1,0,0,0,0,0,-0.5812197,2.201172,6.017098,-0.5588725,2.189515,5.939867,-0.5483449,2.12067,5.953756,0.269515,0.20067,0,1,1,1,1,-0.009999871,-2.835598E-05,0.007479535,0,0.007479535,-0.07025179,-2.835598E-05,true,0,1,0,0,1,-5.999076E-13,0,-9.226142E-17,2.919941E-11,0,1,0,true,-0.006778611,0.2711722,-0.5141807,-0.006778611,0.2711722,-0.5141807,-0.006778611,0.2711722,-0.5141807,-0.006778622,0.2711722,-0.5141808,6.064333E-08,0,true,-98208,Sphere,CurrentGrounding,1,-0.7104201,2.605525,6.749842,0,0,0,0,-1,0,0.05,1,4608,0.5735765,-0.7104201,1.92,6.749842,-0.7104201,1.92,6.749842,0,1,0,0.6355247,Swing,None,false,0,0,0,0,0,0,1,0,0,0,0,0,0,1,0,false,false,false,ModifierNotCompiled,0,0,0,0,0,0,0,0,ModifierNotCompiled,0,0,0,0,FootPlacementEffectorTarget,FootGrounding,true,0.0841697,false,0.06562128,1,3.240424,0.09644413,-98208,-0.7104201,1.92,6.749842,0,1,0,0,0,0,0,-0.7104201,2.096218,6.749842,-0.6881723,2.028538,6.710967,-0.7002857,1.985737,6.777264,0.1085382,0.06573701,0,1,1,1,1,-0.009999871,-2.835598E-05,0.0006648483,0,0.0006648483,-0.01000415,-2.835598E-05,true,0,1,0,-1.07562E-28,1,-1.281284E-27,5.315198E-27,5.749479E-36,6.340933E-26,0,1,0,true,0.04552652,0.1662182,0.2280262,0.04552652,0.1662182,0.2280262,0.04552652,0.1662182,0.2280262,0.04552652,0.1662181,0.2280262,9.541399E-08,0
2196,276,2196,1,2197,0,2197,false,rootmotion.finalik.full-body-biped-ik/indexed-pose-backend,None,true,true,1,lyra-5.7/ABP_Mannequin_Base/CR_Mannequin_FootPlant,unreal-engine-5.7/SpringInterpV2/FMath.SpringDamper,corin.animation-rig,87731f0d0ca14844bbf861368b9847b3,corin.foot-placement,6d6118d2f41a5948ddd18dc6d88083c8c5bf77a4682a4ec3fce5d2ec6af01624,298b6781705cafb383942fcc3f3b1f6e0800ead13829aedd29916feeb5d1f702,Corin.FootPlacementRig,2997edf1c34f13f7e2a3033372226eb399379f30c4303fddfe3e97ec1e4bf38d,0,-192572,-0.009999871,-0.009977305,-0.009977305,-0.0003088221,-0.009999871,true,0,-0.009977305,0,1,PelvisPreSolveTranslation,FootGrounding,ModifierNotCompiled,-1,-1,-1,0,,,true,-98208,Sphere,CurrentGrounding,0,-0.6034491,2.747607,6.097267,0,0,0,0,-1,0,0.05,1,4608,0.5735765,-0.6034491,1.92,6.097267,-0.6034491,1.92,6.097267,0,1,0,0.7776074,Swing,None,false,0,0,0,0,0,0,1,0,0,0,0,0,0,1,0,false,false,false,ModifierNotCompiled,0,0,0,0,0,0,0,0,ModifierNotCompiled,0,0,0,0,FootPlacementEffectorTarget,FootGrounding,true,0,false,0.2401498,1,3.117407,0.2842822,-98208,-0.6034491,1.92,6.097267,0,1,0,0,0,0,0,-0.6034491,2.243988,6.097267,-0.5819907,2.23494,6.019435,-0.5666497,2.166386,6.031959,0.3149395,0.2463863,0,1,1,1,1,-0.009999871,-2.256595E-05,0.006358215,0,0.006358215,-0.06360508,-2.256595E-05,true,0,1,0,0,1,-2.655768E-13,0,-6.323557E-18,1.293744E-11,0,1,0,true,-0.005188908,0.3139883,-0.5314673,-0.005188908,0.3139883,-0.5314673,-0.005188908,0.3139883,-0.5314673,-0.005188882,0.3139884,-0.5314672,7.139212E-08,0,true,-98208,Sphere,CurrentGrounding,1,-0.7425585,2.600287,6.881778,0,0,0,0,-1,0,0.05,1,4608,0.5735765,-0.7425585,1.92,6.881778,-0.7425585,1.92,6.881778,0,1,0,0.6302874,Swing,None,false,0,0,0,0,0,0,1,0,0,0,0,0,0,1,0,false,false,false,ModifierNotCompiled,0,0,0,0,0,0,0,0,ModifierNotCompiled,0,0,0,0,FootPlacementEffectorTarget,FootGrounding,true,0.2734382,false,0.06317322,1,2.473552,0.09049606,-98208,-0.7425585,1.92,6.881778,0,1,0,0,0,0,0,-0.7425585,2.090827,6.881778,-0.7229986,2.018434,6.850737,-0.737571,1.983637,6.921099,0.09843349,0.06363654,0,1,1,1,1,-0.009999871,-2.256595E-05,0.0005164444,0,0.0005164444,-0.007824478,-2.256595E-05,true,0,1,0,-4.704144E-29,1,-5.596787E-28,2.325123E-27,3.940667E-37,2.770345E-26,0,1,0,true,0.0431963,0.1608266,0.2638117,0.0431963,0.1608266,0.2638117,0.0431963,0.1608266,0.2638117,0.04319634,0.1608265,0.2638116,1.28401E-07,0
2197,277,2197,1,2198,0,2198,false,rootmotion.finalik.full-body-biped-ik/indexed-pose-backend,None,true,true,1,lyra-5.7/ABP_Mannequin_Base/CR_Mannequin_FootPlant,unreal-engine-5.7/SpringInterpV2/FMath.SpringDamper,corin.animation-rig,87731f0d0ca14844bbf861368b9847b3,corin.foot-placement,6d6118d2f41a5948ddd18dc6d88083c8c5bf77a4682a4ec3fce5d2ec6af01624,298b6781705cafb383942fcc3f3b1f6e0800ead13829aedd29916feeb5d1f702,Corin.FootPlacementRig,2997edf1c34f13f7e2a3033372226eb399379f30c4303fddfe3e97ec1e4bf38d,0,-192572,-0.009999871,-0.009982118,-0.009982118,-0.000244185,-0.009999871,true,0,-0.009982118,0,1,PelvisPreSolveTranslation,FootGrounding,ModifierNotCompiled,-1,-1,-1,0,,,true,-98208,Sphere,CurrentGrounding,0,-0.6234522,2.799008,6.188342,0,0,0,0,-1,0,0.05,1,4608,0.5735765,-0.6234522,1.92,6.188342,-0.6234522,1.92,6.188342,0,1,0,0.8290079,Swing,None,false,0,0,0,0,0,0,1,0,0,0,0,0,0,1,0,false,false,false,ModifierNotCompiled,0,0,0,0,0,0,0,0,ModifierNotCompiled,0,0,0,0,FootPlacementEffectorTarget,FootGrounding,true,0,false,0.2945164,1,3.186456,0.3382425,-98208,-0.6234522,1.92,6.188342,0,1,0,0,0,0,0,-0.6234522,2.294339,6.188342,-0.6022778,2.287546,6.110203,-0.5823655,2.219601,6.121722,0.3675463,0.2996006,0,1,1,1,1,-0.009999871,-1.775287E-05,0.005312873,0,0.005312873,-0.05593551,-1.775287E-05,true,0,1,0,0,1,-1.132673E-13,0,-3.17815E-19,5.522399E-12,0,1,0,true,0.0003990852,0.3643388,-0.54317,0.0003990852,0.3643388,-0.54317,0.0003990852,0.3643388,-0.54317,0.0003990903,0.3643387,-0.5431701,6.684107E-08,0,true,-98208,Sphere,CurrentGrounding,1,-0.7737274,2.592613,7.007967,0,0,0,0,-1,0,0.05,1,4608,0.5735765,-0.7737274,1.92,7.007967,-0.7737274,1.92,7.007967,0,1,0,0.6226134,Swing,None,false,0,0,0,0,0,0,1,0,0,0,0,0,0,1,0,false,false,false,ModifierNotCompiled,0,0,0,0,0,0,0,0,ModifierNotCompiled,0,0,0,0,FootPlacementEffectorTarget,FootGrounding,true,0.361047,false,0.05985514,1,1.958771,0.08331966,-98208,-0.7737274,1.92,7.007967,0,1,0,0,0,0,0,-0.7737274,2.083027,7.007967,-0.7570374,2.006951,6.985148,-0.7742774,1.980516,7.058484,0.08695102,0.06051612,0,1,1,1,1,-0.009999871,-1.775287E-05,0.0003959072,0,0.0003959072,-0.006040729,-1.775287E-05,true,0,1,0,-1.981955E-29,1,-2.355129E-28,9.798635E-28,1.980536E-38,1.166001E-26,0,1,0,true,0.0391219,0.1530274,0.2892179,0.0391219,0.1530274,0.2892179,0.0391219,0.1530274,0.2892179,0.03912188,0.1530274,0.289218,6.919419E-08,0
2198,278,2198,1,2199,0,2199,false,rootmotion.finalik.full-body-biped-ik/indexed-pose-backend,None,true,true,1,lyra-5.7/ABP_Mannequin_Base/CR_Mannequin_FootPlant,unreal-engine-5.7/SpringInterpV2/FMath.SpringDamper,corin.animation-rig,87731f0d0ca14844bbf861368b9847b3,corin.foot-placement,6d6118d2f41a5948ddd18dc6d88083c8c5bf77a4682a4ec3fce5d2ec6af01624,298b6781705cafb383942fcc3f3b1f6e0800ead13829aedd29916feeb5d1f702,Corin.FootPlacementRig,2997edf1c34f13f7e2a3033372226eb399379f30c4303fddfe3e97ec1e4bf38d,0,-192572,-0.009999871,-0.009987891,-0.009987891,-0.0001660237,-0.009999871,true,0,-0.009987891,0,1,PelvisPreSolveTranslation,FootGrounding,ModifierNotCompiled,-1,-1,-1,0,,,true,-98208,Sphere,CurrentGrounding,0,-0.6595132,2.875647,6.362875,0,0,0,0,-1,0,0.05,1,4608,0.5735765,-0.6595132,1.92,6.362875,-0.6595132,1.92,6.362875,0,1,0,0.9056469,Swing,None,false,0,0,0,0,0,0,1,0,0,0,0,0,0,1,0,false,false,false,ModifierNotCompiled,0,0,0,0,0,0,0,0,ModifierNotCompiled,0,0,0,0,FootPlacementEffectorTarget,FootGrounding,true,0,false,0.3757714,1,2.684998,0.4202137,-98208,-0.6595132,1.92,6.362875,0,1,0,0,0,0,0,-0.6595132,2.369556,6.362875,-0.6384425,2.367555,6.284441,-0.6129756,2.300692,6.293134,0.4475546,0.3806915,0,1,1,1,1,-0.009999871,-1.198053E-05,0.003897169,0,0.003897169,-0.0436631,-1.198053E-05,true,0,1,0,0,1,-2.865266E-14,0,3.332298E-20,1.398758E-12,0,1,0,true,0.007317901,0.4395562,-0.5359319,0.007317901,0.4395562,-0.5359319,0.007317901,0.4395562,-0.5359319,0.007317858,0.4395563,-0.5359318,1.302862E-07,0,true,-98208,Sphere,CurrentGrounding,1,-0.8273778,2.580457,7.209712,0,0,0,0,-1,0,0.05,1,4608,0.5735765,-0.8273778,1.92,7.209712,-0.8273778,1.92,7.209712,0,1,0,0.6104569,Swing,None,false,0,0,0,0,0,0,1,0,0,0,0,0,0,1,0,false,false,false,ModifierNotCompiled,0,0,0,0,0,0,0,0,ModifierNotCompiled,0,0,0,0,FootPlacementEffectorTarget,FootGrounding,true,0.1865219,false,0.06007767,1,2.527297,0.07523656,-98208,-0.8273778,1.92,7.209712,0,1,0,0,0,0,0,-0.8273778,2.070725,7.209712,-0.8175135,1.990471,7.202722,-0.8393009,1.980538,7.278884,0.07047105,0.06053793,0,1,1,1,1,-0.009999871,-1.198053E-05,0.0002558304,0,0.0002558304,-0.003943332,-1.198053E-05,true,0,1,0,-4.919994E-30,1,-5.835004E-29,2.433342E-28,-2.076597E-39,2.889783E-27,0,1,0,true,0.02923047,0.140725,0.3271033,0.02923047,0.140725,0.3271033,0.02923047,0.140725,0.3271033,0.02923046,0.140725,0.3271034,1.333971E-07,0
2199,279,2199,1,2200,0,2200,false,rootmotion.finalik.full-body-biped-ik/indexed-pose-backend,None,true,true,1,lyra-5.7/ABP_Mannequin_Base/CR_Mannequin_FootPlant,unreal-engine-5.7/SpringInterpV2/FMath.SpringDamper,corin.animation-rig,87731f0d0ca14844bbf861368b9847b3,corin.foot-placement,6d6118d2f41a5948ddd18dc6d88083c8c5bf77a4682a4ec3fce5d2ec6af01624,298b6781705cafb383942fcc3f3b1f6e0800ead13829aedd29916feeb5d1f702,Corin.FootPlacementRig,2997edf1c34f13f7e2a3033372226eb399379f30c4303fddfe3e97ec1e4bf38d,0,-192572,-0.009999871,-0.02484781,-0.009992432,-0.0001039173,-0.009999871,true,0,-0.02484781,0,1,PelvisPreSolveTranslation,FootGrounding,ModifierNotCompiled,-1,-1,-1,0,,,true,-98208,Sphere,CurrentGrounding,0,-0.7351987,2.926939,6.627723,0,0,0,0,-1,0,0.05,1,4608,0.5735765,-0.7351987,1.92,6.627723,-0.7351987,1.92,6.627723,0,1,0,0.9569385,Swing,None,false,0,0,0,0,0,0,1,0,0,0,0,0,0,1,0,false,false,false,ModifierNotCompiled,0,0,0,0,0,0,0,0,ModifierNotCompiled,0,0,0,0,FootPlacementEffectorTarget,FootGrounding,true,0,false,0.454288,1,2.415723,0.5008497,-98208,-0.7351987,1.92,6.627723,0,1,0,0,0,0,0,-0.7351987,2.419573,6.627723,-0.7131894,2.447191,6.55456,-0.6935081,2.379777,6.535117,0.5271907,0.4597766,0,1,1,1,1,-0.009999871,-7.439405E-06,0.002626498,0,0.002626498,-0.03103269,-7.439405E-06,true,0,1,0,0,1,-5.588015E-15,0,-4.467155E-21,2.731764E-13,0,1,0,true,-0.001472815,0.4895726,-0.46652,-0.001472815,0.4895726,-0.46652,-0.001472815,0.4895726,-0.46652,-0.00147287,0.4895726,-0.4665198,1.586994E-07,0,true,-98208,Sphere,CurrentGrounding,1,-0.8737597,2.538486,7.436849,0,0,0,0,-1,0,0.05,1,4608,0.5735765,-0.8737597,1.92,7.436849,-0.8737597,1.92,7.436849,0,1,0,0.5684865,Swing,None,false,0,0,0,0,0,0,1,0,0,0,0,0,0,1,0,false,false,false,ModifierNotCompiled,0,0,0,0,0,0,0,0,ModifierNotCompiled,0,0,0,0,FootPlacementEffectorTarget,FootGrounding,true,0,false,0.03705581,1,0.9267435,0.06581676,-98208,-0.8737597,1.92,7.436849,0,1,0,0,0,0,0,-0.8737597,2.028645,7.436849,-0.8844585,1.957262,7.473956,-0.9064643,1.994688,7.540956,0.03726149,0.0746882,0,1,1,1,1,-0.009999871,-7.439405E-06,0.0001504895,0,0.0001504895,-0.002346494,-7.439405E-06,true,0,1,0,-9.394737E-31,1,-1.111718E-29,4.648512E-29,2.783806E-40,5.507814E-28,0,1,0,true,0.02380581,0.09864461,0.353995,0.02380581,0.09864461,0.353995,0.02380581,0.09864461,0.353995,0.02380578,0.0986447,0.3539952,2.021292E-07,0
2200,280,2200,1,2201,0,2201,false,rootmotion.finalik.full-body-biped-ik/indexed-pose-backend,None,true,true,1,lyra-5.7/ABP_Mannequin_Base/CR_Mannequin_FootPlant,unreal-engine-5.7/SpringInterpV2/FMath.SpringDamper,corin.animation-rig,87731f0d0ca14844bbf861368b9847b3,corin.foot-placement,6d6118d2f41a5948ddd18dc6d88083c8c5bf77a4682a4ec3fce5d2ec6af01624,298b6781705cafb383942fcc3f3b1f6e0800ead13829aedd29916feeb5d1f702,Corin.FootPlacementRig,2997edf1c34f13f7e2a3033372226eb399379f30c4303fddfe3e97ec1e4bf38d,0,-192572,-0.009999871,-0.01341689,-0.0099946,-7.400893E-05,-0.009999871,true,0,-0.01341689,0,1,PelvisPreSolveTranslation,FootGrounding,ModifierNotCompiled,-1,-1,-1,0,,,true,-98208,Sphere,CurrentGrounding,0,-0.7853007,2.928495,6.808419,0,0,0,0,-1,0,0.05,1,4608,0.5735765,-0.7853007,1.92,6.808419,-0.7853007,1.92,6.808419,0,1,0,0.9584949,Swing,None,false,0,0,0,0,0,0,1,0,0,0,0,0,0,1,0,false,false,false,ModifierNotCompiled,0,0,0,0,0,0,0,0,ModifierNotCompiled,0,0,0,0,FootPlacementEffectorTarget,FootGrounding,true,0,false,0.466074,1,1.3397,0.5096536,-98208,-0.7853007,1.92,6.808419,0,1,0,0,0,0,0,-0.7853007,2.420456,6.808419,-0.7619567,2.454694,6.738541,-0.7498491,2.388535,6.710258,0.534694,0.4685349,0,1,1,1,1,-0.009999871,-5.271286E-06,0.001955462,0,0.001955462,-0.02378443,-5.271286E-06,true,0,1,0,0,1,-1.687819E-15,0,3.09531E-22,8.258739E-14,0,1,0,true,-0.01369395,0.4904557,-0.4271864,-0.01369395,0.4904557,-0.4271864,-0.01369395,0.4904557,-0.4271864,-0.01369392,0.4904559,-0.4271865,1.356314E-07,0,true,-98208,Sphere,CurrentGrounding,1,-0.9045959,2.513212,7.547754,0,0,0,0,-1,0,0.05,1,4608,0.5735765,-0.9045959,1.92,7.547754,-0.9045959,1.92,7.547754,0,1,0,0.5432124,Swing,None,false,0,0,0,0,0,0,1,0,0,0,0,0,0,1,0,false,false,false,ModifierNotCompiled,0,0,0,0,0,0,0,0,ModifierNotCompiled,0,0,0,0,FootPlacementEffectorTarget,FootGrounding,true,0,false,0.008468034,1,4.061739,0.02861238,-98208,-0.9045959,1.92,7.547754,0,1,0,0,0,0,0,-0.9045959,2.00332,7.547754,-0.9154382,1.926399,7.571256,-0.9371064,1.951042,7.644039,0.006398559,0.03104174,0,1,1,1,1,-0.009999871,-5.271286E-06,0.0001023699,0,0.0001023699,-0.001611453,-5.271286E-06,true,0,1,0,-2.797499E-31,1,-3.305335E-30,1.384618E-29,-1.928887E-41,1.637988E-28,0,1,0,true,0.01449374,0.07332027,0.3211806,0.01449374,0.07332027,0.3211806,0.01449374,0.07332027,0.3211806,0.01449376,0.07332033,0.3211806,6.849496E-08,0
2201,281,2201,1,2202,0,2202,false,rootmotion.finalik.full-body-biped-ik/indexed-pose-backend,None,true,true,1,lyra-5.7/ABP_Mannequin_Base/CR_Mannequin_FootPlant,unreal-engine-5.7/SpringInterpV2/FMath.SpringDamper,corin.animation-rig,87731f0d0ca14844bbf861368b9847b3,corin.foot-placement,6d6118d2f41a5948ddd18dc6d88083c8c5bf77a4682a4ec3fce5d2ec6af01624,298b6781705cafb383942fcc3f3b1f6e0800ead13829aedd29916feeb5d1f702,Corin.FootPlacementRig,2997edf1c34f13f7e2a3033372226eb399379f30c4303fddfe3e97ec1e4bf38d,0,-192572,-0.009999871,-0.009995944,-0.009995944,-5.535893E-05,-0.009999871,true,0,-0.009995944,0,1,PelvisPreSolveTranslation,FootGrounding,ModifierNotCompiled,-1,-1,-1,0,,,true,-98208,Sphere,CurrentGrounding,0,-0.8266022,2.932618,6.95436,0,0,0,0,-1,0,0.05,1,4608,0.5735765,-0.8266022,1.92,6.95436,-0.8266022,1.92,6.95436,0,1,0,0.9626181,Swing,None,false,0,0,0,0,0,0,1,0,0,0,0,0,0,1,0,false,false,false,ModifierNotCompiled,0,0,0,0,0,0,0,0,ModifierNotCompiled,0,0,0,0,FootPlacementEffectorTarget,FootGrounding,true,0,false,0.4807712,1,2.805991,0.5241408,-98208,-0.8266022,1.92,6.95436,0,1,0,0,0,0,0,-0.8266022,2.424134,6.95436,-0.806082,2.466725,6.888293,-0.7968786,2.404589,6.851188,0.5467253,0.4845889,0,1,1,1,1,-0.009999871,-3.927387E-06,0.001512061,0,0.001512061,-0.01877133,-3.927387E-06,true,0,1,0,0,1,-6.069503E-16,0,-5.650572E-24,2.972094E-14,0,1,0,true,-0.02875386,0.4941343,-0.4012813,-0.02875386,0.4941343,-0.4012813,-0.02875386,0.4941343,-0.4012813,-0.02875382,0.4941344,-0.4012813,7.450581E-08,0,true,-98122,Sphere,CurrentGrounding,1,-0.9251649,2.508762,7.577809,0,0,0,0,-1,0,0.05,1,4608,0.5735765,-0.9251649,1.92,7.577809,-0.9251649,1.92,7.577809,0,1,0,0.5387616,Swing,None,false,0,0,0,0,0,0,1,0,0,0,0,0,0,1,0,false,false,false,ModifierNotCompiled,0,0,0,0,0,0,0,0,ModifierNotCompiled,0,0,0,0,FootPlacementEffectorTarget,FootGrounding,true,0.3924399,false,-0.0009360508,1,5.811986,0.007239461,-98122,-0.9251649,1.92,7.577809,0,1,0,0.003225327,0,0.003225327,0,-0.9251649,2.001987,7.577809,-0.9289305,1.92093,7.576266,-0.9532993,1.92,7.652287,0.0009297132,-1.192093E-07,1.192093E-07,1,1,1,1,-0.009999871,0.003221399,0.0003839119,0.00283742,0.003221331,0.02541303,0.003221399,true,0,1,0,-9.944558E-32,1,-1.173504E-30,4.923261E-30,3.517259E-43,5.816623E-29,0,1,0,true,0.003746253,0.07198703,0.2290728,0.003746253,0.07198703,0.2290728,0.003746253,0.07198703,0.2290728,0.003746275,0.07198694,0.2290728,9.330004E-08,0
2202,282,2202,1,2203,0,2203,false,rootmotion.finalik.full-body-biped-ik/indexed-pose-backend,None,true,true,1,lyra-5.7/ABP_Mannequin_Base/CR_Mannequin_FootPlant,unreal-engine-5.7/SpringInterpV2/FMath.SpringDamper,corin.animation-rig,87731f0d0ca14844bbf861368b9847b3,corin.foot-placement,6d6118d2f41a5948ddd18dc6d88083c8c5bf77a4682a4ec3fce5d2ec6af01624,298b6781705cafb383942fcc3f3b1f6e0800ead13829aedd29916feeb5d1f702,Corin.FootPlacementRig,2997edf1c34f13f7e2a3033372226eb399379f30c4303fddfe3e97ec1e4bf38d,0,-192572,-0.005012512,-0.008934814,-0.008934814,0.04294625,-0.005012512,true,0,-0.008934814,0,1,PelvisPreSolveTranslation,FootGrounding,ModifierNotCompiled,-1,-1,-1,0,,,true,-98208,Sphere,CurrentGrounding,0,-0.9350488,2.862887,7.326966,0,0,0,0,-1,0,0.05,1,4608,0.5735765,-0.9350488,1.92,7.326966,-0.9350488,1.92,7.326966,0,1,0,0.8928874,Swing,None,false,0,0,0,0,0,0,1,0,0,0,0,0,0,1,0,false,false,false,ModifierNotCompiled,0,0,0,0,0,0,0,0,ModifierNotCompiled,0,0,0,0,FootPlacementEffectorTarget,FootGrounding,true,0,false,0.4198931,1,5.718034,0.4555752,-98208,-0.9350488,1.92,7.326966,0,1,0,0,0,0,0,-0.9350488,2.355705,7.326966,-0.9310639,2.399094,7.258398,-0.9214423,2.337692,7.220192,0.4790938,0.4176919,0,1,1,1,1,-0.005012512,0.003922301,0.001752538,0,0.001752538,0.0220882,0.003922301,true,0,1,0,0,1,-9.319115E-17,0,8.213617E-25,4.56928E-15,0,1,0,true,-0.0598824,0.4306924,-0.2513992,-0.0598824,0.4306924,-0.2513992,-0.0598824,0.4306924,-0.2513992,-0.0598824,0.4306925,-0.2513992,8.948454E-08,0,true,-98122,Sphere,CurrentGrounding,1,-0.9552779,2.504003,7.572686,0,0,0,0,-1,0,0.05,1,4608,0.5735765,-0.9552779,1.92,7.572686,-0.9552779,1.92,7.572686,0,1,0,0.534003,Swing,None,false,0,0,0,0,0,0,1,0,0,0,0,0,0,1,0,false,false,false,ModifierNotCompiled,0,0,0,0,0,0,0,0,ModifierNotCompiled,0,0,0,0,FootPlacementEffectorTarget,FootGrounding,true,1,false,-0.002352943,1,5.994606,0.003517747,-98122,-0.9552779,1.92,7.572686,0,1,0,0.002108812,0,0.002108812,0,-0.9552779,2.001099,7.572686,-0.9534836,1.92,7.575236,-0.9807677,1.921228,7.650326,0,0.001228094,0,1,1,1,1,-0.005012512,0.006031114,0.004360809,0.001670361,0.00603117,0.02933955,0.006031114,true,0,1,0,-1.495792E-32,1,-1.761079E-31,7.408547E-31,-5.044674E-44,8.732338E-30,0,1,0,true,-0.02429598,0.07608676,-0.007429782,-0.02429598,0.07608676,-0.007429782,-0.02429598,0.07608676,-0.007429782,-0.02429597,0.07608676,-0.007429838,5.683548E-08,0
2203,283,2203,1,2204,0,2204,false,rootmotion.finalik.full-body-biped-ik/indexed-pose-backend,None,true,true,1,lyra-5.7/ABP_Mannequin_Base/CR_Mannequin_FootPlant,unreal-engine-5.7/SpringInterpV2/FMath.SpringDamper,corin.animation-rig,87731f0d0ca14844bbf861368b9847b3,corin.foot-placement,6d6118d2f41a5948ddd18dc6d88083c8c5bf77a4682a4ec3fce5d2ec6af01624,298b6781705cafb383942fcc3f3b1f6e0800ead13829aedd29916feeb5d1f702,Corin.FootPlacementRig,2997edf1c34f13f7e2a3033372226eb399379f30c4303fddfe3e97ec1e4bf38d,0,-192572,0.06818235,0.00807379,0.00807379,0.6600178,0.06818235,true,0,0.00807379,0,1,PelvisPreSolveTranslation,FootGrounding,ModifierNotCompiled,-1,-1,-1,0,,,true,-98122,Sphere,CurrentGrounding,0,-0.9466188,2.691568,7.687207,0,0,0,0,-1,0,0.05,1,4608,0.5735765,-0.9466188,1.92,7.687207,-0.9466188,1.92,7.687207,0,1,0,0.7215678,Swing,None,false,0,0,0,0,0,0,1,0,0,0,0,0,0,1,0,false,false,false,ModifierNotCompiled,0,0,0,0,0,0,0,0,ModifierNotCompiled,0,0,0,0,FootPlacementEffectorTarget,FootGrounding,true,0,false,0.2774102,1,4.821441,0.2466049,-98122,-0.9466188,1.92,7.687207,0,1,0,0,0,0,0,-0.9466188,2.21411,7.687207,-0.970238,2.225181,7.610268,-0.9677236,2.153113,7.599206,0.3051808,0.2331131,0,1,1,1,1,0.06818235,0.06010856,0.01446828,0,0.01446828,0.5000343,0.06010856,true,0,1,0,0,1,-1.428879E-17,0,-1.19371E-25,7.014204E-16,0,1,0,true,-0.06705825,0.3622922,-0.1146677,-0.06705825,0.3622922,-0.1146677,-0.06705825,0.3622922,-0.1146677,-0.06705821,0.3622922,-0.1146678,8.059035E-08,0,true,-98208,Sphere,CurrentGrounding,1,-0.9233241,2.430543,7.543474,0,0,0,0,-1,0,0.05,1,4608,0.5735765,-0.9233241,1.92,7.543474,-0.9233241,1.92,7.543474,0,1,0,0.4605429,Swing,None,false,0,0,0,0,0,0,1,0,0,0,0,0,0,1,0,false,false,false,ModifierNotCompiled,0,0,0,0,0,0,0,0,ModifierNotCompiled,0,0,0,0,FootPlacementEffectorTarget,FootGrounding,true,0.8451266,false,-0.00450086,1,6.574362,0.07235694,-98208,-0.9233241,1.92,7.543474,0,1,0,0.006098151,0,0.006098151,0,-0.9233241,2.004823,7.543474,-0.9279799,1.923847,7.540644,-0.9190171,1.92,7.619971,0.003846884,-1.192093E-07,1.192093E-07,1,1,1,1,0.06818235,0.06620671,0.01946924,0.04673731,0.06620656,0.5244886,0.06620671,true,0,1,0,-2.250264E-33,1,-2.643654E-32,1.115009E-31,7.006492E-45,1.311332E-30,0,1,0,true,-0.02298464,0.1530055,-0.2534457,-0.02298464,0.1530055,-0.2534457,-0.02298464,0.1530055,-0.2534457,-0.02298465,0.1530055,-0.2534459,1.215724E-07,0
2204,284,2204,1,2205,0,2205,false,rootmotion.finalik.full-body-biped-ik/indexed-pose-backend,None,true,true,1,lyra-5.7/ABP_Mannequin_Base/CR_Mannequin_FootPlant,unreal-engine-5.7/SpringInterpV2/FMath.SpringDamper,corin.animation-rig,87731f0d0ca14844bbf861368b9847b3,corin.foot-placement,6d6118d2f41a5948ddd18dc6d88083c8c5bf77a4682a4ec3fce5d2ec6af01624,298b6781705cafb383942fcc3f3b1f6e0800ead13829aedd29916feeb5d1f702,Corin.FootPlacementRig,2997edf1c34f13f7e2a3033372226eb399379f30c4303fddfe3e97ec1e4bf38d,0,-192572,0.1439791,0.03799907,0.03799907,1.138618,0.1439791,true,0,0.03799907,0,1,PelvisPreSolveTranslation,FootGrounding,ModifierNotCompiled,-1,-1,-1,0,,,true,-98122,Sphere,CurrentGrounding,0,-0.8325367,2.526005,7.967713,0,0,0,0,-1,0,0.05,1,4608,0.5735765,-0.8325367,1.92,7.967713,-0.8325367,1.92,7.967713,0,1,0,0.5560046,Swing,None,false,0,0,0,0,0,0,1,0,0,0,0,0,0,1,0,false,false,false,ModifierNotCompiled,0,0,0,0,0,0,0,0,ModifierNotCompiled,0,0,0,0,FootPlacementEffectorTarget,FootGrounding,true,0,false,0.1466607,1,6.735196,0.03330219,-98122,-0.8325367,1.92,7.967713,0,1,0,0,0,0,0,-0.8325367,2.099319,7.967713,-0.8702877,2.057657,7.909069,-0.8579993,1.995576,7.945366,0.1376565,0.07557631,0,1,1,1,1,0.1439791,0.10598,0.03531504,0,0.03531504,0.7641301,0.10598,true,0,1,0,0,1,-3.152408E-18,0,1.454738E-26,1.548799E-16,0,1,0,true,-0.05788677,0.3232977,0.000271029,-0.05788677,0.3232977,0.000271029,-0.05788677,0.3232977,0.000271029,-0.0578868,0.3232977,0.0002708137,2.173629E-07,0,true,-98122,Sphere,CurrentGrounding,1,-0.966939,2.428192,7.5781,0,0,0,0,-1,0,0.05,1,4608,0.5735765,-0.966939,1.92,7.5781,-0.966939,1.92,7.5781,0,1,0,0.4581921,Swing,None,false,0,0,0,0,0,0,1,0,0,0,0,0,0,1,0,false,false,false,ModifierNotCompiled,0,0,0,0,0,0,0,0,ModifierNotCompiled,0,0,0,0,FootPlacementEffectorTarget,FootGrounding,true,0,false,0.04030693,1,6.810617,0.07951272,-98122,-0.966939,1.92,7.5781,0,1,0,0,0,0,0,-0.966939,2.048751,7.5781,-1.002288,1.984742,7.542883,-0.9774189,1.93735,7.601929,0.06474185,0.0173502,0,1,1,1,1,0.1439791,0.10598,0.08255963,0,0.08255963,0.5039275,0.10598,true,0,1,0,-4.895452E-34,1,-5.741964E-33,2.42647E-32,-1.401298E-45,2.84896E-31,0,1,0,true,-0.002693147,0.2727299,-0.4081602,-0.002693147,0.2727299,-0.4081602,-0.002693147,0.2727299,-0.4081602,-0.00269315,0.2727298,-0.4081603,9.429181E-08,0
2205,285,2205,1,2206,0,2206,false,rootmotion.finalik.full-body-biped-ik/indexed-pose-backend,None,true,true,1,lyra-5.7/ABP_Mannequin_Base/CR_Mannequin_FootPlant,unreal-engine-5.7/SpringInterpV2/FMath.SpringDamper,corin.animation-rig,87731f0d0ca14844bbf861368b9847b3,corin.foot-placement,6d6118d2f41a5948ddd18dc6d88083c8c5bf77a4682a4ec3fce5d2ec6af01624,298b6781705cafb383942fcc3f3b1f6e0800ead13829aedd29916feeb5d1f702,Corin.FootPlacementRig,2997edf1c34f13f7e2a3033372226eb399379f30c4303fddfe3e97ec1e4bf38d,0,-192572,0.02086246,0.04926213,0.04926213,-0.328525,0.02086246,true,0,0.04926213,0,1,PelvisPreSolveTranslation,FootGrounding,ModifierNotCompiled,-1,-1,-1,0,,,true,-98132,Sphere,CurrentGrounding,0,-0.6247368,2.335438,8.326324,0,0,0,0,-1,0,0.05,1,4608,0.5735765,-0.6247368,1.68,8.326324,-0.6247368,1.68,8.326324,0,1,0,0.6054384,Swing,None,false,0,0,0,0,0,0,1,0,0,0,0,0,0,1,0,false,false,false,ModifierNotCompiled,0,0,0,0,0,0,0,0,ModifierNotCompiled,0,0,0,0,FootPlacementEffectorTarget,FootGrounding,true,0,false,0.07180551,1,3.469577,0.06712949,-98132,-0.6247368,1.68,8.326324,0,1,0,0,0,0,0,-0.6247368,1.91357,8.326324,-0.6500843,1.841604,8.298424,-0.6216567,1.808918,8.357126,0.1616038,0.1289182,0,1,1,1,1,0.02086246,-0.02839966,0.02886947,0,0.02886947,-0.6641407,-0.02839966,true,0,1,0,0,1,-3.414396E-19,0,-2.124336E-27,1.679524E-17,0,1,0,true,-0.04676514,0.2544323,0.1483315,-0.04676514,0.2544323,0.1483315,-0.04676514,0.2544323,0.1483315,-0.04676506,0.2544323,0.1483314,9.490356E-08,0,true,-98122,Sphere,CurrentGrounding,1,-0.8916309,2.420866,7.727592,0,0,0,0,-1,0,0.05,1,4608,0.5735765,-0.8916309,1.92,7.727592,-0.8916309,1.92,7.727592,0,1,0,0.4508657,Swing,None,false,0,0,0,0,0,0,1,0,0,0,0,0,0,1,0,false,false,false,ModifierNotCompiled,0,0,0,0,0,0,0,0,ModifierNotCompiled,0,0,0,0,FootPlacementEffectorTarget,FootGrounding,true,0,false,0.1762423,1,3.481838,0.04707551,-98122,-0.8916309,1.92,7.727592,0,1,0,0,0,0,0,-0.8916309,2.096612,7.727593,-0.937602,2.086736,7.661441,-0.9479735,2.010606,7.676624,0.1667359,0.09060574,0,1,1,1,1,0.2608626,0.2116005,0.1264843,0,0.1264843,1.088252,0.2116005,true,0,1,0,-5.196886E-35,1,-6.081125E-34,2.577065E-33,0,3.018437E-32,0,1,0,true,0.004935032,0.4374747,-0.5051516,0.004934576,0.4374747,-0.5051507,0.004934576,0.4374747,-0.5051507,0.004934601,0.4374748,-0.5051509,1.511184E-07,0
2206,286,2206,1,2207,0,2207,false,rootmotion.finalik.full-body-biped-ik/indexed-pose-backend,None,true,true,1,lyra-5.7/ABP_Mannequin_Base/CR_Mannequin_FootPlant,unreal-engine-5.7/SpringInterpV2/FMath.SpringDamper,corin.animation-rig,87731f0d0ca14844bbf861368b9847b3,corin.foot-placement,6d6118d2f41a5948ddd18dc6d88083c8c5bf77a4682a4ec3fce5d2ec6af01624,298b6781705cafb383942fcc3f3b1f6e0800ead13829aedd29916feeb5d1f702,Corin.FootPlacementRig,2997edf1c34f13f7e2a3033372226eb399379f30c4303fddfe3e97ec1e4bf38d,0,-192572,-0.09543347,0.006062027,0.006062027,-1.189262,-0.09543347,true,0,0.006062027,0,1,PelvisPreSolveTranslation,FootGrounding,ModifierNotCompiled,-1,-1,-1,0,,,true,-98142,Sphere,CurrentGrounding,0,-0.7259593,2.18724,8.700647,0,0,0,0,-1,0,0.05,1,4608,0.5735765,-0.7259593,1.44,8.700647,-0.7259593,1.44,8.700647,0,1,0,0.6972401,Swing,None,false,0,0,0,0,0,0,1,0,0,0,0,0,0,1,0,false,false,false,ModifierNotCompiled,0,0,0,0,0,0,0,0,ModifierNotCompiled,0,0,0,0,FootPlacementEffectorTarget,FootGrounding,true,0.3904405,false,0.05254385,1,3.249066,0.1589844,-98142,-0.7259593,1.44,8.700647,0,1,0,0,0,0,0,-0.7259593,1.677883,8.700647,-0.7335787,1.601075,8.675299,-0.7323811,1.578179,8.744556,0.1610752,0.1381791,0,1,1,1,1,-0.09543347,-0.1014955,-0.01541929,0,-0.01541929,-1.021113,-0.1014955,true,0,1,0,0,1,-3.764893E-20,0,3.109125E-28,1.853908E-18,0,1,0,true,-0.03440253,0.1424495,0.281415,-0.03440253,0.1424495,0.281415,-0.03440253,0.1424495,0.281415,-0.03440254,0.1424496,0.2814151,8.462233E-08,0,true,-98122,Sphere,CurrentGrounding,1,-0.6953797,2.430417,7.874928,0,0,0,0,-1,0,0.05,1,4608,0.5735765,-0.6953797,1.92,7.874928,-0.6953797,1.92,7.874928,0,1,0,0.460417,Swing,None,false,0,0,0,0,0,0,1,0,0,0,0,0,0,1,0,false,false,false,ModifierNotCompiled,0,0,0,0,0,0,0,0,ModifierNotCompiled,0,0,0,0,FootPlacementEffectorTarget,FootGrounding,true,0,false,0.3221701,1,2.993329,0.02494931,-98122,-0.6953797,1.92,7.874928,0,1,0,0,0,0,0,-0.6953797,2.146539,7.874928,-0.7018187,2.148416,7.794046,-0.7255597,2.073931,7.791323,0.2284155,0.1539311,0,1,1,1,1,0.3845665,0.3785045,0.2100604,0,0.2100604,2.026797,0.3785045,true,0,1,0,-5.626681E-36,1,-6.569601E-35,2.791384E-34,0,3.262102E-33,0,1,0,true,-0.00954525,0.6111059,-0.5444964,-0.00954525,0.6111059,-0.5444964,-0.00954525,0.6111059,-0.5444964,-0.009545304,0.611106,-0.5444963,1.770297E-07,0
2207,287,2207,1,2208,0,2208,false,rootmotion.finalik.full-body-biped-ik/indexed-pose-backend,None,true,true,1,lyra-5.7/ABP_Mannequin_Base/CR_Mannequin_FootPlant,unreal-engine-5.7/SpringInterpV2/FMath.SpringDamper,corin.animation-rig,87731f0d0ca14844bbf861368b9847b3,corin.foot-placement,6d6118d2f41a5948ddd18dc6d88083c8c5bf77a4682a4ec3fce5d2ec6af01624,298b6781705cafb383942fcc3f3b1f6e0800ead13829aedd29916feeb5d1f702,Corin.FootPlacementRig,2997edf1c34f13f7e2a3033372226eb399379f30c4303fddfe3e97ec1e4bf38d,0,-192572,0.001049161,-0.0374229,-0.01137093,0.03130053,0.001049161,true,0,-0.0374229,0,1,PelvisPreSolveTranslation,FootGrounding,ModifierNotCompiled,-1,-1,-1,0,,,true,-98142,Sphere,CurrentGrounding,0,-0.8396997,2.060499,8.971262,0,0,0,0,-1,0,0.05,1,4608,0.5735765,-0.8396997,1.44,8.965,-0.8396997,1.44,8.965,0,0.9921266,0.1252389,0.5708931,Swing,None,false,0,0,0,0,0,0,1,0,0,0,0,0,0,1,0,false,false,false,ModifierNotCompiled,0,0,0,0,0,0,0,0,ModifierNotCompiled,0,0,0,0,FootPlacementEffectorTarget,FootGrounding,true,0.001258664,false,0.04257399,1,2.636688,0.0570995,-98142,-0.8396997,1.44,8.965,0,0.9921266,0.1252389,0,0,0,0,-0.8396997,1.524858,8.971262,-0.8383424,1.444825,8.985151,-0.8513613,1.456959,9.055901,0.007310595,0.0282097,0,1,1,1,1,0.001049161,0.0124201,-0.02427056,0,-0.02427056,0.300105,0.0124201,true,0,0.9921266,0.1252389,0,0.997825,0.06591775,0,-0.1217252,1.936229,0,0.9921266,0.1252389,true,-0.0168776,0.0859071,0.3742083,-0.0168776,0.0859071,0.3742083,-0.0168776,0.0859071,0.3742083,-0.01687763,0.08590707,0.3742083,4.485844E-08,0,true,-98132,Sphere,CurrentGrounding,1,-0.623466,2.416481,8.117321,0,0,0,0,-1,0,0.05,1,4608,0.5735765,-0.623466,1.68,8.117321,-0.623466,1.68,8.117321,0,1,0,0.6864806,Swing,None,false,0,0,0,0,0,0,1,0,0,0,0,0,0,1,0,false,false,false,ModifierNotCompiled,0,0,0,0,0,0,0,0,ModifierNotCompiled,0,0,0,0,FootPlacementEffectorTarget,FootGrounding,true,0,false,0.4182199,1,2.87428,0.2146361,-98132,-0.623466,1.68,8.117321,0,1,0,0,0,0,0,-0.623466,2.151763,8.117321,-0.6097083,2.167259,8.038853,-0.6282542,2.092577,8.019381,0.4872591,0.4125774,0,1,1,1,1,0.2410492,0.2524201,0.2466532,0,0.2466532,0.254095,0.2524201,true,0,1,0,-9.62939E-37,1,-1.122511E-35,4.778599E-35,0,5.575272E-34,0,1,0,true,-0.004707302,0.7128121,-0.5066005,-0.004707302,0.7128121,-0.5066005,-0.004707302,0.7128121,-0.5066005,-0.00470734,0.7128122,-0.5066005,1.253183E-07,0
2208,288,2208,1,2209,0,2209,false,rootmotion.finalik.full-body-biped-ik/indexed-pose-backend,None,true,true,1,lyra-5.7/ABP_Mannequin_Base/CR_Mannequin_FootPlant,unreal-engine-5.7/SpringInterpV2/FMath.SpringDamper,corin.animation-rig,87731f0d0ca14844bbf861368b9847b3,corin.foot-placement,6d6118d2f41a5948ddd18dc6d88083c8c5bf77a4682a4ec3fce5d2ec6af01624,298b6781705cafb383942fcc3f3b1f6e0800ead13829aedd29916feeb5d1f702,Corin.FootPlacementRig,2997edf1c34f13f7e2a3033372226eb399379f30c4303fddfe3e97ec1e4bf38d,0,-192572,-0.1440239,-0.06360722,-0.03686837,-1.179512,-0.1440239,true,0,-0.06360722,0,1,PelvisPreSolveTranslation,FootGrounding,ModifierNotCompiled,-1,-1,-1,0,,,true,-98152,Sphere,CurrentGrounding,0,-0.8751307,1.919503,9.095442,0,0,0,0,-1,0,0.05,1,4608,0.5735765,-0.8751307,1.2,9.095442,-0.8751307,1.2,9.095442,0,1,0,0.6695033,Swing,None,false,0,0,0,0,0,0,1,0,0,0,0,0,0,1,0,false,false,false,ModifierNotCompiled,0,0,0,0,0,0,0,0,ModifierNotCompiled,0,0,0,0,FootPlacementEffectorTarget,FootGrounding,true,0.1461546,false,0.0004741657,1,5.938218,0.1528307,-98152,-0.8751307,1.2,9.095442,0,1,0,0.001754761,0,0.001754761,0,-0.8751307,1.346242,9.095442,-0.8701611,1.268002,9.116749,-0.8836689,1.286114,9.186116,0.06800246,0.08611357,0,1,1,1,1,-0.1440239,-0.1054008,-0.03639308,0,-0.03639308,-0.7561103,-0.1054008,true,0,1,0,0,0.9990458,0.04367264,0,0.0814416,-1.295458,0,1,0,true,-0.01150267,0.002217889,0.3087692,-0.01150267,0.002217889,0.3087692,-0.01150267,0.002217889,0.3087692,-0.01150263,0.002217919,0.3087692,5.878409E-08,0,true,-98132,Sphere,CurrentGrounding,1,-0.6699979,2.349683,8.389536,0,0,0,0,-1,0,0.05,1,4608,0.5735765,-0.6699979,1.68,8.389536,-0.6699979,1.68,8.389536,0,1,0,0.6196833,Swing,None,false,0,0,0,0,0,0,1,0,0,0,0,0,0,1,0,false,false,false,ModifierNotCompiled,0,0,0,0,0,0,0,0,ModifierNotCompiled,0,0,0,0,FootPlacementEffectorTarget,FootGrounding,true,0,false,0.4617414,1,2.21204,0.1640894,-98132,-0.6699979,1.68,8.389536,0,1,0,0,0,0,0,-0.6699979,2.088158,8.389536,-0.6548951,2.119339,8.316143,-0.655304,2.045789,8.284575,0.4393394,0.3657885,0,1,1,1,1,0.3359762,0.3728446,0.2753429,0,0.2753429,1.129067,0.3728446,true,0,1,0,-1.683337E-37,1,-1.959331E-36,8.356022E-36,0,9.734051E-35,0,1,0,true,0.006913739,0.7441341,-0.4261073,0.006913739,0.7441341,-0.4261073,0.006913739,0.7441341,-0.4261073,0.006913757,0.7441342,-0.4261073,1.205847E-07,0
2209,289,2209,1,2210,0,2210,false,rootmotion.finalik.full-body-biped-ik/indexed-pose-backend,None,true,true,1,lyra-5.7/ABP_Mannequin_Base/CR_Mannequin_FootPlant,unreal-engine-5.7/SpringInterpV2/FMath.SpringDamper,corin.animation-rig,87731f0d0ca14844bbf861368b9847b3,corin.foot-placement,6d6118d2f41a5948ddd18dc6d88083c8c5bf77a4682a4ec3fce5d2ec6af01624,298b6781705cafb383942fcc3f3b1f6e0800ead13829aedd29916feeb5d1f702,Corin.FootPlacementRig,2997edf1c34f13f7e2a3033372226eb399379f30c4303fddfe3e97ec1e4bf38d,0,-192572,-0.04543352,-0.05455839,-0.05455839,0.03362288,-0.04543352,true,0,-0.05455839,0,1,PelvisPreSolveTranslation,FootGrounding,ModifierNotCompiled,-1,-1,-1,0,,,true,-98152,Sphere,CurrentGrounding,0,-0.8595483,1.827694,9.077457,0,0,0,0,-1,0,0.05,1,4608,0.5735765,-0.8595483,1.2,9.077457,-0.8595483,1.2,9.077457,0,1,0,0.5776943,Swing,None,false,0,0,0,0,0,0,1,0,0,0,0,0,0,1,0,false,false,false,ModifierNotCompiled,0,0,0,0,0,0,0,0,ModifierNotCompiled,0,0,0,0,FootPlacementEffectorTarget,FootGrounding,true,0.8361901,false,-0.001406233,1,5.797399,0.04510438,-98152,-0.8595483,1.2,9.077457,0,1,0,0.002002478,0,0.002002478,0,-0.8595483,1.285081,9.077457,-0.8650079,1.204229,9.071697,-0.8770349,1.2,9.143532,0.004229069,0,0,1,1,1,1,-0.04543352,0.01112734,-0.03705919,0.04900444,0.01194525,0.4796142,0.01112734,true,0,1,0,0,0.9999246,0.01228092,0,0.02986151,-0.4749894,0,1,0,true,0.008585516,0.03964758,0.08281732,0.008585516,0.03964758,0.08281732,0.008585516,0.03964758,0.08281732,0.008585582,0.03964749,0.0828173,1.121963E-07,0,true,-98142,Sphere,CurrentGrounding,1,-0.7060046,2.227181,8.705278,0,0,0,0,-1,0,0.05,1,4608,0.5735765,-0.7060046,1.44,8.705278,-0.7060046,1.44,8.705278,0,1,0,0.7371814,Swing,None,false,0,0,0,0,0,0,1,0,0,0,0,0,0,1,0,false,false,false,ModifierNotCompiled,0,0,0,0,0,0,0,0,ModifierNotCompiled,0,0,0,0,FootPlacementEffectorTarget,FootGrounding,true,0,false,0.4369919,1,4.09234,0.280745,-98142,-0.7060046,1.44,8.705278,0,1,0,0,0,0,0,-0.7060046,1.958396,8.705278,-0.6862245,1.988472,8.63254,-0.6666105,1.915447,8.606962,0.5484724,0.4754466,0,1,1,1,1,0.1945666,0.249125,0.2857729,0,0.2857729,-0.3112752,0.249125,true,0,1,0,-2.729262E-38,1,-3.171946E-37,1.355191E-36,0,1.57624E-35,0,1,0,true,0.04781276,0.7129625,-0.3178748,0.04781276,0.7129625,-0.3178748,0.04781276,0.7129625,-0.3178748,0.04781274,0.7129626,-0.3178747,8.632712E-08,0
2210,290,2210,1,2211,0,2211,false,rootmotion.finalik.full-body-biped-ik/indexed-pose-backend,None,true,true,1,lyra-5.7/ABP_Mannequin_Base/CR_Mannequin_FootPlant,unreal-engine-5.7/SpringInterpV2/FMath.SpringDamper,corin.animation-rig,87731f0d0ca14844bbf861368b9847b3,corin.foot-placement,6d6118d2f41a5948ddd18dc6d88083c8c5bf77a4682a4ec3fce5d2ec6af01624,298b6781705cafb383942fcc3f3b1f6e0800ead13829aedd29916feeb5d1f702,Corin.FootPlacementRig,2997edf1c34f13f7e2a3033372226eb399379f30c4303fddfe3e97ec1e4bf38d,0,-192572,0.04690123,-0.03569622,-0.03569622,0.8495987,0.04690123,true,0,-0.03569622,0,1,PelvisPreSolveTranslation,FootGrounding,ModifierNotCompiled,-1,-1,-1,0,,,true,-98152,Sphere,CurrentGrounding,0,-0.8426561,1.737499,9.063984,0,0,0,0,-1,0,0.05,1,4608,0.5735765,-0.8426561,1.2,9.063984,-0.8426561,1.2,9.063984,0,1,0,0.4874986,Swing,None,false,0,0,0,0,0,0,1,0,0,0,0,0,0,1,0,false,false,false,ModifierNotCompiled,0,0,0,0,0,0,0,0,ModifierNotCompiled,0,0,0,0,FootPlacementEffectorTarget,FootGrounding,true,0.449892,false,0.002623396,1,6.468127,0.04241049,-98152,-0.8426561,1.2,9.063984,0,1,0,0,0,0,0,-0.8426561,1.280749,9.063984,-0.8515787,1.2,9.063838,-0.8649647,1.201463,9.135468,0,0.001462698,0,1,1,1,1,0.04690123,0.08259744,0.03491792,0.04402864,0.07894656,0.7325442,0.08259744,true,0,1,0,0,0.9999954,0.003032898,0,0.008020404,-0.1275792,0,1,0,true,0.02039233,0.1276501,-0.1278219,0.02039233,0.1276501,-0.1278219,0.02039233,0.1276501,-0.1278219,0.02039231,0.1276502,-0.1278219,5.81909E-08,0,true,-98142,Sphere,CurrentGrounding,1,-0.7741768,2.065114,9.003218,0,0,0,0,-1,0,0.05,1,4608,0.5735765,-0.7741768,1.439992,8.965007,-0.7741768,1.439992,8.965007,0,0.6449485,0.7642261,0.5928746,Swing,None,false,0,0,0,0,0,0,1,0,0,0,0,0,0,1,0,false,false,false,ModifierNotCompiled,0,0,0,0,0,0,0,0,ModifierNotCompiled,0,0,0,0,FootPlacementEffectorTarget,FootGrounding,true,0,false,0.3334292,1,4.845897,0.02872926,-98142,-0.7741768,1.439992,8.965007,0,0.6449484,0.764226,0,0,0,0,-0.7741768,1.818559,9.003218,-0.7461591,1.849697,8.933702,-0.7273555,1.776556,8.907801,0.2403148,0.1733479,0,1,1,1,1,0.2868937,0.3225899,0.2891403,0,0.2891403,0.3702533,0.3225899,true,0,0.6449485,0.7642261,-5.383351E-39,0.9021966,0.431325,2.424986E-37,-5.586616,12.02484,0,0.6449484,0.764226,true,0.06663579,0.66546,-0.2068376,0.06663579,0.66546,-0.2068376,0.06663579,0.66546,-0.2068376,0.06663585,0.66546,-0.2068376,6.869096E-08,0
2211,291,2211,1,2212,0,2212,false,rootmotion.finalik.full-body-biped-ik/indexed-pose-backend,None,true,true,1,lyra-5.7/ABP_Mannequin_Base/CR_Mannequin_FootPlant,unreal-engine-5.7/SpringInterpV2/FMath.SpringDamper,corin.animation-rig,87731f0d0ca14844bbf861368b9847b3,corin.foot-placement,6d6118d2f41a5948ddd18dc6d88083c8c5bf77a4682a4ec3fce5d2ec6af01624,298b6781705cafb383942fcc3f3b1f6e0800ead13829aedd29916feeb5d1f702,Corin.FootPlacementRig,2997edf1c34f13f7e2a3033372226eb399379f30c4303fddfe3e97ec1e4bf38d,0,-192572,0.147033,0.01312314,0.01312314,1.47415,0.147033,true,0,0.01312314,0,1,PelvisPreSolveTranslation,FootGrounding,ModifierNotCompiled,-1,-1,-1,0,,,true,-98152,Sphere,CurrentGrounding,0,-0.8406134,1.65085,9.052475,0,0,0,0,-1,0,0.05,1,4608,0.5735765,-0.8406134,1.2,9.052475,-0.8406134,1.2,9.052475,0,1,0,0.4008502,Swing,None,false,0,0,0,0,0,0,1,0,0,0,0,0,0,1,0,false,false,false,ModifierNotCompiled,0,0,0,0,0,0,0,0,ModifierNotCompiled,0,0,0,0,FootPlacementEffectorTarget,FootGrounding,true,0.1304625,false,0.0005279547,1,5.978163,0.1373965,-98152,-0.8406134,1.2,9.052475,0,1,0,0.0008380413,0,0.0008380413,0,-0.8406134,1.298721,9.052475,-0.8375101,1.220949,9.029196,-0.84793,1.2,9.098093,0.02094924,0,0,1,1,1,1,0.147033,0.1347479,0.105586,0.02916193,0.1347479,0.6252564,0.1347479,true,0,1,0,0,0.9999998,0.0006099578,0,0.001688584,-0.02686363,0,1,0,true,0.01912336,0.2457542,-0.3485803,0.01912336,0.2457542,-0.3485803,0.01912336,0.2457542,-0.3485803,0.01912336,0.2457542,-0.3485803,2.986047E-08,0,true,-98152,Sphere,CurrentGrounding,1,-0.8852141,1.848381,9.337189,0,0,0,0,-1,0,0.05,1,4608,0.5735765,-0.8852141,1.2,9.337189,-0.8852141,1.2,9.337189,0,1,0,0.5983809,Swing,None,false,0,0,0,0,0,0,1,0,0,0,0,0,0,1,0,false,false,false,ModifierNotCompiled,0,0,0,0,0,0,0,0,ModifierNotCompiled,0,0,0,0,FootPlacementEffectorTarget,FootGrounding,true,0,false,0.1954048,1,6.631157,0.08482897,-98152,-0.8852141,1.2,9.337189,0,1,0,0,0,0,0,-0.8852141,1.623682,9.337189,-0.8512657,1.616254,9.263846,-0.8454046,1.537266,9.273878,0.4162543,0.3372666,0,1,1,1,1,0.147033,0.1339098,0.2621784,0,0.2621784,-1.373331,0.1339098,true,0,1,0,-8.303058E-40,0.9632432,0.268631,3.791213E-38,3.51665,-7.569366,0,1,0,true,0.06458978,0.5707154,-0.0640035,0.06458978,0.5707154,-0.0640035,0.06458978,0.5707154,-0.0640035,0.06458982,0.5707154,-0.0640035,7.068241E-08,0
2212,292,2212,1,2213,0,2213,false,rootmotion.finalik.full-body-biped-ik/indexed-pose-backend,None,true,true,1,lyra-5.7/ABP_Mannequin_Base/CR_Mannequin_FootPlant,unreal-engine-5.7/SpringInterpV2/FMath.SpringDamper,corin.animation-rig,87731f0d0ca14844bbf861368b9847b3,corin.foot-placement,6d6118d2f41a5948ddd18dc6d88083c8c5bf77a4682a4ec3fce5d2ec6af01624,298b6781705cafb383942fcc3f3b1f6e0800ead13829aedd29916feeb5d1f702,Corin.FootPlacementRig,2997edf1c34f13f7e2a3033372226eb399379f30c4303fddfe3e97ec1e4bf38d,0,-192572,0.01572317,0.03417921,0.03417921,-0.152892,0.01572317,true,0,0.03417921,0,1,PelvisPreSolveTranslation,FootGrounding,ModifierNotCompiled,-1,-1,-1,0,,,true,-98152,Sphere,CurrentGrounding,0,-0.895556,1.655882,9.141026,0,0,0,0,-1,0,0.05,1,4608,0.5735765,-0.895556,1.2,9.141026,-0.895556,1.2,9.141026,0,1,0,0.4058822,Swing,None,false,0,0,0,0,0,0,1,0,0,0,0,0,0,1,0,false,false,false,ModifierNotCompiled,0,0,0,0,0,0,0,0,ModifierNotCompiled,0,0,0,0,FootPlacementEffectorTarget,FootGrounding,true,0,false,0.1219641,1,4.520706,0.0986141,-98152,-0.895556,1.2,9.141026,0,1,0,0,0,0,0,-0.895556,1.358166,9.141026,-0.8678815,1.337515,9.06749,-0.8661838,1.269826,9.087772,0.1375146,0.06982565,0,1,1,1,1,0.255723,0.2215438,0.168105,0,0.168105,0.8570961,0.2215438,true,0,1,0,0,1,0.0001019756,0,0.0002903851,-0.004622689,0,1,0,true,-0.005987031,0.4138895,-0.4744819,-0.005987031,0.4138895,-0.4744819,-0.005987031,0.4138895,-0.4744819,-0.005987009,0.4138895,-0.4744819,8.720681E-08,0,true,-98162,Sphere,CurrentGrounding,1,-1.039177,1.6389,9.752151,0,0,0,0,-1,0,0.05,1,4608,0.5735765,-1.039177,0.9600001,9.752151,-1.039177,0.9600001,9.752151,0,1,0,0.6289,Swing,None,false,0,0,0,0,0,0,1,0,0,0,0,0,0,1,0,false,false,false,ModifierNotCompiled,0,0,0,0,0,0,0,0,ModifierNotCompiled,0,0,0,0,FootPlacementEffectorTarget,FootGrounding,true,0,false,0.08414441,1,5.248909,0.09372109,-98162,-1.039177,0.9600001,9.752151,0,1,0,0,0,0,0,-1.039177,1.352519,9.752151,-1.010114,1.297861,9.699667,-1.021236,1.239657,9.753172,0.3378606,0.2796568,0,1,1,1,1,0.01572317,-0.01845604,0.1794397,0,0.1794397,-2.240073,-0.01845604,true,0,1,0,-1.06409E-40,0.9981226,0.06124742,5.151072E-39,1.095105,-2.357144,0,1,0,true,0.04645311,0.408242,0.1510994,0.04645311,0.408242,0.1510994,0.04645311,0.408242,0.1510994,0.0464531,0.408242,0.1510994,5.972095E-08,0
2213,293,2213,1,2214,0,2214,false,rootmotion.finalik.full-body-biped-ik/indexed-pose-backend,None,true,true,1,lyra-5.7/ABP_Mannequin_Base/CR_Mannequin_FootPlant,unreal-engine-5.7/SpringInterpV2/FMath.SpringDamper,corin.animation-rig,87731f0d0ca14844bbf861368b9847b3,corin.foot-placement,6d6118d2f41a5948ddd18dc6d88083c8c5bf77a4682a4ec3fce5d2ec6af01624,298b6781705cafb383942fcc3f3b1f6e0800ead13829aedd29916feeb5d1f702,Corin.FootPlacementRig,2997edf1c34f13f7e2a3033372226eb399379f30c4303fddfe3e97ec1e4bf38d,0,-192572,-0.1268497,0.000872941,0.000872941,-1.358788,-0.1268497,true,0,0.000872941,0,1,PelvisPreSolveTranslation,FootGrounding,ModifierNotCompiled,-1,-1,-1,0,,,true,-98152,Sphere,CurrentGrounding,0,-0.9834144,1.654134,9.269798,0,0,0,0,-1,0,0.05,1,4608,0.5735765,-0.9834144,1.2,9.269798,-0.9834144,1.2,9.269798,0,1,0,0.4041345,Swing,None,false,0,0,0,0,0,0,1,0,0,0,0,0,0,1,0,false,false,false,ModifierNotCompiled,0,0,0,0,0,0,0,0,ModifierNotCompiled,0,0,0,0,FootPlacementEffectorTarget,FootGrounding,true,0,false,0.2293417,1,3.123922,0.08968067,-98152,-0.9834144,1.2,9.269798,0,1,0,0,0,0,0,-0.9834144,1.372761,9.269798,-0.9640896,1.363277,9.191462,-0.9494431,1.294614,9.203737,0.1632769,0.09461403,0,1,1,1,1,0.3531501,0.3522772,0.2177532,0,0.2177532,1.59937,0.3522772,true,0,1,0,0,1,1.970673E-05,0,5.663215E-05,-0.0009083917,0,1,0,true,-0.005814519,0.5259109,-0.5281451,-0.005814519,0.5259109,-0.5281451,-0.005814519,0.5259109,-0.5281451,-0.005814603,0.5259109,-0.5281451,1.028511E-07,0,true,-98172,Sphere,CurrentGrounding,1,-1.097312,1.518273,10.04754,0,0,0,0,-1,0,0.05,1,4608,0.5735765,-1.097312,0.72,10.04754,-1.097312,0.72,10.04754,0,1,0,0.748273,Swing,None,false,0,0,0,0,0,0,1,0,0,0,0,0,0,1,0,false,false,false,ModifierNotCompiled,0,0,0,0,0,0,0,0,ModifierNotCompiled,0,0,0,0,FootPlacementEffectorTarget,FootGrounding,true,0.2260953,false,0.06352823,1,2.63035,0.2085382,-98172,-1.097312,0.72,10.04754,0,1,0,0,0,0,0,-1.097312,1.107672,10.04754,-1.078083,1.036746,10.0131,-1.090027,0.9991043,10.08248,0.3167458,0.2791042,0,1,1,1,1,-0.1268497,-0.1277226,0.08852566,0,0.08852566,-2.474552,-0.1277226,true,0,1,0,-1.739572E-41,0.9999058,0.01372231,8.593435E-40,0.269756,-0.5806326,0,1,0,true,0.04396138,0.2608219,0.2563192,0.04396138,0.2608219,0.2563192,0.04396138,0.2608219,0.2563192,0.04396133,0.2608219,0.2563192,9.721509E-08,0
2214,294,2214,1,2215,0,2215,false,rootmotion.finalik.full-body-biped-ik/indexed-pose-backend,None,true,true,1,lyra-5.7/ABP_Mannequin_Base/CR_Mannequin_FootPlant,unreal-engine-5.7/SpringInterpV2/FMath.SpringDamper,corin.animation-rig,87731f0d0ca14844bbf861368b9847b3,corin.foot-placement,6d6118d2f41a5948ddd18dc6d88083c8c5bf77a4682a4ec3fce5d2ec6af01624,298b6781705cafb383942fcc3f3b1f6e0800ead13829aedd29916feeb5d1f702,Corin.FootPlacementRig,2997edf1c34f13f7e2a3033372226eb399379f30c4303fddfe3e97ec1e4bf38d,0,-192572,-0.01492566,-0.02124539,-0.02124539,0.04063956,-0.01492566,true,0,-0.02124539,0,1,PelvisPreSolveTranslation,FootGrounding,ModifierNotCompiled,-1,-1,-1,0,,,true,-98152,Sphere,CurrentGrounding,0,-1.026579,1.664411,9.477293,0,0,0,0,-1,0,0.05,1,4608,0.5735765,-1.026579,1.2,9.445,-1.026579,1.2,9.445,0,0.763447,0.6458706,0.4262388,Swing,None,false,0,0,0,0,0,0,1,0,0,0,0,0,0,1,0,false,false,false,ModifierNotCompiled,0,0,0,0,0,0,0,0,ModifierNotCompiled,0,0,0,0,FootPlacementEffectorTarget,FootGrounding,true,0,false,0.3580724,1,2.722972,0.08281027,-98152,-1.026579,1.2,9.445,0,0.763447,0.6458706,0,0,0,0,-1.026579,1.445518,9.477293,-1.00877,1.474739,9.403609,-0.9842374,1.409897,9.383986,0.1830156,0.1208383,0,1,1,1,1,0.4650745,0.4863199,0.302352,0,0.302352,2.154122,0.4863199,true,0,0.763447,0.6458706,0,0.9145827,0.4043989,0,-3.316943,9.056272,0,0.763447,0.6458706,true,0.006609131,0.7105921,-0.5425655,0.006609131,0.7105921,-0.5425655,0.006609131,0.7105921,-0.5425655,0.006609053,0.7105922,-0.5425655,9.761131E-08,0,true,-98172,Sphere,CurrentGrounding,1,-1.152126,1.385856,10.3233,0,0,0,0,-1,0,0.05,1,4608,0.5735765,-1.152126,0.7199999,10.3233,-1.152126,0.7199999,10.3233,0,1,0,0.6158557,Swing,None,false,0,0,0,0,0,0,1,0,0,0,0,0,0,1,0,false,false,false,ModifierNotCompiled,0,0,0,0,0,0,0,0,ModifierNotCompiled,0,0,0,0,FootPlacementEffectorTarget,FootGrounding,true,0.3735992,false,0.05698707,1,2.318982,0.07891822,-98172,-1.152126,0.7199999,10.3233,0,1,0,0,0,0,0,-1.152126,0.8992174,10.3233,-1.140284,0.8199329,10.31063,-1.157621,0.8045046,10.38701,0.09993303,0.08450472,0,1,1,1,1,-0.01492566,0.006319731,0.03460707,0,0.03460707,-0.4387592,0.006319731,true,0,1,0,-2.335965E-42,0.9999971,0.00238241,1.159967E-40,0.04915328,-0.1057998,0,1,0,true,0.03322838,0.1642918,0.3122877,0.03322838,0.1642918,0.3122877,0.03322838,0.1642918,0.3122877,0.03322838,0.1642918,0.3122878,6.705523E-08,0
2215,295,2215,1,2216,0,2216,false,rootmotion.finalik.full-body-biped-ik/indexed-pose-backend,None,true,true,1,lyra-5.7/ABP_Mannequin_Base/CR_Mannequin_FootPlant,unreal-engine-5.7/SpringInterpV2/FMath.SpringDamper,corin.animation-rig,87731f0d0ca14844bbf861368b9847b3,corin.foot-placement,6d6118d2f41a5948ddd18dc6d88083c8c5bf77a4682a4ec3fce5d2ec6af01624,298b6781705cafb383942fcc3f3b1f6e0800ead13829aedd29916feeb5d1f702,Corin.FootPlacementRig,2997edf1c34f13f7e2a3033372226eb399379f30c4303fddfe3e97ec1e4bf38d,0,-192572,-0.1452497,-0.06548625,-0.04873862,-1.080813,-0.1452497,true,0,-0.06548625,0,1,PelvisPreSolveTranslation,FootGrounding,ModifierNotCompiled,-1,-1,-1,0,,,true,-98162,Sphere,CurrentGrounding,0,-1.07691,1.621636,9.77088,0,0,0,0,-1,0,0.05,1,4608,0.5735765,-1.07691,0.96,9.77088,-1.07691,0.96,9.77088,0,1,0,0.6116364,Swing,None,false,0,0,0,0,0,0,1,0,0,0,0,0,0,1,0,false,false,false,ModifierNotCompiled,0,0,0,0,0,0,0,0,ModifierNotCompiled,0,0,0,0,FootPlacementEffectorTarget,FootGrounding,true,0,false,0.4531261,1,2.444015,0.154952,-98162,-1.07691,0.96,9.77088,0,1,0,0,0,0,0,-1.07691,1.424284,9.77088,-1.053744,1.466871,9.705689,-1.033553,1.405158,9.672645,0.506871,0.445158,0,1,1,1,1,0.3347504,0.383489,0.3513867,0,0.3513867,0.4880514,0.383489,true,0,1,0,0,0.9750965,0.2217814,0,2.465233,-6.730946,0,1,0,true,-0.001242235,0.7990348,-0.4678954,-0.001242235,0.7990348,-0.4678954,-0.001242235,0.7990348,-0.4678954,-0.001242273,0.7990349,-0.4678954,1.253903E-07,0,true,-98182,Sphere,CurrentGrounding,1,-1.230117,1.234543,10.57921,0,0,0,0,-1,0,0.05,1,4608,0.5735765,-1.230117,0.48,10.57921,-1.230117,0.48,10.57921,0,1,0,0.7045427,Swing,None,false,0,0,0,0,0,0,1,0,0,0,0,0,0,1,0,false,false,false,ModifierNotCompiled,0,0,0,0,0,0,0,0,ModifierNotCompiled,0,0,0,0,FootPlacementEffectorTarget,FootGrounding,true,0,false,0.03757847,1,0.9108447,0.2012623,-98182,-1.230117,0.48,10.57921,0,1,0,0,0,0,0,-1.230117,0.6839201,10.57921,-1.24116,0.6122202,10.6156,-1.264416,0.6490591,10.6825,0.1322203,0.1690591,0,1,1,1,1,-0.1452497,-0.09651111,-0.001884021,0,-0.001884021,-1.115985,-0.09651111,true,0,1,0,-3.236999E-43,0.9999999,0.0004004878,1.609391E-41,0.008479706,-0.01825245,0,1,0,true,0.02380786,0.0586704,0.3544447,0.02380786,0.0586704,0.3544447,0.02380786,0.0586704,0.3544447,0.02380781,0.05867034,0.3544447,8.696778E-08,0
2216,296,2216,1,2217,0,2217,false,rootmotion.finalik.full-body-biped-ik/indexed-pose-backend,None,true,true,1,lyra-5.7/ABP_Mannequin_Base/CR_Mannequin_FootPlant,unreal-engine-5.7/SpringInterpV2/FMath.SpringDamper,corin.animation-rig,87731f0d0ca14844bbf861368b9847b3,corin.foot-placement,6d6118d2f41a5948ddd18dc6d88083c8c5bf77a4682a4ec3fce5d2ec6af01624,298b6781705cafb383942fcc3f3b1f6e0800ead13829aedd29916feeb5d1f702,Corin.FootPlacementRig,2997edf1c34f13f7e2a3033372226eb399379f30c4303fddfe3e97ec1e4bf38d,0,-192572,-0.0537166,-0.06402967,-0.06402967,0.02470374,-0.0537166,true,0,-0.06402967,0,1,PelvisPreSolveTranslation,FootGrounding,ModifierNotCompiled,-1,-1,-1,0,,,true,-98172,Sphere,CurrentGrounding,0,-1.125469,1.53994,10.0002,0,0,0,0,-1,0,0.05,1,4608,0.5735765,-1.125469,0.72,10.0002,-1.125469,0.72,10.0002,0,1,0,0.7699397,Swing,None,false,0,0,0,0,0,0,1,0,0,0,0,0,0,1,0,false,false,false,ModifierNotCompiled,0,0,0,0,0,0,0,0,ModifierNotCompiled,0,0,0,0,FootPlacementEffectorTarget,FootGrounding,true,0,false,0.4696361,1,1.960263,0.3229433,-98172,-1.125469,0.72,10.0002,0,1,0,0,0,0,0,-1.125469,1.316347,10.0002,-1.097519,1.356322,9.935234,-1.085518,1.292802,9.901408,0.6363218,0.5728019,0,1,1,1,1,0.1862835,0.2503131,0.3404374,0,0.3404374,-0.8588594,0.2503131,true,0,1,0,0,0.9979859,0.06343632,0,0.890084,-2.430237,0,1,0,true,-0.01444078,0.7826308,-0.4209511,-0.01444078,0.7826308,-0.4209511,-0.01444078,0.7826308,-0.4209511,-0.01444076,0.7826309,-0.4209511,1.211185E-07,0,true,-98182,Sphere,CurrentGrounding,1,-1.285784,1.111159,10.68027,0,0,0,0,-1,0,0.05,1,4608,0.5735765,-1.285784,0.48,10.68027,-1.285784,0.48,10.68027,0,1,0,0.5811587,Swing,None,false,0,0,0,0,0,0,1,0,0,0,0,0,0,1,0,false,false,false,ModifierNotCompiled,0,0,0,0,0,0,0,0,ModifierNotCompiled,0,0,0,0,FootPlacementEffectorTarget,FootGrounding,true,0,false,0.002961045,1,5.148715,0.05333066,-98182,-1.285784,0.48,10.68027,0,1,0,0.003318369,0,0.003318369,0,-1.285784,0.5607605,10.68027,-1.292471,0.48,10.68473,-1.321309,0.4858648,10.75894,0,0.005864859,0,1,1,1,1,-0.0537166,0.01363144,-0.01431246,0.02794391,0.01363145,0.1850487,0.01363144,true,0,1,0,-6.025583E-44,1,8.43259E-05,2.970753E-42,0.001811475,-0.003899091,0,1,0,true,0.01163787,0.02704394,0.2772714,0.01163787,0.02704394,0.2772714,0.01163787,0.02704394,0.2772714,0.01163787,0.027044,0.2772714,6.669856E-08,0
2217,297,2217,1,2218,0,2218,false,rootmotion.finalik.full-body-biped-ik/indexed-pose-backend,None,true,true,1,lyra-5.7/ABP_Mannequin_Base/CR_Mannequin_FootPlant,unreal-engine-5.7/SpringInterpV2/FMath.SpringDamper,corin.animation-rig,87731f0d0ca14844bbf861368b9847b3,corin.foot-placement,6d6118d2f41a5948ddd18dc6d88083c8c5bf77a4682a4ec3fce5d2ec6af01624,298b6781705cafb383942fcc3f3b1f6e0800ead13829aedd29916feeb5d1f702,Corin.FootPlacementRig,2997edf1c34f13f7e2a3033372226eb399379f30c4303fddfe3e97ec1e4bf38d,0,-192572,0.04607081,-0.04184197,-0.04184197,0.9189845,0.04607081,true,0,-0.04184197,0,1,PelvisPreSolveTranslation,FootGrounding,ModifierNotCompiled,-1,-1,-1,0,,,true,-98172,Sphere,CurrentGrounding,0,-1.241743,1.415348,10.30048,0,0,0,0,-1,0,0.05,1,4608,0.5735765,-1.241743,0.72,10.30048,-1.241743,0.72,10.30048,0,1,0,0.6453483,Swing,None,false,0,0,0,0,0,0,1,0,0,0,0,0,0,1,0,false,false,false,ModifierNotCompiled,0,0,0,0,0,0,0,0,ModifierNotCompiled,0,0,0,0,FootPlacementEffectorTarget,FootGrounding,true,0,false,0.477078,1,5.002106,0.2194661,-98172,-1.241743,0.72,10.30048,0,1,0,0,0,0,0,-1.241743,1.200696,10.30048,-1.226693,1.253646,10.24073,-1.215945,1.19827,10.19447,0.5336456,0.4782701,0,1,1,1,1,0.2860709,0.3279129,0.3271891,0,0.3271891,0.01525347,0.3279129,true,0,1,0,0,0.999905,0.013781,0,0.2132567,-0.5822647,0,1,0,true,-0.0534807,0.7667664,-0.3059826,-0.0534807,0.7667664,-0.3059826,-0.0534807,0.7667664,-0.3059826,-0.0534807,0.7667664,-0.3059826,6.705523E-08,0,true,-98182,Sphere,CurrentGrounding,1,-1.317742,1.011572,10.66914,0,0,0,0,-1,0,0.05,1,4608,0.5735765,-1.317742,0.48,10.66914,-1.317742,0.48,10.66914,0,1,0,0.4815718,Swing,None,false,0,0,0,0,0,0,1,0,0,0,0,0,0,1,0,false,false,false,ModifierNotCompiled,0,0,0,0,0,0,0,0,ModifierNotCompiled,0,0,0,0,FootPlacementEffectorTarget,FootGrounding,true,1,false,-0.003443951,1,5.861703,0.04888821,-98182,-1.317742,0.48,10.66914,0,1,0,0.003478438,0,0.003478438,0,-1.317742,0.561121,10.66914,-1.317139,0.4799999,10.67155,-1.349714,0.481322,10.74444,-2.980232E-08,0.001322061,2.980232E-08,1,1,1,1,0.04607081,0.09139122,0.03341557,0.05797565,0.09139122,0.7105111,0.09139122,true,0,1,0,-9.809089E-45,1,1.505335E-05,4.764415E-43,0.0003269247,-0.0007041731,0,1,0,true,-0.01297795,0.1271918,0.06824206,-0.01297795,0.1271918,0.06824206,-0.01297795,0.1271918,0.06824206,-0.01297797,0.1271918,0.06824209,4.727781E-08,0
2218,298,2218,1,2219,0,2219,false,rootmotion.finalik.full-body-biped-ik/indexed-pose-backend,None,true,true,1,lyra-5.7/ABP_Mannequin_Base/CR_Mannequin_FootPlant,unreal-engine-5.7/SpringInterpV2/FMath.SpringDamper,corin.animation-rig,87731f0d0ca14844bbf861368b9847b3,corin.foot-placement,6d6118d2f41a5948ddd18dc6d88083c8c5bf77a4682a4ec3fce5d2ec6af01624,298b6781705cafb383942fcc3f3b1f6e0800ead13829aedd29916feeb5d1f702,Corin.FootPlacementRig,2997edf1c34f13f7e2a3033372226eb399379f30c4303fddfe3e97ec1e4bf38d,0,-192572,0.1500008,0.01240205,0.01240205,1.536822,0.1500008,true,0,0.01240205,0,1,PelvisPreSolveTranslation,FootGrounding,ModifierNotCompiled,-1,-1,-1,0,,,true,-98182,Sphere,CurrentGrounding,0,-1.372426,1.194727,10.65727,0,0,0,0,-1,0,0.05,1,4608,0.5735765,-1.372426,0.48,10.65727,-1.372426,0.48,10.65727,0,1,0,0.6647272,Swing,None,false,0,0,0,0,0,0,1,0,0,0,0,0,0,1,0,false,false,false,ModifierNotCompiled,0,0,0,0,0,0,0,0,ModifierNotCompiled,0,0,0,0,FootPlacementEffectorTarget,FootGrounding,true,0,false,0.3134478,1,4.68346,0.1987714,-98182,-1.372426,0.48,10.65727,0,1,0,0,0,0,0,-1.372426,0.9931232,10.65727,-1.361465,1.012374,10.57911,-1.347515,0.9423971,10.56391,0.5323741,0.4623971,0,1,1,1,1,0.1500008,0.1375988,0.285994,0,0.285994,-1.632568,0.1375988,true,0,1,0,0,0.9999968,0.002543831,0,0.04126969,-0.1126808,0,1,0,true,-0.06661874,0.6631241,-0.143106,-0.06661874,0.6631241,-0.143106,-0.06661874,0.6631241,-0.143106,-0.06661877,0.6631242,-0.1431059,1.264405E-07,0,true,-98182,Sphere,CurrentGrounding,1,-1.320997,0.9077002,10.64066,0,0,0,0,-1,0,0.05,1,4608,0.5735765,-1.320997,0.48,10.64066,-1.320997,0.48,10.64066,0,1,0,0.3777002,Swing,None,false,0,0,0,0,0,0,1,0,0,0,0,0,0,1,0,false,false,false,ModifierNotCompiled,0,0,0,0,0,0,0,0,ModifierNotCompiled,0,0,0,0,FootPlacementEffectorTarget,FootGrounding,true,1,false,-0.004207838,1,6.413955,0.1541492,-98182,-1.320997,0.48,10.64066,0,1,0,0.004843205,0,0.004843205,0,-1.320997,0.5625443,10.64066,-1.320248,0.4813898,10.64019,-1.354679,0.48,10.71225,0.001389831,2.980232E-08,0,1,1,1,1,0.1500009,0.142442,0.1177915,0.02465057,0.142442,0.5761551,0.142442,true,0,1,0,-1.401298E-45,1,2.418774E-06,7.146622E-44,5.279938E-05,-0.0001141919,0,1,0,true,-0.02427808,0.2325452,-0.1766908,-0.02427808,0.2325452,-0.1766908,-0.02427808,0.2325452,-0.1766908,-0.02427807,0.2325451,-0.1766909,1.281982E-07,0
2219,299,2219,1,2220,0,2220,false,rootmotion.finalik.full-body-biped-ik/indexed-pose-backend,None,true,true,1,lyra-5.7/ABP_Mannequin_Base/CR_Mannequin_FootPlant,unreal-engine-5.7/SpringInterpV2/FMath.SpringDamper,corin.animation-rig,87731f0d0ca14844bbf861368b9847b3,corin.foot-placement,6d6118d2f41a5948ddd18dc6d88083c8c5bf77a4682a4ec3fce5d2ec6af01624,298b6781705cafb383942fcc3f3b1f6e0800ead13829aedd29916feeb5d1f702,Corin.FootPlacementRig,2997edf1c34f13f7e2a3033372226eb399379f30c4303fddfe3e97ec1e4bf38d,0,-192572,0.005269602,0.0319186,0.0319186,-0.192381,0.005269602,true,0,0.0319186,0,1,PelvisPreSolveTranslation,FootGrounding,ModifierNotCompiled,-1,-1,-1,0,,,true,-98192,Sphere,CurrentGrounding,0,-1.485206,0.9992049,10.9595,0,0,0,0,-1,0,0.05,1,4608,0.5735765,-1.485206,0.24,10.9595,-1.485206,0.24,10.9595,0,1,0,0.7092049,Swing,None,false,0,0,0,0,0,0,1,0,0,0,0,0,0,1,0,false,false,false,ModifierNotCompiled,0,0,0,0,0,0,0,0,ModifierNotCompiled,0,0,0,0,FootPlacementEffectorTarget,FootGrounding,true,0,false,0.1693946,1,6.649544,0.1946142,-98192,-1.485206,0.24,10.9595,0,1,0,0,0,0,0,-1.485206,0.7326341,10.9595,-1.461738,0.7015498,10.8882,-1.477613,0.6345372,10.91228,0.4615498,0.3945372,0,1,1,1,1,0.005269602,-0.02664899,0.2015106,0,0.2015106,-2.548188,-0.02664899,true,0,1,0,0,0.9999999,0.0004965212,0,0.008258337,-0.02254717,0,1,0,true,-0.06094171,0.4979037,-0.02184528,-0.06094171,0.4979037,-0.02184528,-0.06094171,0.4979037,-0.02184528,-0.06094173,0.4979037,-0.02184525,4.267856E-08,0,true,-98182,Sphere,CurrentGrounding,1,-1.289421,0.8699126,10.64745,0,0,0,0,-1,0,0.05,1,4608,0.5735765,-1.289421,0.48,10.64745,-1.289421,0.48,10.64745,0,1,0,0.3399126,Swing,None,false,0,0,0,0,0,0,1,0,0,0,0,0,0,1,0,false,false,false,ModifierNotCompiled,0,0,0,0,0,0,0,0,ModifierNotCompiled,0,0,0,0,FootPlacementEffectorTarget,FootGrounding,true,0,false,0.02618211,1,6.846543,0.1991082,-98182,-1.289421,0.48,10.64745,0,1,0,0,0,0,0,-1.289421,0.5881431,10.64745,-1.287817,0.5182445,10.60624,-1.318369,0.48,10.66965,0.03824449,0,0,1,1,1,1,0.2452696,0.213351,0.1686049,0.01770699,0.1863119,0.741589,0.213351,true,0,1,0,0,1,4.306775E-07,1.121039E-44,9.678321E-06,-2.046827E-05,0,1,0,true,-0.006711208,0.3534127,-0.386211,-0.006711208,0.3534127,-0.386211,-0.006711208,0.3534127,-0.386211,-0.006711178,0.3534126,-0.386211,6.706169E-08,0
2220,300,2220,1,2221,0,2221,false,rootmotion.finalik.full-body-biped-ik/indexed-pose-backend,None,true,true,1,lyra-5.7/ABP_Mannequin_Base/CR_Mannequin_FootPlant,unreal-engine-5.7/SpringInterpV2/FMath.SpringDamper,corin.animation-rig,87731f0d0ca14844bbf861368b9847b3,corin.foot-placement,6d6118d2f41a5948ddd18dc6d88083c8c5bf77a4682a4ec3fce5d2ec6af01624,298b6781705cafb383942fcc3f3b1f6e0800ead13829aedd29916feeb5d1f702,Corin.FootPlacementRig,2997edf1c34f13f7e2a3033372226eb399379f30c4303fddfe3e97ec1e4bf38d,0,-192572,0.1009631,0.04427898,0.04427898,0.6451849,0.1009631,true,0,0.04427898,0,1,PelvisPreSolveTranslation,FootGrounding,ModifierNotCompiled,-1,-1,-1,0,,,true,-98192,Sphere,CurrentGrounding,0,-1.619631,0.8280575,11.26535,0,0,0,0,-1,0,0.05,1,4608,0.5735765,-1.6,0.24,11.26535,-1.6,0.24,11.26535,-0.3926253,0.9196985,1.490116E-07,0.5420726,Swing,None,false,0,0,0,0,0,0,1,0,0,0,0,0,0,1,0,false,false,false,ModifierNotCompiled,0,0,0,0,0,0,0,0,ModifierNotCompiled,0,0,0,0,FootPlacementEffectorTarget,FootGrounding,true,0,false,0.0827878,1,3.578134,0.009936783,-98192,-1.6,0.24,11.26535,-0.3926254,0.9196985,1.490116E-07,0,0,0,0,-1.619631,0.5090302,11.26535,-1.593827,0.4438803,11.22425,-1.61653,0.4007382,11.27852,0.1850845,0.1543209,0,1,1,1,1,0.1009631,0.0566841,0.1366937,0,0.1366937,-1.013158,0.0566841,true,-0.3926253,0.9196985,1.490116E-07,-0.2203975,0.9754102,9.208185E-05,-5.861232,-1.19724,-0.004161088,-0.3926254,0.9196985,1.490116E-07,true,-0.04862647,0.3699932,0.1039359,-0.04862647,0.3699932,0.1039359,-0.04862647,0.3699932,0.1039359,-0.04862649,0.3699931,0.103936,1.514137E-07,0,true,-98182,Sphere,CurrentGrounding,1,-1.307137,0.862749,10.77017,0,0,0,0,-1,0,0.05,1,4608,0.5735765,-1.307137,0.48,10.77017,-1.307137,0.48,10.77017,0,1,0,0.332749,Swing,None,false,0,0,0,0,0,0,1,0,0,0,0,0,0,1,0,false,false,false,ModifierNotCompiled,0,0,0,0,0,0,0,0,ModifierNotCompiled,0,0,0,0,FootPlacementEffectorTarget,FootGrounding,true,0,false,0.1314307,1,3.762492,0.1716993,-98182,-1.307137,0.48,10.77017,0,1,0,0,0,0,0,-1.307137,0.629486,10.77017,-1.280493,0.6128982,10.69533,-1.299287,0.5371771,10.70245,0.1328983,0.05717713,0,1,1,1,1,0.340963,0.296684,0.222458,0,0.222458,1.017736,0.296684,true,0,1,0,0,1,7.284592E-08,-1.401298E-45,1.275381E-06,-3.481157E-06,0,1,0,true,0.009732828,0.490449,-0.4786893,0.009732828,0.490449,-0.4786893,0.009732828,0.490449,-0.4786893,0.009732775,0.4904491,-0.4786894,1.43121E-07,0
2221,301,2221,1,2222,0,2222,false,rootmotion.finalik.full-body-biped-ik/indexed-pose-backend,None,true,false,1,lyra-5.7/ABP_Mannequin_Base/CR_Mannequin_FootPlant,unreal-engine-5.7/SpringInterpV2/FMath.SpringDamper,corin.animation-rig,87731f0d0ca14844bbf861368b9847b3,corin.foot-placement,6d6118d2f41a5948ddd18dc6d88083c8c5bf77a4682a4ec3fce5d2ec6af01624,298b6781705cafb383942fcc3f3b1f6e0800ead13829aedd29916feeb5d1f702,Corin.FootPlacementRig,2997edf1c34f13f7e2a3033372226eb399379f30c4303fddfe3e97ec1e4bf38d,0,-192572,-0.04265191,0.03317909,0.03317909,-0.8210142,-0.04265191,true,0,0.03317909,0,1,PelvisPreSolveTranslation,FootGrounding,ModifierNotCompiled,-1,-1,-1,0,,,true,-97698,Sphere,CurrentGrounding,0,-1.803333,0.7040488,11.57645,0,0,0,0,-1,0,0.05,1,4608,0.5735765,-1.80333,0,11.57645,-1.80333,0,11.57645,-5.722051E-05,1,0,0.6540488,Swing,None,false,0,0,0,0,0,0,1,0,0,0,0,0,0,1,0,false,false,false,ModifierNotCompiled,0,0,0,0,0,0,0,0,ModifierNotCompiled,0,0,0,0,FootPlacementEffectorTarget,FootGrounding,true,0,false,0.05944331,1,3.076973,0.1155511,-97698,-1.80333,0,11.57645,-5.722051E-05,1,0,0,0,0,0,-1.803333,0.3092464,11.57645,-1.786119,0.2359039,11.54604,-1.817888,0.204596,11.60378,0.2359029,0.2045968,0,1,1,1,1,-0.04265191,-0.075831,0.07201848,0,0.07201848,-1.740744,-0.075831,true,-5.722051E-05,1,0,-0.1215431,0.9925862,1.387669E-05,3.855799,0.789,-0.0006374915,-5.722051E-05,1,0,true,-0.04025342,0.2665944,0.2318249,-0.04025342,0.2665944,0.2318249,-0.04025342,0.2665944,0.2318249,-0.04025342,0.2665944,0.2318248,6.674406E-08,0,true,-98192,Sphere,CurrentGrounding,1,-1.376623,0.8794101,10.93704,0,0,0,0,-1,0,0.05,1,4608,0.5735765,-1.376623,0.24,10.93704,-1.376623,0.24,10.93704,0,1,0,0.5894101,Swing,None,false,0,0,0,0,0,0,1,0,0,0,0,0,0,1,0,false,false,false,ModifierNotCompiled,0,0,0,0,0,0,0,0,ModifierNotCompiled,0,0,0,0,FootPlacementEffectorTarget,FootGrounding,true,0,false,0.259608,1,3.194083,0.09911242,-98192,-1.376623,0.24,10.93704,0,1,0,0,0,0,0,-1.376623,0.6372283,10.93704,-1.341651,0.634638,10.86385,-1.360326,0.5592232,10.85445,0.3946379,0.3192232,0,1,1,1,1,0.1973481,0.164169,0.2246391,0,0.2246391,-0.568444,0.164169,true,0,1,0,0,1,1.034311E-08,0,-1.878926E-07,-4.967285E-07,0,1,0,true,-0.003468479,0.5945764,-0.5360089,-0.003468479,0.5945764,-0.5360089,-0.003468479,0.5945764,-0.5360089,-0.003468547,0.5945765,-0.536009,1.494076E-07,0
2222,302,2222,1,2223,0,2223,false,rootmotion.finalik.full-body-biped-ik/indexed-pose-backend,None,true,true,1,lyra-5.7/ABP_Mannequin_Base/CR_Mannequin_FootPlant,unreal-engine-5.7/SpringInterpV2/FMath.SpringDamper,corin.animation-rig,87731f0d0ca14844bbf861368b9847b3,corin.foot-placement,6d6118d2f41a5948ddd18dc6d88083c8c5bf77a4682a4ec3fce5d2ec6af01624,298b6781705cafb383942fcc3f3b1f6e0800ead13829aedd29916feeb5d1f702,Corin.FootPlacementRig,2997edf1c34f13f7e2a3033372226eb399379f30c4303fddfe3e97ec1e4bf38d,0,-192572,-0.009999239,0.01310204,0.01310204,-0.2868296,-0.009999239,true,0,0.01310204,0,1,PelvisPreSolveTranslation,FootGrounding,ModifierNotCompiled,-1,-1,-1,0,,,true,-97698,Sphere,CurrentGrounding,0,-2.055579,0.6598845,11.79778,0,0,0,0,-1,0,0.05,1,4608,0.5735765,-2.055579,0,11.79778,-2.055579,0,11.79778,0,1,0,0.6098845,Swing,None,false,0,0,0,0,0,0,1,0,0,0,0,0,0,1,0,false,false,false,ModifierNotCompiled,0,0,0,0,0,0,0,0,ModifierNotCompiled,0,0,0,0,FootPlacementEffectorTarget,FootGrounding,true,0.09343553,false,0.05628324,1,3.904517,0.07342036,-97698,-2.055579,0,11.79778,0,1,0,0,0,0,0,-2.055579,0.2006306,11.79778,-2.04601,0.1211428,11.78399,-2.093235,0.1062408,11.83756,0.1211428,0.1062408,0,1,1,1,1,-0.009999239,-0.02310128,0.02764419,0,0.02764419,-0.6830161,-0.02310128,true,0,1,0,-0.03085956,0.9995238,2.356784E-06,1.217525,0.2489273,-0.0001105158,0,1,0,true,-0.02414139,0.1906314,0.3382209,-0.02414139,0.1906314,0.3382209,-0.02414139,0.1906314,0.3382209,-0.02414142,0.1906314,0.3382209,3.332001E-08,0,true,-98192,Sphere,CurrentGrounding,1,-1.432911,0.9529938,11.18484,0,0,0,0,-1,0,0.05,1,4608,0.5735765,-1.432911,0.24,11.18484,-1.432911,0.24,11.18484,0,1,0,0.6629937,Swing,None,false,0,0,0,0,0,0,1,0,0,0,0,0,0,1,0,false,false,false,ModifierNotCompiled,0,0,0,0,0,0,0,0,ModifierNotCompiled,0,0,0,0,FootPlacementEffectorTarget,FootGrounding,true,0,false,0.3758291,1,2.770939,0.1831468,-98192,-1.432911,0.24,11.18484,0,1,0,0,0,0,0,-1.432911,0.6820964,11.18484,-1.380498,0.6890447,11.12327,-1.393274,0.6154544,11.10022,0.4490446,0.3754544,0,1,1,1,1,0.2300008,0.2168987,0.2160006,0,0.2160006,0.01953477,0.2168987,true,0,1,0,0,1,1.69885E-09,0,2.713572E-08,-8.189262E-08,0,1,0,true,-0.01031457,0.6720972,-0.5353993,-0.01031457,0.6720972,-0.5353993,-0.01031457,0.6720972,-0.5353993,-0.01031457,0.6720972,-0.5353991,1.193402E-07,0
2223,303,2223,1,2224,0,2224,false,rootmotion.finalik.full-body-biped-ik/indexed-pose-backend,None,true,true,1,lyra-5.7/ABP_Mannequin_Base/CR_Mannequin_FootPlant,unreal-engine-5.7/SpringInterpV2/FMath.SpringDamper,corin.animation-rig,87731f0d0ca14844bbf861368b9847b3,corin.foot-placement,6d6118d2f41a5948ddd18dc6d88083c8c5bf77a4682a4ec3fce5d2ec6af01624,298b6781705cafb383942fcc3f3b1f6e0800ead13829aedd29916feeb5d1f702,Corin.FootPlacementRig,2997edf1c34f13f7e2a3033372226eb399379f30c4303fddfe3e97ec1e4bf38d,0,-192572,-0.009999221,0.00284642,0.00303453,-0.167393,-0.009999221,true,0,0.00284642,0,1,PelvisPreSolveTranslation,FootGrounding,ModifierNotCompiled,-1,-1,-1,0,,,true,-97698,Sphere,CurrentGrounding,0,-2.124494,0.5914686,12.09462,0,0,0,0,-1,0,0.05,1,4608,0.5735765,-2.124496,0,12.09462,-2.124496,0,12.09462,3.814697E-05,1,0,0.5414686,Swing,None,false,0,0,0,0,0,0,1,0,0,0,0,0,0,1,0,false,false,false,ModifierNotCompiled,0,0,0,0,0,0,0,0,ModifierNotCompiled,0,0,0,0,FootPlacementEffectorTarget,FootGrounding,true,0,false,0.01132915,1,4.346807,0.03591058,-97698,-2.124496,0,12.09462,3.814697E-05,1,0,0,0,0,0,-2.124494,0.1013701,12.09462,-2.129818,0.02947913,12.13208,-2.160344,0.06192994,12.18985,0.02947893,0.06192858,0,1,1,1,1,-0.009999221,-0.01303375,0.006866978,0,0.006866978,-0.2889475,-0.01303375,true,3.814697E-05,1,0,-0.005225138,0.9999864,3.090687E-07,0.2265472,0.04620155,-1.467987E-05,3.814697E-05,1,0,true,-0.01312486,0.09137084,0.3428521,-0.01312486,0.09137084,0.3428521,-0.01312486,0.09137084,0.3428521,-0.01312487,0.09137076,0.3428522,1.408854E-07,0,true,-97698,Sphere,CurrentGrounding,1,-1.722541,1.012051,11.42032,0,0,0,0,-1,0,0.05,1,4608,0.5735765,-1.722541,0,11.42032,-1.722541,0,11.42032,-9.53673E-06,1,0,0.962051,Swing,None,false,0,0,0,0,0,0,1,0,0,0,0,0,0,1,0,false,false,false,ModifierNotCompiled,0,0,0,0,0,0,0,0,ModifierNotCompiled,0,0,0,0,FootPlacementEffectorTarget,FootGrounding,true,0,false,0.4554174,1,2.258826,0.5029857,-97698,-1.722541,0,11.42032,-9.53673E-06,1,0,0,0,0,0,-1.722541,0.6742354,11.42032,-1.688803,0.7024759,11.35213,-1.68576,0.6278647,11.32288,0.7024756,0.6278644,0,1,1,1,1,-0.009999221,-0.01303375,0.1591497,0,0.1591497,-1.962663,-0.01303375,true,-9.53673E-06,1,0,-5.927458E-06,1,2.146206E-10,-0.0001260287,-3.998481E-09,-1.038346E-08,-9.53673E-06,1,0,true,0.005651883,0.6642362,-0.4419328,0.005651883,0.6642362,-0.4419328,0.005651883,0.6642362,-0.4419328,0.005651908,0.6642361,-0.4419327,8.796439E-08,0
2224,304,2224,1,2225,0,2225,false,rootmotion.finalik.full-body-biped-ik/indexed-pose-backend,None,true,true,1,lyra-5.7/ABP_Mannequin_Base/CR_Mannequin_FootPlant,unreal-engine-5.7/SpringInterpV2/FMath.SpringDamper,corin.animation-rig,87731f0d0ca14844bbf861368b9847b3,corin.foot-placement,6d6118d2f41a5948ddd18dc6d88083c8c5bf77a4682a4ec3fce5d2ec6af01624,298b6781705cafb383942fcc3f3b1f6e0800ead13829aedd29916feeb5d1f702,Corin.FootPlacementRig,2997edf1c34f13f7e2a3033372226eb399379f30c4303fddfe3e97ec1e4bf38d,0,-192572,-0.009999205,-0.002846253,-0.002846253,-0.09425534,-0.009999205,true,0,-0.002846253,0,1,PelvisPreSolveTranslation,FootGrounding,ModifierNotCompiled,-1,-1,-1,0,,,true,-97698,Sphere,CurrentGrounding,0,-2.110872,0.5922729,12.1222,0,0,0,0,-1,0,0.05,1,4608,0.5735765,-2.110871,0,12.1222,-2.110871,0,12.1222,-1.907348E-05,1,0,0.5422729,Swing,None,false,0,0,0,0,0,0,1,0,0,0,0,0,0,1,0,false,false,false,ModifierNotCompiled,0,0,0,0,0,0,0,0,ModifierNotCompiled,0,0,0,0,FootPlacementEffectorTarget,FootGrounding,true,0.8403862,false,-0.001438734,1,5.800018,0.009661042,-97698,-2.110871,0,12.1222,-1.907348E-05,1,0,0.002030158,0,0.002030158,0,-2.110872,0.08858757,12.1222,-2.115159,0.007667594,12.1164,-2.141665,0.0042831,12.18429,0.007667676,0.004283688,0,1,1,1,1,-0.009999205,-0.005122795,-0.0008391095,0,-0.0008391095,-0.08068314,-0.005122795,true,-1.907348E-05,1,0,-0.0007800995,0.9999997,3.884166E-08,0.0343502,0.007149051,-1.858275E-06,-1.907348E-05,1,0,true,0.008442677,0.07858836,0.08386766,0.008442677,0.07858836,0.08386766,0.008442677,0.07858836,0.08386766,0.008442651,0.07858852,0.0838677,1.627897E-07,0,true,-97698,Sphere,CurrentGrounding,1,-1.883495,0.9919674,11.78791,0,0,0,0,-1,0,0.05,1,4608,0.5735765,-1.883496,0,11.78791,-1.883496,0,11.78791,2.861022E-05,1,0,0.9419674,Swing,None,false,0,0,0,0,0,0,1,0,0,0,0,0,0,1,0,false,false,false,ModifierNotCompiled,0,0,0,0,0,0,0,0,ModifierNotCompiled,0,0,0,0,FootPlacementEffectorTarget,FootGrounding,true,0,false,0.4373303,1,4.088274,0.4856167,-97698,-1.883496,0,11.78791,2.861022E-05,1,0,0,0,0,0,-1.883495,0.5776379,11.78791,-1.849243,0.6077898,11.7208,-1.824846,0.534782,11.69967,0.6077907,0.5347837,0,1,1,1,1,-0.009999205,-0.007152953,0.08851673,0,0.08851673,-1.161536,-0.007152953,true,2.861022E-05,1,0,1.515851E-05,1,2.607537E-11,0.0004680011,5.882224E-10,-1.265468E-09,2.861022E-05,1,0,true,0.04762408,0.5676387,-0.318514,0.04762408,0.5676387,-0.318514,0.04762408,0.5676387,-0.318514,0.04762411,0.5676388,-0.318514,7.459888E-08,0
2225,305,2225,1,2226,0,2226,false,rootmotion.finalik.full-body-biped-ik/indexed-pose-backend,None,true,true,1,lyra-5.7/ABP_Mannequin_Base/CR_Mannequin_FootPlant,unreal-engine-5.7/SpringInterpV2/FMath.SpringDamper,corin.animation-rig,87731f0d0ca14844bbf861368b9847b3,corin.foot-placement,6d6118d2f41a5948ddd18dc6d88083c8c5bf77a4682a4ec3fce5d2ec6af01624,298b6781705cafb383942fcc3f3b1f6e0800ead13829aedd29916feeb5d1f702,Corin.FootPlacementRig,2997edf1c34f13f7e2a3033372226eb399379f30c4303fddfe3e97ec1e4bf38d,0,-192572,-0.009999192,-0.005582517,-0.005582517,-0.0591393,-0.009999192,true,0,-0.005582517,0,1,PelvisPreSolveTranslation,FootGrounding,ModifierNotCompiled,-1,-1,-1,0,,,true,-97698,Sphere,CurrentGrounding,0,-2.101626,0.594428,12.13136,0,0,0,0,-1,0,0.05,1,4608,0.5735765,-2.101624,0,12.13136,-2.101624,0,12.13136,-3.814701E-05,1,0,0.5444281,Swing,None,false,0,0,0,0,0,0,1,0,0,0,0,0,0,1,0,false,false,false,ModifierNotCompiled,0,0,0,0,0,0,0,0,ModifierNotCompiled,0,0,0,0,FootPlacementEffectorTarget,FootGrounding,true,0.4174459,false,0.00257611,1,6.495147,0.01448504,-97698,-2.101624,0,12.13136,-3.814701E-05,1,0,0,0,0,0,-2.101626,0.08600509,12.13136,-2.110237,0.005247615,12.12933,-2.1401,0.006874837,12.19579,0.005247944,0.006876305,0,1,1,1,1,-0.009999192,-0.004416676,-0.002840403,0,-0.002840403,-0.0352262,-0.004416676,true,-3.814701E-05,1,0,-0.000182018,1,7.162504E-09,0.006733248,0.001477087,-3.441085E-07,-3.814701E-05,1,0,true,0.02044361,0.0760059,-0.1313448,0.02044361,0.0760059,-0.1313448,0.02044361,0.0760059,-0.1313448,0.02044356,0.07600597,-0.131345,1.817774E-07,0,true,-97698,Sphere,CurrentGrounding,1,-2.023324,0.9207101,12.09267,0,0,0,0,-1,0,0.05,1,4608,0.5735765,-2.023324,0,12.09267,-2.023324,0,12.09267,-9.536741E-06,1,0,0.8707101,Swing,None,false,0,0,0,0,0,0,1,0,0,0,0,0,0,1,0,false,false,false,ModifierNotCompiled,0,0,0,0,0,0,0,0,ModifierNotCompiled,0,0,0,0,FootPlacementEffectorTarget,FootGrounding,true,0,false,0.3315738,1,4.853422,0.3797242,-97698,-2.023324,0,12.09267,-9.536741E-06,1,0,0,0,0,0,-2.023324,0.4696032,12.09267,-1.978076,0.467191,12.02534,-1.962008,0.3900447,12.03816,0.4671906,0.3900442,0,1,1,1,1,-0.009999192,-0.004416676,0.05447565,0,0.05447565,-0.7433003,-0.004416676,true,-9.536741E-06,1,0,5.167983E-06,1,4.699676E-12,-0.0004493022,-8.218438E-11,-2.285634E-10,-9.536741E-06,1,0,true,0.06674834,0.459604,-0.205397,0.06674834,0.459604,-0.205397,0.06674834,0.459604,-0.205397,0.06674831,0.459604,-0.205397,4.214685E-08,0
2226,306,2226,1,2227,0,2227,false,rootmotion.finalik.full-body-biped-ik/indexed-pose-backend,None,true,true,1,lyra-5.7/ABP_Mannequin_Base/CR_Mannequin_FootPlant,unreal-engine-5.7/SpringInterpV2/FMath.SpringDamper,corin.animation-rig,87731f0d0ca14844bbf861368b9847b3,corin.foot-placement,6d6118d2f41a5948ddd18dc6d88083c8c5bf77a4682a4ec3fce5d2ec6af01624,298b6781705cafb383942fcc3f3b1f6e0800ead13829aedd29916feeb5d1f702,Corin.FootPlacementRig,2997edf1c34f13f7e2a3033372226eb399379f30c4303fddfe3e97ec1e4bf38d,0,-192572,-0.009999176,-0.02332515,-0.00733638,-0.03614872,-0.009999176,true,0,-0.02332515,0,1,PelvisPreSolveTranslation,FootGrounding,ModifierNotCompiled,-1,-1,-1,0,,,true,-97698,Sphere,CurrentGrounding,0,-2.097548,0.6066239,12.14751,0,0,0,0,-1,0,0.05,1,4608,0.5735765,-2.097548,0,12.14751,-2.097548,0,12.14751,9.536741E-06,1,0,0.5566239,Swing,None,false,0,0,0,0,0,0,1,0,0,0,0,0,0,1,0,false,false,false,ModifierNotCompiled,0,0,0,0,0,0,0,0,ModifierNotCompiled,0,0,0,0,FootPlacementEffectorTarget,FootGrounding,true,0.1662711,false,2.064649E-05,1,5.981243,0.01849249,-97698,-2.097548,0,12.14751,9.536741E-06,1,0,0.001641483,0,0.001641483,0,-2.097548,0.09826624,12.14751,-2.088157,0.0202695,12.12682,-2.118757,2.011657E-07,12.18966,0.02026959,-1.096812E-09,1.096812E-09,1,1,1,1,-0.009999176,-0.001021313,-0.003085063,0.002063744,-0.00102132,0.01315027,-0.001021313,true,9.536741E-06,1,0,-3.865998E-05,1,1.245836E-09,0.001957779,0.0002807053,-6.006815E-08,9.536741E-06,1,0,true,0.01973732,0.08826706,-0.3465136,0.01973732,0.08826706,-0.3465136,0.01973732,0.08826706,-0.3465136,0.01973731,0.08826709,-0.3465136,3.122362E-08,0,true,-97698,Sphere,CurrentGrounding,1,-2.22236,0.8073155,12.40161,0,0,0,0,-1,0,0.05,1,4608,0.5735765,-2.222362,0,12.40161,-2.222362,0,12.40161,3.814701E-05,1,0,0.7573156,Swing,None,false,0,0,0,0,0,0,1,0,0,0,0,0,0,1,0,false,false,false,ModifierNotCompiled,0,0,0,0,0,0,0,0,ModifierNotCompiled,0,0,0,0,FootPlacementEffectorTarget,FootGrounding,true,0,false,0.1976382,1,6.594891,0.2441129,-97698,-2.222362,0,12.40161,3.814701E-05,1,0,0,0,0,0,-2.22236,0.3323594,12.40161,-2.169461,0.305911,12.34603,-2.17273,0.2323985,12.377,0.3059131,0.2324004,0,1,1,1,1,-0.009999176,-0.002662796,0.03238024,0,0.03238024,-0.4565832,-0.002662796,true,3.814701E-05,1,0,2.015853E-05,1,8.007934E-13,0.0005658902,1.169074E-11,-3.902104E-11,3.814701E-05,1,0,true,0.06484469,0.3223602,-0.06703455,0.06484469,0.3223602,-0.06703455,0.06484469,0.3223602,-0.06703455,0.06484461,0.3223603,-0.0670346,1.320246E-07,0
2227,307,2227,1,2228,0,2228,false,rootmotion.finalik.full-body-biped-ik/indexed-pose-backend,None,true,true,1,lyra-5.7/ABP_Mannequin_Base/CR_Mannequin_FootPlant,unreal-engine-5.7/SpringInterpV2/FMath.SpringDamper,corin.animation-rig,87731f0d0ca14844bbf861368b9847b3,corin.foot-placement,6d6118d2f41a5948ddd18dc6d88083c8c5bf77a4682a4ec3fce5d2ec6af01624,298b6781705cafb383942fcc3f3b1f6e0800ead13829aedd29916feeb5d1f702,Corin.FootPlacementRig,2997edf1c34f13f7e2a3033372226eb399379f30c4303fddfe3e97ec1e4bf38d,0,-192572,-0.009999173,-0.02332592,-0.008421733,-0.02166868,-0.009999173,true,0,-0.02332592,0,1,PelvisPreSolveTranslation,FootGrounding,ModifierNotCompiled,-1,-1,-1,0,,,true,-97698,Sphere,CurrentGrounding,0,-2.128569,0.6066239,12.19128,0,0,0,0,-1,0,0.05,1,4608,0.5735765,-2.128568,0,12.19128,-2.128568,0,12.19128,-2.861022E-05,1,0,0.5566239,Swing,None,false,0,0,0,0,0,0,1,0,0,0,0,0,0,1,0,false,false,false,ModifierNotCompiled,0,0,0,0,0,0,0,0,ModifierNotCompiled,0,0,0,0,FootPlacementEffectorTarget,FootGrounding,true,0.1662711,false,2.064649E-05,1,5.981243,0.01849265,-97698,-2.128568,0,12.19128,-2.861022E-05,1,0,0.001640734,0,0.001640734,0,-2.128569,0.09826544,12.19128,-2.119178,0.02026869,12.17058,-2.149779,-6.03497E-07,12.23342,0.02026843,3.358648E-09,0,1,1,1,1,-0.009999173,6.329396E-05,-0.0005238935,0.0005871952,6.33017E-05,0.01221519,6.329396E-05,true,-2.861022E-05,1,0,-2.153938E-05,1,2.082314E-10,-0.0001303117,5.003722E-05,-1.007106E-08,-2.861022E-05,1,0,true,0.01973732,0.08826627,-0.3465136,0.01973732,0.08826627,-0.3465136,0.01973732,0.08826627,-0.3465136,0.01973736,0.08826634,-0.3465137,1.005311E-07,0,true,-97698,Sphere,CurrentGrounding,1,-2.253381,0.8073155,12.44538,0,0,0,0,-1,0,0.05,1,4608,0.5735765,-2.253383,0,12.44538,-2.253383,0,12.44538,3.814697E-05,1,0,0.7573155,Swing,None,false,0,0,0,0,0,0,1,0,0,0,0,0,0,1,0,false,false,false,ModifierNotCompiled,0,0,0,0,0,0,0,0,ModifierNotCompiled,0,0,0,0,FootPlacementEffectorTarget,FootGrounding,true,0,false,0.1976382,1,6.594891,0.2441128,-97698,-2.253383,0,12.44538,3.814697E-05,1,0,0,0,0,0,-2.253381,0.3176138,12.44538,-2.200482,0.2911654,12.3898,-2.203752,0.2176529,12.42077,0.2911675,0.2176548,0,1,1,1,1,-0.009999173,-0.00157744,0.01872009,0,0.01872009,-0.271638,-0.00157744,true,3.814697E-05,1,0,3.334993E-05,1,1.314089E-13,0.0001886994,-1.678738E-12,-6.414533E-12,3.814697E-05,1,0,true,0.06484469,0.3076146,-0.06703455,0.06484469,0.3076146,-0.06703455,0.06484469,0.3076146,-0.06703455,0.06484471,0.3076146,-0.06703454,6.409232E-08,0
2228,308,2228,1,2229,0,2229,false,rootmotion.finalik.full-body-biped-ik/indexed-pose-backend,None,true,true,1,lyra-5.7/ABP_Mannequin_Base/CR_Mannequin_FootPlant,unreal-engine-5.7/SpringInterpV2/FMath.SpringDamper,corin.animation-rig,87731f0d0ca14844bbf861368b9847b3,corin.foot-placement,6d6118d2f41a5948ddd18dc6d88083c8c5bf77a4682a4ec3fce5d2ec6af01624,298b6781705cafb383942fcc3f3b1f6e0800ead13829aedd29916feeb5d1f702,Corin.FootPlacementRig,2997edf1c34f13f7e2a3033372226eb399379f30c4303fddfe3e97ec1e4bf38d,0,-192572,-0.009999173,-0.008981836,-0.008981836,-0.01409308,-0.009999173,true,0,-0.008981836,0,1,PelvisPreSolveTranslation,FootGrounding,ModifierNotCompiled,-1,-1,-1,0,,,true,-97698,Sphere,CurrentGrounding,0,-2.053813,0.7289172,12.1463,0,0,0,0,-1,0,0.05,1,4608,0.5735765,-2.053813,0,12.1463,-2.053813,0,12.1463,-9.536741E-06,1,0,0.6789172,Swing,None,false,0,0,0,0,0,0,1,0,0,0,0,0,0,1,0,false,false,false,ModifierNotCompiled,0,0,0,0,0,0,0,0,ModifierNotCompiled,0,0,0,0,FootPlacementEffectorTarget,FootGrounding,true,0.3017629,false,-7.559817E-05,1,5.014554,0.1423265,-97698,-2.053813,0,12.1463,-9.536741E-06,1,0,0,0,0,0,-2.053813,0.2200593,12.1463,-2.024755,0.1494447,12.11857,-2.042702,0.1174929,12.18135,0.1494444,0.1174928,0,1,1,1,1,-0.009999173,-0.001017337,0.00012401,0,0.00012401,-0.005556726,-0.001017337,true,-9.536741E-06,1,0,-1.68787E-05,1,4.588396E-11,0.0002166057,1.168998E-05,-2.224138E-09,-9.536741E-06,1,0,true,0.05471809,0.2100602,-0.4264367,0.05471809,0.2100602,-0.4264367,0.05471809,0.2100602,-0.4264367,-0.04478135,0.5543725,-0.6463183,0.4204748,0,true,-97698,Sphere,CurrentGrounding,1,-2.382821,0.7415133,12.63786,0,0,0,0,-1,0,0.05,1,4608,0.5735765,-2.382821,0,12.63786,-2.382821,0,12.63786,0,1,0,0.6915132,Swing,None,false,0,0,0,0,0,0,1,0,0,0,0,0,0,1,0,false,false,false,ModifierNotCompiled,0,0,0,0,0,0,0,0,ModifierNotCompiled,0,0,0,0,FootPlacementEffectorTarget,FootGrounding,true,0.162513,false,0.1653151,1,5.515323,0.1570038,-97698,-2.382821,0,12.63786,0,1,0,0,0,0,0,-2.382821,0.2442738,12.63786,-2.340045,0.1865623,12.60009,-2.363022,0.1329663,12.65461,0.1865623,0.1329663,0,1,1,1,1,-0.009999173,-0.001017337,0.01174236,0,0.01174236,-0.174357,-0.001017337,true,0,1,0,1.925432E-05,1,2.856638E-14,-0.0005802878,2.087859E-13,-1.396257E-12,0,1,0,true,0.07054718,0.2342746,0.1648541,0.07054718,0.2342746,0.1648541,0.07054718,0.2342746,0.1648541,0.07054716,0.2342746,0.1648541,4.01226E-08,0
2229,309,2229,1,2230,0,2230,false,rootmotion.finalik.full-body-biped-ik/indexed-pose-backend,None,true,true,1,lyra-5.7/ABP_Mannequin_Base/CR_Mannequin_FootPlant,unreal-engine-5.7/SpringInterpV2/FMath.SpringDamper,corin.animation-rig,87731f0d0ca14844bbf861368b9847b3,corin.foot-placement,6d6118d2f41a5948ddd18dc6d88083c8c5bf77a4682a4ec3fce5d2ec6af01624,298b6781705cafb383942fcc3f3b1f6e0800ead13829aedd29916feeb5d1f702,Corin.FootPlacementRig,2997edf1c34f13f7e2a3033372226eb399379f30c4303fddfe3e97ec1e4bf38d,0,-192572,-0.009999178,-0.009400486,-0.009400486,-0.008366922,-0.009999178,true,0,-0.009400486,0,1,PelvisPreSolveTranslation,FootGrounding,ModifierNotCompiled,-1,-1,-1,0,,,true,-97698,Sphere,CurrentGrounding,0,-2.132998,0.7019409,12.07181,0,0,0,0,-1,0,0.05,1,4608,0.5735765,-2.133,0,12.07181,-2.133,0,12.07181,4.768371E-05,1,0,0.6519409,Swing,None,false,0,0,0,0,0,0,1,0,0,0,0,0,0,1,0,false,false,false,ModifierNotCompiled,0,0,0,0,0,0,0,0,ModifierNotCompiled,0,0,0,0,FootPlacementEffectorTarget,FootGrounding,true,0.5425975,false,-0.0003755348,1,3.30371,0.1200233,-97698,-2.133,0,12.07181,4.768371E-05,1,0,0,0,0,0,-2.132998,0.1924943,12.07181,-2.102322,0.1237984,12.04115,-2.094513,0.0973517,12.10844,0.1237998,0.09735353,0,1,1,1,1,-0.009999178,-0.0005986923,-4.612825E-05,0,-4.612825E-05,-0.003514665,-0.0005986923,true,4.768371E-05,1,0,1.951413E-05,1,7.673374E-12,0.000941837,1.918215E-06,-3.728315E-10,4.768371E-05,1,0,true,0.01533219,0.1824951,-0.3728488,0.01533219,0.1824951,-0.3728488,0.01533219,0.1824951,-0.3728488,-0.1709224,0.5221838,-0.6215959,0.4603849,0,true,-97698,Sphere,CurrentGrounding,1,-2.347492,0.7091761,12.6892,0,0,0,0,-1,0,0.05,1,4608,0.5735765,-2.347491,0,12.6892,-2.347491,0,12.6892,-1.907348E-05,1,0,0.6591761,Swing,None,false,0,0,0,0,0,0,1,0,0,0,0,0,0,1,0,false,false,false,ModifierNotCompiled,0,0,0,0,0,0,0,0,ModifierNotCompiled,0,0,0,0,FootPlacementEffectorTarget,FootGrounding,true,0.4513774,false,0.1077482,1,3.595776,0.1203455,-97698,-2.347491,0,12.6892,-1.907348E-05,1,0,0,0,0,0,-2.347492,0.2064023,12.6892,-2.324336,0.1306245,12.67163,-2.355351,0.1045193,12.74039,0.130624,0.1045194,0,1,1,1,1,-0.009999178,-0.0005986923,0.006626672,0,0.006626672,-0.1008005,-0.0005986923,true,-1.907348E-05,1,0,-5.044362E-06,1,4.708366E-15,-0.0004944276,-2.990535E-14,-2.304619E-13,-1.907348E-05,1,0,true,0.06868729,0.1964031,0.2785563,0.06868729,0.1964031,0.2785563,0.06868729,0.1964031,0.2785563,0.06868732,0.1964031,0.2785564,9.424322E-08,0
2230,310,2230,1,2231,0,2231,false,rootmotion.finalik.full-body-biped-ik/indexed-pose-backend,None,true,true,1,lyra-5.7/ABP_Mannequin_Base/CR_Mannequin_FootPlant,unreal-engine-5.7/SpringInterpV2/FMath.SpringDamper,corin.animation-rig,87731f0d0ca14844bbf861368b9847b3,corin.foot-placement,6d6118d2f41a5948ddd18dc6d88083c8c5bf77a4682a4ec3fce5d2ec6af01624,298b6781705cafb383942fcc3f3b1f6e0800ead13829aedd29916feeb5d1f702,Corin.FootPlacementRig,2997edf1c34f13f7e2a3033372226eb399379f30c4303fddfe3e97ec1e4bf38d,0,-192572,-0.009999195,-0.009660347,-0.009660347,-0.004774004,-0.009999195,true,0,-0.009660347,0,1,PelvisPreSolveTranslation,FootGrounding,ModifierNotCompiled,-1,-1,-1,0,,,true,-97698,Sphere,CurrentGrounding,0,-2.168489,0.701941,11.84273,0,0,0,0,-1,0,0.05,1,4608,0.5735765,-2.16849,0,11.84273,-2.16849,0,11.84273,1.907348E-05,1,0,0.651941,Swing,None,false,0,0,0,0,0,0,1,0,0,0,0,0,0,1,0,false,false,false,ModifierNotCompiled,0,0,0,0,0,0,0,0,ModifierNotCompiled,0,0,0,0,FootPlacementEffectorTarget,FootGrounding,true,0.5425975,false,-0.0003755348,1,3.30371,0.1200223,-97698,-2.16849,0,11.84273,1.907348E-05,1,0,0,0,0,0,-2.168489,0.1921417,11.84273,-2.156665,0.1234458,11.801,-2.117024,0.09699915,11.85593,0.123446,0.09700013,0,1,1,1,1,-0.009999195,-0.0003388477,-0.0001389038,0,-0.0001389038,-0.001360142,-0.0003388477,true,1.907348E-05,1,0,2.463799E-05,1,1.153555E-12,-0.0001440164,5.792508E-07,-5.617188E-11,1.907348E-05,1,0,true,0.01533193,0.1821425,-0.3728486,0.01533193,0.1821425,-0.3728486,0.01533193,0.1821425,-0.3728486,-0.1709225,0.5218312,-0.6215955,0.4603847,0,true,-97698,Sphere,CurrentGrounding,1,-2.05457,0.7091761,12.48631,0,0,0,0,-1,0,0.05,1,4608,0.5735765,-2.05457,0,12.48631,-2.05457,0,12.48631,0,1,0,0.6591761,Swing,None,false,0,0,0,0,0,0,1,0,0,0,0,0,0,1,0,false,false,false,ModifierNotCompiled,0,0,0,0,0,0,0,0,ModifierNotCompiled,0,0,0,0,FootPlacementEffectorTarget,FootGrounding,true,0.4513774,false,0.1077482,1,3.595776,0.1203456,-97698,-2.05457,0,12.48631,0,1,0,0,0,0,0,-2.05457,0.2030669,12.48631,-2.042922,0.1272891,12.45968,-2.036457,0.1011838,12.53484,0.1272891,0.1011838,0,1,1,1,1,-0.009999195,-0.0003388477,0.003551167,0,0.003551167,-0.05534162,-0.0003388477,true,0,1,0,-4.979555E-06,1,6.981536E-16,0.0001450169,4.371042E-15,-3.421945E-14,0,1,0,true,0.0686873,0.1930677,0.2785559,0.0686873,0.1930677,0.2785559,0.0686873,0.1930677,0.2785559,0.06868728,0.1930677,0.278556,6.664002E-08,0
2231,311,2231,1,2232,0,2232,false,rootmotion.finalik.full-body-biped-ik/indexed-pose-backend,None,true,true,1,lyra-5.7/ABP_Mannequin_Base/CR_Mannequin_FootPlant,unreal-engine-5.7/SpringInterpV2/FMath.SpringDamper,corin.animation-rig,87731f0d0ca14844bbf861368b9847b3,corin.foot-placement,6d6118d2f41a5948ddd18dc6d88083c8c5bf77a4682a4ec3fce5d2ec6af01624,298b6781705cafb383942fcc3f3b1f6e0800ead13829aedd29916feeb5d1f702,Corin.FootPlacementRig,2997edf1c34f13f7e2a3033372226eb399379f30c4303fddfe3e97ec1e4bf38d,0,-192572,-0.009999209,-0.009796112,-0.009796112,-0.002879599,-0.009999209,true,0,-0.009796112,0,1,PelvisPreSolveTranslation,FootGrounding,ModifierNotCompiled,-1,-1,-1,0,,,true,-97698,Sphere,CurrentGrounding,0,-2.221038,0.5355726,11.98171,0,0,0,0,-1,0,0.05,1,4608,0.5735765,-2.221038,0,11.98171,-2.221038,0,11.98171,0,1,0,0.4855726,Swing,None,false,0,0,0,0,0,0,1,0,0,0,0,0,0,1,0,false,false,false,ModifierNotCompiled,0,0,0,0,0,0,0,0,ModifierNotCompiled,0,0,0,0,FootPlacementEffectorTarget,FootGrounding,true,0.5576923,false,-0.0007682978,1,2.860861,0.04662973,-97698,-2.221038,0,11.98171,0,1,0,0.06306617,0,0.06306617,0,-2.221038,0.08863957,11.98171,-2.225803,0.01287445,11.95278,-2.157835,0,11.97553,0.01287445,0,0,1,1,1,1,-0.009999209,0.06286307,0.01184202,0.05102105,0.06286307,0.5432326,0.06286307,true,0,1,0,1.093243E-05,1,2.073685E-13,-0.000363376,-8.083749E-08,-1.011526E-11,0,1,0,true,-0.1362879,0.07864036,-0.1450583,-0.1362879,0.07864036,-0.1450583,-0.1362879,0.07864036,-0.1450583,-0.1362878,0.0786404,-0.1450583,8.462233E-08,0,true,-97698,Sphere,CurrentGrounding,1,-1.815524,0.6222987,12.16553,0,0,0,0,-1,0,0.05,1,4608,0.5735765,-1.815524,0,12.16553,-1.815524,0,12.16553,0,1,0,0.5722986,Swing,None,false,0,0,0,0,0,0,1,0,0,0,0,0,0,1,0,false,false,false,ModifierNotCompiled,0,0,0,0,0,0,0,0,ModifierNotCompiled,0,0,0,0,FootPlacementEffectorTarget,FootGrounding,true,0.5499934,false,0.08831429,1,2.80088,0.04559331,-97698,-1.815524,0,12.16553,0,1,0,0,0,0,0,-1.815524,0.11451,12.16553,-1.807939,0.03397394,12.1721,-1.785652,0.04163539,12.24835,0.03397394,0.04163539,0,1,1,1,1,-0.009999209,-0.0002030972,0.002007466,0,0.002007466,-0.03201775,-0.0002030972,true,0,1,0,-1.495519E-06,1,1.241287E-16,5.726567E-05,-6.100018E-16,-6.090803E-15,0,1,0,true,0.1138524,0.1045108,0.2232611,0.1138524,0.1045108,0.2232611,0.1138524,0.1045108,0.2232611,0.1138525,0.1045108,0.2232612,9.335551E-08,0
2232,312,2232,1,2233,0,2233,false,rootmotion.finalik.full-body-biped-ik/indexed-pose-backend,None,true,true,1,lyra-5.7/ABP_Mannequin_Base/CR_Mannequin_FootPlant,unreal-engine-5.7/SpringInterpV2/FMath.SpringDamper,corin.animation-rig,87731f0d0ca14844bbf861368b9847b3,corin.foot-placement,6d6118d2f41a5948ddd18dc6d88083c8c5bf77a4682a4ec3fce5d2ec6af01624,298b6781705cafb383942fcc3f3b1f6e0800ead13829aedd29916feeb5d1f702,Corin.FootPlacementRig,2997edf1c34f13f7e2a3033372226eb399379f30c4303fddfe3e97ec1e4bf38d,0,-192572,-0.009999223,-0.009882991,-0.009882991,-0.001658021,-0.009999223,true,0,-0.009882991,0,1,PelvisPreSolveTranslation,FootGrounding,ModifierNotCompiled,-1,-1,-1,0,,,true,-97698,Sphere,CurrentGrounding,0,-2.010213,0.5662319,12.00446,0,0,0,0,-1,0,0.05,1,4608,0.5735765,-2.010215,0,12.00446,-2.010215,0,12.00446,2.861022E-05,1,0,0.5162319,Swing,None,false,0,0,0,0,0,0,1,0,0,0,0,0,0,1,0,false,false,false,ModifierNotCompiled,0,0,0,0,0,0,0,0,ModifierNotCompiled,0,0,0,0,FootPlacementEffectorTarget,FootGrounding,true,0.2616938,false,0.004509454,1,2.719796,0.02267152,-97698,-2.010215,0,12.00446,2.861022E-05,1,0,0.04892377,0,0.04892377,0,-2.010213,0.1277665,12.00446,-2.045785,0.05511718,11.99692,-1.981266,0.02260929,12.00661,0.05511617,0.02261012,0,1,1,1,1,-0.009999223,0.04880754,0.07141766,0,0.07141766,-0.008639975,0.04880754,true,2.861022E-05,1,0,1.866002E-05,1,3.268792E-14,0.0003136786,1.170818E-08,-1.597166E-12,2.861022E-05,1,0,true,-0.1995977,0.1177673,0.01298608,-0.1995977,0.1177673,0.01298608,-0.1995977,0.1177673,0.01298608,-0.1995978,0.1177672,0.01298606,1.340878E-07,0,true,-97698,Sphere,CurrentGrounding,1,-1.751474,0.5612906,11.69824,0,0,0,0,-1,0,0.05,1,4608,0.5735765,-1.751473,0,11.69824,-1.751473,0,11.69824,-9.536741E-06,1,0,0.5112906,Swing,None,false,0,0,0,0,0,0,1,0,0,0,0,0,0,1,0,false,false,false,ModifierNotCompiled,0,0,0,0,0,0,0,0,ModifierNotCompiled,0,0,0,0,FootPlacementEffectorTarget,FootGrounding,true,0.7346001,false,0.0501723,1,1.188065,0.00426662,-97698,-1.751473,0,11.69824,-9.536741E-06,1,0,0.02583124,0,0.02583124,0,-1.751474,0.07712255,11.69824,-1.730552,2.011657E-07,11.71243,-1.683652,0.02313143,11.77273,1.645314E-09,0.02313079,0,1,1,1,1,-0.009999223,0.025715,0.006492716,0.01922229,0.025715,0.2051963,0.025715,true,-9.536741E-06,1,0,-5.641989E-06,1,1.935676E-17,-0.0001270392,8.835021E-17,-9.508459E-16,-9.536741E-06,1,0,true,0.1953439,0.06712333,0.08179808,0.1953439,0.06712333,0.08179808,0.1953439,0.06712333,0.08179808,0.1953439,0.06712335,0.08179811,4.592846E-08,0
2233,313,2233,1,2234,0,2234,false,rootmotion.finalik.full-body-biped-ik/indexed-pose-backend,None,true,true,1,lyra-5.7/ABP_Mannequin_Base/CR_Mannequin_FootPlant,unreal-engine-5.7/SpringInterpV2/FMath.SpringDamper,corin.animation-rig,87731f0d0ca14844bbf861368b9847b3,corin.foot-placement,6d6118d2f41a5948ddd18dc6d88083c8c5bf77a4682a4ec3fce5d2ec6af01624,298b6781705cafb383942fcc3f3b1f6e0800ead13829aedd29916feeb5d1f702,Corin.FootPlacementRig,2997edf1c34f13f7e2a3033372226eb399379f30c4303fddfe3e97ec1e4bf38d,0,-192572,-0.009999232,-0.009929273,-0.009929273,-0.001002848,-0.009999232,true,0,-0.009929273,0,1,PelvisPreSolveTranslation,FootGrounding,ModifierNotCompiled,-1,-1,-1,0,,,true,-97698,Sphere,CurrentGrounding,0,-1.817568,0.6321498,11.75342,0,0,0,0,-1,0,0.05,1,4608,0.5735765,-1.817571,0,11.75342,-1.817571,0,11.75342,4.768371E-05,1,0,0.5821498,Swing,None,false,0,0,0,0,0,0,1,0,0,0,0,0,0,1,0,false,false,false,ModifierNotCompiled,0,0,0,0,0,0,0,0,ModifierNotCompiled,0,0,0,0,FootPlacementEffectorTarget,FootGrounding,true,0.4125778,false,0.02102235,1,2.086286,0.0461067,-97698,-1.817571,0,11.75342,4.768371E-05,1,0,0,0,0,0,-1.817568,0.1819367,11.75342,-1.86694,0.1177637,11.76008,-1.809017,0.07402525,11.76709,0.1177614,0.07402566,0,1,1,1,1,-0.009999232,-6.995909E-05,0.05971609,0,0.05971609,-0.5365792,-6.995909E-05,true,4.768371E-05,1,0,3.544965E-05,1,6.024595E-15,0.0004139071,-1.613249E-09,-2.9477E-13,4.768371E-05,1,0,true,-0.1242956,0.1719374,0.03806327,-0.1242956,0.1719374,0.03806327,-0.1242956,0.1719374,0.03806327,-0.1242956,0.1719375,0.03806332,7.233206E-08,0,true,-97698,Sphere,CurrentGrounding,1,-1.921584,0.566531,11.43432,0,0,0,0,-1,0,0.05,1,4608,0.5735765,-1.921584,0,11.43432,-1.921584,0,11.43432,9.536741E-06,1,0,0.516531,Swing,None,false,0,0,0,0,0,0,1,0,0,0,0,0,0,1,0,false,false,false,ModifierNotCompiled,0,0,0,0,0,0,0,0,ModifierNotCompiled,0,0,0,0,FootPlacementEffectorTarget,FootGrounding,true,0.8821313,false,0.01413974,1,1.234998,0.009574813,-97698,-1.921584,0,11.43432,9.536741E-06,1,0,0.02397041,0,0.02397041,0,-1.921584,0.08615105,11.43432,-1.911277,0.005648755,11.43437,-1.838155,0.0144408,11.46523,0.005648853,0.01444159,0,1,1,1,1,-0.009999232,0.02390045,0.0295493,0,0.0295493,0.03632062,0.02390045,true,9.536741E-06,1,0,1.324064E-06,1,3.536068E-18,0.0002565723,-1.217362E-17,-1.738571E-16,9.536741E-06,1,0,true,0.1850943,0.07615182,-0.09201041,0.1850943,0.07615182,-0.09201041,0.1850943,0.07615182,-0.09201041,0.1850942,0.07615191,-0.09201032,1.299053E-07,0
2234,314,2234,1,2235,0,2235,false,rootmotion.finalik.full-body-biped-ik/indexed-pose-backend,None,true,true,1,lyra-5.7/ABP_Mannequin_Base/CR_Mannequin_FootPlant,unreal-engine-5.7/SpringInterpV2/FMath.SpringDamper,corin.animation-rig,87731f0d0ca14844bbf861368b9847b3,corin.foot-placement,6d6118d2f41a5948ddd18dc6d88083c8c5bf77a4682a4ec3fce5d2ec6af01624,298b6781705cafb383942fcc3f3b1f6e0800ead13829aedd29916feeb5d1f702,Corin.FootPlacementRig,2997edf1c34f13f7e2a3033372226eb399379f30c4303fddfe3e97ec1e4bf38d,0,-192572,-0.01434151,-0.01095632,-0.01095632,-0.03790763,-0.01434151,true,0,-0.01095632,0,1,PelvisPreSolveTranslation,FootGrounding,ModifierNotCompiled,-1,-1,-1,0,,,true,-98192,Sphere,CurrentGrounding,0,-1.542696,0.6178656,11.35415,0,0,0,0,-1,0,0.05,1,4608,0.5735765,-1.542696,0.24,11.35415,-1.542696,0.24,11.35415,0,1,0,0.3278656,Swing,None,false,0,0,0,0,0,0,1,0,0,0,0,0,0,1,0,false,false,false,ModifierNotCompiled,0,0,0,0,0,0,0,0,ModifierNotCompiled,0,0,0,0,FootPlacementEffectorTarget,FootGrounding,true,0,false,0.0081304,1,5.38124,0.2095157,-98192,-1.542696,0.24,11.35415,0,1,0,0,0,0,0,-1.542696,0.3356674,11.35415,-1.558729,0.2565722,11.36347,-1.496486,0.24,11.32926,0.01657221,0,0,1,1,1,1,0.2256585,0.2366148,0.09376002,0.1349981,0.2287582,1.622104,0.2366148,true,0,1,0,1.683637E-05,1,8.371519E-16,-0.0005574536,2.373543E-10,-4.101974E-14,0,1,0,true,-0.06946357,0.3213259,0.2218513,-0.06946357,0.3213259,0.2218513,-0.06946357,0.3213259,0.2218513,-0.06946366,0.321326,0.2218514,1.163818E-07,0,true,-97698,Sphere,CurrentGrounding,1,-1.990243,0.6134289,11.32726,0,0,0,0,-1,0,0.05,1,4608,0.5735765,-1.990245,0,11.32726,-1.990245,0,11.32726,3.814697E-05,1,0,0.5634289,Swing,None,false,0,0,0,0,0,0,1,0,0,0,0,0,0,1,0,false,false,false,ModifierNotCompiled,0,0,0,0,0,0,0,0,ModifierNotCompiled,0,0,0,0,FootPlacementEffectorTarget,FootGrounding,true,1,false,-0.005077079,1,2.334674,0.02477212,-97698,-1.990245,0,11.32726,3.814697E-05,1,0,0.005383826,0,0.005383826,0,-1.990243,0.1269843,11.32726,-2.025185,0.05414328,11.33501,-1.95352,0.02251167,11.3139,0.05414195,0.02251307,0,1,1,1,1,-0.01434151,0.00199864,0.02451171,0,0.02451171,-0.2123906,0.00199864,true,3.814697E-05,1,0,2.446436E-05,1,4.866714E-19,0.0004780428,1.791082E-18,-2.395173E-17,3.814697E-05,1,0,true,0.148154,0.1126428,-0.1701479,0.148154,0.1126428,-0.1701479,0.148154,0.1126428,-0.1701479,0.1481539,0.1126429,-0.1701479,9.335551E-08,0
2235,315,2235,1,2236,0,2236,false,rootmotion.finalik.full-body-biped-ik/indexed-pose-backend,None,true,true,1,lyra-5.7/ABP_Mannequin_Base/CR_Mannequin_FootPlant,unreal-engine-5.7/SpringInterpV2/FMath.SpringDamper,corin.animation-rig,87731f0d0ca14844bbf861368b9847b3,corin.foot-placement,6d6118d2f41a5948ddd18dc6d88083c8c5bf77a4682a4ec3fce5d2ec6af01624,298b6781705cafb383942fcc3f3b1f6e0800ead13829aedd29916feeb5d1f702,Corin.FootPlacementRig,2997edf1c34f13f7e2a3033372226eb399379f30c4303fddfe3e97ec1e4bf38d,0,-192572,-0.1262518,-0.03882753,-0.03882753,-0.9860014,-0.1262518,true,0,-0.03882753,0,1,PelvisPreSolveTranslation,FootGrounding,ModifierNotCompiled,-1,-1,-1,0,,,true,-98192,Sphere,CurrentGrounding,0,-1.576437,0.7112788,11.00822,0,0,0,0,-1,0,0.05,1,4608,0.5735765,-1.576437,0.24,11.00822,-1.576437,0.24,11.00822,0,1,0,0.4212788,Swing,None,false,0,0,0,0,0,0,1,0,0,0,0,0,0,1,0,false,false,false,ModifierNotCompiled,0,0,0,0,0,0,0,0,ModifierNotCompiled,0,0,0,0,FootPlacementEffectorTarget,FootGrounding,true,1,false,0.003090348,1,3.242155,0.108343,-98192,-1.576437,0.24,11.00822,0,1,0,0,0,0,0,-1.576437,0.4180391,11.00822,-1.579182,0.3369828,11.00349,-1.547943,0.3398517,10.93754,0.09698281,0.09985176,0,1,1,1,1,0.1137482,0.1525757,0.2455878,0,0.2455878,-0.4175653,0.1525757,true,0,1,0,3.672179E-06,1,1.104693E-16,-0.0001484528,-3.499785E-11,-5.42018E-15,0,1,0,true,-0.04686192,0.2917873,0.2149479,-0.04686192,0.2917873,0.2149479,-0.04686192,0.2917873,0.2149479,-0.04686193,0.2917874,0.2149478,1.378357E-07,0,true,-97698,Sphere,CurrentGrounding,1,-1.975493,0.7382255,11.30658,0,0,0,0,-1,0,0.05,1,4608,0.5735765,-1.975493,0,11.30658,-1.975493,0,11.30658,9.536741E-06,1,0,0.6882254,Swing,None,false,0,0,0,0,0,0,1,0,0,0,0,0,0,1,0,false,false,false,ModifierNotCompiled,0,0,0,0,0,0,0,0,ModifierNotCompiled,0,0,0,0,FootPlacementEffectorTarget,FootGrounding,true,0.5002186,false,0.002021551,1,3.199299,0.1605531,-97698,-1.975493,0,11.30658,9.536741E-06,1,0,0,0,0,0,-1.975493,0.1946859,11.30658,-2.020875,0.1484475,11.35546,-1.992998,0.0855803,11.31256,0.1484471,0.08558014,0,1,1,1,1,-0.1262518,-0.08742426,-0.004711971,0,-0.004711971,-0.9244946,-0.08742426,true,9.536741E-06,1,0,1.806445E-05,1,6.36498E-20,-0.0002749877,-2.640947E-19,-3.13546E-18,9.536741E-06,1,0,true,0.1237164,0.06843413,-0.2532026,0.1237164,0.06843413,-0.2532026,0.1237164,0.06843413,-0.2532026,0.1237164,0.06843425,-0.2532027,1.68752E-07,0
2236,316,2236,1,2237,0,2237,false,rootmotion.finalik.full-body-biped-ik/indexed-pose-backend,None,true,true,1,lyra-5.7/ABP_Mannequin_Base/CR_Mannequin_FootPlant,unreal-engine-5.7/SpringInterpV2/FMath.SpringDamper,corin.animation-rig,87731f0d0ca14844bbf861368b9847b3,corin.foot-placement,6d6118d2f41a5948ddd18dc6d88083c8c5bf77a4682a4ec3fce5d2ec6af01624,298b6781705cafb383942fcc3f3b1f6e0800ead13829aedd29916feeb5d1f702,Corin.FootPlacementRig,2997edf1c34f13f7e2a3033372226eb399379f30c4303fddfe3e97ec1e4bf38d,0,-192572,-0.2461024,-0.1099649,-0.1099649,-1.613623,-0.2461024,true,0,-0.1099649,0,1,PelvisPreSolveTranslation,FootGrounding,ModifierNotCompiled,-1,-1,-1,0,,,true,-98192,Sphere,CurrentGrounding,0,-1.523261,0.8284118,10.97173,0,0,0,0,-1,0,0.05,1,4608,0.5735765,-1.523261,0.2399999,10.97173,-1.523261,0.2399999,10.97173,0,1,0,0.5384118,Swing,None,false,0,0,0,0,0,0,1,0,0,0,0,0,0,1,0,false,false,false,ModifierNotCompiled,0,0,0,0,0,0,0,0,ModifierNotCompiled,0,0,0,0,FootPlacementEffectorTarget,FootGrounding,true,1,false,0.0007266239,1,3.603212,0.006771788,-98192,-1.523261,0.2399999,10.97173,0,1,0,0,0,0,0,-1.523261,0.4243392,10.97173,-1.526941,0.3431961,10.97022,-1.479913,0.3422023,10.91403,0.1031962,0.1022024,0,1,1,1,1,-0.006102428,0.1038625,0.2058924,0,0.2058924,-0.9795211,0.1038625,true,0,1,0,5.399085E-07,1,1.159889E-17,-2.355616E-05,5.088794E-12,-5.698746E-16,0,1,0,true,-0.02352538,0.1782369,0.04068111,-0.02352538,0.1782369,0.04068111,-0.02352538,0.1782369,0.04068111,-0.02352531,0.1782368,0.04068097,1.515168E-07,0,true,-97698,Sphere,CurrentGrounding,1,-1.872826,0.8751753,11.1455,0,0,0,0,-1,0,0.05,1,4608,0.5735765,-1.872825,0,11.1455,-1.872825,0,11.1455,-1.907348E-05,1,0,0.8251753,Swing,None,false,0,0,0,0,0,0,1,0,0,0,0,0,0,1,0,false,false,false,ModifierNotCompiled,0,0,0,0,0,0,0,0,ModifierNotCompiled,0,0,0,0,FootPlacementEffectorTarget,FootGrounding,true,0,false,0.03984859,1,1.933867,0.323448,-97698,-1.872825,0,11.1455,-1.907348E-05,1,0,0,0,0,0,-1.872826,0.2111613,11.1455,-1.938456,0.1987999,11.19162,-1.933064,0.1200657,11.17337,0.1988012,0.1200669,0,1,1,1,1,-0.2461024,-0.1361375,-0.05404906,0,-0.05404906,-0.9755954,-0.1361375,true,-1.907348E-05,1,0,-7.646527E-06,1,6.622291E-21,-0.000416548,3.840017E-20,-3.265338E-19,-1.907348E-05,1,0,true,0.08025097,-0.03494106,-0.3356456,0.08025097,-0.03494106,-0.3356456,0.08025097,-0.03494106,-0.3356456,0.08025107,-0.03494096,-0.3356458,1.856675E-07,0
2237,317,2237,1,2238,0,2238,false,rootmotion.finalik.full-body-biped-ik/indexed-pose-backend,None,true,true,1,lyra-5.7/ABP_Mannequin_Base/CR_Mannequin_FootPlant,unreal-engine-5.7/SpringInterpV2/FMath.SpringDamper,corin.animation-rig,87731f0d0ca14844bbf861368b9847b3,corin.foot-placement,6d6118d2f41a5948ddd18dc6d88083c8c5bf77a4682a4ec3fce5d2ec6af01624,298b6781705cafb383942fcc3f3b1f6e0800ead13829aedd29916feeb5d1f702,Corin.FootPlacementRig,2997edf1c34f13f7e2a3033372226eb399379f30c4303fddfe3e97ec1e4bf38d,0,-192572,-0.3164286,-0.1709362,-0.1709362,-1.694162,-0.3164286,true,0,-0.1709362,0,1,PelvisPreSolveTranslation,FootGrounding,ModifierNotCompiled,-1,-1,-1,0,,,true,-98182,Sphere,CurrentGrounding,0,-1.475131,0.897894,10.91011,0,0,0,0,-1,0,0.05,1,4608,0.5735765,-1.475131,0.48,10.885,-1.475131,0.48,10.885,-1.490115E-07,0.8647255,0.5022449,0.3746577,Swing,None,false,0,0,0,0,0,0,1,0,0,0,0,0,0,1,0,false,false,false,ModifierNotCompiled,0,0,0,0,0,0,0,0,ModifierNotCompiled,0,0,0,0,FootPlacementEffectorTarget,FootGrounding,true,0.4327325,false,-0.002961577,1,3.617901,0.1446293,-98182,-1.475131,0.48,10.885,-1.490115E-07,0.8647254,0.5022449,0.001144138,0,0.001144138,0,-1.475131,0.5769619,10.91011,-1.479949,0.4986054,10.88921,-1.438707,0.5120048,10.8299,0.01820084,-1.953226E-08,1.953226E-08,1,1,1,1,0.1635714,0.3356518,0.2181807,0.1318235,0.3500041,1.238489,0.3356518,true,-1.490115E-07,0.8647255,0.5022449,4.07697E-08,0.9635615,0.2674869,-7.54615E-06,-2.121993,7.878492,-1.490115E-07,0.8647254,0.5022449,true,-0.007749956,0.2605333,-0.08469359,-0.007749956,0.2605333,-0.08469359,-0.007749956,0.2605333,-0.08469359,-0.007749937,0.2605333,-0.08469358,6.289014E-08,0,true,-97698,Sphere,CurrentGrounding,1,-1.655349,0.999381,10.99697,0,0,0,0,-1,0,0.05,1,4608,0.5735765,-1.655351,0,10.99697,-1.655351,0,10.99697,2.861026E-05,1,0,0.9493811,Swing,None,false,0,0,0,0,0,0,1,0,0,0,0,0,0,1,0,false,false,false,ModifierNotCompiled,0,0,0,0,0,0,0,0,ModifierNotCompiled,0,0,0,0,FootPlacementEffectorTarget,FootGrounding,true,0,false,0.1185483,1,3.230508,0.4738495,-97698,-1.655351,0,10.99697,2.861026E-05,1,0,0,0,0,0,-1.655349,0.2437696,10.99697,-1.710769,0.2572562,11.05471,-1.730218,0.1792239,11.05337,0.2572546,0.1792217,0,1,1,1,1,-0.3164286,-0.1454924,-0.08467515,0,-0.08467515,-0.7374945,-0.1454924,true,2.861026E-05,1,0,8.413151E-06,1,1.189346E-21,0.0006264024,-5.315332E-21,-5.868229E-20,2.861026E-05,1,0,true,0.0694193,-0.07265896,-0.2692696,0.0694193,-0.07265896,-0.2692696,0.0694193,-0.07265896,-0.2692696,0.0694193,-0.072659,-0.2692694,1.555727E-07,0
2238,318,2238,1,2239,0,2239,false,rootmotion.finalik.full-body-biped-ik/indexed-pose-backend,None,true,true,1,lyra-5.7/ABP_Mannequin_Base/CR_Mannequin_FootPlant,unreal-engine-5.7/SpringInterpV2/FMath.SpringDamper,corin.animation-rig,87731f0d0ca14844bbf861368b9847b3,corin.foot-placement,6d6118d2f41a5948ddd18dc6d88083c8c5bf77a4682a4ec3fce5d2ec6af01624,298b6781705cafb383942fcc3f3b1f6e0800ead13829aedd29916feeb5d1f702,Corin.FootPlacementRig,2997edf1c34f13f7e2a3033372226eb399379f30c4303fddfe3e97ec1e4bf38d,0,-192572,0.0739761,-0.1458512,-0.1458512,2.231792,0.0739761,true,0,-0.1458512,0,1,PelvisPreSolveTranslation,FootGrounding,ModifierNotCompiled,-1,-1,-1,0,,,true,-98182,Sphere,CurrentGrounding,0,-1.419954,0.9885792,10.84869,0,0,0,0,-1,0,0.05,1,4608,0.5735765,-1.419954,0.48,10.84869,-1.419954,0.48,10.84869,0,1,0,0.4585792,Swing,None,false,0,0,0,0,0,0,1,0,0,0,0,0,0,1,0,false,false,false,ModifierNotCompiled,0,0,0,0,0,0,0,0,ModifierNotCompiled,0,0,0,0,FootPlacementEffectorTarget,FootGrounding,true,0.07674104,false,-0.01069858,1,3.571411,0.07819256,-98182,-1.419954,0.48,10.84869,0,1,0,0.01144931,0,0.01144931,0,-1.419954,0.6960697,10.84869,-1.428695,0.615301,10.84879,-1.406012,0.6128863,10.77875,0.135301,0.1328863,0,1,1,1,1,0.07397613,0.2312766,0.3533418,0,0.3533418,-0.6907098,0.2312766,true,0,1,0,-2.80863E-08,0.9849986,0.1725625,4.733253E-07,1.36129,-5.054169,0,1,0,true,0.004508772,0.2900459,-0.2082748,0.004508772,0.2900459,-0.2082748,0.004508772,0.2900459,-0.2082748,0.004508812,0.290046,-0.2082748,1.256086E-07,0,true,-98182,Sphere,CurrentGrounding,1,-1.457157,1.144671,10.7867,0,0,0,0,-1,0,0.05,1,4608,0.5735765,-1.457157,0.48,10.7867,-1.457157,0.48,10.7867,0,1,0,0.6146714,Swing,None,false,0,0,0,0,0,0,1,0,0,0,0,0,0,1,0,false,false,false,ModifierNotCompiled,0,0,0,0,0,0,0,0,ModifierNotCompiled,0,0,0,0,FootPlacementEffectorTarget,FootGrounding,true,0,false,0.1801608,1,2.772736,0.1451761,-98182,-1.457157,0.48,10.7867,0,1,0,0,0,0,0,-1.457157,0.5373072,10.7867,-1.492222,0.5556237,10.85756,-1.516262,0.48,10.866,0.07562375,0,0,1,1,1,1,0.0739761,0.2198273,-0.03465777,0.0731447,0.03848693,2.668514,0.2198273,true,0,1,0,7.67836E-06,1,1.979128E-22,-0.0002172032,7.557491E-22,-9.771152E-21,0,1,0,true,0.06516961,0.1312833,-0.1689468,0.06516961,0.1312833,-0.1689468,0.06516961,0.1312833,-0.1689468,0.06516965,0.1312834,-0.1689468,8.688795E-08,0
2239,319,2239,1,2240,0,2240,false,rootmotion.finalik.full-body-biped-ik/indexed-pose-backend,None,true,true,1,lyra-5.7/ABP_Mannequin_Base/CR_Mannequin_FootPlant,unreal-engine-5.7/SpringInterpV2/FMath.SpringDamper,corin.animation-rig,87731f0d0ca14844bbf861368b9847b3,corin.foot-placement,6d6118d2f41a5948ddd18dc6d88083c8c5bf77a4682a4ec3fce5d2ec6af01624,298b6781705cafb383942fcc3f3b1f6e0800ead13829aedd29916feeb5d1f702,Corin.FootPlacementRig,2997edf1c34f13f7e2a3033372226eb399379f30c4303fddfe3e97ec1e4bf38d,0,-192572,-0.02073008,-0.09320699,-0.09320699,0.8357563,-0.02073008,true,0,-0.09320699,0,1,PelvisPreSolveTranslation,FootGrounding,ModifierNotCompiled,-1,-1,-1,0,,,true,-98182,Sphere,CurrentGrounding,0,-1.35029,1.116396,10.7674,0,0,0,0,-1,0,0.05,1,4608,0.5735765,-1.35029,0.48,10.7674,-1.35029,0.48,10.7674,0,1,0,0.5863956,Swing,None,false,0,0,0,0,0,0,1,0,0,0,0,0,0,1,0,false,false,false,ModifierNotCompiled,0,0,0,0,0,0,0,0,ModifierNotCompiled,0,0,0,0,FootPlacementEffectorTarget,FootGrounding,true,0,false,0.007453028,1,4.059319,0.0480029,-98182,-1.35029,0.48,10.7674,0,1,0,0,0,0,0,-1.35029,0.8179013,10.7674,-1.359432,0.7470815,10.80614,-1.353647,0.7111162,10.74094,0.2670816,0.2311162,0,1,1,1,1,-0.02073008,0.07247692,0.2947126,0,0.2947126,-2.154131,0.07247692,true,0,1,0,-1.017086E-08,0.9987897,0.04918446,3.550631E-07,0.5064753,-1.88043,0,1,0,true,0.003264623,0.3171712,-0.3042273,0.003264623,0.3171712,-0.3042273,0.003264623,0.3171712,-0.3042273,0.003264621,0.3171713,-0.3042273,8.944365E-08,0,true,-98182,Sphere,CurrentGrounding,1,-1.347005,1.270362,10.53171,0,0,0,0,-1,0,0.05,1,4608,0.5735765,-1.347005,0.48,10.53171,-1.347005,0.48,10.53171,0,1,0,0.7403621,Swing,None,false,0,0,0,0,0,0,1,0,0,0,0,0,0,1,0,false,false,false,ModifierNotCompiled,0,0,0,0,0,0,0,0,ModifierNotCompiled,0,0,0,0,FootPlacementEffectorTarget,FootGrounding,true,0,false,0.1814447,1,2.817861,0.24031,-98182,-1.347005,0.48,10.53171,0,1,0,0,0,0,0,-1.347005,0.7627767,10.53171,-1.376103,0.7512668,10.60659,-1.389091,0.674182,10.59036,0.2712669,0.194182,0,1,1,1,1,-0.02073008,0.07247692,0.08562148,0,0.08562148,0.2914065,0.07247692,true,0,1,0,2.321017E-06,1,3.426271E-23,-8.837717E-05,-1.06028E-22,-1.692554E-21,0,1,0,true,0.06389455,0.2620466,-0.07644232,0.06389455,0.2620466,-0.07644232,0.06389455,0.2620466,-0.07644232,0.0638945,0.2620466,-0.07644236,6.409232E-08,0
2240,320,2240,1,2241,0,2241,false,rootmotion.finalik.full-body-biped-ik/indexed-pose-backend,None,true,true,1,lyra-5.7/ABP_Mannequin_Base/CR_Mannequin_FootPlant,unreal-engine-5.7/SpringInterpV2/FMath.SpringDamper,corin.animation-rig,87731f0d0ca14844bbf861368b9847b3,corin.foot-placement,6d6118d2f41a5948ddd18dc6d88083c8c5bf77a4682a4ec3fce5d2ec6af01624,298b6781705cafb383942fcc3f3b1f6e0800ead13829aedd29916feeb5d1f702,Corin.FootPlacementRig,2997edf1c34f13f7e2a3033372226eb399379f30c4303fddfe3e97ec1e4bf38d,0,-192572,-0.1016213,-0.08376577,-0.08376577,-0.08566601,-0.1016213,true,0,-0.08376577,0,1,PelvisPreSolveTranslation,FootGrounding,ModifierNotCompiled,-1,-1,-1,0,,,true,-98182,Sphere,CurrentGrounding,0,-1.315152,1.219565,10.69989,0,0,0,0,-1,0,0.05,1,4608,0.5735765,-1.315152,0.48,10.69989,-1.315152,0.48,10.69989,0,1,0,0.6895646,Swing,None,false,0,0,0,0,0,0,1,0,0,0,0,0,0,1,0,false,false,false,ModifierNotCompiled,0,0,0,0,0,0,0,0,ModifierNotCompiled,0,0,0,0,FootPlacementEffectorTarget,FootGrounding,true,0,false,0.0303552,1,3.839975,0.1609632,-98182,-1.315152,0.48,10.69989,0,1,0,0,0,0,0,-1.315152,0.8569367,10.69989,-1.326324,0.8069233,10.76293,-1.326344,0.7485837,10.71606,0.3269233,0.2685837,0,1,1,1,1,-0.1016213,-0.0178555,0.2211378,0,0.2211378,-2.501724,-0.0178555,true,0,1,0,-3.22239E-09,0.9998951,0.01448107,1.284758E-07,0.1621193,-0.6019139,0,1,0,true,0.0002624385,0.2753155,-0.395232,0.0002624385,0.2753155,-0.395232,0.0002624385,0.2753155,-0.395232,0.0002623796,0.2753156,-0.395232,1.070519E-07,0,true,-98172,Sphere,CurrentGrounding,1,-1.290489,1.363775,10.31773,0,0,0,0,-1,0,0.05,1,4608,0.5735765,-1.290489,0.7199999,10.31773,-1.290489,0.7199999,10.31773,0,1,0,0.5937747,Swing,None,false,0,0,0,0,0,0,1,0,0,0,0,0,0,1,0,false,false,false,ModifierNotCompiled,0,0,0,0,0,0,0,0,ModifierNotCompiled,0,0,0,0,FootPlacementEffectorTarget,FootGrounding,true,0,false,0.1765518,1,2.935294,0.07447278,-98172,-1.290489,0.7199999,10.31773,0,1,0,0,0,0,0,-1.290489,0.8932015,10.31773,-1.318571,0.8592664,10.3859,-1.323833,0.7885326,10.34925,0.1392665,0.06853271,0,1,1,1,1,0.1383787,0.2221445,0.1131926,0,0.1131926,1.312539,0.2221445,true,0,1,0,6.98569E-07,1,7.706317E-24,-2.89156E-05,1.256991E-23,-3.808594E-22,0,1,0,true,0.06151091,0.3115802,-0.01721412,0.06151091,0.3115802,-0.01721412,0.06151091,0.3115802,-0.01721412,0.06151082,0.3115803,-0.01721406,1.195E-07,0
2241,321,2241,1,2242,0,2242,false,rootmotion.finalik.full-body-biped-ik/indexed-pose-backend,None,true,true,1,lyra-5.7/ABP_Mannequin_Base/CR_Mannequin_FootPlant,unreal-engine-5.7/SpringInterpV2/FMath.SpringDamper,corin.animation-rig,87731f0d0ca14844bbf861368b9847b3,corin.foot-placement,6d6118d2f41a5948ddd18dc6d88083c8c5bf77a4682a4ec3fce5d2ec6af01624,298b6781705cafb383942fcc3f3b1f6e0800ead13829aedd29916feeb5d1f702,Corin.FootPlacementRig,2997edf1c34f13f7e2a3033372226eb399379f30c4303fddfe3e97ec1e4bf38d,0,-192572,-0.219152,-0.1169809,-0.1169809,-1.118968,-0.219152,true,0,-0.1169809,0,1,PelvisPreSolveTranslation,FootGrounding,ModifierNotCompiled,-1,-1,-1,0,,,true,-98182,Sphere,CurrentGrounding,0,-1.266854,1.441315,10.57395,0,0,0,0,-1,0,0.05,1,4608,0.5735765,-1.266854,0.4800001,10.57395,-1.266854,0.4800001,10.57395,0,1,0,0.9113147,Swing,None,false,0,0,0,0,0,0,1,0,0,0,0,0,0,1,0,false,false,false,ModifierNotCompiled,0,0,0,0,0,0,0,0,ModifierNotCompiled,0,0,0,0,FootPlacementEffectorTarget,FootGrounding,true,0,false,0.152654,1,3.877411,0.4069496,-98182,-1.266854,0.4800001,10.57395,0,1,0,0,0,0,0,-1.266854,0.9328715,10.57395,-1.285277,0.9122363,10.65034,-1.288641,0.8444573,10.6306,0.4322363,0.3644572,0,1,1,1,1,-0.219152,-0.1021711,0.1085377,0,0.1085377,-2.40609,-0.1021711,true,0,1,0,-5.6243E-10,0.9999971,0.002396499,2.429064E-08,0.02842525,-0.1055375,0,1,0,true,-0.007766013,0.2337194,-0.5002421,-0.007766013,0.2337194,-0.5002421,-0.007766013,0.2337194,-0.5002421,-0.007766061,0.2337194,-0.5002422,1.315714E-07,0,true,-98172,Sphere,CurrentGrounding,1,-1.207243,1.400743,9.968815,0,0,0,0,-1,0,0.05,1,4608,0.5735765,-1.207243,0.7199999,9.968815,-1.207243,0.7199999,9.968815,0,1,0,0.6307434,Swing,None,false,0,0,0,0,0,0,1,0,0,0,0,0,0,1,0,false,false,false,ModifierNotCompiled,0,0,0,0,0,0,0,0,ModifierNotCompiled,0,0,0,0,FootPlacementEffectorTarget,FootGrounding,true,0,false,0.09107066,1,4.684637,0.09822512,-98172,-1.207243,0.7199999,9.968815,0,1,0,0,0,0,0,-1.207243,0.9222471,9.968815,-1.231121,0.8694962,10.02568,-1.228183,0.8099613,9.97257,0.1494963,0.08996141,0,1,1,1,1,0.0208478,0.1378287,0.1384847,0,0.1384847,0.06956778,0.1378287,true,0,1,0,1.172033E-07,1,9.630824E-25,-5.144539E-06,-1.853943E-24,-4.762643E-23,0,1,0,true,0.04731551,0.223095,0.1053239,0.04731551,0.223095,0.1053239,0.04731551,0.223095,0.1053239,0.04731549,0.223095,0.1053239,5.686409E-08,0
2242,322,2242,1,2243,0,2243,false,rootmotion.finalik.full-body-biped-ik/indexed-pose-backend,None,true,true,1,lyra-5.7/ABP_Mannequin_Base/CR_Mannequin_FootPlant,unreal-engine-5.7/SpringInterpV2/FMath.SpringDamper,corin.animation-rig,87731f0d0ca14844bbf861368b9847b3,corin.foot-placement,6d6118d2f41a5948ddd18dc6d88083c8c5bf77a4682a4ec3fce5d2ec6af01624,298b6781705cafb383942fcc3f3b1f6e0800ead13829aedd29916feeb5d1f702,Corin.FootPlacementRig,2997edf1c34f13f7e2a3033372226eb399379f30c4303fddfe3e97ec1e4bf38d,0,-192572,-0.1065108,-0.1299707,-0.1299707,0.259838,-0.1065108,true,0,-0.1299707,0,1,PelvisPreSolveTranslation,FootGrounding,ModifierNotCompiled,-1,-1,-1,0,,,true,-98172,Sphere,CurrentGrounding,0,-1.227667,1.691558,10.39349,0,0,0,0,-1,0,0.05,1,4608,0.5735765,-1.227667,0.72,10.39349,-1.227667,0.72,10.39349,0,1,0,0.9215577,Swing,None,false,0,0,0,0,0,0,1,0,0,0,0,0,0,1,0,false,false,false,ModifierNotCompiled,0,0,0,0,0,0,0,0,ModifierNotCompiled,0,0,0,0,FootPlacementEffectorTarget,FootGrounding,true,0,false,0.2896831,1,3.034117,0.4302773,-98172,-1.227667,0.72,10.39349,0,1,0,0,0,0,0,-1.227667,1.112797,10.39349,-1.242663,1.105858,10.47303,-1.259904,1.037175,10.4635,0.3858576,0.3171754,0,1,1,1,1,-0.1065108,0.0234599,0.05120974,0,0.05120974,-0.3859982,0.0234599,true,0,1,0,-7.878182E-11,0.9999999,0.0003255097,3.543987E-09,0.003986822,-0.01480288,0,1,0,true,0.009367118,0.286286,-0.571672,0.009367118,0.286286,-0.571672,0.009367118,0.286286,-0.571672,0.009367175,0.2862861,-0.571672,8.298706E-08,0,true,-98162,Sphere,CurrentGrounding,1,-1.154032,1.485034,9.599955,0,0,0,0,-1,0,0.05,1,4608,0.5735765,-1.154032,0.9599999,9.599955,-1.154032,0.9599999,9.599955,0,1,0,0.4750342,Swing,None,false,0,0,0,0,0,0,1,0,0,0,0,0,0,1,0,false,false,false,ModifierNotCompiled,0,0,0,0,0,0,0,0,ModifierNotCompiled,0,0,0,0,FootPlacementEffectorTarget,FootGrounding,true,0,false,0.05049504,1,2.273034,0.06472313,-98162,-1.154032,0.9599999,9.599955,0,1,0,0,0,0,0,-1.154032,1.068513,9.599955,-1.171466,0.997512,9.635193,-1.162961,0.9599999,9.565231,0.03751206,0,0,1,1,1,1,0.1334891,0.2634598,0.1732937,0.04015613,0.2134499,1.076564,0.2634598,true,0,1,0,1.60292E-08,1,1.049569E-25,-7.273717E-07,2.713454E-25,-5.19352E-24,0,1,0,true,0.04142369,0.2420026,0.2246294,0.04142369,0.2420026,0.2246294,0.04142369,0.2420026,0.2246294,0.04142372,0.2420026,0.2246294,7.300049E-08,0
2243,323,2243,1,2244,0,2244,false,rootmotion.finalik.full-body-biped-ik/indexed-pose-backend,None,true,true,1,lyra-5.7/ABP_Mannequin_Base/CR_Mannequin_FootPlant,unreal-engine-5.7/SpringInterpV2/FMath.SpringDamper,corin.animation-rig,87731f0d0ca14844bbf861368b9847b3,corin.foot-placement,6d6118d2f41a5948ddd18dc6d88083c8c5bf77a4682a4ec3fce5d2ec6af01624,298b6781705cafb383942fcc3f3b1f6e0800ead13829aedd29916feeb5d1f702,Corin.FootPlacementRig,2997edf1c34f13f7e2a3033372226eb399379f30c4303fddfe3e97ec1e4bf38d,0,-192572,0,-0.1008923,-0.1008923,1.098315,0,true,0,-0.1008923,0,1,PelvisPreSolveTranslation,FootGrounding,ModifierNotCompiled,-1,-1,-1,0,,,false,0,Sphere,CurrentGrounding,0,-1.179537,1.88743,10.1826,0,0,0,0,-1,0,0.05,1,4608,0.5735765,0,0,0,0,0,0,0,1,0,0,Swing,None,false,0,0,0,0,0,0,1,0,0,0,0,0,0,1,0,false,false,false,ModifierNotCompiled,0,0,0,0,0,0,0,0,ModifierNotCompiled,0,0,0,0,FootPlacementEffectorTarget,FootGrounding,true,0,false,0.3927858,1,2.580676,Infinity,0,0,0,0,0,0,0,0,0,0,0,-1.179537,1.341735,10.1826,-1.190207,1.34201,10.26314,-1.216265,1.274907,10.25977,0,0,0,1,1,1,1,0,0.1008923,0.05519702,0,0.05519702,0.4359628,0.1008923,true,0,1,0,-1.535051E-11,1,6.24564E-05,7.038775E-10,0.0007774452,-0.002885627,0,1,0,true,0.00976797,0.4153759,-0.5558535,0.00976797,0.4153759,-0.5558535,0.00976797,0.4153759,-0.5558535,0.009767929,0.4153759,-0.5558534,1.295309E-07,0,true,-98152,Sphere,CurrentGrounding,1,-1.129398,1.566076,9.336679,0,0,0,0,-1,0,0.05,1,4608,0.5735765,-1.129398,1.2,9.336679,-1.129398,1.2,9.336679,0,1,0,0.316076,Swing,None,false,0,0,0,0,0,0,1,0,0,0,0,0,0,1,0,false,false,false,ModifierNotCompiled,0,0,0,0,0,0,0,0,ModifierNotCompiled,0,0,0,0,FootPlacementEffectorTarget,FootGrounding,true,0.499,false,0.0453918,1,3.181082,0.2213374,-98152,-1.129398,1.2,9.336679,0,1,0,0,0,0,0,-1.129398,1.295764,9.336679,-1.139989,1.216701,9.351637,-1.129229,1.2,9.274311,0.01670098,0,0,1,1,1,1,0.2736407,0.374533,0.2634611,0.067119,0.3305801,1.4628,0.374533,true,0,1,0,3.085693E-09,1,1.759472E-26,-1.423422E-07,-3.843265E-26,-8.710192E-25,0,1,0,true,0.03324056,0.3694046,0.2912285,0.03324056,0.3694046,0.2912285,0.03324056,0.3694046,0.2912285,0.03324061,0.3694047,0.2912285,7.679883E-08,0
2244,324,2244,1,2245,0,2245,false,rootmotion.finalik.full-body-biped-ik/indexed-pose-backend,None,true,true,1,lyra-5.7/ABP_Mannequin_Base/CR_Mannequin_FootPlant,unreal-engine-5.7/SpringInterpV2/FMath.SpringDamper,corin.animation-rig,87731f0d0ca14844bbf861368b9847b3,corin.foot-placement,6d6118d2f41a5948ddd18dc6d88083c8c5bf77a4682a4ec3fce5d2ec6af01624,298b6781705cafb383942fcc3f3b1f6e0800ead13829aedd29916feeb5d1f702,Corin.FootPlacementRig,2997edf1c34f13f7e2a3033372226eb399379f30c4303fddfe3e97ec1e4bf38d,0,-192572,0,-0.06445001,-0.06445001,0.751501,0,true,0,-0.06445001,0,1,PelvisPreSolveTranslation,FootGrounding,ModifierNotCompiled,-1,-1,-1,0,,,false,0,Sphere,CurrentGrounding,0,-1.130456,2.034948,9.882671,0,0,0,0,-1,0,0.05,1,4608,0.5735765,0,0,0,0,0,0,0,1,0,0,Swing,None,false,0,0,0,0,0,0,1,0,0,0,0,0,0,1,0,false,false,false,ModifierNotCompiled,0,0,0,0,0,0,0,0,ModifierNotCompiled,0,0,0,0,FootPlacementEffectorTarget,FootGrounding,true,0,false,0.4604499,1,2.283969,Infinity,0,0,0,0,0,0,0,0,0,0,0,-1.130456,1.533134,9.882671,-1.143028,1.562246,9.957466,-1.158114,1.494943,9.981045,0,0,0,1,1,1,1,0,0.06445001,0.06263651,0,0.06263651,0.01389622,0.06445001,true,0,1,0,-2.637351E-12,1,1.060428E-05,1.226663E-10,0.0001333458,-0.0004959269,0,1,0,true,-0.004257336,0.4999833,-0.4657279,-0.004257336,0.4999833,-0.4657279,-0.004257336,0.4999833,-0.4657279,-0.004257359,0.4999833,-0.4657279,4.770699E-08,0,true,-98152,Sphere,CurrentGrounding,1,-1.09614,1.636465,9.069992,0,0,0,0,-1,0,0.05,1,4608,0.5735765,-1.09614,1.2,9.069992,-1.09614,1.2,9.069992,0,1,0,0.3864652,Swing,None,false,0,0,0,0,0,0,1,0,0,0,0,0,0,1,0,false,false,false,ModifierNotCompiled,0,0,0,0,0,0,0,0,ModifierNotCompiled,0,0,0,0,FootPlacementEffectorTarget,FootGrounding,true,0,false,0.03113188,1,0.880843,0.1155995,-98152,-1.09614,1.2,9.069992,0,1,0,0,0,0,0,-1.09614,1.408916,9.069992,-1.088805,1.337846,9.031494,-1.076993,1.375855,8.962284,0.1378464,0.1758555,0,1,1,1,1,0.166849,0.231299,0.3369005,0,0.3369005,-0.7079785,0.231299,true,0,1,0,5.252295E-10,1,2.650462E-27,-2.453482E-08,5.585164E-27,-1.312691E-25,0,1,0,true,0.009361814,0.3757646,0.3475615,0.009361814,0.3757646,0.3475615,0.009361814,0.3757646,0.3475615,0.009361784,0.3757645,0.3475615,1.228781E-07,0
2245,325,2245,1,2246,0,2246,false,rootmotion.finalik.full-body-biped-ik/indexed-pose-backend,None,true,true,1,lyra-5.7/ABP_Mannequin_Base/CR_Mannequin_FootPlant,unreal-engine-5.7/SpringInterpV2/FMath.SpringDamper,corin.animation-rig,87731f0d0ca14844bbf861368b9847b3,corin.foot-placement,6d6118d2f41a5948ddd18dc6d88083c8c5bf77a4682a4ec3fce5d2ec6af01624,298b6781705cafb383942fcc3f3b1f6e0800ead13829aedd29916feeb5d1f702,Corin.FootPlacementRig,2997edf1c34f13f7e2a3033372226eb399379f30c4303fddfe3e97ec1e4bf38d,0,-192572,0,-0.04178361,-0.04178361,0.5088847,0,true,0,-0.04178361,0,1,PelvisPreSolveTranslation,FootGrounding,ModifierNotCompiled,-1,-1,-1,0,,,false,0,Sphere,CurrentGrounding,0,-1.103614,2.132895,9.642235,0,0,0,0,-1,0,0.05,1,4608,0.5735765,0,0,0,0,0,0,0,1,0,0,Swing,None,false,0,0,0,0,0,0,1,0,0,0,0,0,0,1,0,false,false,false,ModifierNotCompiled,0,0,0,0,0,0,0,0,ModifierNotCompiled,0,0,0,0,FootPlacementEffectorTarget,FootGrounding,true,0,false,0.4748422,1,2.218487,Infinity,0,0,0,0,0,0,0,0,0,0,0,-1.103614,1.649907,9.642235,-1.116709,1.684175,9.714722,-1.120861,1.618006,9.745169,0,0,0,1,1,1,1,0,0.04178361,0.05879521,0,0.05879521,-0.1827539,0.04178361,true,0,1,0,-5.07373E-13,1,2.023387E-06,2.382714E-11,2.580941E-05,-9.542553E-05,0,1,0,true,-0.01372385,0.5188744,-0.4190347,-0.01372385,0.5188744,-0.4190347,-0.01372385,0.5188744,-0.4190347,-0.01372391,0.5188744,-0.4190346,1.044577E-07,0,true,-98142,Sphere,CurrentGrounding,1,-1.090854,1.712592,8.94446,0,0,0,0,-1,0,0.05,1,4608,0.5735765,-1.090854,1.44,8.94446,-1.090854,1.44,8.94446,0,1,0,0.2225925,Swing,None,false,0,0,0,0,0,0,1,0,0,0,0,0,0,1,0,false,false,false,ModifierNotCompiled,0,0,0,0,0,0,0,0,ModifierNotCompiled,0,0,0,0,FootPlacementEffectorTarget,FootGrounding,true,0.1827832,false,-0.001476181,1,5.335463,0.3071684,-98142,-1.090854,1.44,8.94446,0,1,0,0,0,0,0,-1.090854,1.5209,8.94446,-1.084684,1.44,8.942446,-1.072468,1.442278,8.863581,0,0.002277613,0,1,1,1,1,0.3089677,0.3507513,0.3333265,0.01676428,0.3500908,0.322529,0.3507513,true,0,1,0,1.003938E-10,1,4.60748E-28,-4.73042E-09,-7.807972E-28,-2.28283E-26,0,1,0,true,0.005934285,0.3898673,0.2785799,0.005934285,0.3898673,0.2785799,0.005934285,0.3898673,0.2785799,0.005934313,0.3898672,0.2785798,1.760822E-07,0
2246,326,2246,1,2247,0,2247,false,rootmotion.finalik.full-body-biped-ik/indexed-pose-backend,None,true,true,1,lyra-5.7/ABP_Mannequin_Base/CR_Mannequin_FootPlant,unreal-engine-5.7/SpringInterpV2/FMath.SpringDamper,corin.animation-rig,87731f0d0ca14844bbf861368b9847b3,corin.foot-placement,6d6118d2f41a5948ddd18dc6d88083c8c5bf77a4682a4ec3fce5d2ec6af01624,298b6781705cafb383942fcc3f3b1f6e0800ead13829aedd29916feeb5d1f702,Corin.FootPlacementRig,2997edf1c34f13f7e2a3033372226eb399379f30c4303fddfe3e97ec1e4bf38d,0,-192572,-0.009325147,-0.03053977,-0.03053977,0.2855959,-0.009325147,true,0,-0.03053977,0,1,PelvisPreSolveTranslation,FootGrounding,ModifierNotCompiled,-1,-1,-1,0,,,true,-98152,Sphere,CurrentGrounding,0,-1.05611,2.202215,9.40177,0,0,0,0,-1,0,0.05,1,4608,0.5735765,-1.05611,1.2,9.40177,-1.05611,1.2,9.40177,0,1,0,0.9522154,Swing,None,false,0,0,0,0,0,0,1,0,0,0,0,0,0,1,0,false,false,false,ModifierNotCompiled,0,0,0,0,0,0,0,0,ModifierNotCompiled,0,0,0,0,FootPlacementEffectorTarget,FootGrounding,true,0,false,0.4863891,1,4.387151,0.5282137,-98152,-1.05611,1.2,9.40177,0,1,0,0,0,0,0,-1.05611,1.722816,9.40177,-1.057936,1.776285,9.462908,-1.057098,1.721344,9.510881,0.576285,0.5213439,0,1,1,1,1,-0.009325147,0.02121462,0.05114046,0,0.05114046,-0.3155653,0.02121462,true,0,1,0,-1.313145E-13,1,5.209081E-07,6.204767E-12,6.493117E-06,-2.47005E-05,0,1,0,true,-0.05162248,0.5134908,-0.3319874,-0.05162248,0.5134908,-0.3319874,-0.05162248,0.5134908,-0.3319874,-0.05162252,0.5134908,-0.3319873,4.770699E-08,0,true,-98142,Sphere,CurrentGrounding,1,-1.069579,1.788415,8.964867,0,0,0,0,-1,0,0.05,1,4608,0.5735765,-1.069579,1.44,8.964867,-1.069579,1.44,8.964867,0,1,0,0.298415,Swing,None,false,0,0,0,0,0,0,1,0,0,0,0,0,0,1,0,false,false,false,ModifierNotCompiled,0,0,0,0,0,0,0,0,ModifierNotCompiled,0,0,0,0,FootPlacementEffectorTarget,FootGrounding,true,0.2302663,false,-0.003687268,1,5.854159,0.2329352,-98142,-1.069579,1.44,8.964867,0,1,0,0.002629161,0,0.002629161,0,-1.069579,1.601376,8.964867,-1.074903,1.520395,8.964125,-1.062163,1.519657,8.885319,0.08039498,0.07965696,0,1,1,1,1,0.2306751,0.263844,0.343501,0,0.343501,-0.6267594,0.263844,true,0,1,0,2.587511E-11,1,1.110762E-28,-1.226023E-09,8.494886E-29,-5.505034E-27,0,1,0,true,-0.0141713,0.3920512,0.1035159,-0.0141713,0.3920512,0.1035159,-0.0141713,0.3920512,0.1035159,-0.01417133,0.3920512,0.1035159,7.262525E-08,0
2247,327,2247,1,2248,0,2248,false,rootmotion.finalik.full-body-biped-ik/indexed-pose-backend,None,true,true,1,lyra-5.7/ABP_Mannequin_Base/CR_Mannequin_FootPlant,unreal-engine-5.7/SpringInterpV2/FMath.SpringDamper,corin.animation-rig,87731f0d0ca14844bbf861368b9847b3,corin.foot-placement,6d6118d2f41a5948ddd18dc6d88083c8c5bf77a4682a4ec3fce5d2ec6af01624,298b6781705cafb383942fcc3f3b1f6e0800ead13829aedd29916feeb5d1f702,Corin.FootPlacementRig,2997edf1c34f13f7e2a3033372226eb399379f30c4303fddfe3e97ec1e4bf38d,0,-192572,0.1144789,0.008104437,0.008104437,1.2252,0.1144789,true,0,0.008104437,0,1,PelvisPreSolveTranslation,FootGrounding,ModifierNotCompiled,-1,-1,-1,0,,,true,-98142,Sphere,CurrentGrounding,0,-1.017251,2.200076,8.994244,0,0,0,0,-1,0,0.05,1,4608,0.5735765,-1.017251,1.44,8.965,-1.017251,1.44,8.965,0,0.8111267,0.5848704,0.7195193,Swing,None,false,0,0,0,0,0,0,1,0,0,0,0,0,0,1,0,false,false,false,ModifierNotCompiled,0,0,0,0,0,0,0,0,ModifierNotCompiled,0,0,0,0,FootPlacementEffectorTarget,FootGrounding,true,0,false,0.3284969,1,4.733179,0.2688694,-98142,-1.017251,1.44,8.965,0,0.8111268,0.5848705,0,0,0,0,-1.017251,1.768069,8.994244,-1.005491,1.759604,9.074181,-1.015656,1.68765,9.06798,0.3230962,0.2611052,0,1,1,1,1,0.1144789,0.1063745,0.05988927,0,0.05988927,0.5185881,0.1063745,true,0,0.8111267,0.5848704,-1.958747E-14,0.9296235,0.3685106,8.890991E-13,-2.59453,8.034296,0,0.8111268,0.5848705,true,-0.06666173,0.4425485,-0.1524293,-0.06666173,0.4425485,-0.1524293,-0.06666173,0.4425485,-0.1524293,-0.06666168,0.4425486,-0.1524293,8.059035E-08,0,true,-98142,Sphere,CurrentGrounding,1,-1.059515,1.903881,8.990057,0,0,0,0,-1,0,0.05,1,4608,0.5735765,-1.059515,1.44,8.965,-1.059515,1.44,8.965,0,0.8653666,0.5011393,0.4206127,Swing,None,false,0,0,0,0,0,0,1,0,0,0,0,0,0,1,0,false,false,false,ModifierNotCompiled,0,0,0,0,0,0,0,0,ModifierNotCompiled,0,0,0,0,FootPlacementEffectorTarget,FootGrounding,true,0.1026717,false,-0.004310973,1,6.435337,0.1087959,-98142,-1.059515,1.44,8.965,0,0.8653666,0.5011393,0.003429047,0,0.003429047,0,-1.059515,1.693545,8.990057,-1.061311,1.616,8.966172,-1.04606,1.638331,8.89092,0.1528922,0.1345043,0,1,1,1,1,0.1144791,0.1098037,0.2815591,0,0.2815591,-1.856642,0.1098037,true,0,0.8653666,0.5011393,3.786524E-12,0.9503012,0.3113319,-1.74694E-10,-1.849443,6.884094,0,0.8653666,0.5011393,true,-0.02419354,0.3680238,-0.1519546,-0.02419354,0.3680238,-0.1519546,-0.02419354,0.3680238,-0.1519546,-0.02419356,0.3680238,-0.1519546,6.674406E-08,0
2248,328,2248,1,2249,0,2249,false,rootmotion.finalik.full-body-biped-ik/indexed-pose-backend,None,true,true,1,lyra-5.7/ABP_Mannequin_Base/CR_Mannequin_FootPlant,unreal-engine-5.7/SpringInterpV2/FMath.SpringDamper,corin.animation-rig,87731f0d0ca14844bbf861368b9847b3,corin.foot-placement,6d6118d2f41a5948ddd18dc6d88083c8c5bf77a4682a4ec3fce5d2ec6af01624,298b6781705cafb383942fcc3f3b1f6e0800ead13829aedd29916feeb5d1f702,Corin.FootPlacementRig,2997edf1c34f13f7e2a3033372226eb399379f30c4303fddfe3e97ec1e4bf38d,0,-192572,-0.07323718,-0.007879031,-0.007879031,-0.9039098,-0.07323718,true,0,-0.007879031,0,1,PelvisPreSolveTranslation,FootGrounding,ModifierNotCompiled,-1,-1,-1,0,,,true,-98132,Sphere,CurrentGrounding,0,-0.9786994,2.214573,8.391855,0,0,0,0,-1,0,0.05,1,4608,0.5735765,-0.9786994,1.68,8.391855,-0.9786994,1.68,8.391855,0,1,0,0.484573,Swing,None,false,0,0,0,0,0,0,1,0,0,0,0,0,0,1,0,false,false,false,ModifierNotCompiled,0,0,0,0,0,0,0,0,ModifierNotCompiled,0,0,0,0,FootPlacementEffectorTarget,FootGrounding,true,0,false,0.09427219,1,4.257596,0.05246246,-98132,-0.9786994,1.68,8.391855,0,1,0,0,0,0,0,-0.9786994,1.820315,8.391855,-0.9745355,1.749086,8.430703,-0.9641531,1.715057,8.367037,0.06908596,0.03505731,0,1,1,1,1,0.1667627,0.1746417,0.1136212,0,0.1136212,0.788763,0.1746417,true,0,1,0,-1.073806E-15,0.9945769,0.1040036,5.014885E-14,1.25082,-3.873326,0,1,0,true,-0.04965814,0.3070779,0.07676932,-0.04965814,0.3070779,0.07676932,-0.04965814,0.3070779,0.07676932,-0.04965824,0.3070779,0.07676934,1.095007E-07,0,true,-98142,Sphere,CurrentGrounding,1,-1.089587,2.212643,8.918171,0,0,0,0,-1,0,0.05,1,4608,0.5735765,-1.089587,1.44,8.918171,-1.089587,1.44,8.918171,0,1,0,0.7226429,Swing,None,false,0,0,0,0,0,0,1,0,0,0,0,0,0,1,0,false,false,false,ModifierNotCompiled,0,0,0,0,0,0,0,0,ModifierNotCompiled,0,0,0,0,FootPlacementEffectorTarget,FootGrounding,true,0,false,0.1038745,1,4.42618,0.2146437,-98142,-1.089587,1.44,8.918171,0,1,0,0,0,0,0,-1.089587,1.82052,8.918171,-1.086957,1.793216,8.994554,-1.073227,1.719913,8.9709,0.3532157,0.2799131,0,1,1,1,1,-0.07323718,-0.06535815,0.1157562,0,0.1157562,-2.309515,-0.06535815,true,0,1,0,2.075556E-13,0.9960858,0.08839221,-9.787443E-12,0.8916144,-3.318814,0,1,0,true,0.01092844,0.3072828,-0.4576777,0.01092844,0.3072828,-0.4576777,0.01092844,0.3072828,-0.4576777,0.0109284,0.3072829,-0.4576776,1.163818E-07,0
2249,329,2249,1,2250,0,2250,false,rootmotion.finalik.full-body-biped-ik/indexed-pose-backend,None,true,true,1,lyra-5.7/ABP_Mannequin_Base/CR_Mannequin_FootPlant,unreal-engine-5.7/SpringInterpV2/FMath.SpringDamper,corin.animation-rig,87731f0d0ca14844bbf861368b9847b3,corin.foot-placement,6d6118d2f41a5948ddd18dc6d88083c8c5bf77a4682a4ec3fce5d2ec6af01624,298b6781705cafb383942fcc3f3b1f6e0800ead13829aedd29916feeb5d1f702,Corin.FootPlacementRig,2997edf1c34f13f7e2a3033372226eb399379f30c4303fddfe3e97ec1e4bf38d,0,-192572,0,-0.01854087,-0.01854087,0.2318302,0,true,0,-0.01854087,0,1,PelvisPreSolveTranslation,FootGrounding,ModifierNotCompiled,-1,-1,-1,0,,,true,-98122,Sphere,CurrentGrounding,0,-0.9682209,2.358152,7.804158,0,0,0,0,-1,0,0.05,1,4608,0.5735765,-0.9682209,1.92,7.804158,-0.9682209,1.92,7.804158,0,1,0,0.3881524,Swing,None,false,0,0,0,0,0,0,1,0,0,0,0,0,0,1,0,false,false,false,ModifierNotCompiled,0,0,0,0,0,0,0,0,ModifierNotCompiled,0,0,0,0,FootPlacementEffectorTarget,FootGrounding,true,0.2892286,false,0.05385618,1,3.213755,0.1501379,-98122,-0.9682209,1.92,7.804158,0,1,0,0,0,0,0,-0.9682209,2.019543,7.804158,-0.9615314,1.942656,7.829529,-0.9599636,1.92,7.760213,0.02265608,0,0,1,1,1,1,0.2142198,0.2327607,0.1749664,0.004965305,0.1799317,0.7734879,0.2327607,true,0,1,0,-5.432876E-17,0.9999646,0.008414055,2.618607E-15,0.1187311,-0.3676659,0,1,0,true,-0.03470468,0.3137629,0.2786849,-0.03470468,0.3137629,0.2786849,-0.03470468,0.3137629,0.2786849,-0.03470462,0.3137629,0.278685,1.316562E-07,0,false,0,Sphere,CurrentGrounding,1,-1.030671,2.597152,8.625206,0,0,0,0,-1,0,0.05,1,4608,0.5735765,0,0,0,0,0,0,0,1,0,0,Swing,None,false,0,0,0,0,0,0,1,0,0,0,0,0,0,1,0,false,false,false,ModifierNotCompiled,0,0,0,0,0,0,0,0,ModifierNotCompiled,0,0,0,0,FootPlacementEffectorTarget,FootGrounding,true,0,false,0.3178861,1,3.02604,Infinity,0,0,0,0,0,0,0,0,0,0,0,-1.030671,2.119803,8.625206,-1.027268,2.120806,8.706287,-1.003825,2.04623,8.709104,0,0,0,1,1,1,1,0,0.01854087,0.04119175,0,0.04119175,-0.2949837,0.01854087,true,0,1,0,1.053074E-14,0.999974,0.007203928,-5.085437E-13,0.08463419,-0.3150301,0,1,0,true,-0.009217572,0.4140229,-0.5443405,-0.009217572,0.4140229,-0.5443405,-0.009217572,0.4140229,-0.5443405,-0.009217598,0.4140229,-0.5443406,7.122639E-08,0
2250,330,2250,1,2251,0,2251,false,rootmotion.finalik.full-body-biped-ik/indexed-pose-backend,None,true,true,1,lyra-5.7/ABP_Mannequin_Base/CR_Mannequin_FootPlant,unreal-engine-5.7/SpringInterpV2/FMath.SpringDamper,corin.animation-rig,87731f0d0ca14844bbf861368b9847b3,corin.foot-placement,6d6118d2f41a5948ddd18dc6d88083c8c5bf77a4682a4ec3fce5d2ec6af01624,298b6781705cafb383942fcc3f3b1f6e0800ead13829aedd29916feeb5d1f702,Corin.FootPlacementRig,2997edf1c34f13f7e2a3033372226eb399379f30c4303fddfe3e97ec1e4bf38d,0,-192572,0,-0.00974321,-0.00974321,0.1261742,0,true,0,-0.00974321,0,1,PelvisPreSolveTranslation,FootGrounding,ModifierNotCompiled,-1,-1,-1,0,,,true,-98208,Sphere,CurrentGrounding,0,-1.016259,2.444666,7.435369,0,0,0,0,-1,0,0.05,1,4608,0.5735765,-1.016259,1.92,7.435369,-1.016259,1.92,7.435369,0,1,0,0.4746664,Swing,None,false,0,0,0,0,0,0,1,0,0,0,0,0,0,1,0,false,false,false,ModifierNotCompiled,0,0,0,0,0,0,0,0,ModifierNotCompiled,0,0,0,0,FootPlacementEffectorTarget,FootGrounding,true,0,false,0.0313543,1,1.089462,0.02506769,-98208,-1.016259,1.92,7.435369,0,1,0,0,0,0,0,-1.016259,2.101301,7.435369,-1.030406,2.032678,7.39425,-1.031891,2.070457,7.331863,0.1126783,0.1504564,0,1,1,1,1,0.07805502,0.08779824,0.1663783,0,0.1663783,-0.858808,0.08779824,true,0,1,0,-5.579215E-18,0.9999995,0.001043496,2.70507E-16,0.01529367,-0.04735785,0,1,0,true,-0.01004017,0.2593564,0.3749509,-0.01004017,0.2593564,0.3749509,-0.01004017,0.2593564,0.3749509,-0.01004017,0.2593563,0.374951,1.074699E-07,0,false,0,Sphere,CurrentGrounding,1,-1.011444,2.834792,8.285046,0,0,0,0,-1,0,0.05,1,4608,0.5735765,0,0,0,0,0,0,0,1,0,0,Swing,None,false,0,0,0,0,0,0,1,0,0,0,0,0,0,1,0,false,false,false,ModifierNotCompiled,0,0,0,0,0,0,0,0,ModifierNotCompiled,0,0,0,0,FootPlacementEffectorTarget,FootGrounding,true,0,false,0.4380351,1,2.631915,Infinity,0,0,0,0,0,0,0,0,0,0,0,-1.011444,2.352724,8.285046,-1.005636,2.374845,8.362915,-0.9872637,2.299433,8.382933,0,0,0,1,1,1,1,0,0.00974321,0.02767483,0,0.02767483,-0.2298243,0.00974321,true,0,1,0,1.079431E-15,0.9999996,0.0008940205,-5.239043E-14,0.01090133,-0.040578,0,1,0,true,0.001997161,0.5107788,-0.474654,0.001997161,0.5107788,-0.474654,0.001997161,0.5107788,-0.474654,0.001997102,0.5107788,-0.474654,1.03104E-07,0
2251,331,2251,1,2252,0,2252,false,rootmotion.finalik.full-body-biped-ik/indexed-pose-backend,None,true,true,1,lyra-5.7/ABP_Mannequin_Base/CR_Mannequin_FootPlant,unreal-engine-5.7/SpringInterpV2/FMath.SpringDamper,corin.animation-rig,87731f0d0ca14844bbf861368b9847b3,corin.foot-placement,6d6118d2f41a5948ddd18dc6d88083c8c5bf77a4682a4ec3fce5d2ec6af01624,298b6781705cafb383942fcc3f3b1f6e0800ead13829aedd29916feeb5d1f702,Corin.FootPlacementRig,2997edf1c34f13f7e2a3033372226eb399379f30c4303fddfe3e97ec1e4bf38d,0,-192572,-0.008919239,-0.007556306,-0.007556306,-0.00884961,-0.008919239,true,0,-0.007556306,0,1,PelvisPreSolveTranslation,FootGrounding,ModifierNotCompiled,-1,-1,-1,0,,,true,-98208,Sphere,CurrentGrounding,0,-1.049604,2.511728,7.384746,0,0,0,0,-1,0,0.05,1,4608,0.5735765,-1.049604,1.92,7.384746,-1.049604,1.92,7.384746,0,1,0,0.5417283,Swing,None,false,0,0,0,0,0,0,1,0,0,0,0,0,0,1,0,false,false,false,ModifierNotCompiled,0,0,0,0,0,0,0,0,ModifierNotCompiled,0,0,0,0,FootPlacementEffectorTarget,FootGrounding,true,1,false,-0.001851741,1,6.215542,0.008508205,-98208,-1.049604,1.92,7.384746,0,1,0,0.002542377,0,0.002542377,0,-1.049604,2.111554,7.384746,-1.047549,2.030465,7.389266,-1.061505,2.026202,7.317787,0.110465,0.1062024,0,1,1,1,1,-0.008919239,0.001179443,0.1073819,0,0.1073819,-1.25802,0.001179443,true,0,1,0,-5.711655E-19,1,0.0001221691,2.778338E-17,0.001829055,-0.005663273,0,1,0,true,0.005145845,0.1826346,0.1473803,0.005145845,0.1826346,0.1473803,0.005145845,0.1826346,0.1473803,0.005145822,0.1826347,0.1473803,7.805905E-08,0,true,-98122,Sphere,CurrentGrounding,1,-1.049064,2.922838,7.888881,0,0,0,0,-1,0,0.05,1,4608,0.5735765,-1.049064,1.92,7.888881,-1.049064,1.92,7.888881,0,1,0,0.9528378,Swing,None,false,0,0,0,0,0,0,1,0,0,0,0,0,0,1,0,false,false,false,ModifierNotCompiled,0,0,0,0,0,0,0,0,ModifierNotCompiled,0,0,0,0,FootPlacementEffectorTarget,FootGrounding,true,0,false,0.4530499,1,3.655164,0.5004957,-98122,-1.049064,1.92,7.888881,0,1,0,0,0,0,0,-1.049064,2.431178,7.888881,-1.040923,2.464832,7.962284,-1.044895,2.392839,7.996485,0.5448318,0.4728394,0,1,1,1,1,-0.008919239,-0.001362933,0.01589626,0,0.01589626,-0.2168375,-0.001362933,true,0,1,0,1.102808E-16,1,0.0001046779,-5.36875E-15,0.001303932,-0.004852507,0,1,0,true,0.03621687,0.5022583,-0.3557968,0.03621687,0.5022583,-0.3557968,0.03621687,0.5022583,-0.3557968,0.03621686,0.5022582,-0.3557967,1.080334E-07,0
2252,332,2252,1,2253,0,2253,false,rootmotion.finalik.full-body-biped-ik/indexed-pose-backend,None,true,true,1,lyra-5.7/ABP_Mannequin_Base/CR_Mannequin_FootPlant,unreal-engine-5.7/SpringInterpV2/FMath.SpringDamper,corin.animation-rig,87731f0d0ca14844bbf861368b9847b3,corin.foot-placement,6d6118d2f41a5948ddd18dc6d88083c8c5bf77a4682a4ec3fce5d2ec6af01624,298b6781705cafb383942fcc3f3b1f6e0800ead13829aedd29916feeb5d1f702,Corin.FootPlacementRig,2997edf1c34f13f7e2a3033372226eb399379f30c4303fddfe3e97ec1e4bf38d,0,-192572,-0.009999871,-0.008329922,-0.008329922,-0.0176394,-0.009999871,true,0,-0.008329922,0,1,PelvisPreSolveTranslation,FootGrounding,ModifierNotCompiled,-1,-1,-1,0,,,true,-98208,Sphere,CurrentGrounding,0,-1.072007,2.514109,7.386844,0,0,0,0,-1,0,0.05,1,4608,0.5735765,-1.072007,1.92,7.386844,-1.072007,1.92,7.386844,0,1,0,0.5441093,Swing,None,false,0,0,0,0,0,0,1,0,0,0,0,0,0,1,0,false,false,false,ModifierNotCompiled,0,0,0,0,0,0,0,0,ModifierNotCompiled,0,0,0,0,FootPlacementEffectorTarget,FootGrounding,true,0.381043,false,0.0001541188,1,6.61377,0.01378322,-98208,-1.072007,1.92,7.386844,0,1,0,0,0,0,0,-1.072007,2.063232,7.386844,-1.064369,1.982404,7.383904,-1.082241,1.983407,7.313268,0.06240416,0.06340694,0,1,1,1,1,-0.009999871,-0.001669949,0.05745233,0,0.05745233,-0.736649,-0.001669949,true,0,1,0,-5.698552E-20,1,1.350071E-05,2.7791E-18,0.0002049986,-0.0006346184,0,1,0,true,0.02120144,0.1332318,-0.1573079,0.02120144,0.1332318,-0.1573079,0.02120144,0.1332318,-0.1573079,0.02120147,0.1332318,-0.1573081,1.514137E-07,0,true,-98208,Sphere,CurrentGrounding,1,-1.113548,2.830829,7.429376,0,0,0,0,-1,0,0.05,1,4608,0.5735765,-1.113548,1.92,7.429376,-1.113548,1.92,7.429376,0,1,0,0.8608286,Swing,None,false,0,0,0,0,0,0,1,0,0,0,0,0,0,1,0,false,false,false,ModifierNotCompiled,0,0,0,0,0,0,0,0,ModifierNotCompiled,0,0,0,0,FootPlacementEffectorTarget,FootGrounding,true,0,false,0.3178203,1,4.940008,0.3662949,-98208,-1.113548,1.92,7.429376,0,1,0,0,0,0,0,-1.113548,2.330042,7.429376,-1.108208,2.324,7.510134,-1.129035,2.247017,7.506366,0.4039996,0.3270168,0,1,1,1,1,-0.009999871,-0.001669949,0.007543338,0,0.007543338,-0.1195061,-0.001669949,true,0,1,0,1.098288E-17,1,1.15679E-05,-5.359826E-16,0.0001461863,-0.0005437649,0,1,0,true,0.06740091,0.4000422,-0.1947277,0.06740091,0.4000422,-0.1947277,0.06740091,0.4000422,-0.1947277,0.06740093,0.4000422,-0.1947278,1.212867E-07,0
2253,333,2253,1,2254,0,2254,false,rootmotion.finalik.full-body-biped-ik/indexed-pose-backend,None,true,true,1,lyra-5.7/ABP_Mannequin_Base/CR_Mannequin_FootPlant,unreal-engine-5.7/SpringInterpV2/FMath.SpringDamper,corin.animation-rig,87731f0d0ca14844bbf861368b9847b3,corin.foot-placement,6d6118d2f41a5948ddd18dc6d88083c8c5bf77a4682a4ec3fce5d2ec6af01624,298b6781705cafb383942fcc3f3b1f6e0800ead13829aedd29916feeb5d1f702,Corin.FootPlacementRig,2997edf1c34f13f7e2a3033372226eb399379f30c4303fddfe3e97ec1e4bf38d,0,-192572,-0.009999871,-0.008951723,-0.008951723,-0.01203216,-0.009999871,true,0,-0.008951723,0,1,PelvisPreSolveTranslation,FootGrounding,ModifierNotCompiled,-1,-1,-1,0,,,true,-98208,Sphere,CurrentGrounding,0,-1.056773,2.54766,7.351355,0,0,0,0,-1,0,0.05,1,4608,0.5735765,-1.056773,1.92,7.351355,-1.056773,1.92,7.351355,0,1,0,0.5776598,Swing,None,false,0,0,0,0,0,0,1,0,0,0,0,0,0,1,0,false,false,false,ModifierNotCompiled,0,0,0,0,0,0,0,0,ModifierNotCompiled,0,0,0,0,FootPlacementEffectorTarget,FootGrounding,true,0,false,0.01412681,1,6.031468,0.03897762,-98208,-1.056773,1.92,7.351355,0,1,0,0,0,0,0,-1.056773,2.071852,7.351355,-1.04699,1.999904,7.387794,-1.068197,1.966435,7.327178,0.0799036,0.04643524,0,1,1,1,1,-0.009999871,-0.001048149,0.03314348,0,0.03314348,-0.4401988,-0.001048149,true,0,1,0,-7.97384E-21,1,2.021057E-06,3.895819E-19,3.080615E-05,-9.579794E-05,0,1,0,true,0.01102367,0.1418518,-0.3762065,0.01102367,0.1418518,-0.3762065,0.01102367,0.1418518,-0.3762065,0.01102366,0.1418517,-0.3762065,8.515875E-08,0,true,-98208,Sphere,CurrentGrounding,1,-1.168314,2.700456,7.012554,0,0,0,0,-1,0,0.05,1,4608,0.5735765,-1.168314,1.92,7.012554,-1.168314,1.92,7.012554,0,1,0,0.7304564,Swing,None,false,0,0,0,0,0,0,1,0,0,0,0,0,0,1,0,false,false,false,ModifierNotCompiled,0,0,0,0,0,0,0,0,ModifierNotCompiled,0,0,0,0,FootPlacementEffectorTarget,FootGrounding,true,0,false,0.1673508,1,6.830796,0.2119405,-98208,-1.168314,1.92,7.012554,0,1,0,0,0,0,0,-1.168314,2.195278,7.012554,-1.167091,2.162378,7.086736,-1.186159,2.091146,7.056129,0.2423775,0.1711462,0,1,1,1,1,-0.009999871,-0.001048149,0.003773058,0,0.003773058,-0.06490409,-0.001048149,true,0,1,0,1.534795E-18,1,1.731717E-06,-7.503121E-17,2.192058E-05,-8.208327E-05,0,1,0,true,0.06059158,0.2652777,-0.02297737,0.06059158,0.2652777,-0.02297737,0.06059158,0.2652777,-0.02297737,0.06059157,0.2652777,-0.02297744,7.165739E-08,0
2254,334,2254,1,2255,0,2255,false,rootmotion.finalik.full-body-biped-ik/indexed-pose-backend,None,true,true,1,lyra-5.7/ABP_Mannequin_Base/CR_Mannequin_FootPlant,unreal-engine-5.7/SpringInterpV2/FMath.SpringDamper,corin.animation-rig,87731f0d0ca14844bbf861368b9847b3,corin.foot-placement,6d6118d2f41a5948ddd18dc6d88083c8c5bf77a4682a4ec3fce5d2ec6af01624,298b6781705cafb383942fcc3f3b1f6e0800ead13829aedd29916feeb5d1f702,Corin.FootPlacementRig,2997edf1c34f13f7e2a3033372226eb399379f30c4303fddfe3e97ec1e4bf38d,0,-192572,-0.009999871,-0.009385055,-0.009385055,-0.007473709,-0.009999871,true,0,-0.009385055,0,1,PelvisPreSolveTranslation,FootGrounding,ModifierNotCompiled,-1,-1,-1,0,,,true,-98208,Sphere,CurrentGrounding,0,-1.04813,2.669414,7.194233,0,0,0,0,-1,0,0.05,1,4608,0.5735765,-1.04813,1.92,7.194233,-1.04813,1.92,7.194233,0,1,0,0.6994143,Swing,None,false,0,0,0,0,0,0,1,0,0,0,0,0,0,1,0,false,false,false,ModifierNotCompiled,0,0,0,0,0,0,0,0,ModifierNotCompiled,0,0,0,0,FootPlacementEffectorTarget,FootGrounding,true,0,false,0.1543666,1,3.581226,0.1990881,-98208,-1.04813,1.92,7.194233,0,1,0,0,0,0,0,-1.04813,2.178086,7.194233,-1.032216,2.161999,7.272259,-1.045877,2.09352,7.260398,0.2419994,0.1735203,0,1,1,1,1,-0.009999871,-0.0006148163,0.01805673,0,0.01805673,-0.2469578,-0.0006148163,true,0,1,0,-9.8864E-22,1,2.660529E-07,4.838552E-20,4.159421E-06,-1.269805E-05,0,1,0,true,-0.006741853,0.2480861,-0.4944159,-0.006741853,0.2480861,-0.4944159,-0.006741853,0.2480861,-0.4944159,-0.006741811,0.2480862,-0.4944159,1.033317E-07,0,true,-98208,Sphere,CurrentGrounding,1,-1.26368,2.613208,6.539774,0,0,0,0,-1,0,0.05,1,4608,0.5735765,-1.26368,1.92,6.539774,-1.26368,1.92,6.539774,0,1,0,0.643208,Swing,None,false,0,0,0,0,0,0,1,0,0,0,0,0,0,1,0,false,false,false,ModifierNotCompiled,0,0,0,0,0,0,0,0,ModifierNotCompiled,0,0,0,0,FootPlacementEffectorTarget,FootGrounding,true,0,false,0.07168494,1,4.184905,0.105607,-98208,-1.26368,1.92,6.539774,0,1,0,0,0,0,0,-1.26368,2.105498,6.539774,-1.263735,2.042367,6.590777,-1.284328,1.993428,6.531152,0.1223674,0.07342744,0,1,1,1,1,-0.009999871,-0.0006148163,0.001675285,0,0.001675285,-0.03203985,-0.0006148163,true,0,1,0,1.900561E-19,1,2.279641E-07,-9.30656E-18,3.096357E-06,-1.088017E-05,0,1,0,true,0.04549267,0.1754984,0.1926432,0.04549267,0.1754984,0.1926432,0.04549267,0.1754984,0.1926432,0.04549266,0.1754982,0.1926432,1.231038E-07,0
2255,335,2255,1,2256,0,2256,false,rootmotion.finalik.full-body-biped-ik/indexed-pose-backend,None,true,true,1,lyra-5.7/ABP_Mannequin_Base/CR_Mannequin_FootPlant,unreal-engine-5.7/SpringInterpV2/FMath.SpringDamper,corin.animation-rig,87731f0d0ca14844bbf861368b9847b3,corin.foot-placement,6d6118d2f41a5948ddd18dc6d88083c8c5bf77a4682a4ec3fce5d2ec6af01624,298b6781705cafb383942fcc3f3b1f6e0800ead13829aedd29916feeb5d1f702,Corin.FootPlacementRig,2997edf1c34f13f7e2a3033372226eb399379f30c4303fddfe3e97ec1e4bf38d,0,-192572,-0.009999871,-0.009575679,-0.009575679,-0.005302032,-0.009999871,true,0,-0.009575679,0,1,PelvisPreSolveTranslation,FootGrounding,ModifierNotCompiled,-1,-1,-1,0,,,true,-98208,Sphere,CurrentGrounding,0,-1.061117,2.748146,7.048773,0,0,0,0,-1,0,0.05,1,4608,0.5735765,-1.061117,1.92,7.048773,-1.061117,1.92,7.048773,0,1,0,0.7781463,Swing,None,false,0,0,0,0,0,0,1,0,0,0,0,0,0,1,0,false,false,false,ModifierNotCompiled,0,0,0,0,0,0,0,0,ModifierNotCompiled,0,0,0,0,FootPlacementEffectorTarget,FootGrounding,true,0,false,0.2406586,1,3.120909,0.2848296,-98208,-1.061117,1.92,7.048773,0,1,0,0,0,0,0,-1.061117,2.250492,7.048773,-1.039986,2.241449,7.126694,-1.059614,2.172902,7.123741,0.3214486,0.252902,0,1,1,1,1,-0.009999871,-0.0004241923,0.01192141,0,0.01192141,-0.1659564,-0.0004241923,true,0,1,0,-2.311468E-22,1,6.439009E-08,1.13244E-20,5.393893E-07,-3.08478E-06,0,1,0,true,-0.005155396,0.3204921,-0.5316291,-0.005155396,0.3204921,-0.5316291,-0.005155396,0.3204921,-0.5316291,-0.005155392,0.3204922,-0.531629,1.075355E-07,0,true,-98208,Sphere,CurrentGrounding,1,-1.340646,2.600225,6.302188,0,0,0,0,-1,0,0.05,1,4608,0.5735765,-1.340646,1.92,6.302188,-1.340646,1.92,6.302188,0,1,0,0.6302252,Swing,None,false,0,0,0,0,0,0,1,0,0,0,0,0,0,1,0,false,false,false,ModifierNotCompiled,0,0,0,0,0,0,0,0,ModifierNotCompiled,0,0,0,0,FootPlacementEffectorTarget,FootGrounding,true,0.3012796,false,0.06314234,1,2.46911,0.09043336,-98208,-1.340646,1.92,6.302188,0,1,0,0,0,0,0,-1.340646,2.091565,6.302188,-1.341712,2.019119,6.338757,-1.364962,1.984427,6.27071,0.09911847,0.06442714,0,1,1,1,1,-0.009999871,-0.0004241923,0.0009152378,0,0.0009152378,-0.01950054,-0.0004241923,true,0,1,0,4.440231E-20,1,5.517186E-08,-2.176435E-18,6.620623E-07,-2.643156E-06,0,1,0,true,0.04312876,0.1615647,0.264106,0.04312876,0.1615647,0.264106,0.04312876,0.1615647,0.264106,0.04312865,0.1615648,0.2641062,2.49789E-07,0
2256,336,2256,1,2257,0,2257,false,rootmotion.finalik.full-body-biped-ik/indexed-pose-backend,None,true,true,1,lyra-5.7/ABP_Mannequin_Base/CR_Mannequin_FootPlant,unreal-engine-5.7/SpringInterpV2/FMath.SpringDamper,corin.animation-rig,87731f0d0ca14844bbf861368b9847b3,corin.foot-placement,6d6118d2f41a5948ddd18dc6d88083c8c5bf77a4682a4ec3fce5d2ec6af01624,298b6781705cafb383942fcc3f3b1f6e0800ead13829aedd29916feeb5d1f702,Corin.FootPlacementRig,2997edf1c34f13f7e2a3033372226eb399379f30c4303fddfe3e97ec1e4bf38d,0,-192572,-0.009999871,-0.00970968,-0.00970968,-0.003708999,-0.009999871,true,0,-0.00970968,0,1,PelvisPreSolveTranslation,FootGrounding,ModifierNotCompiled,-1,-1,-1,0,,,true,-98208,Sphere,CurrentGrounding,0,-1.094042,2.748146,6.869405,0,0,0,0,-1,0,0.05,1,4608,0.5735765,-1.094042,1.92,6.869405,-1.094042,1.92,6.869405,0,1,0,0.7781463,Swing,None,false,0,0,0,0,0,0,1,0,0,0,0,0,0,1,0,false,false,false,ModifierNotCompiled,0,0,0,0,0,0,0,0,ModifierNotCompiled,0,0,0,0,FootPlacementEffectorTarget,FootGrounding,true,0,false,0.2406586,1,3.120909,0.2848296,-98208,-1.094042,1.92,6.869405,0,1,0,0,0,0,0,-1.094042,2.24626,6.869405,-1.068444,2.237216,6.945976,-1.08821,2.16867,6.944161,0.3172164,0.2486699,0,1,1,1,1,-0.009999871,-0.0002901917,0.007823395,0,0.007823395,-0.1106394,-0.0002901917,true,0,1,0,-5.413008E-23,1,1.555204E-08,2.654493E-21,-6.202666E-08,-7.474873E-07,0,1,0,true,-0.005155297,0.31626,-0.5316286,-0.005155297,0.31626,-0.5316286,-0.005155297,0.31626,-0.5316286,-0.005155243,0.31626,-0.5316287,8.578285E-08,0,true,-98208,Sphere,CurrentGrounding,1,-1.416234,2.600225,6.140216,0,0,0,0,-1,0,0.05,1,4608,0.5735765,-1.416234,1.92,6.140216,-1.416234,1.92,6.140216,0,1,0,0.6302252,Swing,None,false,0,0,0,0,0,0,1,0,0,0,0,0,0,1,0,false,false,false,ModifierNotCompiled,0,0,0,0,0,0,0,0,ModifierNotCompiled,0,0,0,0,FootPlacementEffectorTarget,FootGrounding,true,0.3012796,false,0.06314234,1,2.46911,0.09043336,-98208,-1.416234,1.92,6.140216,0,1,0,0,0,0,0,-1.416234,2.090976,6.140216,-1.415186,2.01853,6.176785,-1.442327,1.983839,6.110196,0.09853005,0.06383872,0,1,1,1,1,-0.009999871,-0.0002901917,0.0004606237,0,0.0004606237,-0.01147573,-0.0002901917,true,0,1,0,1.039094E-20,1,1.332557E-08,-5.097942E-19,-7.613335E-08,-6.404753E-07,0,1,0,true,0.04312885,0.1609763,0.2641057,0.04312885,0.1609763,0.2641057,0.04312885,0.1609763,0.2641057,0.04312884,0.1609764,0.2641057,6.705523E-08,0
2257,337,2257,1,2258,0,2258,false,rootmotion.finalik.full-body-biped-ik/indexed-pose-backend,None,true,true,1,lyra-5.7/ABP_Mannequin_Base/CR_Mannequin_FootPlant,unreal-engine-5.7/SpringInterpV2/FMath.SpringDamper,corin.animation-rig,87731f0d0ca14844bbf861368b9847b3,corin.foot-placement,6d6118d2f41a5948ddd18dc6d88083c8c5bf77a4682a4ec3fce5d2ec6af01624,298b6781705cafb383942fcc3f3b1f6e0800ead13829aedd29916feeb5d1f702,Corin.FootPlacementRig,2997edf1c34f13f7e2a3033372226eb399379f30c4303fddfe3e97ec1e4bf38d,0,-192572,-0.009999871,-0.009827074,-0.009827074,-0.00226162,-0.009999871,true,0,-0.009827074,0,1,PelvisPreSolveTranslation,FootGrounding,ModifierNotCompiled,-1,-1,-1,0,,,true,-98208,Sphere,CurrentGrounding,0,-1.173112,2.929794,6.621609,0,0,0,0,-1,0,0.05,1,4608,0.5735765,-1.173112,1.92,6.621609,-1.173112,1.92,6.621609,0,1,0,0.9597936,Swing,None,false,0,0,0,0,0,0,1,0,0,0,0,0,0,1,0,false,false,false,ModifierNotCompiled,0,0,0,0,0,0,0,0,ModifierNotCompiled,0,0,0,0,FootPlacementEffectorTarget,FootGrounding,true,0,false,0.2573623,1,2.987425,0.4846697,-98208,-1.173112,1.92,6.621609,0,1,0,0,0,0,0,-1.173112,2.424385,6.621609,-1.145248,2.432456,6.697494,-1.169376,2.366066,6.713307,0.5124562,0.4460657,0,1,1,1,1,-0.009999871,-0.0001727976,0.004418294,0,0.004418294,-0.0635934,-0.0001727976,true,0,1,0,-8.166715E-24,1,2.433754E-09,4.009577E-22,9.038397E-09,-1.174093E-07,0,1,0,true,-0.003225301,0.4943849,-0.5125859,-0.003225301,0.4943849,-0.5125859,-0.003225301,0.4943849,-0.5125859,-0.0032253,0.494385,-0.5125859,1.192095E-07,0,true,-98208,Sphere,CurrentGrounding,1,-1.546984,2.587583,5.805025,0,0,0,0,-1,0,0.05,1,4608,0.5735765,-1.546984,1.92,5.805025,-1.546984,1.92,5.805025,0,1,0,0.6175833,Swing,None,false,0,0,0,0,0,0,1,0,0,0,0,0,0,1,0,false,false,false,ModifierNotCompiled,0,0,0,0,0,0,0,0,ModifierNotCompiled,0,0,0,0,FootPlacementEffectorTarget,FootGrounding,true,0.2720209,false,0.0626991,1,2.461956,0.09209681,-98208,-1.546984,1.92,5.805025,0,1,0,0,0,0,0,-1.546984,2.077898,5.805025,-1.555261,1.997588,5.79674,-1.579276,2.007236,5.721212,0.07758808,0.08723569,0,1,1,1,1,-0.009999871,-0.0001727976,0.000142057,0,0.000142057,-0.005211508,-0.0001727976,true,0,1,0,1.566368E-21,1,2.085333E-09,-7.693502E-20,1.1094E-08,-1.006008E-07,0,1,0,true,0.02252015,0.1478983,0.3851486,0.02252015,0.1478983,0.3851486,0.02252015,0.1478983,0.3851486,0.02252017,0.1478984,0.3851485,6.871621E-08,0
2258,338,2258,1,2259,0,2259,false,rootmotion.finalik.full-body-biped-ik/indexed-pose-backend,None,true,true,1,lyra-5.7/ABP_Mannequin_Base/CR_Mannequin_FootPlant,unreal-engine-5.7/SpringInterpV2/FMath.SpringDamper,corin.animation-rig,87731f0d0ca14844bbf861368b9847b3,corin.foot-placement,6d6118d2f41a5948ddd18dc6d88083c8c5bf77a4682a4ec3fce5d2ec6af01624,298b6781705cafb383942fcc3f3b1f6e0800ead13829aedd29916feeb5d1f702,Corin.FootPlacementRig,2997edf1c34f13f7e2a3033372226eb399379f30c4303fddfe3e97ec1e4bf38d,0,-192572,-0.009999871,-0.02613628,-0.00989468,-0.001401461,-0.009999871,true,0,-0.02613628,0,1,PelvisPreSolveTranslation,FootGrounding,ModifierNotCompiled,-1,-1,-1,0,,,false,0,Sphere,CurrentGrounding,0,-1.268535,3.012628,6.288188,0,0,0,0,-1,0,0.05,1,4608,0.5735765,0,0,0,0,0,0,0,1,0,0,Swing,None,false,0,0,0,0,0,0,1,0,0,0,0,0,0,1,0,false,false,false,ModifierNotCompiled,0,0,0,0,0,0,0,0,ModifierNotCompiled,0,0,0,0,FootPlacementEffectorTarget,FootGrounding,true,0,false,0.3421033,1,1.884054,Infinity,0,0,0,0,0,0,0,0,0,0,0,-1.268535,2.507287,6.288188,-1.246676,2.549468,6.35409,-1.243868,2.487109,6.392933,0,0,0,1,1,1,1,0,0.00989468,0.004554307,0,0.004554307,0.04874927,0.00989468,true,0,1,0,-1.365724E-24,1,4.195147E-10,6.71195E-23,-1.286565E-09,-2.029823E-08,0,1,0,true,-0.03153388,0.5772873,-0.3957841,-0.03153388,0.5772873,-0.3957841,-0.03153388,0.5772873,-0.3957841,-0.0315339,0.5772873,-0.3957841,2.235174E-08,0,true,-98208,Sphere,CurrentGrounding,1,-1.655336,2.559455,5.585634,0,0,0,0,-1,0,0.05,1,4608,0.5735765,-1.655336,1.92,5.585634,-1.655336,1.92,5.585634,0,1,0,0.5894549,Swing,None,false,0,0,0,0,0,0,1,0,0,0,0,0,0,1,0,false,false,false,ModifierNotCompiled,0,0,0,0,0,0,0,0,ModifierNotCompiled,0,0,0,0,FootPlacementEffectorTarget,FootGrounding,true,0.1654115,false,0.04402608,1,0.9714412,0.1033354,-98208,-1.655336,1.92,5.585634,0,1,0,0,0,0,0,-1.655336,2.04957,5.585634,-1.669665,1.987813,5.534962,-1.689901,2.039088,5.477209,0.06781268,0.1190882,0,1,1,1,1,-0.009999871,-0.000105191,9.627593E-06,0,9.627593E-06,-0.002218544,-0.000105191,true,0,1,0,2.617534E-22,1,3.594562E-10,-1.286894E-20,-1.579168E-09,-1.73923E-08,0,1,0,true,0.009084006,0.1195699,0.4051834,0.009084006,0.1195699,0.4051834,0.009084006,0.1195699,0.4051834,0.02296114,0.08401442,0.3477986,0.06891865,0
2259,339,2259,1,2260,0,2260,false,rootmotion.finalik.full-body-biped-ik/indexed-pose-backend,None,true,true,1,lyra-5.7/ABP_Mannequin_Base/CR_Mannequin_FootPlant,unreal-engine-5.7/SpringInterpV2/FMath.SpringDamper,corin.animation-rig,87731f0d0ca14844bbf861368b9847b3,corin.foot-placement,6d6118d2f41a5948ddd18dc6d88083c8c5bf77a4682a4ec3fce5d2ec6af01624,298b6781705cafb383942fcc3f3b1f6e0800ead13829aedd29916feeb5d1f702,Corin.FootPlacementRig,2997edf1c34f13f7e2a3033372226eb399379f30c4303fddfe3e97ec1e4bf38d,0,-192572,-0.009999871,-0.009943758,-0.009943758,-0.0007610082,-0.009999871,true,0,-0.009943758,0,1,PelvisPreSolveTranslation,FootGrounding,ModifierNotCompiled,-1,-1,-1,0,,,false,0,Sphere,CurrentGrounding,0,-1.399777,2.974995,5.95697,0,0,0,0,-1,0,0.05,1,4608,0.5735765,0,0,0,0,0,0,0,1,0,0,Swing,None,false,0,0,0,0,0,0,1,0,0,0,0,0,0,1,0,false,false,false,ModifierNotCompiled,0,0,0,0,0,0,0,0,ModifierNotCompiled,0,0,0,0,FootPlacementEffectorTarget,FootGrounding,true,0,false,0.4417514,1,2.91875,Infinity,0,0,0,0,0,0,0,0,0,0,0,-1.399777,2.471607,5.95697,-1.374261,2.528352,6.00921,-1.351296,2.47585,6.054883,0,0,0,1,1,1,1,0,0.009943758,0.006556401,0,0.006556401,0.03619243,0.009943758,true,0,1,0,-1.5655E-25,1,4.971202E-11,7.702482E-24,1.889319E-10,-2.412866E-09,0,1,0,true,-0.05453935,0.5416075,-0.322697,-0.05453935,0.5416075,-0.322697,-0.05453935,0.5416075,-0.322697,-0.05453939,0.5416075,-0.322697,9.835048E-08,0,true,-98208,Sphere,CurrentGrounding,1,-1.670492,2.501043,5.530468,0,0,0,0,-1,0,0.05,1,4608,0.5735765,-1.670492,1.92,5.530468,-1.670492,1.92,5.530468,0,1,0,0.5310431,Swing,None,false,0,0,0,0,0,0,1,0,0,0,0,0,0,1,0,false,false,false,ModifierNotCompiled,0,0,0,0,0,0,0,0,ModifierNotCompiled,0,0,0,0,FootPlacementEffectorTarget,FootGrounding,true,0.8644279,false,0.009847068,1,4.320272,0.00488472,-98208,-1.670492,1.92,5.530468,0,1,0,0.009521723,0,0.009521723,0,-1.670492,2.000565,5.530468,-1.67222,1.92,5.520815,-1.702213,1.928813,5.447363,1.192093E-07,0.008813143,0,1,1,1,1,-0.009999871,0.00946561,0.002422697,0.007043004,0.009465701,0.0808917,0.00946561,true,0,1,0,2.997947E-23,1,4.259516E-11,-1.475536E-21,2.319006E-10,-2.067436E-09,0,1,0,true,-0.01442152,0.0705651,0.1808715,-0.01442152,0.0705651,0.1808715,-0.01442152,0.0705651,0.1808715,-0.01442151,0.07056513,0.1808716,9.431682E-08,0
2260,340,2260,1,2261,0,2261,false,rootmotion.finalik.full-body-biped-ik/indexed-pose-backend,None,true,true,1,lyra-5.7/ABP_Mannequin_Base/CR_Mannequin_FootPlant,unreal-engine-5.7/SpringInterpV2/FMath.SpringDamper,corin.animation-rig,87731f0d0ca14844bbf861368b9847b3,corin.foot-placement,6d6118d2f41a5948ddd18dc6d88083c8c5bf77a4682a4ec3fce5d2ec6af01624,298b6781705cafb383942fcc3f3b1f6e0800ead13829aedd29916feeb5d1f702,Corin.FootPlacementRig,2997edf1c34f13f7e2a3033372226eb399379f30c4303fddfe3e97ec1e4bf38d,0,-192572,-0.009999871,-0.009969081,-0.009969081,-0.0004232755,-0.009999871,true,0,-0.009969081,0,1,PelvisPreSolveTranslation,FootGrounding,ModifierNotCompiled,-1,-1,-1,0,,,true,-98208,Sphere,CurrentGrounding,0,-1.58553,2.811812,5.581132,0,0,0,0,-1,0,0.05,1,4608,0.5735765,-1.58553,1.92,5.581132,-1.58553,1.92,5.581132,0,1,0,0.8418117,Swing,None,false,0,0,0,0,0,0,1,0,0,0,0,0,0,1,0,false,false,false,ModifierNotCompiled,0,0,0,0,0,0,0,0,ModifierNotCompiled,0,0,0,0,FootPlacementEffectorTarget,FootGrounding,true,0,false,0.3387097,1,4.871178,0.3820889,-98208,-1.58553,1.92,5.581132,0,1,0,0,0,0,0,-1.58553,2.30731,5.581132,-1.533511,2.33174,5.638553,-1.529481,2.263433,5.663859,0.4117403,0.3434334,0,1,1,1,1,-0.009999871,-3.079046E-05,0.005466924,0,0.005466924,-0.06160392,-3.079046E-05,true,0,1,0,-2.000678E-26,1,6.530271E-12,9.853123E-25,-2.786648E-11,-3.177557E-10,0,1,0,true,-0.0658878,0.3773097,-0.1673991,-0.0658878,0.3773097,-0.1673991,-0.0658878,0.3773097,-0.1673991,-0.06588776,0.3773097,-0.1673992,5.81909E-08,0,true,-98208,Sphere,CurrentGrounding,1,-1.645016,2.509843,5.560269,0,0,0,0,-1,0,0.05,1,4608,0.5735765,-1.645016,1.92,5.560269,-1.645016,1.92,5.560269,0,1,0,0.5398431,Swing,None,false,0,0,0,0,0,0,1,0,0,0,0,0,0,1,0,false,false,false,ModifierNotCompiled,0,0,0,0,0,0,0,0,ModifierNotCompiled,0,0,0,0,FootPlacementEffectorTarget,FootGrounding,true,1,false,-0.003900395,1,6.292548,0.007558823,-98208,-1.645016,1.92,5.560269,0,1,0,0.003653765,0,0.003653765,0,-1.645016,2.009714,5.560269,-1.647198,1.928643,5.563353,-1.676089,1.926217,5.48878,0.008642435,0.006216884,0,1,1,1,1,-0.009999871,0.003622974,0.009839762,0,0.009839762,-0.03759107,0.003622974,true,0,1,0,3.828612E-24,1,5.595386E-12,-1.886138E-22,-3.420414E-11,-2.722652E-10,0,1,0,true,-0.02318998,0.07971394,-0.1210235,-0.02318998,0.07971394,-0.1210235,-0.02318998,0.07971394,-0.1210235,-0.02318998,0.079714,-0.1210235,7.471506E-08,0
2261,341,2261,1,2262,0,2262,false,rootmotion.finalik.full-body-biped-ik/indexed-pose-backend,None,true,true,1,lyra-5.7/ABP_Mannequin_Base/CR_Mannequin_FootPlant,unreal-engine-5.7/SpringInterpV2/FMath.SpringDamper,corin.animation-rig,87731f0d0ca14844bbf861368b9847b3,corin.foot-placement,6d6118d2f41a5948ddd18dc6d88083c8c5bf77a4682a4ec3fce5d2ec6af01624,298b6781705cafb383942fcc3f3b1f6e0800ead13829aedd29916feeb5d1f702,Corin.FootPlacementRig,2997edf1c34f13f7e2a3033372226eb399379f30c4303fddfe3e97ec1e4bf38d,0,-192572,-0.009999871,-0.01718831,-0.009981116,-0.0002602374,-0.009999871,true,0,-0.01718831,0,1,PelvisPreSolveTranslation,FootGrounding,ModifierNotCompiled,-1,-1,-1,0,,,true,-98208,Sphere,CurrentGrounding,0,-1.73171,2.725029,5.299932,0,0,0,0,-1,0,0.05,1,4608,0.5735765,-1.73171,1.92,5.299932,-1.73171,1.92,5.299932,0,1,0,0.755029,Swing,None,false,0,0,0,0,0,0,1,0,0,0,0,0,0,1,0,false,false,false,ModifierNotCompiled,0,0,0,0,0,0,0,0,ModifierNotCompiled,0,0,0,0,FootPlacementEffectorTarget,FootGrounding,true,0,false,0.2145967,1,6.372117,0.2603042,-98208,-1.73171,1.92,5.299932,0,1,0,0,0,0,0,-1.73171,2.218653,5.299932,-1.689301,2.210157,5.368702,-1.690235,2.137701,5.360237,0.2901568,0.2177005,0,1,1,1,1,-0.009999871,-1.875497E-05,0.00360555,0,0.00360555,-0.04289392,-1.875497E-05,true,0,1,0,-3.578589E-27,1,1.191929E-12,1.763697E-25,3.867065E-12,-5.81023E-11,0,1,0,true,-0.06613686,0.2886535,-0.06423014,-0.06613686,0.2886535,-0.06423014,-0.06613686,0.2886535,-0.06423014,-0.06613688,0.2886535,-0.0642302,6.365779E-08,0,true,-98208,Sphere,CurrentGrounding,1,-1.657574,2.528264,5.561833,0,0,0,0,-1,0,0.05,1,4608,0.5735765,-1.657574,1.92,5.561833,-1.657574,1.92,5.561833,0,1,0,0.5582643,Swing,None,false,0,0,0,0,0,0,1,0,0,0,0,0,0,1,0,false,false,false,ModifierNotCompiled,0,0,0,0,0,0,0,0,ModifierNotCompiled,0,0,0,0,FootPlacementEffectorTarget,FootGrounding,true,0,false,-0.0007675351,1,6.899518,0.02012515,-98208,-1.657574,1.92,5.561833,0,1,0,0.001605153,0,0.001605153,0,-1.657574,2.026287,5.561833,-1.635908,1.949878,5.57854,-1.66992,1.926418,5.509288,0.02987814,0.006417632,0,1,1,1,1,-0.009999871,0.001586398,0.008004004,0,0.008004004,-0.05820591,0.001586398,true,0,1,0,6.844553E-25,1,1.02129E-12,-3.374297E-23,4.74655E-12,-4.978428E-11,0,1,0,true,-0.01482575,0.09628713,-0.3315418,-0.01482575,0.09628713,-0.3315418,-0.01482575,0.09628713,-0.3315418,-0.01482578,0.09628722,-0.3315419,1.516083E-07,0
2262,342,2262,1,2263,0,2263,false,rootmotion.finalik.full-body-biped-ik/indexed-pose-backend,None,true,true,1,lyra-5.7/ABP_Mannequin_Base/CR_Mannequin_FootPlant,unreal-engine-5.7/SpringInterpV2/FMath.SpringDamper,corin.animation-rig,87731f0d0ca14844bbf861368b9847b3,corin.foot-placement,6d6118d2f41a5948ddd18dc6d88083c8c5bf77a4682a4ec3fce5d2ec6af01624,298b6781705cafb383942fcc3f3b1f6e0800ead13829aedd29916feeb5d1f702,Corin.FootPlacementRig,2997edf1c34f13f7e2a3033372226eb399379f30c4303fddfe3e97ec1e4bf38d,0,-192572,-0.009999871,-0.01780993,-0.009989185,-0.0001496167,-0.009999871,true,0,-0.01780993,0,1,PelvisPreSolveTranslation,FootGrounding,ModifierNotCompiled,-1,-1,-1,0,,,true,-98208,Sphere,CurrentGrounding,0,-1.904625,2.629165,4.956912,0,0,0,0,-1,0,0.05,1,4608,0.5735765,-1.904625,1.92,4.956912,-1.904625,1.92,4.956912,0,1,0,0.6591651,Swing,None,false,0,0,0,0,0,0,1,0,0,0,0,0,0,1,0,false,false,false,ModifierNotCompiled,0,0,0,0,0,0,0,0,ModifierNotCompiled,0,0,0,0,FootPlacementEffectorTarget,FootGrounding,true,0,false,0.09348068,1,4.235198,0.1219666,-98208,-1.904625,1.92,4.956912,0,1,0,0,0,0,0,-1.904625,2.121382,4.956912,-1.878866,2.054116,4.994485,-1.899123,2.014251,4.936841,0.1341162,0.09425116,0,1,1,1,1,-0.009999871,-1.0686E-05,0.00220623,0,0.00220623,-0.02740619,-1.0686E-05,true,0,1,0,-5.28296E-28,1,1.796364E-13,2.605664E-26,-5.645431E-13,-8.772399E-12,0,1,0,true,-0.04944829,0.1913823,0.08084426,-0.04944829,0.1913823,0.08084426,-0.04944829,0.1913823,0.08084426,-0.04944823,0.1913823,0.08084431,7.375699E-08,0,true,-98208,Sphere,CurrentGrounding,1,-1.742317,2.633138,5.4775,0,0,0,0,-1,0,0.05,1,4608,0.5735765,-1.742317,1.92,5.4775,-1.742317,1.92,5.4775,0,1,0,0.6631377,Swing,None,false,0,0,0,0,0,0,1,0,0,0,0,0,0,1,0,false,false,false,ModifierNotCompiled,0,0,0,0,0,0,0,0,ModifierNotCompiled,0,0,0,0,FootPlacementEffectorTarget,FootGrounding,true,0,false,0.1070362,1,4.336372,0.1558137,-98208,-1.742317,1.92,5.4775,0,1,0,0,0,0,0,-1.742317,2.128704,5.4775,-1.701844,2.109006,5.545034,-1.697655,2.033755,5.52397,0.1890056,0.1137547,0,1,1,1,1,-0.009999871,-1.0686E-05,0.005555839,0,0.005555839,-0.0589619,-1.0686E-05,true,0,1,0,1.00988E-25,1,1.539194E-13,-4.982269E-24,-6.929369E-13,-7.516528E-12,0,1,0,true,0.01089707,0.1987044,-0.4611105,0.01089707,0.1987044,-0.4611105,0.01089707,0.1987044,-0.4611105,0.010897,0.1987044,-0.4611105,6.50594E-08,0
2263,343,2263,1,2264,0,2264,false,rootmotion.finalik.full-body-biped-ik/indexed-pose-backend,None,true,true,1,lyra-5.7/ABP_Mannequin_Base/CR_Mannequin_FootPlant,unreal-engine-5.7/SpringInterpV2/FMath.SpringDamper,corin.animation-rig,87731f0d0ca14844bbf861368b9847b3,corin.foot-placement,6d6118d2f41a5948ddd18dc6d88083c8c5bf77a4682a4ec3fce5d2ec6af01624,298b6781705cafb383942fcc3f3b1f6e0800ead13829aedd29916feeb5d1f702,Corin.FootPlacementRig,2997edf1c34f13f7e2a3033372226eb399379f30c4303fddfe3e97ec1e4bf38d,0,-192572,-0.009999871,-0.009993872,-0.009993872,-8.467259E-05,-0.009999871,true,0,-0.009993872,0,1,PelvisPreSolveTranslation,FootGrounding,ModifierNotCompiled,-1,-1,-1,0,,,true,-98208,Sphere,CurrentGrounding,0,-1.99089,2.596009,4.608248,0,0,0,0,-1,0,0.05,1,4608,0.5735765,-1.99089,1.92,4.608248,-1.99089,1.92,4.608248,0,1,0,0.6260085,Swing,None,false,0,0,0,0,0,0,1,0,0,0,0,0,0,1,0,false,false,false,ModifierNotCompiled,0,0,0,0,0,0,0,0,ModifierNotCompiled,0,0,0,0,FootPlacementEffectorTarget,FootGrounding,true,0,false,0.06304305,1,3.259737,0.08751917,-98208,-1.99089,1.92,4.608248,0,1,0,0,0,0,0,-1.99089,2.087328,4.608248,-1.974839,2.01335,4.63774,-1.988655,1.984327,4.572247,0.09335017,0.06432724,0,1,1,1,1,-0.009999871,-5.99958E-06,0.001313293,0,0.001313293,-0.01684868,-5.99958E-06,true,0,1,0,-7.56204E-29,1,2.620893E-14,3.732413E-27,8.272498E-14,-1.281974E-12,0,1,0,true,-0.04303172,0.157328,0.2024652,-0.04303172,0.157328,0.2024652,-0.04303172,0.157328,0.2024652,-0.04303177,0.157328,0.2024652,9.721509E-08,0,true,-98208,Sphere,CurrentGrounding,1,-1.864165,2.738662,5.328423,0,0,0,0,-1,0,0.05,1,4608,0.5735765,-1.864165,1.92,5.328423,-1.864165,1.92,5.328423,0,1,0,0.7686625,Swing,None,false,0,0,0,0,0,0,1,0,0,0,0,0,0,1,0,false,false,false,ModifierNotCompiled,0,0,0,0,0,0,0,0,ModifierNotCompiled,0,0,0,0,FootPlacementEffectorTarget,FootGrounding,true,0,false,0.2289441,1,3.228183,0.2759724,-98208,-1.864165,1.92,5.328423,0,1,0,0,0,0,0,-1.864165,2.232193,5.328423,-1.837821,2.227383,5.405037,-1.819801,2.151623,5.39706,0.3073828,0.2316227,0,1,1,1,1,-0.009999871,-5.99958E-06,0.003524381,0,0.003524381,-0.04053053,-5.99958E-06,true,0,1,0,1.444788E-26,1,2.245682E-14,-7.132843E-25,1.015391E-13,-1.098444E-12,0,1,0,true,-0.000938146,0.302193,-0.5275617,-0.000938146,0.302193,-0.5275617,-0.000938146,0.302193,-0.5275617,-0.0009381473,0.3021931,-0.5275616,6.665346E-08,0
2264,344,2264,1,2265,0,2265,false,rootmotion.finalik.full-body-biped-ik/indexed-pose-backend,None,true,true,1,lyra-5.7/ABP_Mannequin_Base/CR_Mannequin_FootPlant,unreal-engine-5.7/SpringInterpV2/FMath.SpringDamper,corin.animation-rig,87731f0d0ca14844bbf861368b9847b3,corin.foot-placement,6d6118d2f41a5948ddd18dc6d88083c8c5bf77a4682a4ec3fce5d2ec6af01624,298b6781705cafb383942fcc3f3b1f6e0800ead13829aedd29916feeb5d1f702,Corin.FootPlacementRig,2997edf1c34f13f7e2a3033372226eb399379f30c4303fddfe3e97ec1e4bf38d,0,-192572,-0.009999871,-0.009995636,-0.009995636,-6.003122E-05,-0.009999871,true,0,-0.009995636,0,1,PelvisPreSolveTranslation,FootGrounding,ModifierNotCompiled,-1,-1,-1,0,,,true,-98208,Sphere,CurrentGrounding,0,-1.977959,2.584512,4.398181,0,0,0,0,-1,0,0.05,1,4608,0.5735765,-1.977959,1.92,4.398181,-1.977959,1.92,4.398181,0,1,0,0.6145123,Swing,None,false,0,0,0,0,0,0,1,0,0,0,0,0,0,1,0,false,false,false,ModifierNotCompiled,0,0,0,0,0,0,0,0,ModifierNotCompiled,0,0,0,0,FootPlacementEffectorTarget,FootGrounding,true,0.2270442,false,0.05443894,1,3.122931,0.07613277,-98208,-1.977959,1.92,4.398181,0,1,0,0,0,0,0,-1.977959,2.075472,4.398181,-1.968355,1.999249,4.424599,-1.973227,1.974936,4.355987,0.07924891,0.05493593,0,1,1,1,1,-0.009999871,-4.235655E-06,0.0009552079,0,0.0009552079,-0.01244852,-4.235655E-06,true,0,1,0,-2.256456E-29,1,7.904132E-15,1.114173E-27,-5.749358E-15,-3.86964E-13,0,1,0,true,-0.03594757,0.1454719,0.268481,-0.03594757,0.1454719,0.268481,-0.03594757,0.1454719,0.268481,-0.03594753,0.145472,0.268481,9.372641E-08,0,true,-98208,Sphere,CurrentGrounding,1,-1.960666,2.808844,5.210328,0,0,0,0,-1,0,0.05,1,4608,0.5735765,-1.960666,1.92,5.210328,-1.960666,1.92,5.210328,0,1,0,0.8388438,Swing,None,false,0,0,0,0,0,0,1,0,0,0,0,0,0,1,0,false,false,false,ModifierNotCompiled,0,0,0,0,0,0,0,0,ModifierNotCompiled,0,0,0,0,FootPlacementEffectorTarget,FootGrounding,true,0,false,0.3045619,1,3.065283,0.3520927,-98208,-1.960666,1.92,5.210328,0,1,0,0,0,0,0,-1.960666,2.30149,5.210328,-1.948926,2.302137,5.290631,-1.925996,2.227341,5.290779,0.3821371,0.3073413,0,1,1,1,1,-0.009999871,-4.235655E-06,0.00264204,0,0.00264204,-0.03143928,-4.235655E-06,true,0,1,0,4.309864E-27,1,6.772564E-15,-2.128592E-25,-7.056932E-15,-3.315657E-13,0,1,0,true,-0.007837371,0.3714904,-0.5433629,-0.007837371,0.3714904,-0.5433629,-0.007837371,0.3714904,-0.5433629,-0.007837318,0.3714904,-0.5433629,5.308539E-08,0
2265,345,2265,1,2266,0,2266,false,rootmotion.finalik.full-body-biped-ik/indexed-pose-backend,None,true,true,1,lyra-5.7/ABP_Mannequin_Base/CR_Mannequin_FootPlant,unreal-engine-5.7/SpringInterpV2/FMath.SpringDamper,corin.animation-rig,87731f0d0ca14844bbf861368b9847b3,corin.foot-placement,6d6118d2f41a5948ddd18dc6d88083c8c5bf77a4682a4ec3fce5d2ec6af01624,298b6781705cafb383942fcc3f3b1f6e0800ead13829aedd29916feeb5d1f702,Corin.FootPlacementRig,2997edf1c34f13f7e2a3033372226eb399379f30c4303fddfe3e97ec1e4bf38d,0,-192572,-0.009999871,-0.00999727,-0.00999727,-3.706168E-05,-0.009999871,true,0,-0.00999727,0,1,PelvisPreSolveTranslation,FootGrounding,ModifierNotCompiled,-1,-1,-1,0,,,false,0,Sphere,CurrentGrounding,0,-1.953365,2.564724,4.101687,0,0,0,0,-1,0,0.05,1,4608,0.5735765,0,0,0,0,0,0,0,1,0,0,Swing,None,false,0,0,0,0,0,0,1,0,0,0,0,0,0,1,0,false,false,false,ModifierNotCompiled,0,0,0,0,0,0,0,0,ModifierNotCompiled,0,0,0,0,FootPlacementEffectorTarget,FootGrounding,true,0.02942657,false,0.04927725,1,3.253805,Infinity,0,0,0,0,0,0,0,0,0,0,0,-1.953365,2.057116,4.101687,-1.953798,1.975911,4.099318,-1.953431,1.978112,4.026396,0,0,0,1,1,1,1,0,0.00999727,0.002389028,0,0.002389028,0.07797237,0.00999727,true,0,1,0,-4.306556E-30,1,1.529639E-15,2.127584E-28,7.720864E-16,-7.497279E-14,0,1,0,true,-0.02000982,0.1271156,0.3628875,-0.02000982,0.1271156,0.3628875,-0.02000982,0.1271156,0.3628875,-0.02000988,0.1271156,0.3628874,7.452908E-08,0,true,-98208,Sphere,CurrentGrounding,1,-2.019675,2.893091,4.983582,0,0,0,0,-1,0,0.05,1,4608,0.5735765,-2.019675,1.92,4.983582,-2.019675,1.92,4.983582,0,1,0,0.9230914,Swing,None,false,0,0,0,0,0,0,1,0,0,0,0,0,0,1,0,false,false,false,ModifierNotCompiled,0,0,0,0,0,0,0,0,ModifierNotCompiled,0,0,0,0,FootPlacementEffectorTarget,FootGrounding,true,0,false,0.3997024,1,2.768679,0.4473186,-98208,-2.019675,1.92,4.983582,0,1,0,0,0,0,0,-2.019675,2.384837,4.983582,-2.01936,2.396122,5.063952,-1.99579,2.322006,5.076531,0.4761214,0.4020064,0,1,1,1,1,-0.009999871,-2.601184E-06,0.00174242,0,0.00174242,-0.02150979,-2.601184E-06,true,0,1,0,8.222368E-28,1,1.310653E-15,-4.063037E-26,9.476817E-16,-6.423957E-14,0,1,0,true,-0.007309073,0.4548367,-0.5214059,-0.007309073,0.4548367,-0.5214059,-0.007309073,0.4548367,-0.5214059,-0.007309128,0.4548368,-0.5214059,1.003681E-07,0
2266,346,2266,1,2267,0,2267,false,rootmotion.finalik.full-body-biped-ik/indexed-pose-backend,None,true,true,1,lyra-5.7/ABP_Mannequin_Base/CR_Mannequin_FootPlant,unreal-engine-5.7/SpringInterpV2/FMath.SpringDamper,corin.animation-rig,87731f0d0ca14844bbf861368b9847b3,corin.foot-placement,6d6118d2f41a5948ddd18dc6d88083c8c5bf77a4682a4ec3fce5d2ec6af01624,298b6781705cafb383942fcc3f3b1f6e0800ead13829aedd29916feeb5d1f702,Corin.FootPlacementRig,2997edf1c34f13f7e2a3033372226eb399379f30c4303fddfe3e97ec1e4bf38d,0,-192572,-0.009999871,-0.01679593,-0.009998225,-2.357036E-05,-0.009999871,true,0,-0.01679593,0,1,PelvisPreSolveTranslation,FootGrounding,ModifierNotCompiled,-1,-1,-1,0,,,false,0,Sphere,CurrentGrounding,0,-1.883288,2.515732,3.928944,0,0,0,0,-1,0,0.05,1,4608,0.5735765,0,0,0,0,0,0,0,1,0,0,Swing,None,false,0,0,0,0,0,0,1,0,0,0,0,0,0,1,0,false,false,false,ModifierNotCompiled,0,0,0,0,0,0,0,0,ModifierNotCompiled,0,0,0,0,FootPlacementEffectorTarget,FootGrounding,true,0,false,0.01739671,1,3.518414,Infinity,0,0,0,0,0,0,0,0,0,0,0,-1.883288,2.010325,3.928944,-1.888975,1.941192,3.886656,-1.877083,1.978103,3.824861,0,0,0,1,1,1,1,0,0.009998225,0.004591508,0,0.004591508,0.05980194,0.009998225,true,0,1,0,-9.103731E-31,1,3.272832E-16,4.499659E-29,-9.680391E-17,-1.605706E-14,0,1,0,true,-0.01204264,0.08032548,0.3539881,-0.01204264,0.08032548,0.3539881,-0.01204264,0.08032548,0.3539881,-0.0120426,0.08032551,0.3539882,5.750116E-08,0,true,-98208,Sphere,CurrentGrounding,1,-2.062534,2.930514,4.711325,0,0,0,0,-1,0,0.05,1,4608,0.5735765,-2.062534,1.92,4.711325,-2.062534,1.92,4.711325,0,1,0,0.9605138,Swing,None,false,0,0,0,0,0,0,1,0,0,0,0,0,0,1,0,false,false,false,ModifierNotCompiled,0,0,0,0,0,0,0,0,ModifierNotCompiled,0,0,0,0,FootPlacementEffectorTarget,FootGrounding,true,0,false,0.4520878,1,2.349036,0.500052,-98208,-2.062534,1.92,4.711325,0,1,0,0,0,0,0,-2.062534,2.421683,4.711325,-2.073947,2.448707,4.786997,-2.066285,2.373736,4.814616,0.5287066,0.4537356,0,1,1,1,1,-0.009999871,-1.646578E-06,0.001167231,0,0.001167231,-0.01479611,-1.646578E-06,true,0,1,0,1.737547E-28,1,2.804288E-16,-8.589913E-27,-1.1882E-16,-1.37583E-14,0,1,0,true,0.005440308,0.4916829,-0.4484728,0.005440308,0.4916829,-0.4484728,0.005440308,0.4916829,-0.4484728,0.005440358,0.491683,-0.4484727,1.360751E-07,0
2267,347,2267,1,2268,0,2268,false,rootmotion.finalik.full-body-biped-ik/indexed-pose-backend,None,true,true,1,lyra-5.7/ABP_Mannequin_Base/CR_Mannequin_FootPlant,unreal-engine-5.7/SpringInterpV2/FMath.SpringDamper,corin.animation-rig,87731f0d0ca14844bbf861368b9847b3,corin.foot-placement,6d6118d2f41a5948ddd18dc6d88083c8c5bf77a4682a4ec3fce5d2ec6af01624,298b6781705cafb383942fcc3f3b1f6e0800ead13829aedd29916feeb5d1f702,Corin.FootPlacementRig,2997edf1c34f13f7e2a3033372226eb399379f30c4303fddfe3e97ec1e4bf38d,0,-192572,-0.009999871,-0.009998744,-0.009998744,-1.618103E-05,-0.009999871,true,0,-0.009998744,0,1,PelvisPreSolveTranslation,FootGrounding,ModifierNotCompiled,-1,-1,-1,0,,,false,0,Sphere,CurrentGrounding,0,-1.791908,2.512495,3.956899,0,0,0,0,-1,0,0.05,1,4608,0.5735765,0,0,0,0,0,0,0,1,0,0,Swing,None,false,0,0,0,0,0,0,1,0,0,0,0,0,0,1,0,false,false,false,ModifierNotCompiled,0,0,0,0,0,0,0,0,ModifierNotCompiled,0,0,0,0,FootPlacementEffectorTarget,FootGrounding,true,1,false,-0.001017908,1,6.726444,Infinity,0,0,0,0,0,0,0,0,0,0,0,-1.791908,2.008488,3.956899,-1.795819,1.927346,3.957739,-1.778011,1.925831,3.887008,0,0,0,1,1,1,1,0,0.009998744,0.005991946,0,0.005991946,0.04635783,0.009998744,true,0,1,0,-2.483717E-31,1,9.013489E-17,1.228068E-29,8.560141E-18,-4.425521E-15,0,1,0,true,-0.008128399,0.07848823,0.220675,-0.008128399,0.07848823,0.220675,-0.008128399,0.07848823,0.220675,-0.008128385,0.07848826,0.2206751,6.808853E-08,0,true,-98208,Sphere,CurrentGrounding,1,-2.038576,2.932451,4.521961,0,0,0,0,-1,0,0.05,1,4608,0.5735765,-2.038576,1.92,4.521961,-2.038576,1.92,4.521961,0,1,0,0.9624507,Swing,None,false,0,0,0,0,0,0,1,0,0,0,0,0,0,1,0,false,false,false,ModifierNotCompiled,0,0,0,0,0,0,0,0,ModifierNotCompiled,0,0,0,0,FootPlacementEffectorTarget,FootGrounding,true,0,false,0.4643284,1,2.987151,0.5106122,-98208,-2.038576,1.92,4.521961,0,1,0,0,0,0,0,-2.038576,2.423284,4.521961,-2.06112,2.457509,4.592013,-2.072165,2.385382,4.624411,0.537509,0.4653821,0,1,1,1,1,-0.009999871,-1.1269E-06,0.0008319165,0,0.0008319165,-0.01073629,-1.1269E-06,true,0,1,0,4.739159E-29,1,7.723101E-17,-2.343742E-27,1.050697E-17,-3.791956E-15,0,1,0,true,0.01709979,0.4932841,-0.3953632,0.01709979,0.4932841,-0.3953632,0.01709979,0.4932841,-0.3953632,0.01709984,0.4932843,-0.3953632,1.950804E-07,0
2268,348,2268,1,2269,0,2269,false,rootmotion.finalik.full-body-biped-ik/indexed-pose-backend,None,true,false,1,lyra-5.7/ABP_Mannequin_Base/CR_Mannequin_FootPlant,unreal-engine-5.7/SpringInterpV2/FMath.SpringDamper,corin.animation-rig,87731f0d0ca14844bbf861368b9847b3,corin.foot-placement,6d6118d2f41a5948ddd18dc6d88083c8c5bf77a4682a4ec3fce5d2ec6af01624,298b6781705cafb383942fcc3f3b1f6e0800ead13829aedd29916feeb5d1f702,Corin.FootPlacementRig,2997edf1c34f13f7e2a3033372226eb399379f30c4303fddfe3e97ec1e4bf38d,0,-192572,-0.007428288,-0.009749329,-0.009749329,0.02120019,-0.007428288,true,0,-0.009749329,0,1,PelvisPreSolveTranslation,FootGrounding,ModifierNotCompiled,-1,-1,-1,0,,,false,0,Sphere,CurrentGrounding,0,-1.712778,2.509832,4.027173,0,0,0,0,-1,0,0.05,1,4608,0.5735765,0,0,0,0,0,0,0,1,0,0,Swing,None,false,0,0,0,0,0,0,1,0,0,0,0,0,0,1,0,false,false,false,ModifierNotCompiled,0,0,0,0,0,0,0,0,ModifierNotCompiled,0,0,0,0,FootPlacementEffectorTarget,FootGrounding,true,0.8859276,false,-0.001791483,1,5.828485,Infinity,0,0,0,0,0,0,0,0,0,0,0,-1.712778,2.006928,4.027173,-1.710194,1.925973,4.033473,-1.674838,1.92222,3.969768,0,0,0,1,1,1,1,0,0.009749329,0.006845975,0,0.006845975,0.03517837,0.009749329,true,0,1,0,-8.772305E-32,1,3.206323E-17,4.338671E-30,-1.781032E-19,-1.575166E-15,0,1,0,true,0.007080976,0.07949984,0.09529424,0.007080976,0.07949984,0.09529424,0.007080976,0.07949984,0.09529424,0.007080923,0.07949984,0.09529424,5.355105E-08,0,true,-98208,Sphere,CurrentGrounding,1,-1.99351,2.911747,4.342909,0,0,0,0,-1,0,0.05,1,4608,0.5735765,-1.99351,1.92,4.342909,-1.99351,1.92,4.342909,0,1,0,0.9417465,Swing,None,false,0,0,0,0,0,0,1,0,0,0,0,0,0,1,0,false,false,false,ModifierNotCompiled,0,0,0,0,0,0,0,0,ModifierNotCompiled,0,0,0,0,FootPlacementEffectorTarget,FootGrounding,true,0,false,0.4410034,1,4.046798,0.48627,-98208,-1.99351,1.92,4.342909,0,1,0,0,0,0,0,-1.99351,2.402855,4.342909,-2.036186,2.433785,4.404626,-2.062879,2.360973,4.423516,0.5137849,0.4409728,0,1,1,1,1,-0.007428288,0.00232104,0.0008581834,0,0.0008581834,0.01088582,0.00232104,true,0,1,0,1.673488E-29,1,2.7473E-17,-8.278483E-28,-2.186092E-19,-1.349663E-15,0,1,0,true,0.045553,0.475427,-0.3254438,0.045553,0.475427,-0.3254438,0.045553,0.475427,-0.3254438,0.04555306,0.475427,-0.3254438,6.664002E-08,0
2269,349,2269,1,2270,0,2270,false,rootmotion.finalik.full-body-biped-ik/indexed-pose-backend,None,true,true,1,lyra-5.7/ABP_Mannequin_Base/CR_Mannequin_FootPlant,unreal-engine-5.7/SpringInterpV2/FMath.SpringDamper,corin.animation-rig,87731f0d0ca14844bbf861368b9847b3,corin.foot-placement,6d6118d2f41a5948ddd18dc6d88083c8c5bf77a4682a4ec3fce5d2ec6af01624,298b6781705cafb383942fcc3f3b1f6e0800ead13829aedd29916feeb5d1f702,Corin.FootPlacementRig,2997edf1c34f13f7e2a3033372226eb399379f30c4303fddfe3e97ec1e4bf38d,0,-192572,0,-0.007548688,-0.007548688,0.08076349,0,true,0,-0.007548688,0,1,PelvisPreSolveTranslation,FootGrounding,ModifierNotCompiled,-1,-1,-1,0,,,false,0,Sphere,CurrentGrounding,0,-1.678542,2.480714,4.055761,0,0,0,0,-1,0,0.05,1,4608,0.5735765,0,0,0,0,0,0,0,1,0,0,Swing,None,false,0,0,0,0,0,0,1,0,0,0,0,0,0,1,0,false,false,false,ModifierNotCompiled,0,0,0,0,0,0,0,0,ModifierNotCompiled,0,0,0,0,FootPlacementEffectorTarget,FootGrounding,true,0.4522288,false,0.002626801,1,6.466182,Infinity,0,0,0,0,0,0,0,0,0,0,0,-1.678542,1.980651,4.055761,-1.672041,1.899902,4.061881,-1.612715,1.901585,4.019577,0,0,0,1,1,1,1,0,0.007548688,0.007485373,0,0.007485373,0.003920173,0.007548688,true,0,1,0,-1.443953E-32,1,5.341698E-18,7.145042E-31,2.53719E-20,-2.626708E-16,0,1,0,true,0.02038935,0.08433414,-0.1275684,0.02038935,0.08433414,-0.1275684,0.02038935,0.08433414,-0.1275684,0.02038933,0.08433411,-0.1275685,1.111517E-07,0,false,0,Sphere,CurrentGrounding,1,-1.770333,2.808426,4.052201,0,0,0,0,-1,0,0.05,1,4608,0.5735765,0,0,0,0,0,0,0,1,0,0,Swing,None,false,0,0,0,0,0,0,1,0,0,0,0,0,0,1,0,false,false,false,ModifierNotCompiled,0,0,0,0,0,0,0,0,ModifierNotCompiled,0,0,0,0,FootPlacementEffectorTarget,FootGrounding,true,0,false,0.3335629,1,4.845356,Infinity,0,0,0,0,0,0,0,0,0,0,0,-1.770333,2.30318,4.052201,-1.843331,2.301327,4.087622,-1.851236,2.224166,4.068704,0,0,0,1,1,1,1,0,0.007548688,0.002302525,0,0.002302525,0.05504717,0.007548688,true,0,1,0,2.753646E-30,1,4.576969E-18,-1.362825E-28,3.114223E-20,-2.250664E-16,0,1,0,true,0.06662726,0.4068633,-0.2069426,0.06662726,0.4068633,-0.2069426,0.06662726,0.4068633,-0.2069426,0.06662732,0.4068634,-0.2069426,9.094592E-08,0
2270,350,2270,1,2271,0,2271,false,rootmotion.finalik.full-body-biped-ik/indexed-pose-backend,None,true,true,1,lyra-5.7/ABP_Mannequin_Base/CR_Mannequin_FootPlant,unreal-engine-5.7/SpringInterpV2/FMath.SpringDamper,corin.animation-rig,87731f0d0ca14844bbf861368b9847b3,corin.foot-placement,6d6118d2f41a5948ddd18dc6d88083c8c5bf77a4682a4ec3fce5d2ec6af01624,298b6781705cafb383942fcc3f3b1f6e0800ead13829aedd29916feeb5d1f702,Corin.FootPlacementRig,2997edf1c34f13f7e2a3033372226eb399379f30c4303fddfe3e97ec1e4bf38d,0,-192572,0,-0.009514928,-0.005181759,0.05921249,0,true,0,-0.009514928,0,1,PelvisPreSolveTranslation,FootGrounding,ModifierNotCompiled,-1,-1,-1,0,,,false,0,Sphere,CurrentGrounding,0,-1.685139,2.445485,4.049062,0,0,0,0,-1,0,0.05,1,4608,0.5735765,0,0,0,0,0,0,0,1,0,0,Swing,None,false,0,0,0,0,0,0,1,0,0,0,0,0,0,1,0,false,false,false,ModifierNotCompiled,0,0,0,0,0,0,0,0,ModifierNotCompiled,0,0,0,0,FootPlacementEffectorTarget,FootGrounding,true,0.4149117,false,-0.003501907,1,6.026799,Infinity,0,0,0,0,0,0,0,0,0,0,0,-1.685139,1.947457,4.049062,-1.69923,1.868322,4.060855,-1.640309,1.852029,4.021318,0,0,0,1,1,1,1,0,0.005181759,0.007153855,0,0.007153855,-0.01897424,0.005181759,true,0,1,0,-2.791075E-33,1,1.043066E-18,1.38166E-31,-3.376447E-21,-5.133208E-17,0,1,0,true,0.02367253,0.09113085,-0.3317287,0.02367253,0.09113085,-0.3317287,0.02367253,0.09113085,-0.3317287,0.02367253,0.09113082,-0.3317288,6.687389E-08,0,true,-98108,Sphere,CurrentGrounding,1,-1.481326,2.667074,3.908409,0,0,0,0,-1,0,0.05,1,4608,0.5735765,-1.481326,1.92,3.908409,-1.481326,1.92,3.908409,0,1,0,0.6970737,Swing,None,false,0,0,0,0,0,0,1,0,0,0,0,0,0,1,0,false,false,false,ModifierNotCompiled,0,0,0,0,0,0,0,0,ModifierNotCompiled,0,0,0,0,FootPlacementEffectorTarget,FootGrounding,true,0,false,0.2131455,1,6.346106,0.1861811,-98108,-1.481326,1.92,3.908409,0,1,0,0,0,0,0,-1.481326,2.176592,3.908409,-1.555552,2.152822,3.931042,-1.540051,2.078578,3.90611,0.2328215,0.1585774,0,1,1,1,1,0.06367385,0.06885561,0.01470013,0,0.01470013,0.5681732,0.06885561,true,0,1,0,5.321026E-31,1,8.937381E-19,-2.634517E-29,-4.144351E-21,-4.398327E-17,0,1,0,true,0.066413,0.3202659,-0.08780974,0.066413,0.3202659,-0.08780974,0.066413,0.3202659,-0.08780974,0.066413,0.3202659,-0.08780976,6.143906E-08,0
2271,351,2271,1,2272,0,2272,false,rootmotion.finalik.full-body-biped-ik/indexed-pose-backend,None,true,true,1,lyra-5.7/ABP_Mannequin_Base/CR_Mannequin_FootPlant,unreal-engine-5.7/SpringInterpV2/FMath.SpringDamper,corin.animation-rig,87731f0d0ca14844bbf861368b9847b3,corin.foot-placement,6d6118d2f41a5948ddd18dc6d88083c8c5bf77a4682a4ec3fce5d2ec6af01624,298b6781705cafb383942fcc3f3b1f6e0800ead13829aedd29916feeb5d1f702,Corin.FootPlacementRig,2997edf1c34f13f7e2a3033372226eb399379f30c4303fddfe3e97ec1e4bf38d,0,-192572,0.09514582,0.007466549,0.007466549,0.8456611,0.09514582,true,0,0.007466549,0,1,PelvisPreSolveTranslation,FootGrounding,ModifierNotCompiled,-1,-1,-1,0,,,true,-98108,Sphere,CurrentGrounding,0,-1.614171,2.473897,4.050636,0,0,0,0,-1,0,0.05,1,4608,0.5735765,-1.6,1.92,4.050636,-1.6,1.92,4.050636,-0.2834208,0.9589957,1.49012E-07,0.5059469,Swing,None,false,0,0,0,0,0,0,1,0,0,0,0,0,0,1,0,false,false,false,ModifierNotCompiled,0,0,0,0,0,0,0,0,ModifierNotCompiled,0,0,0,0,FootPlacementEffectorTarget,FootGrounding,true,0,false,0.0432063,1,6.3789,0.01146563,-98108,-1.6,1.92,4.050636,-0.2834208,0.9589957,1.49012E-07,0,0,0,0,-1.614171,2.022496,4.050636,-1.663042,1.963572,4.077834,-1.6187,1.914474,4.050425,0.0596529,7.255694E-08,0,1,1,1,1,0.09514582,0.08767927,0.01655592,0.02457654,0.04113247,0.6774055,0.08767927,true,-0.2834208,0.9589957,1.49012E-07,-0.1004323,0.9949439,5.280353E-08,-5.137658,-0.7432979,2.701187E-06,-0.2834208,0.9589957,1.49012E-07,true,0.00167601,0.1976415,-0.4139063,0.00167601,0.1976415,-0.4139063,0.00167601,0.1976415,-0.4139063,0.001676034,0.1976415,-0.4139063,5.072984E-08,0,true,-98108,Sphere,CurrentGrounding,1,-1.228535,2.561265,3.801486,0,0,0,0,-1,0,0.05,1,4608,0.5735765,-1.228535,1.92,3.801486,-1.228535,1.92,3.801486,0,1,0,0.591265,Swing,None,false,0,0,0,0,0,0,1,0,0,0,0,0,0,1,0,false,false,false,ModifierNotCompiled,0,0,0,0,0,0,0,0,ModifierNotCompiled,0,0,0,0,FootPlacementEffectorTarget,FootGrounding,true,0,false,0.1279708,1,6.758493,0.06538522,-98108,-1.228535,1.92,3.801486,0,1,0,0,0,0,0,-1.228535,2.098434,3.801486,-1.29496,2.055747,3.820257,-1.261167,1.989362,3.791532,0.1357465,0.06936145,0,1,1,1,1,0.09514582,0.08767927,0.0297021,0,0.0297021,0.6173589,0.08767927,true,0,1,0,1.563032E-31,1,2.64448E-19,-7.74097E-30,2.996154E-22,-1.302131E-17,0,1,0,true,0.05407565,0.2735795,0.04221324,0.05407565,0.2735795,0.04221324,0.05407565,0.2735795,0.04221324,0.05407559,0.2735794,0.04221314,1.206557E-07,0
2272,352,2272,1,2273,0,2273,false,rootmotion.finalik.full-body-biped-ik/indexed-pose-backend,None,true,true,1,lyra-5.7/ABP_Mannequin_Base/CR_Mannequin_FootPlant,unreal-engine-5.7/SpringInterpV2/FMath.SpringDamper,corin.animation-rig,87731f0d0ca14844bbf861368b9847b3,corin.foot-placement,6d6118d2f41a5948ddd18dc6d88083c8c5bf77a4682a4ec3fce5d2ec6af01624,298b6781705cafb383942fcc3f3b1f6e0800ead13829aedd29916feeb5d1f702,Corin.FootPlacementRig,2997edf1c34f13f7e2a3033372226eb399379f30c4303fddfe3e97ec1e4bf38d,0,-192572,0.1205562,0.02457695,0.02457695,0.9529521,0.1205562,true,0,0.02457695,0,1,PelvisPreSolveTranslation,FootGrounding,ModifierNotCompiled,-1,-1,-1,0,,,true,-98108,Sphere,CurrentGrounding,0,-1.556586,2.503645,4.041897,0,0,0,0,-1,0,0.05,1,4608,0.5735765,-1.556586,1.92,4.041897,-1.556586,1.92,4.041897,-3.725291E-08,1,-2.337437E-07,0.5336453,Swing,None,false,0,0,0,0,0,0,1,0,0,0,0,0,0,1,0,false,false,false,ModifierNotCompiled,0,0,0,0,0,0,0,0,ModifierNotCompiled,0,0,0,0,FootPlacementEffectorTarget,FootGrounding,true,0,false,0.1131157,1,4.814935,0.02732586,-98108,-1.556586,1.92,4.041897,-3.725291E-08,1,-2.337437E-07,0,0,0,0,-1.556586,2.081197,4.041897,-1.624038,2.05061,4.075285,-1.601777,1.985486,4.059197,0.1306102,0.06548607,0,1,1,1,1,0.1205562,0.09597928,0.05297468,0,0.05297468,0.5835871,0.09597928,true,-3.725291E-08,1,-2.337437E-07,-0.113952,0.9934863,2.433155E-09,1.726963,0.2498507,-5.2256E-06,-3.725291E-08,1,-2.337437E-07,true,-0.005500528,0.2817532,-0.4685706,-0.005500528,0.2817532,-0.4685706,-0.005500528,0.2817532,-0.4685706,-0.005500548,0.2817531,-0.4685706,6.945069E-08,0,true,-98108,Sphere,CurrentGrounding,1,-1.045702,2.498294,3.711371,0,0,0,0,-1,0,0.05,1,4608,0.5735765,-1.045702,1.92,3.711371,-1.045702,1.92,3.711371,0,1,0,0.5282941,Swing,None,false,0,0,0,0,0,0,1,0,0,0,0,0,0,1,0,false,false,false,ModifierNotCompiled,0,0,0,0,0,0,0,0,ModifierNotCompiled,0,0,0,0,FootPlacementEffectorTarget,FootGrounding,true,0,false,0.08782133,1,5.545604,0.005963087,-98108,-1.045702,1.92,3.711371,0,1,0,0,0,0,0,-1.045702,2.063984,3.711371,-1.102268,2.007978,3.727194,-1.056386,1.951476,3.694385,0.08797789,0.03147638,0,1,1,1,1,0.1205562,0.09597928,0.04111337,0,0.04111337,0.5915357,0.09597928,true,0,1,0,6.165438E-32,1,1.04865E-19,-3.05408E-30,6.460054E-24,-5.165542E-18,0,1,0,true,0.0470706,0.2645406,0.1376359,0.0470706,0.2645406,0.1376359,0.0470706,0.2645406,0.1376359,0.04707054,0.2645405,0.1376358,9.313226E-08,0
2273,353,2273,1,2274,0,2274,false,rootmotion.finalik.full-body-biped-ik/indexed-pose-backend,None,true,true,1,lyra-5.7/ABP_Mannequin_Base/CR_Mannequin_FootPlant,unreal-engine-5.7/SpringInterpV2/FMath.SpringDamper,corin.animation-rig,87731f0d0ca14844bbf861368b9847b3,corin.foot-placement,6d6118d2f41a5948ddd18dc6d88083c8c5bf77a4682a4ec3fce5d2ec6af01624,298b6781705cafb383942fcc3f3b1f6e0800ead13829aedd29916feeb5d1f702,Corin.FootPlacementRig,2997edf1c34f13f7e2a3033372226eb399379f30c4303fddfe3e97ec1e4bf38d,0,-192572,-0.05187297,0.0253527,0.0253527,-0.6753863,-0.05187297,true,0,0.0253527,0,1,PelvisPreSolveTranslation,FootGrounding,ModifierNotCompiled,-1,-1,-1,0,,,true,-98108,Sphere,CurrentGrounding,0,-1.451682,2.503083,4.059113,0,0,0,0,-1,0,0.05,1,4608,0.5735765,-1.451682,1.92,4.059113,-1.451682,1.92,4.059113,0,1,0,0.5330827,Swing,None,false,0,0,0,0,0,0,1,0,0,0,0,0,0,1,0,false,false,false,ModifierNotCompiled,0,0,0,0,0,0,0,0,ModifierNotCompiled,0,0,0,0,FootPlacementEffectorTarget,FootGrounding,true,0,false,0.1900694,1,3.244337,0.03677607,-98108,-1.451682,1.92,4.059113,0,1,0,0,0,0,0,-1.451682,2.102913,4.059113,-1.508156,2.087688,4.115494,-1.506188,2.018842,4.098247,0.1676879,0.09884238,0,1,1,1,1,0.1881272,0.1627745,0.07447754,0,0.07447754,0.9757453,0.1627745,true,0,1,0,-0.05866963,0.9982775,-3.573446E-08,1.868312,0.2703008,4.111544E-07,0,1,0,true,-0.006798642,0.37104,-0.5129569,-0.006798642,0.37104,-0.5129569,-0.006798642,0.37104,-0.5129569,-0.006798692,0.37104,-0.5129569,7.79868E-08,0,true,-98098,Sphere,CurrentGrounding,1,-0.9829657,2.407799,3.485748,0,0,0,0,-1,0,0.05,1,4608,0.5735765,-0.9829657,1.68,3.485748,-0.9829657,1.68,3.485748,0,1,0,0.6777989,Swing,None,false,0,0,0,0,0,0,1,0,0,0,0,0,0,1,0,false,false,false,ModifierNotCompiled,0,0,0,0,0,0,0,0,ModifierNotCompiled,0,0,0,0,FootPlacementEffectorTarget,FootGrounding,true,0.0784662,false,0.06603567,1,3.308856,0.1387947,-98098,-0.9829657,1.68,3.485748,0,1,0,0,0,0,0,-0.9829657,1.965975,3.485748,-1.021711,1.89859,3.509093,-0.9789841,1.855351,3.457335,0.2185905,0.1753511,0,1,1,1,1,-0.05187297,-0.07722566,0.03282342,0,0.03282342,-0.9987912,-0.07722566,true,0,1,0,1.690217E-32,1,2.895341E-20,-8.374901E-31,-5.615619E-25,-1.426967E-18,0,1,0,true,0.0455653,0.234102,0.2257588,0.0455653,0.234102,0.2257588,0.0455653,0.234102,0.2257588,0.04556533,0.234102,0.2257589,8.940697E-08,0
2274,354,2274,1,2275,0,2275,false,rootmotion.finalik.full-body-biped-ik/indexed-pose-backend,None,true,true,1,lyra-5.7/ABP_Mannequin_Base/CR_Mannequin_FootPlant,unreal-engine-5.7/SpringInterpV2/FMath.SpringDamper,corin.animation-rig,87731f0d0ca14844bbf861368b9847b3,corin.foot-placement,6d6118d2f41a5948ddd18dc6d88083c8c5bf77a4682a4ec3fce5d2ec6af01624,298b6781705cafb383942fcc3f3b1f6e0800ead13829aedd29916feeb5d1f702,Corin.FootPlacementRig,2997edf1c34f13f7e2a3033372226eb399379f30c4303fddfe3e97ec1e4bf38d,0,-192572,0.03441489,0.01931769,0.01931769,0.1742243,0.03441489,true,0,0.01931769,0,1,PelvisPreSolveTranslation,FootGrounding,ModifierNotCompiled,-1,-1,-1,0,,,true,-98108,Sphere,CurrentGrounding,0,-1.239958,2.508586,4.018625,0,0,0,0,-1,0,0.05,1,4608,0.5735765,-1.239958,1.92,4.018625,-1.239958,1.92,4.018625,0,1,0,0.5385864,Swing,None,false,0,0,0,0,0,0,1,0,0,0,0,0,0,1,0,false,false,false,ModifierNotCompiled,0,0,0,0,0,0,0,0,ModifierNotCompiled,0,0,0,0,FootPlacementEffectorTarget,FootGrounding,true,0,false,0.2883821,1,3.173453,0.04747331,-98108,-1.239958,1.92,4.018625,0,1,0,0,0,0,0,-1.239958,2.145968,4.018625,-1.269554,2.138322,4.093896,-1.286322,2.069989,4.080126,0.2183216,0.1499891,0,1,1,1,1,0.274415,0.2550973,0.1180644,0,0.1180644,1.49979,0.2550973,true,0,1,0,-0.01824728,0.9998335,-1.582577E-08,0.7084709,0.1024991,5.263213E-07,0,1,0,true,-0.0003705211,0.5003834,-0.5422252,-0.0003705211,0.5003834,-0.5422252,-0.0003705211,0.5003834,-0.5422252,-0.0003704987,0.5003834,-0.5422252,6.365779E-08,0,true,-98098,Sphere,CurrentGrounding,1,-1.000965,2.30929,3.223471,0,0,0,0,-1,0,0.05,1,4608,0.5735765,-1.000965,1.68,3.223471,-1.000965,1.68,3.223471,0,1,0,0.57929,Swing,None,false,0,0,0,0,0,0,1,0,0,0,0,0,0,1,0,false,false,false,ModifierNotCompiled,0,0,0,0,0,0,0,0,ModifierNotCompiled,0,0,0,0,FootPlacementEffectorTarget,FootGrounding,true,0.3537593,false,0.06025596,1,2.010948,0.03988779,-98098,-1.000965,1.68,3.223471,0,1,0,0,0,0,0,-1.000965,1.846872,3.223471,-1.020492,1.771135,3.245136,-0.9955294,1.743805,3.174396,0.09113503,0.06380522,0,1,1,1,1,0.03441489,0.0150972,0.01826475,0,0.01826475,-0.02534971,0.0150972,true,0,1,0,3.367734E-33,1,5.81841E-21,-1.669248E-31,7.325247E-26,-2.869401E-19,0,1,0,true,0.03956206,0.2012874,0.2871073,0.03956206,0.2012874,0.2871073,0.03956206,0.2012874,0.2871073,0.03956209,0.2012874,0.2871073,6.50594E-08,0
2275,355,2275,1,2276,0,2276,false,rootmotion.finalik.full-body-biped-ik/indexed-pose-backend,None,true,true,1,lyra-5.7/ABP_Mannequin_Base/CR_Mannequin_FootPlant,unreal-engine-5.7/SpringInterpV2/FMath.SpringDamper,corin.animation-rig,87731f0d0ca14844bbf861368b9847b3,corin.foot-placement,6d6118d2f41a5948ddd18dc6d88083c8c5bf77a4682a4ec3fce5d2ec6af01624,298b6781705cafb383942fcc3f3b1f6e0800ead13829aedd29916feeb5d1f702,Corin.FootPlacementRig,2997edf1c34f13f7e2a3033372226eb399379f30c4303fddfe3e97ec1e4bf38d,0,-192572,-0.1457649,0.003508873,0.003508873,-1.36327,-0.1457649,true,0,0.003508873,0,1,PelvisPreSolveTranslation,FootGrounding,ModifierNotCompiled,-1,-1,-1,0,,,true,-98108,Sphere,CurrentGrounding,0,-1.152035,2.515698,3.915903,0,0,0,0,-1,0,0.05,1,4608,0.5735765,-1.152035,1.92,3.915903,-1.152035,1.92,3.915903,0,1,0,0.5456985,Swing,None,false,0,0,0,0,0,0,1,0,0,0,0,0,0,1,0,false,false,false,ModifierNotCompiled,0,0,0,0,0,0,0,0,ModifierNotCompiled,0,0,0,0,FootPlacementEffectorTarget,FootGrounding,true,0,false,0.3585003,1,2.721039,0.05903983,-98108,-1.152035,1.92,3.915903,0,1,0,0,0,0,0,-1.152035,2.176329,3.915903,-1.172314,2.173137,3.994506,-1.196115,2.105732,3.98548,0.2531371,0.1857316,0,1,1,1,1,0.3342351,0.3307262,0.1571213,0,0.1571213,1.84084,0.3307262,true,0,1,0,-0.007294273,0.9999734,-6.967916E-09,0.3006509,0.04349737,2.649612E-07,0,1,0,true,0.006635244,0.5905637,-0.5424515,0.006635244,0.5905637,-0.5424515,0.006635244,0.5905637,-0.5424515,0.006635258,0.5905637,-0.5424515,6.121985E-08,0,true,-98088,Sphere,CurrentGrounding,1,-0.9996777,2.236655,3.074122,0,0,0,0,-1,0,0.05,1,4608,0.5735765,-0.9996777,1.44,3.074122,-0.9996777,1.44,3.074122,0,1,0,0.7466552,Swing,None,false,0,0,0,0,0,0,1,0,0,0,0,0,0,1,0,false,false,false,ModifierNotCompiled,0,0,0,0,0,0,0,0,ModifierNotCompiled,0,0,0,0,FootPlacementEffectorTarget,FootGrounding,true,0.3690766,false,0.05706179,1,2.324008,0.2097517,-98088,-0.9996777,1.44,3.074122,0,1,0,0,0,0,0,-0.9996777,1.740201,3.074122,-1.011857,1.660862,3.086112,-0.9920826,1.645734,3.010256,0.2208619,0.2057335,0,1,1,1,1,-0.1457649,-0.1492738,3.715909E-05,0,3.715909E-05,-1.392855,-0.1492738,true,0,1,0,1.087482E-33,1,1.889415E-21,-5.391403E-32,-3.497802E-27,-9.321636E-20,0,1,0,true,0.03314476,0.1544363,0.3125951,0.03314476,0.1544363,0.3125951,0.03314476,0.1544363,0.3125951,0.03314473,0.1544364,0.3125952,8.720681E-08,0
2276,356,2276,1,2277,0,2277,false,rootmotion.finalik.full-body-biped-ik/indexed-pose-backend,None,true,true,1,lyra-5.7/ABP_Mannequin_Base/CR_Mannequin_FootPlant,unreal-engine-5.7/SpringInterpV2/FMath.SpringDamper,corin.animation-rig,87731f0d0ca14844bbf861368b9847b3,corin.foot-placement,6d6118d2f41a5948ddd18dc6d88083c8c5bf77a4682a4ec3fce5d2ec6af01624,298b6781705cafb383942fcc3f3b1f6e0800ead13829aedd29916feeb5d1f702,Corin.FootPlacementRig,2997edf1c34f13f7e2a3033372226eb399379f30c4303fddfe3e97ec1e4bf38d,0,-192572,-0.09868145,-0.02273828,-0.01605704,-0.8573245,-0.09868145,true,0,-0.02273828,0,1,PelvisPreSolveTranslation,FootGrounding,ModifierNotCompiled,-1,-1,-1,0,,,true,-98108,Sphere,CurrentGrounding,0,-1.113188,2.502794,3.803734,0,0,0,0,-1,0,0.05,1,4608,0.5735765,-1.113188,1.92,3.803734,-1.113188,1.92,3.803734,0,1,0,0.5327936,Swing,None,false,0,0,0,0,0,0,1,0,0,0,0,0,0,1,0,false,false,false,ModifierNotCompiled,0,0,0,0,0,0,0,0,ModifierNotCompiled,0,0,0,0,FootPlacementEffectorTarget,FootGrounding,true,0,false,0.40001,1,2.777295,0.0522176,-98108,-1.113188,1.92,3.803734,0,1,0,0,0,0,0,-1.113188,2.179699,3.803734,-1.130836,2.182731,3.882977,-1.156449,2.115305,3.879727,0.2627308,0.1953053,0,1,1,1,1,0.3813186,0.3973756,0.1929627,0,0.1929627,2.116317,0.3973756,true,0,1,0,-0.003444928,0.999994,-3.452773E-09,0.1463694,0.02117626,1.389082E-07,0,1,0,true,0.006092876,0.6410177,-0.5211346,0.006092876,0.6410177,-0.5211346,0.006092876,0.6410177,-0.5211346,0.006092811,0.6410178,-0.5211346,1.35871E-07,0,true,-98088,Sphere,CurrentGrounding,1,-0.9799936,2.181198,2.948506,0,0,0,0,-1,0,0.05,1,4608,0.5735765,-0.9799936,1.44,2.948506,-0.9799936,1.44,2.948506,0,1,0,0.6911983,Swing,None,false,0,0,0,0,0,0,1,0,0,0,0,0,0,1,0,false,false,false,ModifierNotCompiled,0,0,0,0,0,0,0,0,ModifierNotCompiled,0,0,0,0,FootPlacementEffectorTarget,FootGrounding,true,0.02118684,false,0.05922952,1,2.451145,0.1610337,-98088,-0.9799936,1.44,2.948506,0,1,0,0,0,0,0,-0.9799936,1.646765,2.948506,-0.9849749,1.565836,2.94496,-0.9648447,1.567365,2.867717,0.125836,0.1273645,0,1,1,1,1,-0.09868145,-0.08262441,-0.01837648,0,-0.01837648,-0.715475,-0.08262441,true,0,1,0,4.480227E-34,1,7.81717E-22,-2.221534E-32,-1.435109E-28,-3.857874E-20,0,1,0,true,0.02590953,0.1080834,0.3441767,0.02590953,0.1080834,0.3441767,0.02590953,0.1080834,0.3441767,0.02590947,0.1080834,0.3441767,8.562092E-08,0
2277,357,2277,1,2278,0,2278,false,rootmotion.finalik.full-body-biped-ik/indexed-pose-backend,None,true,true,1,lyra-5.7/ABP_Mannequin_Base/CR_Mannequin_FootPlant,unreal-engine-5.7/SpringInterpV2/FMath.SpringDamper,corin.animation-rig,87731f0d0ca14844bbf861368b9847b3,corin.foot-placement,6d6118d2f41a5948ddd18dc6d88083c8c5bf77a4682a4ec3fce5d2ec6af01624,298b6781705cafb383942fcc3f3b1f6e0800ead13829aedd29916feeb5d1f702,Corin.FootPlacementRig,2997edf1c34f13f7e2a3033372226eb399379f30c4303fddfe3e97ec1e4bf38d,0,-192572,-0.02753329,-0.06737089,-0.02741302,-0.08104088,-0.02753329,true,0,-0.06737089,0,1,PelvisPreSolveTranslation,FootGrounding,ModifierNotCompiled,-1,-1,-1,0,,,true,-98098,Sphere,CurrentGrounding,0,-1.061264,2.46694,3.602684,0,0,0,0,-1,0,0.05,1,4608,0.5735765,-1.061264,1.68,3.602684,-1.061264,1.68,3.602684,0,1,0,0.73694,Swing,None,false,0,0,0,0,0,0,1,0,0,0,0,0,0,1,0,false,false,false,ModifierNotCompiled,0,0,0,0,0,0,0,0,ModifierNotCompiled,0,0,0,0,FootPlacementEffectorTarget,FootGrounding,true,0,false,0.4605433,1,2.271642,0.2837101,-98098,-1.061264,1.68,3.602684,0,1,0,0,0,0,0,-1.061264,2.162941,3.602684,-1.080619,2.193172,3.675564,-1.098297,2.126251,3.698544,0.5131719,0.4462507,0,1,1,1,1,0.2124667,0.2398797,0.2234142,0,0.2234142,0.3556359,0.2398797,true,0,1,0,-0.001087025,0.9999994,-1.144344E-09,0.04765868,0.006895457,4.848846E-08,0,1,0,true,-0.002861455,0.6954076,-0.4593834,-0.002861455,0.6954076,-0.4593834,-0.002861455,0.6954076,-0.4593834,-0.002861547,0.6954076,-0.4593833,1.418923E-07,0,true,-98088,Sphere,CurrentGrounding,1,-0.9613647,2.071891,2.797556,0,0,0,0,-1,0,0.05,1,4608,0.5735765,-0.9613647,1.44,2.797556,-0.9613647,1.44,2.797556,0,1,0,0.5818913,Swing,None,false,0,0,0,0,0,0,1,0,0,0,0,0,0,1,0,false,false,false,ModifierNotCompiled,0,0,0,0,0,0,0,0,ModifierNotCompiled,0,0,0,0,FootPlacementEffectorTarget,FootGrounding,true,0,false,0.03424216,1,1.109694,0.08188224,-98088,-0.9613647,1.44,2.797556,0,1,0,0,0,0,0,-0.9613647,1.519989,2.797556,-0.9510937,1.450021,2.757734,-0.9324415,1.489939,2.691155,0.01002133,0.04993939,0,1,1,1,1,-0.02753329,-0.0001202766,-0.02448875,0,-0.02448875,0.1487713,-0.0001202766,true,0,1,0,1.191158E-34,1,2.09122E-22,-5.90785E-33,1.327954E-29,-1.032504E-20,0,1,0,true,0.02366865,0.05245614,0.3514849,0.02366865,0.05245614,0.3514849,0.02366865,0.05245614,0.3514849,0.02366857,0.05245608,0.351485,1.554946E-07,0
2278,358,2278,1,2279,0,2279,false,rootmotion.finalik.full-body-biped-ik/indexed-pose-backend,None,true,true,1,lyra-5.7/ABP_Mannequin_Base/CR_Mannequin_FootPlant,unreal-engine-5.7/SpringInterpV2/FMath.SpringDamper,corin.animation-rig,87731f0d0ca14844bbf861368b9847b3,corin.foot-placement,6d6118d2f41a5948ddd18dc6d88083c8c5bf77a4682a4ec3fce5d2ec6af01624,298b6781705cafb383942fcc3f3b1f6e0800ead13829aedd29916feeb5d1f702,Corin.FootPlacementRig,2997edf1c34f13f7e2a3033372226eb399379f30c4303fddfe3e97ec1e4bf38d,0,-192572,0.05951083,-0.01432447,-0.01432447,0.7236927,0.05951083,true,0,-0.01432447,0,1,PelvisPreSolveTranslation,FootGrounding,ModifierNotCompiled,-1,-1,-1,0,,,true,-98098,Sphere,CurrentGrounding,0,-1.006743,2.386333,3.391282,0,0,0,0,-1,0,0.05,1,4608,0.5735765,-1.006743,1.68,3.391282,-1.006743,1.68,3.391282,0,1,0,0.6563336,Swing,None,false,0,0,0,0,0,0,1,0,0,0,0,0,0,1,0,false,false,false,ModifierNotCompiled,0,0,0,0,0,0,0,0,ModifierNotCompiled,0,0,0,0,FootPlacementEffectorTarget,FootGrounding,true,0,false,0.4702434,1,2.070326,0.2092934,-98098,-1.006743,1.68,3.391282,0,1,0,0,0,0,0,-1.006743,2.116445,3.391282,-1.024644,2.15218,3.462011,-1.031766,2.08663,3.49324,0.4721805,0.4066299,0,1,1,1,1,0.2995107,0.3138352,0.2444363,0,0.2444363,0.8176066,0.3138352,true,0,1,0,-0.0002604124,0.9999999,-2.850907E-10,0.01170958,0.001693966,1.254418E-08,0,1,0,true,-0.01466461,0.7359561,-0.4196553,-0.01466461,0.7359561,-0.4196553,-0.01466461,0.7359561,-0.4196553,-0.01466467,0.7359561,-0.4196553,8.1702E-08,0,true,-98088,Sphere,CurrentGrounding,1,-0.9463687,1.958763,2.701311,0,0,0,0,-1,0,0.05,1,4608,0.5735765,-0.9463687,1.44,2.701311,-0.9463687,1.44,2.701311,0,1,0,0.4687629,Swing,None,false,0,0,0,0,0,0,1,0,0,0,0,0,0,1,0,false,false,false,ModifierNotCompiled,0,0,0,0,0,0,0,0,ModifierNotCompiled,0,0,0,0,FootPlacementEffectorTarget,FootGrounding,true,0,false,0.002022201,1,5.346579,0.06046939,-98088,-0.9463687,1.44,2.701311,0,1,0,0.002636671,0,0.002636671,0,-0.9463687,1.52091,2.701311,-0.9406741,1.44,2.698492,-0.9227061,1.443356,2.620774,0,0.003356099,0,1,1,1,1,0.05951083,0.07647197,-0.006327835,0.08279979,0.07647195,0.8187816,0.07647197,true,0,1,0,2.408707E-35,1,4.259275E-23,-1.195005E-33,-1.71328E-30,-2.104026E-21,0,1,0,true,0.01008097,0.1404212,0.2725094,0.01008097,0.1404212,0.2725094,0.01008097,0.1404212,0.2725094,0.010081,0.1404212,0.2725094,9.142154E-08,0
2279,359,2279,1,2280,0,2280,false,rootmotion.finalik.full-body-biped-ik/indexed-pose-backend,None,true,true,1,lyra-5.7/ABP_Mannequin_Base/CR_Mannequin_FootPlant,unreal-engine-5.7/SpringInterpV2/FMath.SpringDamper,corin.animation-rig,87731f0d0ca14844bbf861368b9847b3,corin.foot-placement,6d6118d2f41a5948ddd18dc6d88083c8c5bf77a4682a4ec3fce5d2ec6af01624,298b6781705cafb383942fcc3f3b1f6e0800ead13829aedd29916feeb5d1f702,Corin.FootPlacementRig,2997edf1c34f13f7e2a3033372226eb399379f30c4303fddfe3e97ec1e4bf38d,0,-192572,0.1259155,0.01024026,0.01024026,1.162859,0.1259155,true,0,0.01024026,0,1,PelvisPreSolveTranslation,FootGrounding,ModifierNotCompiled,-1,-1,-1,0,,,true,-98098,Sphere,CurrentGrounding,0,-0.9372382,2.310908,3.196192,0,0,0,0,-1,0,0.05,1,4608,0.5735765,-0.9372382,1.68,3.196192,-0.9372382,1.68,3.196192,0,1,0,0.5809084,Swing,None,false,0,0,0,0,0,0,1,0,0,0,0,0,0,1,0,false,false,false,ModifierNotCompiled,0,0,0,0,0,0,0,0,ModifierNotCompiled,0,0,0,0,FootPlacementEffectorTarget,FootGrounding,true,0,false,0.4900084,1,3.945298,0.1563338,-98098,-0.9372382,1.68,3.196192,0,1,0,0,0,0,0,-0.9372382,2.088526,3.196192,-0.9429605,2.141582,3.25745,-0.9447093,2.086321,3.305048,0.4615816,0.4063209,0,1,1,1,1,0.3659154,0.3556752,0.2673773,0,0.2673773,0.9763417,0.3556752,true,0,1,0,-8.45735E-05,1,-9.455992E-11,0.003855385,0.0005577211,4.240964E-09,0,1,0,true,-0.0492011,0.7744412,-0.354203,-0.0492011,0.7744412,-0.354203,-0.0492011,0.7744412,-0.354203,-0.04920108,0.7744413,-0.354203,6.244724E-08,0,true,-98088,Sphere,CurrentGrounding,1,-0.9408209,1.894042,2.703551,0,0,0,0,-1,0,0.05,1,4608,0.5735765,-0.9408209,1.44,2.703551,-0.9408209,1.44,2.703551,0,1,0,0.4040425,Swing,None,false,0,0,0,0,0,0,1,0,0,0,0,0,0,1,0,false,false,false,ModifierNotCompiled,0,0,0,0,0,0,0,0,ModifierNotCompiled,0,0,0,0,FootPlacementEffectorTarget,FootGrounding,true,1,false,-0.002989603,1,5.932423,0.1278419,-98088,-0.9408209,1.44,2.703551,0,1,0,0.002660155,0,0.002660155,0,-0.9408209,1.522618,2.703551,-0.9401751,1.441467,2.704544,-0.9254143,1.44,2.626106,0.001467347,0,0,1,1,1,1,0.1259155,0.1183354,0.09531379,0.02302158,0.1183354,0.6879562,0.1183354,true,0,1,0,7.020969E-36,1,1.248015E-23,-3.483974E-34,1.259297E-31,-6.167325E-22,0,1,0,true,-0.005313075,0.2085336,0.1364923,-0.005313075,0.2085336,0.1364923,-0.005313075,0.2085336,0.1364923,-0.00531302,0.2085337,0.1364923,6.386354E-08,0
2280,360,2280,1,2281,0,2281,false,rootmotion.finalik.full-body-biped-ik/indexed-pose-backend,None,true,true,1,lyra-5.7/ABP_Mannequin_Base/CR_Mannequin_FootPlant,unreal-engine-5.7/SpringInterpV2/FMath.SpringDamper,corin.animation-rig,87731f0d0ca14844bbf861368b9847b3,corin.foot-placement,6d6118d2f41a5948ddd18dc6d88083c8c5bf77a4682a4ec3fce5d2ec6af01624,298b6781705cafb383942fcc3f3b1f6e0800ead13829aedd29916feeb5d1f702,Corin.FootPlacementRig,2997edf1c34f13f7e2a3033372226eb399379f30c4303fddfe3e97ec1e4bf38d,0,-192572,0.1901367,0.0432892,0.0432892,1.503933,0.1901367,true,0,0.0432892,0,1,PelvisPreSolveTranslation,FootGrounding,ModifierNotCompiled,-1,-1,-1,0,,,true,-98088,Sphere,CurrentGrounding,0,-0.9053648,2.188499,2.965535,0,0,0,0,-1,0,0.05,1,4608,0.5735765,-0.9053648,1.44,2.965535,-0.9053648,1.44,2.965535,0,1,0,0.698499,Swing,None,false,0,0,0,0,0,0,1,0,0,0,0,0,0,1,0,false,false,false,ModifierNotCompiled,0,0,0,0,0,0,0,0,ModifierNotCompiled,0,0,0,0,FootPlacementEffectorTarget,FootGrounding,true,0,false,0.4208743,1,5.704632,0.2614286,-98088,-0.9053648,1.44,2.965535,0,1,0,0,0,0,0,-0.9053648,1.996256,2.965535,-0.8985388,2.039837,3.033755,-0.901895,1.978534,3.073164,0.5998373,0.5385334,0,1,1,1,1,0.1901367,0.1468475,0.2644675,0,0.2644675,-0.9746469,0.1468475,true,0,1,0,-2.814129E-05,1,-3.19669E-11,0.001296224,0.0001872328,1.453722E-09,0,1,0,true,-0.05976875,0.7463924,-0.2523679,-0.05976875,0.7463924,-0.2523679,-0.05976875,0.7463924,-0.2523679,-0.0597688,0.7463924,-0.2523679,9.721509E-08,0,true,-98088,Sphere,CurrentGrounding,1,-0.9242113,1.828833,2.717434,0,0,0,0,-1,0,0.05,1,4608,0.5735765,-0.9242113,1.44,2.717434,-0.9242113,1.44,2.717434,0,1,0,0.3388336,Swing,None,false,0,0,0,0,0,0,1,0,0,0,0,0,0,1,0,false,false,false,ModifierNotCompiled,0,0,0,0,0,0,0,0,ModifierNotCompiled,0,0,0,0,FootPlacementEffectorTarget,FootGrounding,true,1,false,-0.002371663,1,5.992253,0.1916406,-98088,-0.9242113,1.44,2.717434,0,1,0,0.002129316,0,0.002129316,0,-0.9242113,1.521099,2.717434,-0.926367,1.44,2.71518,-0.9113629,1.441251,2.63671,0,0.001250625,0,1,1,1,1,0.1901367,0.1489768,0.1332202,0.01575649,0.1489767,0.54914,0.1489768,true,0,1,0,2.13174E-36,1,3.807775E-24,-1.05803E-34,-8.026344E-33,-1.882339E-22,0,1,0,true,-0.02419999,0.2712361,-0.00610771,-0.02419999,0.2712361,-0.00610771,-0.02419999,0.2712361,-0.00610771,-0.02420003,0.271236,-0.006107867,1.723727E-07,0
2281,361,2281,1,2282,0,2282,false,rootmotion.finalik.full-body-biped-ik/indexed-pose-backend,None,true,true,1,lyra-5.7/ABP_Mannequin_Base/CR_Mannequin_FootPlant,unreal-engine-5.7/SpringInterpV2/FMath.SpringDamper,corin.animation-rig,87731f0d0ca14844bbf861368b9847b3,corin.foot-placement,6d6118d2f41a5948ddd18dc6d88083c8c5bf77a4682a4ec3fce5d2ec6af01624,298b6781705cafb383942fcc3f3b1f6e0800ead13829aedd29916feeb5d1f702,Corin.FootPlacementRig,2997edf1c34f13f7e2a3033372226eb399379f30c4303fddfe3e97ec1e4bf38d,0,-192572,0.260103,0.08786085,0.08786085,1.806342,0.260103,true,0,0.08786085,0,1,PelvisPreSolveTranslation,FootGrounding,ModifierNotCompiled,-1,-1,-1,0,,,true,-98088,Sphere,CurrentGrounding,0,-0.8806305,2.048194,2.718234,0,0,0,0,-1,0,0.05,1,4608,0.5735765,-0.8806305,1.44,2.718234,-0.8806305,1.44,2.718234,0,1,0,0.558194,Swing,None,false,0,0,0,0,0,0,1,0,0,0,0,0,0,1,0,false,false,false,ModifierNotCompiled,0,0,0,0,0,0,0,0,ModifierNotCompiled,0,0,0,0,FootPlacementEffectorTarget,FootGrounding,true,0,false,0.3188029,1,4.713132,0.09338307,-98088,-0.8806305,1.44,2.718234,0,1,0,0,0,0,0,-0.8806305,1.879203,2.718234,-0.8650057,1.89923,2.795402,-0.8737662,1.829555,2.815178,0.4592296,0.3895547,0,1,1,1,1,0.2601032,0.1722424,0.2431481,0,0.2431481,-0.6691905,0.1722424,true,0,1,0,-8.432979E-06,1,-9.71199E-12,0.0003919591,5.640647E-05,4.468579E-10,0,1,0,true,-0.06646559,0.699306,-0.1476571,-0.06646559,0.699306,-0.1476571,-0.06646559,0.699306,-0.1476571,-0.06646565,0.6993061,-0.147657,1.868596E-07,0,true,-98088,Sphere,CurrentGrounding,1,-0.923229,1.757931,2.733023,0,0,0,0,-1,0,0.05,1,4608,0.5735765,-0.923229,1.44,2.733023,-0.923229,1.44,2.733023,0,1,0,0.267931,Swing,None,false,0,0,0,0,0,0,1,0,0,0,0,0,0,1,0,false,false,false,ModifierNotCompiled,0,0,0,0,0,0,0,0,ModifierNotCompiled,0,0,0,0,FootPlacementEffectorTarget,FootGrounding,true,1,false,-0.004160362,1,6.387161,0.2641346,-98088,-0.923229,1.44,2.733023,0,1,0,0.004957318,0,0.004957318,0,-0.923229,1.522991,2.733023,-0.9245529,1.441851,2.734181,-0.9144945,1.44,2.654915,0.001851201,0,0,1,1,1,1,0.260103,0.1771995,0.1621221,0.01507735,0.1771994,0.4521629,0.1771995,true,0,1,0,5.848779E-37,1,1.050071E-24,-2.903485E-35,6.92452E-34,-5.192797E-23,0,1,0,true,-0.02432222,0.3430945,-0.1636972,-0.02432222,0.3430945,-0.1636972,-0.02432222,0.3430945,-0.1636972,-0.02432217,0.3430946,-0.1636972,1.307572E-07,0
2282,362,2282,1,2283,0,2283,false,rootmotion.finalik.full-body-biped-ik/indexed-pose-backend,None,true,true,1,lyra-5.7/ABP_Mannequin_Base/CR_Mannequin_FootPlant,unreal-engine-5.7/SpringInterpV2/FMath.SpringDamper,corin.animation-rig,87731f0d0ca14844bbf861368b9847b3,corin.foot-placement,6d6118d2f41a5948ddd18dc6d88083c8c5bf77a4682a4ec3fce5d2ec6af01624,298b6781705cafb383942fcc3f3b1f6e0800ead13829aedd29916feeb5d1f702,Corin.FootPlacementRig,2997edf1c34f13f7e2a3033372226eb399379f30c4303fddfe3e97ec1e4bf38d,0,-192572,0.1082779,0.114127,0.114127,0.0479592,0.1082779,true,0,0.114127,0,1,PelvisPreSolveTranslation,FootGrounding,ModifierNotCompiled,-1,-1,-1,0,,,true,-98078,Sphere,CurrentGrounding,0,-0.8754323,1.875154,2.440572,0,0,0,0,-1,0,0.05,1,4608,0.5735765,-0.8754323,1.2,2.440572,-0.8754323,1.2,2.440572,0,1,0,0.6251537,Swing,None,false,0,0,0,0,0,0,1,0,0,0,0,0,0,1,0,false,false,false,ModifierNotCompiled,0,0,0,0,0,0,0,0,ModifierNotCompiled,0,0,0,0,FootPlacementEffectorTarget,FootGrounding,true,0,false,0.1978947,1,6.469229,0.1230808,-98078,-0.8754323,1.2,2.440572,0,1,0,0,0,0,0,-0.8754323,1.682161,2.440572,-0.8691716,1.665712,2.519883,-0.8651843,1.594463,2.504714,0.4657125,0.3944633,0,1,1,1,1,0.1082779,-0.005849123,0.19288,0,0.19288,-2.065645,-0.005849123,true,0,1,0,-1.859971E-06,1,-2.171556E-12,8.723389E-05,1.22018E-05,1.010551E-10,0,1,0,true,-0.06457192,0.5904387,-0.04915521,-0.06457192,0.5904387,-0.04915521,-0.06457192,0.5904387,-0.04915521,-0.0645719,0.5904387,-0.04915524,3.434548E-08,0,true,-98088,Sphere,CurrentGrounding,1,-0.9305367,1.703023,2.743084,0,0,0,0,-1,0,0.05,1,4608,0.5735765,-0.9305367,1.44,2.743084,-0.9305367,1.44,2.743084,0,1,0,0.2130228,Swing,None,false,0,0,0,0,0,0,1,0,0,0,0,0,0,1,0,false,false,false,ModifierNotCompiled,0,0,0,0,0,0,0,0,ModifierNotCompiled,0,0,0,0,FootPlacementEffectorTarget,FootGrounding,true,0,false,0.009190291,1,6.86281,0.3257481,-98088,-0.9305367,1.44,2.743084,0,1,0,0,0,0,0,-0.9305367,1.543126,2.743084,-0.9175341,1.468711,2.772752,-0.9158306,1.44,2.697539,0.02871144,0,0,1,1,1,1,0.348278,0.234151,0.1957814,0.03019536,0.2259767,0.6185755,0.234151,true,0,1,0,1.170068E-37,1,2.113688E-25,-5.809993E-36,-8.990568E-35,-1.045708E-23,0,1,0,true,-0.01165534,0.4514046,-0.3520583,-0.01165534,0.4514046,-0.3520583,-0.01165534,0.4514046,-0.3520583,-0.01165526,0.4514046,-0.3520584,1.267454E-07,0
2283,363,2283,1,2284,0,2284,false,rootmotion.finalik.full-body-biped-ik/indexed-pose-backend,None,true,true,1,lyra-5.7/ABP_Mannequin_Base/CR_Mannequin_FootPlant,unreal-engine-5.7/SpringInterpV2/FMath.SpringDamper,corin.animation-rig,87731f0d0ca14844bbf861368b9847b3,corin.foot-placement,6d6118d2f41a5948ddd18dc6d88083c8c5bf77a4682a4ec3fce5d2ec6af01624,298b6781705cafb383942fcc3f3b1f6e0800ead13829aedd29916feeb5d1f702,Corin.FootPlacementRig,2997edf1c34f13f7e2a3033372226eb399379f30c4303fddfe3e97ec1e4bf38d,0,-192572,0.1745837,0.1224901,0.1224901,0.552775,0.1745837,true,0,0.1224901,0,1,PelvisPreSolveTranslation,FootGrounding,ModifierNotCompiled,-1,-1,-1,0,,,true,-98078,Sphere,CurrentGrounding,0,-0.8876047,1.743923,2.209267,0,0,0,0,-1,0,0.05,1,4608,0.5735765,-0.8876047,1.2,2.215,-0.8876047,1.2,2.215,0,0.9934039,-0.1146674,0.4942527,Swing,None,false,0,0,0,0,0,0,1,0,0,0,0,0,0,1,0,false,false,false,ModifierNotCompiled,0,0,0,0,0,0,0,0,ModifierNotCompiled,0,0,0,0,FootPlacementEffectorTarget,FootGrounding,true,0,false,0.112606,1,5.288221,0.04263678,-98078,-0.8876047,1.2,2.215,0,0.993404,-0.1146674,0,0,0,0,-0.8876047,1.519736,2.209267,-0.8793749,1.461182,2.264977,-0.8743505,1.41144,2.211845,0.2537282,0.2104077,0,1,1,1,1,0.1745837,0.05209357,0.1533231,0,0.1533231,-1.190156,0.05209357,true,0,0.9934039,-0.1146674,-5.825146E-07,0.9991885,-0.04028002,2.743037E-05,-0.1195813,-2.078897,0,0.993404,-0.1146674,true,-0.0519161,0.4943197,0.04796466,-0.0519161,0.4943197,0.04796466,-0.0519161,0.4943197,0.04796466,-0.05191604,0.4943196,0.04796463,1.156641E-07,0,true,-98088,Sphere,CurrentGrounding,1,-0.9474492,1.702611,2.693154,0,0,0,0,-1,0,0.05,1,4608,0.5735765,-0.9474492,1.44,2.695,-0.9474492,1.44,2.695,0,0.9993184,-0.03691435,0.2126451,Swing,None,false,0,0,0,0,0,0,1,0,0,0,0,0,0,1,0,false,false,false,ModifierNotCompiled,0,0,0,0,0,0,0,0,ModifierNotCompiled,0,0,0,0,FootPlacementEffectorTarget,FootGrounding,true,0,false,0.07446626,1,5.340928,0.3086422,-98088,-0.9474492,1.44,2.695,0,0.9993184,-0.03691435,0,0,0,0,-0.9474492,1.568873,2.693154,-0.9353926,1.535916,2.766335,-0.9254892,1.464441,2.735294,0.09321774,0.02293694,0,1,1,1,1,0.4145839,0.2920938,0.2437716,0,0.2437716,0.776062,0.2920938,true,0,0.9993184,-0.03691435,3.42824E-38,0.9999161,-0.01294968,-1.702346E-36,-0.0123569,-0.6692501,0,0.9993184,-0.03691435,true,0.008603508,0.5434566,-0.4358391,0.008603508,0.5434566,-0.4358391,0.008603508,0.5434566,-0.4358391,0.008603625,0.5434567,-0.4358392,2.054068E-07,0
2284,364,2284,1,2285,0,2285,false,rootmotion.finalik.full-body-biped-ik/indexed-pose-backend,None,true,true,1,lyra-5.7/ABP_Mannequin_Base/CR_Mannequin_FootPlant,unreal-engine-5.7/SpringInterpV2/FMath.SpringDamper,corin.animation-rig,87731f0d0ca14844bbf861368b9847b3,corin.foot-placement,6d6118d2f41a5948ddd18dc6d88083c8c5bf77a4682a4ec3fce5d2ec6af01624,298b6781705cafb383942fcc3f3b1f6e0800ead13829aedd29916feeb5d1f702,Corin.FootPlacementRig,2997edf1c34f13f7e2a3033372226eb399379f30c4303fddfe3e97ec1e4bf38d,0,-192572,-0.01251203,0.1157218,0.1157218,-1.066227,-0.01251203,true,0,0.1157218,0,1,PelvisPreSolveTranslation,FootGrounding,ModifierNotCompiled,-1,-1,-1,0,,,true,-98068,Sphere,CurrentGrounding,0,-0.8935683,1.661938,2.047204,0,0,0,0,-1,0,0.05,1,4608,0.5735765,-0.8935683,0.9600001,2.047204,-0.8935683,0.9600001,2.047204,0,1,0,0.6519377,Swing,None,false,0,0,0,0,0,0,1,0,0,0,0,0,0,1,0,false,false,false,ModifierNotCompiled,0,0,0,0,0,0,0,0,ModifierNotCompiled,0,0,0,0,FootPlacementEffectorTarget,FootGrounding,true,0,false,0.08307783,1,3.581609,0.1141868,-98068,-0.8935683,0.9600001,2.047204,0,1,0,0,0,0,0,-0.8935683,1.393451,2.047204,-0.884316,1.326249,2.091908,-0.8810842,1.286254,2.030978,0.3662494,0.3262542,0,1,1,1,1,-0.01251203,-0.1282339,0.1157911,0,0.1157911,-2.439072,-0.1282339,true,0,1,0,-2.283723E-07,0.9989885,-0.04496574,1.07943E-05,0.04271004,0.7424639,0,1,0,true,-0.04866454,0.4209385,0.1028057,-0.04866454,0.4209385,0.1028057,-0.04866454,0.4209385,0.1028057,-0.04866457,0.4209385,0.1028057,7.028864E-08,0,true,-98078,Sphere,CurrentGrounding,1,-0.9440591,1.695255,2.628671,0,0,0,0,-1,0,0.05,1,4608,0.5735765,-0.9440591,1.2,2.628671,-0.9440591,1.2,2.628671,0,1,0,0.4452547,Swing,None,false,0,0,0,0,0,0,1,0,0,0,0,0,0,1,0,false,false,false,ModifierNotCompiled,0,0,0,0,0,0,0,0,ModifierNotCompiled,0,0,0,0,FootPlacementEffectorTarget,FootGrounding,true,0,false,0.1302472,1,3.770811,0.05939567,-98078,-0.9440591,1.2,2.628671,0,1,0,0,0,0,0,-0.9440591,1.551685,2.628671,-0.9333508,1.536021,2.707581,-0.919997,1.460116,2.693513,0.3360206,0.2601156,0,1,1,1,1,0.2274878,0.111766,0.2407086,0,0.2407086,-0.9117885,0.111766,true,0,1,0,1.281053E-38,0.9998955,-0.0144552,-6.362134E-37,0.004413386,0.2390181,0,1,0,true,0.009821548,0.579173,-0.4779122,0.009821548,0.579173,-0.4779122,0.009821548,0.579173,-0.4779122,0.009821579,0.579173,-0.4779121,1.231073E-07,0
2285,365,2285,1,2286,0,2286,false,rootmotion.finalik.full-body-biped-ik/indexed-pose-backend,None,true,true,1,lyra-5.7/ABP_Mannequin_Base/CR_Mannequin_FootPlant,unreal-engine-5.7/SpringInterpV2/FMath.SpringDamper,corin.animation-rig,87731f0d0ca14844bbf861368b9847b3,corin.foot-placement,6d6118d2f41a5948ddd18dc6d88083c8c5bf77a4682a4ec3fce5d2ec6af01624,298b6781705cafb383942fcc3f3b1f6e0800ead13829aedd29916feeb5d1f702,Corin.FootPlacementRig,2997edf1c34f13f7e2a3033372226eb399379f30c4303fddfe3e97ec1e4bf38d,0,-192572,0.06041133,0.09761453,0.09761453,-0.3405415,0.06041133,true,0,0.09761453,0,1,PelvisPreSolveTranslation,FootGrounding,ModifierNotCompiled,-1,-1,-1,0,,,true,-98068,Sphere,CurrentGrounding,0,-0.9040668,1.568377,1.816978,0,0,0,0,-1,0,0.05,1,4608,0.5735765,-0.9040668,0.9600001,1.816978,-0.9040668,0.9600001,1.816978,0,1,0,0.5583765,Swing,None,false,0,0,0,0,0,0,1,0,0,0,0,0,0,1,0,false,false,false,ModifierNotCompiled,0,0,0,0,0,0,0,0,ModifierNotCompiled,0,0,0,0,FootPlacementEffectorTarget,FootGrounding,true,0,false,0.06570515,1,3.327195,0.019916,-98068,-0.9040668,0.9600001,1.816978,0,1,0,0,0,0,0,-0.9040668,1.233617,1.816978,-0.8943815,1.160935,1.851956,-0.8938284,1.129428,1.786157,0.2009346,0.1694278,0,1,1,1,1,0.06041133,-0.0372032,0.06762639,0,0.06762639,-1.205204,-0.0372032,true,0,1,0,-6.312032E-08,0.9997553,-0.02212368,2.998751E-06,0.04160089,0.7231902,0,1,0,true,-0.04434752,0.3340287,0.1857235,-0.04434752,0.3340287,0.1857235,-0.04434752,0.3340287,0.1857235,-0.04434754,0.3340287,0.1857236,4.842877E-08,0,true,-98078,Sphere,CurrentGrounding,1,-0.9325845,1.693293,2.525157,0,0,0,0,-1,0,0.05,1,4608,0.5735765,-0.9325845,1.2,2.525157,-0.9325845,1.2,2.525157,0,1,0,0.4432928,Swing,None,false,0,0,0,0,0,0,1,0,0,0,0,0,0,1,0,false,false,false,ModifierNotCompiled,0,0,0,0,0,0,0,0,ModifierNotCompiled,0,0,0,0,FootPlacementEffectorTarget,FootGrounding,true,0,false,0.212313,1,3.297436,0.05083454,-98078,-0.9325845,1.2,2.525157,0,1,0,0,0,0,0,-0.9325845,1.518639,2.525157,-0.922456,1.513044,2.605488,-0.9040906,1.437085,2.600705,0.3130443,0.2370856,0,1,1,1,1,0.300411,0.2027965,0.2277314,0,0.2277314,-0.132738,0.2027965,true,0,1,0,3.333361E-39,0.9999747,-0.007115618,-1.655868E-37,0.004298519,0.2328134,0,1,0,true,0.000640658,0.6190498,-0.5216007,0.000640658,0.6190498,-0.5216007,0.000640658,0.6190498,-0.5216007,0.0006406568,0.6190499,-0.5216008,1.332856E-07,0
2286,366,2286,1,2287,0,2287,false,rootmotion.finalik.full-body-biped-ik/indexed-pose-backend,None,true,true,1,lyra-5.7/ABP_Mannequin_Base/CR_Mannequin_FootPlant,unreal-engine-5.7/SpringInterpV2/FMath.SpringDamper,corin.animation-rig,87731f0d0ca14844bbf861368b9847b3,corin.foot-placement,6d6118d2f41a5948ddd18dc6d88083c8c5bf77a4682a4ec3fce5d2ec6af01624,298b6781705cafb383942fcc3f3b1f6e0800ead13829aedd29916feeb5d1f702,Corin.FootPlacementRig,2997edf1c34f13f7e2a3033372226eb399379f30c4303fddfe3e97ec1e4bf38d,0,-192572,-0.09352714,0.06213494,0.06213494,-1.6007,-0.09352714,true,0,0.06213494,0,1,PelvisPreSolveTranslation,FootGrounding,ModifierNotCompiled,-1,-1,-1,0,,,true,-98058,Sphere,CurrentGrounding,0,-0.9295146,1.46696,1.555308,0,0,0,0,-1,0,0.05,1,4608,0.5735765,-0.9295146,0.72,1.555308,-0.9295146,0.72,1.555308,0,1,0,0.6969596,Swing,None,false,0,0,0,0,0,0,1,0,0,0,0,0,0,1,0,false,false,false,ModifierNotCompiled,0,0,0,0,0,0,0,0,ModifierNotCompiled,0,0,0,0,FootPlacementEffectorTarget,FootGrounding,true,0.2906182,false,0.0537016,1,3.171579,0.1586194,-98058,-0.9295146,0.72,1.555308,0,1,0,0,0,0,0,-0.9295146,1.044039,1.555308,-0.9202144,0.9677877,1.581751,-0.9249065,0.9434956,1.513119,0.2477877,0.2234956,0,1,1,1,1,-0.09352714,-0.1556621,0.01494481,0,0.01494481,-1.877241,-0.1556621,true,0,1,0,-1.393158E-08,0.9999753,-0.007034529,6.653304E-07,0.01580225,0.2747153,0,1,0,true,-0.03536477,0.2305122,0.2734919,-0.03536477,0.2305122,0.2734919,-0.03536477,0.2305122,0.2734919,-0.03536474,0.2305123,0.2734921,1.620394E-07,0,true,-98078,Sphere,CurrentGrounding,1,-0.9158623,1.698686,2.373076,0,0,0,0,-1,0,0.05,1,4608,0.5735765,-0.9158623,1.2,2.373076,-0.9158623,1.2,2.373076,0,1,0,0.448686,Swing,None,false,0,0,0,0,0,0,1,0,0,0,0,0,0,1,0,false,false,false,ModifierNotCompiled,0,0,0,0,0,0,0,0,ModifierNotCompiled,0,0,0,0,FootPlacementEffectorTarget,FootGrounding,true,0,false,0.3114129,1,3.035316,0.03752959,-98078,-0.9158623,1.2,2.373076,0,1,0,0,0,0,0,-0.9158623,1.50374,2.373076,-0.9047236,1.505044,2.453456,-0.8814299,1.430369,2.454339,0.3050442,0.2303696,0,1,1,1,1,0.3864728,0.3243378,0.2429186,0,0.2429186,0.8840668,0.3243378,true,0,1,0,6.897191E-40,0.9999974,-0.002263823,-3.427201E-38,0.001632933,0.08843789,0,1,0,true,-0.008542213,0.6902124,-0.5439497,-0.008542213,0.6902124,-0.5439497,-0.008542213,0.6902124,-0.5439497,-0.008542206,0.6902124,-0.5439496,1.193874E-07,0
2287,367,2287,1,2288,0,2288,false,rootmotion.finalik.full-body-biped-ik/indexed-pose-backend,None,true,true,1,lyra-5.7/ABP_Mannequin_Base/CR_Mannequin_FootPlant,unreal-engine-5.7/SpringInterpV2/FMath.SpringDamper,corin.animation-rig,87731f0d0ca14844bbf861368b9847b3,corin.foot-placement,6d6118d2f41a5948ddd18dc6d88083c8c5bf77a4682a4ec3fce5d2ec6af01624,298b6781705cafb383942fcc3f3b1f6e0800ead13829aedd29916feeb5d1f702,Corin.FootPlacementRig,2997edf1c34f13f7e2a3033372226eb399379f30c4303fddfe3e97ec1e4bf38d,0,-192572,-0.02458036,0.03332366,0.03332366,-0.7126482,-0.02458036,true,0,0.03332366,0,1,PelvisPreSolveTranslation,FootGrounding,ModifierNotCompiled,-1,-1,-1,0,,,true,-98058,Sphere,CurrentGrounding,0,-0.9668708,1.390455,1.342729,0,0,0,0,-1,0,0.05,1,4608,0.5735765,-0.9668708,0.7199999,1.342729,-0.9668708,0.7199999,1.342729,0,1,0,0.6204553,Swing,None,false,0,0,0,0,0,0,1,0,0,0,0,0,0,1,0,false,false,false,ModifierNotCompiled,0,0,0,0,0,0,0,0,ModifierNotCompiled,0,0,0,0,FootPlacementEffectorTarget,FootGrounding,true,0.05227149,false,0.05471377,1,3.764201,0.08538866,-98058,-0.9668708,0.7199999,1.342729,0,1,0,0,0,0,0,-0.9668708,0.9078103,1.342729,-0.9629152,0.8272665,1.352583,-0.972645,0.8180906,1.280864,0.1072665,0.09809071,0,1,1,1,1,-0.02458036,-0.05790402,-0.01596866,0,-0.01596866,-0.6422864,-0.05790402,true,0,1,0,-4.068264E-09,0.9999969,-0.002489583,1.949487E-07,0.005954297,0.1035164,0,1,0,true,-0.02254331,0.16323,0.3478339,-0.02254331,0.16323,0.3478339,-0.02254331,0.16323,0.3478339,-0.02254323,0.1632299,0.3478338,1.137434E-07,0,true,-98078,Sphere,CurrentGrounding,1,-0.9085681,1.694597,2.219709,0,0,0,0,-1,0,0.05,1,4608,0.5735765,-0.9085681,1.2,2.219709,-0.9085681,1.2,2.219709,0,1,0,0.4445974,Swing,None,false,0,0,0,0,0,0,1,0,0,0,0,0,0,1,0,false,false,false,ModifierNotCompiled,0,0,0,0,0,0,0,0,ModifierNotCompiled,0,0,0,0,FootPlacementEffectorTarget,FootGrounding,true,0,false,0.3846842,1,2.758613,0.03399336,-98078,-0.9085681,1.2,2.219709,0,1,0,0,0,0,0,-0.9085681,1.503501,2.219709,-0.8964596,1.511758,2.299535,-0.8707621,1.438062,2.30608,0.3117583,0.2380623,0,1,1,1,1,0.4554197,0.422096,0.2755798,0,0.2755798,1.520624,0.422096,true,0,1,0,1.920564E-40,0.9999997,-0.0008013597,-9.545072E-39,0.000615039,0.03332458,0,1,0,true,-0.009336287,0.7589207,-0.5309832,-0.009336287,0.7589207,-0.5309832,-0.009336287,0.7589207,-0.5309832,-0.009336159,0.7589207,-0.5309832,1.416713E-07,0
2288,368,2288,1,2289,0,2289,false,rootmotion.finalik.full-body-biped-ik/indexed-pose-backend,None,true,true,1,lyra-5.7/ABP_Mannequin_Base/CR_Mannequin_FootPlant,unreal-engine-5.7/SpringInterpV2/FMath.SpringDamper,corin.animation-rig,87731f0d0ca14844bbf861368b9847b3,corin.foot-placement,6d6118d2f41a5948ddd18dc6d88083c8c5bf77a4682a4ec3fce5d2ec6af01624,298b6781705cafb383942fcc3f3b1f6e0800ead13829aedd29916feeb5d1f702,Corin.FootPlacementRig,2997edf1c34f13f7e2a3033372226eb399379f30c4303fddfe3e97ec1e4bf38d,0,-192572,-0.2137232,-0.04449624,0.004745146,-2.112838,-0.2137232,true,0,-0.04449624,0,1,PelvisPreSolveTranslation,FootGrounding,ModifierNotCompiled,-1,-1,-1,0,,,true,-98048,Sphere,CurrentGrounding,0,-0.9989467,1.307561,1.212286,0,0,0,0,-1,0,0.05,1,4608,0.5735765,-0.9989467,0.48,1.212286,-0.9989467,0.48,1.212286,0,1,0,0.7775612,Swing,None,false,0,0,0,0,0,0,1,0,0,0,0,0,0,1,0,false,false,false,ModifierNotCompiled,0,0,0,0,0,0,0,0,ModifierNotCompiled,0,0,0,0,FootPlacementEffectorTarget,FootGrounding,true,0,false,0.03882878,1,1.613893,0.2648705,-98048,-0.9989467,0.48,1.212286,0,1,0,0,0,0,0,-0.9989467,0.7718155,1.212286,-1.010994,0.6961904,1.185162,-1.020922,0.7220595,1.117674,0.2161903,0.2420595,0,1,1,1,1,-0.2137232,-0.2184684,-0.04049076,0,-0.04049076,-1.787643,-0.2184684,true,0,1,0,-1.62348E-09,0.9999994,-0.001109009,7.796508E-08,0.002731346,0.04748848,0,1,0,true,-0.01422555,0.07809228,0.3771385,-0.01422555,0.07809228,0.3771385,-0.01422555,0.07809228,0.3771385,-0.01422549,0.07809228,0.3771386,6.74743E-08,0,true,-98068,Sphere,CurrentGrounding,1,-0.9158423,1.678423,2.08017,0,0,0,0,-1,0,0.05,1,4608,0.5735765,-0.9158423,0.96,2.08017,-0.9158423,0.96,2.08017,0,1,0,0.6684233,Swing,None,false,0,0,0,0,0,0,1,0,0,0,0,0,0,1,0,false,false,false,ModifierNotCompiled,0,0,0,0,0,0,0,0,ModifierNotCompiled,0,0,0,0,FootPlacementEffectorTarget,FootGrounding,true,0,false,0.4264952,1,2.770978,0.1991299,-98068,-0.9158423,0.96,2.08017,0,1,0,0,0,0,0,-0.9158423,1.471884,2.08017,-0.9026771,1.490103,2.158155,-0.8800049,1.41508,2.17274,0.5301026,0.4550797,0,1,1,1,1,0.2662768,0.2615316,0.2887161,0,0.2887161,-0.009111463,0.2615316,true,0,1,0,7.415391E-41,0.9999999,-0.0003569981,-3.685872E-39,0.0002820079,0.01528776,0,1,0,true,-0.002449721,0.7781612,-0.4946354,-0.002449721,0.7781612,-0.4946354,-0.002449721,0.7781612,-0.4946354,-0.002449619,0.7781613,-0.4946353,1.679613E-07,0
2289,369,2289,1,2290,0,2290,false,rootmotion.finalik.full-body-biped-ik/indexed-pose-backend,None,true,true,1,lyra-5.7/ABP_Mannequin_Base/CR_Mannequin_FootPlant,unreal-engine-5.7/SpringInterpV2/FMath.SpringDamper,corin.animation-rig,87731f0d0ca14844bbf861368b9847b3,corin.foot-placement,6d6118d2f41a5948ddd18dc6d88083c8c5bf77a4682a4ec3fce5d2ec6af01624,298b6781705cafb383942fcc3f3b1f6e0800ead13829aedd29916feeb5d1f702,Corin.FootPlacementRig,2997edf1c34f13f7e2a3033372226eb399379f30c4303fddfe3e97ec1e4bf38d,0,-192572,-0.13041,-0.1003839,-0.04174941,-0.973395,-0.13041,true,0,-0.1003839,0,1,PelvisPreSolveTranslation,FootGrounding,ModifierNotCompiled,-1,-1,-1,0,,,true,-98048,Sphere,CurrentGrounding,0,-1.019775,1.185764,1.115193,0,0,0,0,-1,0,0.05,1,4608,0.5735765,-1.019775,0.48,1.115193,-1.019775,0.48,1.115193,0,1,0,0.6557636,Swing,None,false,0,0,0,0,0,0,1,0,0,0,0,0,0,1,0,false,false,false,ModifierNotCompiled,0,0,0,0,0,0,0,0,ModifierNotCompiled,0,0,0,0,FootPlacementEffectorTarget,FootGrounding,true,0.1719681,false,0.0004303149,1,5.959736,0.1385248,-98048,-1.019775,0.48,1.115193,0,1,0,0.002117217,0,0.002117217,0,-1.019775,0.5745938,1.115193,-1.033386,0.497123,1.094869,-1.046778,0.5175871,1.026136,0.01712304,0.03758717,0,1,1,1,1,-0.13041,-0.08654334,-0.0694203,0,-0.0694203,-0.2646179,-0.08654334,true,0,1,0,-3.674492E-10,0.9999999,-0.0002893477,1.770107E-08,0.000736053,0.01279875,0,1,0,true,-0.01143224,-0.03581607,0.3066494,-0.01143224,-0.03581607,0.3066494,-0.01143224,-0.03581607,0.3066494,-0.01143221,-0.0358161,0.3066494,5.161914E-08,0,true,-98068,Sphere,CurrentGrounding,1,-0.9450126,1.616167,1.843549,0,0,0,0,-1,0,0.05,1,4608,0.5735765,-0.9450126,0.96,1.843549,-0.9450126,0.96,1.843549,0,1,0,0.6061667,Swing,None,false,0,0,0,0,0,0,1,0,0,0,0,0,0,1,0,false,false,false,ModifierNotCompiled,0,0,0,0,0,0,0,0,ModifierNotCompiled,0,0,0,0,FootPlacementEffectorTarget,FootGrounding,true,0,false,0.4618303,1,2.229964,0.1507409,-98068,-0.9450126,0.96,1.843549,0,1,0,0,0,0,0,-0.9450126,1.381277,1.843549,-0.9314277,1.412599,1.917178,-0.9193401,1.339103,1.946463,0.452599,0.3791031,0,1,1,1,1,0.3495901,0.3913395,0.3068597,0,0.3068597,0.980885,0.3913395,true,0,1,0,1.595659E-41,1,-9.314703E-05,-7.933045E-40,7.552007E-05,0.004120245,0,1,0,true,0.007037678,0.770867,-0.4253,0.007037678,0.770867,-0.4253,0.007037678,0.770867,-0.4253,0.007037684,0.7708671,-0.4252999,6.691441E-08,0
2290,370,2290,1,2291,0,2291,false,rootmotion.finalik.full-body-biped-ik/indexed-pose-backend,None,true,true,1,lyra-5.7/ABP_Mannequin_Base/CR_Mannequin_FootPlant,unreal-engine-5.7/SpringInterpV2/FMath.SpringDamper,corin.animation-rig,87731f0d0ca14844bbf861368b9847b3,corin.foot-placement,6d6118d2f41a5948ddd18dc6d88083c8c5bf77a4682a4ec3fce5d2ec6af01624,298b6781705cafb383942fcc3f3b1f6e0800ead13829aedd29916feeb5d1f702,Corin.FootPlacementRig,2997edf1c34f13f7e2a3033372226eb399379f30c4303fddfe3e97ec1e4bf38d,0,-192572,-0.06097847,-0.05556428,-0.05556428,-0.1721711,-0.06097847,true,0,-0.05556428,0,1,PelvisPreSolveTranslation,FootGrounding,ModifierNotCompiled,-1,-1,-1,0,,,true,-98048,Sphere,CurrentGrounding,0,-1.040679,1.123861,1.134369,0,0,0,0,-1,0,0.05,1,4608,0.5735765,-1.040679,0.48,1.134369,-1.040679,0.48,1.134369,0,1,0,0.5938606,Swing,None,false,0,0,0,0,0,0,1,0,0,0,0,0,0,1,0,false,false,false,ModifierNotCompiled,0,0,0,0,0,0,0,0,ModifierNotCompiled,0,0,0,0,FootPlacementEffectorTarget,FootGrounding,true,1,false,-0.002247581,1,6.110342,0.06061965,-98048,-1.040679,0.48,1.134369,0,1,0,0.00251168,0,0.00251168,0,-1.040679,0.5653939,1.134369,-1.038395,0.4843056,1.138788,-1.058556,0.48,1.068807,0.004305661,0,0,1,1,1,1,-0.06097847,-0.002902512,-0.06445818,0.06155568,-0.002902493,0.5304743,-0.002902512,true,0,1,0,-1.045196E-10,1,-9.037939E-05,5.046453E-09,0.0002340163,0.004072378,0,1,0,true,0.005278268,0.02441543,0.1489551,0.005278268,0.02441543,0.1489551,0.005278268,0.02441543,0.1489551,0.005278263,0.02441543,0.148955,4.494536E-08,0,true,-98058,Sphere,CurrentGrounding,1,-0.9952466,1.535135,1.638994,0,0,0,0,-1,0,0.05,1,4608,0.5735765,-0.9952466,0.7200001,1.638994,-0.9952466,0.7200001,1.638994,0,1,0,0.7651351,Swing,None,false,0,0,0,0,0,0,1,0,0,0,0,0,0,1,0,false,false,false,ModifierNotCompiled,0,0,0,0,0,0,0,0,ModifierNotCompiled,0,0,0,0,FootPlacementEffectorTarget,FootGrounding,true,0,false,0.4538472,1,3.697307,0.3127893,-98058,-0.9952466,0.7200001,1.638994,0,1,0,0,0,0,0,-0.9952466,1.288961,1.638994,-0.9806969,1.322617,1.711398,-0.9815166,1.250613,1.745796,0.6026168,0.5306128,0,1,1,1,1,0.1790217,0.2345859,0.3093899,0,0.3093899,-0.5808058,0.2345859,true,0,1,0,4.365045E-42,1,-2.90953E-05,-2.170191E-40,2.440963E-05,0.001311003,0,1,0,true,0.03583211,0.7479823,-0.3567888,0.03583211,0.7479823,-0.3567888,0.03583211,0.7479823,-0.3567888,0.03583206,0.7479824,-0.3567888,1.307572E-07,0
2291,371,2291,1,2292,0,2292,false,rootmotion.finalik.full-body-biped-ik/indexed-pose-backend,None,true,true,1,lyra-5.7/ABP_Mannequin_Base/CR_Mannequin_FootPlant,unreal-engine-5.7/SpringInterpV2/FMath.SpringDamper,corin.animation-rig,87731f0d0ca14844bbf861368b9847b3,corin.foot-placement,6d6118d2f41a5948ddd18dc6d88083c8c5bf77a4682a4ec3fce5d2ec6af01624,298b6781705cafb383942fcc3f3b1f6e0800ead13829aedd29916feeb5d1f702,Corin.FootPlacementRig,2997edf1c34f13f7e2a3033372226eb399379f30c4303fddfe3e97ec1e4bf38d,0,-192572,0.01048884,-0.04950748,-0.04950748,0.5173682,0.01048884,true,0,-0.04950748,0,1,PelvisPreSolveTranslation,FootGrounding,ModifierNotCompiled,-1,-1,-1,0,,,true,-98048,Sphere,CurrentGrounding,0,-1.052439,1.052497,1.151172,0,0,0,0,-1,0,0.05,1,4608,0.5735765,-1.052439,0.48,1.151172,-1.052439,0.48,1.151172,0,1,0,0.5224974,Swing,None,false,0,0,0,0,0,0,1,0,0,0,0,0,0,1,0,false,false,false,ModifierNotCompiled,0,0,0,0,0,0,0,0,ModifierNotCompiled,0,0,0,0,FootPlacementEffectorTarget,FootGrounding,true,0.753334,false,0.001514509,1,5.788788,0.008189797,-98048,-1.052439,0.48,1.151172,0,1,0,0,0,0,0,-1.052439,0.5607182,1.151172,-1.043075,0.4800619,1.148537,-1.063939,0.48,1.078642,6.192923E-05,2.980232E-08,0,1,1,1,1,0.01048884,0.05999631,0.01482766,0.04290062,0.05772829,0.7322394,0.05999631,true,0,1,0,-2.855971E-11,1,-2.674247E-05,1.381822E-09,7.009134E-05,0.001222195,0,1,0,true,0.01788419,0.09120706,-0.01155286,0.01788419,0.09120706,-0.01155286,0.01788419,0.09120706,-0.01155286,0.01788422,0.09120703,-0.01155281,6.633345E-08,0,true,-98058,Sphere,CurrentGrounding,1,-1.050734,1.426241,1.407683,0,0,0,0,-1,0,0.05,1,4608,0.5735765,-1.050734,0.72,1.407683,-1.050734,0.72,1.407683,0,1,0,0.6562413,Swing,None,false,0,0,0,0,0,0,1,0,0,0,0,0,0,1,0,false,false,false,ModifierNotCompiled,0,0,0,0,0,0,0,0,ModifierNotCompiled,0,0,0,0,FootPlacementEffectorTarget,FootGrounding,true,0,false,0.3984359,1,4.485985,0.1879994,-98058,-1.050734,0.72,1.407683,0,1,0,0,0,0,0,-1.050734,1.179402,1.407683,-1.037103,1.198876,1.485283,-1.051174,1.123443,1.507329,0.478876,0.4034432,0,1,1,1,1,0.2504889,0.2999964,0.3026677,0,0.3026677,0.009491644,0.2999964,true,0,1,0,1.149065E-42,1,-8.609073E-06,-5.712253E-41,7.231979E-06,0.0003934558,0,1,0,true,0.05882256,0.7098904,-0.2647824,0.05882256,0.7098904,-0.2647824,0.05882256,0.7098904,-0.2647824,0.05882252,0.7098904,-0.2647824,5.37269E-08,0
2292,372,2292,1,2293,0,2293,false,rootmotion.finalik.full-body-biped-ik/indexed-pose-backend,None,true,true,1,lyra-5.7/ABP_Mannequin_Base/CR_Mannequin_FootPlant,unreal-engine-5.7/SpringInterpV2/FMath.SpringDamper,corin.animation-rig,87731f0d0ca14844bbf861368b9847b3,corin.foot-placement,6d6118d2f41a5948ddd18dc6d88083c8c5bf77a4682a4ec3fce5d2ec6af01624,298b6781705cafb383942fcc3f3b1f6e0800ead13829aedd29916feeb5d1f702,Corin.FootPlacementRig,2997edf1c34f13f7e2a3033372226eb399379f30c4303fddfe3e97ec1e4bf38d,0,-192572,0.07502756,-0.02989461,-0.02989461,1.005104,0.07502756,true,0,-0.02989461,0,1,PelvisPreSolveTranslation,FootGrounding,ModifierNotCompiled,-1,-1,-1,0,,,true,-98048,Sphere,CurrentGrounding,0,-1.052629,0.9889728,1.167659,0,0,0,0,-1,0,0.05,1,4608,0.5735765,-1.052629,0.48,1.167659,-1.052629,0.48,1.167659,0,1,0,0.4589728,Swing,None,false,0,0,0,0,0,0,1,0,0,0,0,0,0,1,0,false,false,false,ModifierNotCompiled,0,0,0,0,0,0,0,0,ModifierNotCompiled,0,0,0,0,FootPlacementEffectorTarget,FootGrounding,true,0.1567847,false,0.002196234,1,6.713048,0.07140437,-98048,-1.052629,0.48,1.167659,0,1,0,0,0,0,0,-1.052629,0.5608344,1.167659,-1.0452,0.48,1.164394,-1.067125,0.4809144,1.09491,2.980232E-08,0.0009144545,0,1,1,1,1,0.07502756,0.1049222,0.07532106,0.02643514,0.1017562,0.693014,0.1049222,true,0,1,0,-8.778299E-12,1,-8.735772E-06,4.254541E-10,2.341839E-05,0.0004032533,0,1,0,true,0.02131603,0.155862,-0.1596584,0.02131603,0.155862,-0.1596584,0.02131603,0.155862,-0.1596584,0.02131601,0.1558621,-0.1596584,1.160385E-07,0,true,-98048,Sphere,CurrentGrounding,1,-1.092158,1.304862,1.209209,0,0,0,0,-1,0,0.05,1,4608,0.5735765,-1.092158,0.4800001,1.209209,-1.092158,0.4800001,1.209209,0,1,0,0.7748618,Swing,None,false,0,0,0,0,0,0,1,0,0,0,0,0,0,1,0,false,false,false,ModifierNotCompiled,0,0,0,0,0,0,0,0,ModifierNotCompiled,0,0,0,0,FootPlacementEffectorTarget,FootGrounding,true,0,false,0.3166679,1,4.914322,0.2800359,-98048,-1.092158,0.4800001,1.209209,0,1,0,0,0,0,0,-1.092158,1.05483,1.209209,-1.08225,1.048485,1.289511,-1.103293,0.9715232,1.286648,0.5684845,0.4915231,0,1,1,1,1,0.07502764,0.1049222,0.2798624,0,0.2798624,-1.643977,0.1049222,true,0,1,0,3.419168E-43,1,-2.812267E-06,-1.701457E-41,2.760233E-06,0.0001298175,0,1,0,true,0.06744707,0.6498573,-0.1937306,0.06744707,0.6498573,-0.1937306,0.06744707,0.6498573,-0.1937306,0.06744707,0.6498573,-0.1937305,7.487741E-08,0
2293,373,2293,1,2294,0,2294,false,rootmotion.finalik.full-body-biped-ik/indexed-pose-backend,None,true,true,1,lyra-5.7/ABP_Mannequin_Base/CR_Mannequin_FootPlant,unreal-engine-5.7/SpringInterpV2/FMath.SpringDamper,corin.animation-rig,87731f0d0ca14844bbf861368b9847b3,corin.foot-placement,6d6118d2f41a5948ddd18dc6d88083c8c5bf77a4682a4ec3fce5d2ec6af01624,298b6781705cafb383942fcc3f3b1f6e0800ead13829aedd29916feeb5d1f702,Corin.FootPlacementRig,2997edf1c34f13f7e2a3033372226eb399379f30c4303fddfe3e97ec1e4bf38d,0,-192572,0.1455326,0.004115125,0.004115125,1.434315,0.1455326,true,0,0.004115125,0,1,PelvisPreSolveTranslation,FootGrounding,ModifierNotCompiled,-1,-1,-1,0,,,true,-98048,Sphere,CurrentGrounding,0,-1.048131,0.920533,1.186429,0,0,0,0,-1,0,0.05,1,4608,0.5735765,-1.048131,0.48,1.186429,-1.048131,0.48,1.186429,0,1,0,0.390533,Swing,None,false,0,0,0,0,0,0,1,0,0,0,0,0,0,1,0,false,false,false,ModifierNotCompiled,0,0,0,0,0,0,0,0,ModifierNotCompiled,0,0,0,0,FootPlacementEffectorTarget,FootGrounding,true,0.5458164,false,-0.005356465,1,6.067535,0.1462908,-98048,-1.048131,0.48,1.186429,0,1,0,0.008047223,0,0.008047223,0,-1.048131,0.5741129,1.186429,-1.039989,0.4945782,1.20085,-1.06498,0.48,1.134047,0.01457816,0,0,1,1,1,1,0.1455327,0.1494648,0.1200166,0.02944821,0.1494648,0.6538368,0.1494648,true,0,1,0,-2.413611E-12,1,-2.543745E-06,1.171795E-10,7.397521E-06,0.0001184586,0,1,0,true,0.02537641,0.2396456,-0.3231986,0.02537641,0.2396456,-0.3231986,0.02537641,0.2396456,-0.3231986,0.02537647,0.2396456,-0.3231986,8.298706E-08,0,true,-98048,Sphere,CurrentGrounding,1,-1.13358,1.152414,0.9743214,0,0,0,0,-1,0,0.05,1,4608,0.5735765,-1.13358,0.48,0.9743214,-1.13358,0.48,0.9743214,0,1,0,0.6224143,Swing,None,false,0,0,0,0,0,0,1,0,0,0,0,0,0,1,0,false,false,false,ModifierNotCompiled,0,0,0,0,0,0,0,0,ModifierNotCompiled,0,0,0,0,FootPlacementEffectorTarget,FootGrounding,true,0,false,0.2213099,1,6.217402,0.1126919,-98048,-1.13358,0.48,0.9743214,0,1,0,0,0,0,0,-1.13358,0.9004474,0.9743214,-1.128128,0.8780064,1.052126,-1.14906,0.8034435,1.032728,0.3980064,0.3234435,0,1,1,1,1,0.1455326,0.1414175,0.243918,0,0.243918,-1.074894,0.1414175,true,0,1,0,9.10844E-44,1,-8.188962E-07,-4.523391E-42,8.074414E-07,3.813483E-05,0,1,0,true,0.06710386,0.5659801,-0.0983654,0.06710386,0.5659801,-0.0983654,0.06710386,0.5659801,-0.0983654,0.06710383,0.5659801,-0.09836537,3.72529E-08,0
